p1,p2,v,u
11,14,-2.40976,-0.153473
12,14,-2.40374,-0.152866
13,14,-2.39894,-0.152009
14,14,-2.39396,-0.151359
15,14,-2.38993,-0.151638
16,14,-2.38568,-0.15155
17,14,-2.38161,-0.150998
18,14,-2.37772,-0.150478
19,14,-2.37339,-0.149872
20,14,-2.36883,-0.150349
21,14,-2.36444,-0.150832
22,14,-2.35956,-0.150272
23,14,-2.35579,-0.15012
24,14,-2.35136,-0.150066
25,14,-2.34718,-0.150053
26,14,-2.3424,-0.149192
27,14,-2.33828,-0.149359
28,14,-2.33401,-0.148165
29,14,-2.3298,-0.147727
30,14,-2.32501,-0.147556
31,14,-2.32063,-0.14742
32,14,-2.31655,-0.148079
33,14,-2.31235,-0.148464
34,14,-2.3079,-0.147392
35,14,-2.3044,-0.147589
36,14,-2.2995,-0.147248
37,14,-2.29518,-0.146748
38,14,-2.29095,-0.147056
39,14,-2.28627,-0.147084
40,14,-2.28137,-0.147113
41,14,-2.27706,-0.147055
42,14,-2.27232,-0.146788
43,14,-2.26726,-0.147131
44,14,-2.26289,-0.146703
45,14,-2.25861,-0.146427
46,14,-2.25417,-0.146318
47,14,-2.25023,-0.146586
48,14,-2.24522,-0.146347
49,14,-2.24045,-0.146654
50,14,-2.236,-0.146305
51,14,-2.23206,-0.146006
52,14,-2.22796,-0.145942
53,14,-2.22392,-0.145792
54,14,-2.21964,-0.145699
55,14,-2.21541,-0.14568
56,14,-2.21098,-0.145194
57,14,-2.20681,-0.144836
58,14,-2.20259,-0.145205
59,14,-2.19854,-0.145255
60,14,-2.19395,-0.145184
61,14,-2.18937,-0.145344
62,14,-2.18495,-0.145277
63,14,-2.18045,-0.145121
64,14,-2.17595,-0.145061
65,14,-2.17147,-0.144883
66,14,-2.16699,-0.144636
67,14,-2.16286,-0.144405
68,14,-2.1581,-0.143857
69,14,-2.15345,-0.14371
70,14,-2.1493,-0.143278
71,14,-2.14507,-0.143476
72,14,-2.14016,-0.142402
73,14,-2.13556,-0.141666
74,14,-2.13117,-0.140978
75,14,-2.1268,-0.140372
76,14,-2.12243,-0.140943
77,14,-2.11819,-0.14079
78,14,-2.11397,-0.140313
79,14,-2.10945,-0.140144
80,14,-2.10493,-0.140455
81,14,-2.10048,-0.14076
82,14,-2.09605,-0.141014
83,14,-2.09148,-0.141297
84,14,-2.08694,-0.141211
85,14,-2.08276,-0.141878
86,14,-2.07818,-0.142319
87,14,-2.07343,-0.141867
88,14,-2.06866,-0.142438
89,14,-2.06353,-0.141794
90,14,-2.05816,-0.141384
91,14,-2.05303,-0.141933
92,14,-2.04797,-0.142001
93,14,-2.04295,-0.142268
94,14,-2.03843,-0.141315
95,14,-2.03363,-0.141314
96,14,-2.02891,-0.141958
97,14,-2.02314,-0.141443
98,14,-2.01813,-0.140986
99,14,-2.01289,-0.140246
100,14,-2.00818,-0.139861
101,14,-2.00326,-0.139938
102,14,-1.99838,-0.140512
103,14,-1.99424,-0.139941
104,14,-1.98976,-0.139237
105,14,-1.98501,-0.139198
106,14,-1.98099,-0.138146
107,14,-1.97696,-0.137448
108,14,-1.97129,-0.137939
109,14,-1.96604,-0.137368
110,14,-1.96182,-0.137382
111,14,-1.95662,-0.137776
112,14,-1.95224,-0.138262
113,14,-1.94783,-0.137471
114,14,-1.94388,-0.136564
115,14,-1.93973,-0.135618
116,14,-1.9354,-0.135166
117,14,-1.93094,-0.134582
118,14,-1.9263,-0.13397
119,14,-1.92099,-0.133555
120,14,-1.91658,-0.132712
121,14,-1.91246,-0.132142
122,14,-1.90792,-0.131795
123,14,-1.90312,-0.131555
124,14,-1.89933,-0.131017
125,14,-1.8944,-0.129902
126,14,-1.88911,-0.129054
127,14,-1.88433,-0.128763
128,14,-1.87923,-0.128216
129,14,-1.87353,-0.126608
130,14,-1.86791,-0.125577
131,14,-1.86288,-0.12436
132,14,-1.85829,-0.123441
133,14,-1.8535,-0.122317
134,14,-1.84825,-0.121182
135,14,-1.84276,-0.119183
136,14,-1.83785,-0.117768
137,14,-1.83249,-0.11608
138,14,-1.82732,-0.114958
139,14,-1.82222,-0.113926
140,14,-1.81684,-0.112201
141,14,-1.8114,-0.110271
142,14,-1.80638,-0.109191
143,14,-1.801,-0.107254
144,14,-1.7961,-0.105601
145,14,-1.79051,-0.103316
146,14,-1.78501,-0.101467
147,14,-1.78008,-0.099532
148,14,-1.77515,-0.0980479
149,14,-1.7692,-0.0955363
150,14,-1.76296,-0.0931549
151,14,-1.75696,-0.0904809
152,14,-1.75134,-0.0875245
153,14,-1.74552,-0.0846577
154,14,-1.74057,-0.0810888
155,14,-1.73572,-0.0773461
156,14,-1.73047,-0.0736473
157,14,-1.72531,-0.0715468
158,14,-1.72002,-0.0681605
159,14,-1.71458,-0.0646478
160,14,-1.70884,-0.06112
161,14,-1.70408,-0.05684
162,14,-1.69923,-0.0519892
163,14,-1.69482,-0.0485766
164,14,-1.69077,-0.0445031
165,14,-1.68604,-0.0404988
166,14,-1.68162,-0.0363417
167,14,-1.67704,-0.0325301
168,14,-1.67293,-0.0287704
169,14,-1.66879,-0.0263301
170,14,-1.66397,-0.023181
171,14,-1.66015,-0.0204558
172,14,-1.6556,-0.0177486
173,14,-1.65141,-0.0152833
174,14,-1.64728,-0.0132319
175,14,-1.64387,-0.0122229
176,14,-1.64079,-0.0111004
177,14,-1.63706,-0.00988907
178,14,-1.63315,-0.00944822
179,14,-1.62964,-0.00876063
180,14,-1.62594,-0.00883121
181,14,-1.62092,-0.010308
182,14,-1.61774,-0.00995186
183,14,-1.61426,-0.00970029
184,14,-1.60935,-0.0101791
185,14,-1.60575,-0.0110555
186,14,-1.60074,-0.0126865
187,14,-1.59667,-0.0140781
188,14,-1.59243,-0.0158944
189,14,-1.58732,-0.0173072
190,14,-1.58252,-0.0186681
191,14,-1.57793,-0.0203534
192,14,-1.57254,-0.0229961
193,14,-1.56725,-0.0254306
194,14,-1.56301,-0.0270069
195,14,-1.55798,-0.0295834
196,14,-1.55314,-0.0325173
197,14,-1.54838,-0.0349018
198,14,-1.54349,-0.0372533
199,14,-1.53908,-0.0397115
200,14,-1.53375,-0.041808
201,14,-1.52866,-0.0439076
202,14,-1.52325,-0.0467523
203,14,-1.51781,-0.0487025
204,14,-1.51322,-0.0505707
205,14,-1.50831,-0.0529847
206,14,-1.5041,-0.0547832
207,14,-1.49936,-0.0561719
208,14,-1.49391,-0.0577431
209,14,-1.48896,-0.0591822
210,14,-1.48344,-0.0602422
211,14,-1.47804,-0.061311
212,14,-1.47298,-0.0618702
213,14,-1.46828,-0.0631722
214,14,-1.46357,-0.0644252
215,14,-1.45868,-0.0651793
216,14,-1.45428,-0.0664618
217,14,-1.44928,-0.0668219
218,14,-1.44418,-0.067378
219,14,-1.43875,-0.067972
220,14,-1.43323,-0.0679141
221,14,-1.42822,-0.0688489
222,14,-1.42284,-0.0692401
223,14,-1.41787,-0.0691664
224,14,-1.41306,-0.069665
225,14,-1.40784,-0.0702562
226,14,-1.40307,-0.0704522
227,14,-1.39791,-0.0697032
228,14,-1.39259,-0.0690983
229,14,-1.38792,-0.0687986
230,14,-1.38307,-0.068958
231,14,-1.37742,-0.0687091
232,14,-1.37248,-0.067979
233,14,-1.36742,-0.0672734
234,14,-1.36237,-0.0671191
235,14,-1.35736,-0.067027
236,14,-1.35278,-0.066743
237,14,-1.34827,-0.0668497
238,14,-1.34375,-0.0667873
239,14,-1.33837,-0.0662445
240,14,-1.33419,-0.0660197
241,14,-1.32987,-0.0663252
242,14,-1.32554,-0.0659814
243,14,-1.32044,-0.0649083
244,14,-1.31596,-0.0643278
245,14,-1.31138,-0.0642623
246,14,-1.3065,-0.0641151
247,14,-1.30181,-0.0638881
248,14,-1.2972,-0.0635046
249,14,-1.29227,-0.0626905
250,14,-1.28769,-0.0620477
251,14,-1.28331,-0.0613028
252,14,-1.27928,-0.0605193
253,14,-1.27391,-0.0594534
254,14,-1.26966,-0.0590977
255,14,-1.26478,-0.0580872
256,14,-1.26015,-0.0578903
257,14,-1.25577,-0.0572552
258,14,-1.2518,-0.0567685
259,14,-1.24674,-0.0561986
260,14,-1.24281,-0.055666
261,14,-1.23862,-0.0554842
262,14,-1.23423,-0.0551239
263,14,-1.2296,-0.0555131
264,14,-1.22505,-0.0552553
265,14,-1.22052,-0.0544749
266,14,-1.21608,-0.054298
267,14,-1.21201,-0.053686
268,14,-1.2082,-0.0537408
269,14,-1.2034,-0.0530778
270,14,-1.19913,-0.0536053
271,14,-1.19446,-0.0530503
272,14,-1.18978,-0.0522352
273,14,-1.18562,-0.051857
274,14,-1.18068,-0.0516078
275,14,-1.17688,-0.0511636
276,14,-1.17282,-0.0498277
277,14,-1.16863,-0.0492593
278,14,-1.16454,-0.0485941
279,14,-1.1613,-0.048165
280,14,-1.15687,-0.0478847
281,14,-1.15236,-0.0481144
282,14,-1.14822,-0.0466997
283,14,-1.14487,-0.046222
284,14,-1.14112,-0.0455946
285,14,-1.13684,-0.0457489
286,14,-1.13248,-0.0456526
287,14,-1.12965,-0.0448004
288,14,-1.12591,-0.0440254
289,14,-1.12204,-0.0437387
290,14,-1.11761,-0.0428139
291,14,-1.1138,-0.0419596
292,14,-1.1097,-0.0410622
293,14,-1.10593,-0.0399282
294,14,-1.10201,-0.0394417
295,14,-1.09847,-0.0394346
296,14,-1.09468,-0.0391012
297,14,-1.09029,-0.0387799
298,14,-1.0869,-0.0379531
299,14,-1.08276,-0.0372417
300,14,-1.07891,-0.0365617
301,14,-1.07518,-0.0355611
302,14,-1.07152,-0.034584
303,14,-1.06797,-0.0340972
304,14,-1.06345,-0.0337212
305,14,-1.0594,-0.0342249
306,14,-1.05664,-0.033809
307,14,-1.05298,-0.0334385
308,14,-1.04917,-0.0328354
309,14,-1.04593,-0.0326865
310,14,-1.04229,-0.0324324
311,14,-1.03819,-0.0321841
312,14,-1.03492,-0.0312345
313,14,-1.03079,-0.0305041
314,14,-1.02735,-0.0303725
315,14,-1.02515,-0.0297888
316,14,-1.02129,-0.0289876
317,14,-1.01832,-0.0277269
318,14,-1.01521,-0.0266846
319,14,-1.01061,-0.0261271
320,14,-1.00673,-0.0248559
321,14,-1.00365,-0.0245354
322,14,-0.999826,-0.0238318
323,14,-0.996158,-0.0227594
324,14,-0.992894,-0.0222813
325,14,-0.989054,-0.0223018
326,14,-0.984772,-0.0215796
327,14,-0.980522,-0.0211371
11,15,-2.40862,-0.154117
12,15,-2.40363,-0.152981
13,15,-2.39874,-0.152395
14,15,-2.39445,-0.151809
15,15,-2.39029,-0.152132
16,15,-2.38595,-0.151962
17,15,-2.38175,-0.151477
18,15,-2.37747,-0.150899
19,15,-2.37333,-0.150393
20,15,-2.36885,-0.150396
21,15,-2.3644,-0.150774
22,15,-2.35978,-0.150466
23,15,-2.3556,-0.150319
24,15,-2.35117,-0.15046
25,15,-2.34668,-0.150461
26,15,-2.34215,-0.149896
27,15,-2.33799,-0.149875
28,15,-2.33342,-0.148838
29,15,-2.32919,-0.148585
30,15,-2.32449,-0.148485
31,15,-2.32016,-0.148683
32,15,-2.31602,-0.148877
33,15,-2.31163,-0.14912
34,15,-2.3071,-0.148537
35,15,-2.30319,-0.148433
36,15,-2.29909,-0.148087
37,15,-2.29479,-0.148172
38,15,-2.29045,-0.148244
39,15,-2.28576,-0.148272
40,15,-2.28097,-0.148165
41,15,-2.27685,-0.147979
42,15,-2.27225,-0.147803
43,15,-2.26761,-0.148287
44,15,-2.26329,-0.14814
45,15,-2.25893,-0.147765
46,15,-2.25418,-0.14738
47,15,-2.25008,-0.14753
48,15,-2.2455,-0.14742
49,15,-2.24056,-0.147504
50,15,-2.23612,-0.147359
51,15,-2.2321,-0.147099
52,15,-2.22791,-0.147166
53,15,-2.22401,-0.146894
54,15,-2.22001,-0.146791
55,15,-2.21589,-0.146666
56,15,-2.21151,-0.146141
57,15,-2.20691,-0.14617
58,15,-2.20262,-0.146258
59,15,-2.19862,-0.146292
60,15,-2.19416,-0.146268
61,15,-2.18951,-0.146203
62,15,-2.1852,-0.146113
63,15,-2.18085,-0.145843
64,15,-2.17616,-0.145911
65,15,-2.17182,-0.145815
66,15,-2.16763,-0.145983
67,15,-2.16309,-0.145495
68,15,-2.15819,-0.145262
69,15,-2.15361,-0.145137
70,15,-2.14955,-0.144716
71,15,-2.14498,-0.144862
72,15,-2.14031,-0.143728
73,15,-2.13592,-0.143059
74,15,-2.13134,-0.142935
75,15,-2.1269,-0.142604
76,15,-2.12248,-0.142781
77,15,-2.11823,-0.142598
78,15,-2.11387,-0.14256
79,15,-2.10946,-0.142518
80,15,-2.10488,-0.14237
81,15,-2.10033,-0.142698
82,15,-2.09591,-0.142861
83,15,-2.09133,-0.142579
84,15,-2.08686,-0.142246
85,15,-2.08256,-0.142784
86,15,-2.07809,-0.14351
87,15,-2.07335,-0.143496
88,15,-2.06841,-0.143532
89,15,-2.06335,-0.143081
90,15,-2.0582,-0.142809
91,15,-2.05346,-0.143028
92,15,-2.04855,-0.142873
93,15,-2.04345,-0.142852
94,15,-2.03863,-0.142587
95,15,-2.03364,-0.142476
96,15,-2.02922,-0.142508
97,15,-2.02388,-0.142215
98,15,-2.0188,-0.141576
99,15,-2.0136,-0.140686
100,15,-2.00888,-0.140518
101,15,-2.0043,-0.140405
102,15,-1.9993,-0.140577
103,15,-1.99483,-0.140232
104,15,-1.99045,-0.14011
105,15,-1.98578,-0.140348
106,15,-1.9816,-0.13949
107,15,-1.97738,-0.138928
108,15,-1.97185,-0.139309
109,15,-1.96691,-0.138704
110,15,-1.9626,-0.138566
111,15,-1.95755,-0.138602
112,15,-1.95289,-0.138928
113,15,-1.94869,-0.138207
114,15,-1.94443,-0.137411
115,15,-1.94021,-0.136423
116,15,-1.93589,-0.136091
117,15,-1.93158,-0.135603
118,15,-1.92685,-0.134738
119,15,-1.92156,-0.134378
120,15,-1.9173,-0.133771
121,15,-1.91316,-0.133048
122,15,-1.90877,-0.13293
123,15,-1.90419,-0.1324
124,15,-1.89999,-0.131713
125,15,-1.89525,-0.130707
126,15,-1.89022,-0.129841
127,15,-1.88527,-0.129552
128,15,-1.88034,-0.128762
129,15,-1.87502,-0.127777
130,15,-1.86957,-0.126485
131,15,-1.86446,-0.124865
132,15,-1.85975,-0.123755
133,15,-1.85502,-0.122628
134,15,-1.84996,-0.121789
135,15,-1.84444,-0.119957
136,15,-1.8397,-0.118675
137,15,-1.83434,-0.117291
138,15,-1.82884,-0.115818
139,15,-1.82394,-0.114568
140,15,-1.81855,-0.113159
141,15,-1.81317,-0.111502
142,15,-1.80794,-0.110317
143,15,-1.80288,-0.109042
144,15,-1.79755,-0.106727
145,15,-1.79215,-0.104833
146,15,-1.78654,-0.10297
147,15,-1.78145,-0.100613
148,15,-1.77631,-0.0988585
149,15,-1.77056,-0.0965213
150,15,-1.76473,-0.0937405
151,15,-1.75879,-0.091062
152,15,-1.75341,-0.0879165
153,15,-1.74766,-0.0851002
154,15,-1.74293,-0.0814983
155,15,-1.73765,-0.0780815
156,15,-1.73233,-0.0747879
157,15,-1.72747,-0.0721589
158,15,-1.72238,-0.0689324
159,15,-1.71751,-0.0650941
160,15,-1.712,-0.0612674
161,15,-1.70691,-0.0575304
162,15,-1.70173,-0.0528888
163,15,-1.69715,-0.0492008
164,15,-1.69298,-0.0454432
165,15,-1.68832,-0.0416745
166,15,-1.68371,-0.0376678
167,15,-1.6792,-0.0339847
168,15,-1.67459,-0.0304663
169,15,-1.67052,-0.0279444
170,15,-1.66572,-0.0245777
171,15,-1.66157,-0.0219718
172,15,-1.65721,-0.019268
173,15,-1.65313,-0.0168035
174,15,-1.64878,-0.0151809
175,15,-1.64495,-0.0139211
176,15,-1.64144,-0.0124001
177,15,-1.63763,-0.011302
178,15,-1.63341,-0.0107883
179,15,-1.62945,-0.00988016
180,15,-1.62556,-0.00963983
181,15,-1.62031,-0.0105656
182,15,-1.61661,-0.0102365
183,15,-1.61272,-0.0101079
184,15,-1.60841,-0.0109065
185,15,-1.60447,-0.0117352
186,15,-1.5999,-0.0132478
187,15,-1.59537,-0.0145593
188,15,-1.59081,-0.0161892
189,15,-1.58584,-0.0178898
190,15,-1.58082,-0.0195629
191,15,-1.57618,-0.0215551
192,15,-1.57097,-0.0238453
193,15,-1.56565,-0.0260208
194,15,-1.56117,-0.0281789
195,15,-1.55649,-0.0307858
196,15,-1.55137,-0.0334702
197,15,-1.54664,-0.0359952
198,15,-1.54179,-0.0385864
199,15,-1.53685,-0.0411639
200,15,-1.532,-0.0433725
201,15,-1.52706,-0.045432
202,15,-1.52195,-0.048085
203,15,-1.51689,-0.0504416
204,15,-1.51231,-0.0524947
205,15,-1.50724,-0.0546487
206,15,-1.50292,-0.0564218
207,15,-1.49835,-0.0579151
208,15,-1.49296,-0.0593174
209,15,-1.48824,-0.0607655
210,15,-1.48331,-0.061799
211,15,-1.47812,-0.0630727
212,15,-1.4729,-0.0640497
213,15,-1.46797,-0.0650551
214,15,-1.46322,-0.0663459
215,15,-1.45843,-0.0668051
216,15,-1.45371,-0.0678326
217,15,-1.44871,-0.0686524
218,15,-1.44364,-0.0690774
219,15,-1.43856,-0.0696237
220,15,-1.43316,-0.0697288
221,15,-1.42807,-0.0701738
222,15,-1.42292,-0.0704086
223,15,-1.41787,-0.0704584
224,15,-1.41277,-0.0706006
225,15,-1.40763,-0.0706261
226,15,-1.40271,-0.0706945
227,15,-1.3974,-0.0702646
228,15,-1.39218,-0.0699609
229,15,-1.38749,-0.0694845
230,15,-1.38247,-0.0696028
231,15,-1.37743,-0.069386
232,15,-1.3721,-0.0687299
233,15,-1.36715,-0.0683844
234,15,-1.36238,-0.0677671
235,15,-1.35742,-0.0678593
236,15,-1.35283,-0.067849
237,15,-1.34815,-0.0675059
238,15,-1.3435,-0.067617
239,15,-1.33851,-0.0673544
240,15,-1.33397,-0.0670564
241,15,-1.32935,-0.0669524
242,15,-1.32475,-0.0663641
243,15,-1.32015,-0.0656064
244,15,-1.31546,-0.0652239
245,15,-1.31094,-0.0650255
246,15,-1.30617,-0.0650924
247,15,-1.30132,-0.0648873
248,15,-1.29702,-0.0642112
249,15,-1.29233,-0.0636322
250,15,-1.28804,-0.0632214
251,15,-1.28373,-0.0623411
252,15,-1.27932,-0.0617856
253,15,-1.27455,-0.0608484
254,15,-1.2703,-0.0601425
255,15,-1.26583,-0.059325
256,15,-1.26123,-0.0589047
257,15,-1.25657,-0.0580635
258,15,-1.25235,-0.0574406
259,15,-1.24792,-0.0571912
260,15,-1.2437,-0.0564992
261,15,-1.2392,-0.0560515
262,15,-1.2349,-0.0555893
263,15,-1.23024,-0.0553504
264,15,-1.22603,-0.0554189
265,15,-1.2214,-0.0548338
266,15,-1.21721,-0.0548967
267,15,-1.21283,-0.0546627
268,15,-1.20911,-0.0545267
269,15,-1.20448,-0.0541073
270,15,-1.20004,-0.0539049
271,15,-1.19547,-0.0538728
272,15,-1.19118,-0.0527105
273,15,-1.18714,-0.0520353
274,15,-1.18232,-0.0518963
275,15,-1.17812,-0.0515462
276,15,-1.17388,-0.0507016
277,15,-1.16987,-0.0498888
278,15,-1.16598,-0.04948
279,15,-1.16173,-0.0489217
280,15,-1.15768,-0.0489695
281,15,-1.15349,-0.0483205
282,15,-1.14947,-0.0472197
283,15,-1.14579,-0.0465559
284,15,-1.14233,-0.0457008
285,15,-1.13794,-0.0453886
286,15,-1.13448,-0.0453398
287,15,-1.13136,-0.0447748
288,15,-1.12724,-0.0444906
289,15,-1.12332,-0.0444701
290,15,-1.11897,-0.0436718
291,15,-1.11516,-0.0429592
292,15,-1.11126,-0.0418524
293,15,-1.10719,-0.0411958
294,15,-1.10365,-0.0403355
295,15,-1.09948,-0.0402528
296,15,-1.09556,-0.040063
297,15,-1.09156,-0.0394692
298,15,-1.08793,-0.0388448
299,15,-1.08397,-0.0383258
300,15,-1.07999,-0.0379607
301,15,-1.07602,-0.0370473
302,15,-1.07263,-0.0360857
303,15,-1.06916,-0.0355107
304,15,-1.06476,-0.0355123
305,15,-1.06119,-0.0354131
306,15,-1.05825,-0.0348941
307,15,-1.05447,-0.0346361
308,15,-1.05021,-0.0340265
309,15,-1.04703,-0.0334569
310,15,-1.0432,-0.0330059
311,15,-1.03901,-0.0325309
312,15,-1.03565,-0.0319443
313,15,-1.03204,-0.0307928
314,15,-1.02791,-0.0306802
315,15,-1.02546,-0.0304532
316,15,-1.02196,-0.0295715
317,15,-1.01907,-0.0284052
318,15,-1.01567,-0.0277397
319,15,-1.0111,-0.0268696
320,15,-1.00727,-0.0259378
321,15,-1.00387,-0.0252548
322,15,-1.00027,-0.0247122
323,15,-0.996624,-0.024224
324,15,-0.992994,-0.0236093
325,15,-0.989128,-0.0237235
326,15,-0.985446,-0.0236809
327,15,-0.980663,-0.0240339
11,16,-2.40837,-0.153973
12,16,-2.40383,-0.15299
13,16,-2.39914,-0.152414
14,16,-2.39464,-0.152289
15,16,-2.39063,-0.152414
16,16,-2.3861,-0.152438
17,16,-2.3816,-0.152205
18,16,-2.37754,-0.151864
19,16,-2.37325,-0.151309
20,16,-2.36882,-0.151359
21,16,-2.36427,-0.151512
22,16,-2.35966,-0.151277
23,16,-2.35534,-0.151173
24,16,-2.3508,-0.151423
25,16,-2.34643,-0.151113
26,16,-2.34196,-0.150837
27,16,-2.33781,-0.150695
28,16,-2.3333,-0.149926
29,16,-2.32896,-0.149724
30,16,-2.32455,-0.149651
31,16,-2.32,-0.149574
32,16,-2.31567,-0.149859
33,16,-2.31141,-0.150001
34,16,-2.30732,-0.149768
35,16,-2.30291,-0.149424
36,16,-2.29872,-0.14936
37,16,-2.29474,-0.149093
38,16,-2.29031,-0.149161
39,16,-2.28577,-0.149204
40,16,-2.28101,-0.1491
41,16,-2.27673,-0.149016
42,16,-2.27226,-0.148848
43,16,-2.26752,-0.149325
44,16,-2.26334,-0.14899
45,16,-2.25888,-0.148613
46,16,-2.25439,-0.148666
47,16,-2.25021,-0.148803
48,16,-2.24595,-0.148435
49,16,-2.24095,-0.148485
50,16,-2.23673,-0.148406
51,16,-2.23272,-0.148033
52,16,-2.22861,-0.147958
53,16,-2.22463,-0.147711
54,16,-2.22059,-0.147789
55,16,-2.2164,-0.147761
56,16,-2.21212,-0.147164
57,16,-2.20741,-0.14717
58,16,-2.20322,-0.147393
59,16,-2.19909,-0.147346
60,16,-2.19459,-0.147075
61,16,-2.19004,-0.147086
62,16,-2.18563,-0.147227
63,16,-2.18128,-0.146856
64,16,-2.17673,-0.146966
65,16,-2.17232,-0.146866
66,16,-2.168,-0.146693
67,16,-2.16356,-0.146619
68,16,-2.15862,-0.146394
69,16,-2.15401,-0.146383
70,16,-2.14994,-0.146282
71,16,-2.14545,-0.146184
72,16,-2.14094,-0.145326
73,16,-2.13638,-0.144591
74,16,-2.13172,-0.144392
75,16,-2.12747,-0.144283
76,16,-2.12301,-0.144462
77,16,-2.11853,-0.144313
78,16,-2.11424,-0.144076
79,16,-2.10973,-0.143849
80,16,-2.10517,-0.143712
81,16,-2.10077,-0.144009
82,16,-2.09631,-0.144014
83,16,-2.09153,-0.143793
84,16,-2.08705,-0.143596
85,16,-2.08284,-0.143896
86,16,-2.07839,-0.14419
87,16,-2.07366,-0.144088
88,16,-2.06898,-0.14442
89,16,-2.06417,-0.14421
90,16,-2.05895,-0.143952
91,16,-2.05398,-0.144052
92,16,-2.04911,-0.144041
93,16,-2.04411,-0.143844
94,16,-2.03901,-0.143464
95,16,-2.03428,-0.143324
96,16,-2.02958,-0.143222
97,16,-2.02442,-0.143015
98,16,-2.01951,-0.14231
99,16,-2.01461,-0.141705
100,16,-2.00974,-0.141336
101,16,-2.00492,-0.141243
102,16,-2.00011,-0.141258
103,16,-1.99564,-0.140814
104,16,-1.9912,-0.140758
105,16,-1.98649,-0.140862
106,16,-1.98207,-0.140654
107,16,-1.97778,-0.140069
108,16,-1.97286,-0.139836
109,16,-1.96793,-0.13969
110,16,-1.96323,-0.139418
111,16,-1.95848,-0.139367
112,16,-1.95378,-0.139316
113,16,-1.9493,-0.138707
114,16,-1.94511,-0.137956
115,16,-1.94103,-0.137405
116,16,-1.93677,-0.136987
117,16,-1.93212,-0.136276
118,16,-1.92781,-0.135606
119,16,-1.92294,-0.135146
120,16,-1.91838,-0.134611
121,16,-1.91415,-0.134012
122,16,-1.90974,-0.133613
123,16,-1.9051,-0.133112
124,16,-1.90061,-0.13224
125,16,-1.89624,-0.13144
126,16,-1.89125,-0.13052
127,16,-1.88639,-0.129991
128,16,-1.88162,-0.129227
129,16,-1.87645,-0.128461
130,16,-1.87117,-0.127191
131,16,-1.86608,-0.125905
132,16,-1.86144,-0.124902
133,16,-1.85645,-0.123846
134,16,-1.85146,-0.122654
135,16,-1.84599,-0.120989
136,16,-1.84122,-0.119943
137,16,-1.83563,-0.118452
138,16,-1.83072,-0.11706
139,16,-1.82573,-0.115824
140,16,-1.82017,-0.114306
141,16,-1.81455,-0.11289
142,16,-1.80966,-0.111471
143,16,-1.80436,-0.109918
144,16,-1.79931,-0.107984
145,16,-1.79372,-0.105755
146,16,-1.78819,-0.10402
147,16,-1.78321,-0.101837
148,16,-1.77788,-0.0998723
149,16,-1.77245,-0.0974958
150,16,-1.76638,-0.0945036
151,16,-1.76076,-0.0919926
152,16,-1.75516,-0.0888308
153,16,-1.74987,-0.0859329
154,16,-1.74476,-0.0824494
155,16,-1.7395,-0.0787815
156,16,-1.73426,-0.0754049
157,16,-1.72935,-0.0726086
158,16,-1.72428,-0.0692893
159,16,-1.71916,-0.0655325
160,16,-1.71386,-0.0618417
161,16,-1.70903,-0.0580708
162,16,-1.70387,-0.0537892
163,16,-1.69914,-0.0500551
164,16,-1.69488,-0.0463583
165,16,-1.69022,-0.0427647
166,16,-1.68556,-0.0387344
167,16,-1.68096,-0.0350309
168,16,-1.67637,-0.0318751
169,16,-1.67219,-0.0290943
170,16,-1.66758,-0.0258171
171,16,-1.66326,-0.0230272
172,16,-1.65877,-0.0206383
173,16,-1.65438,-0.0183483
174,16,-1.65004,-0.0164413
175,16,-1.64608,-0.0150474
176,16,-1.64197,-0.0135421
177,16,-1.63789,-0.0123444
178,16,-1.63351,-0.011804
179,16,-1.62945,-0.0110331
180,16,-1.62525,-0.0108289
181,16,-1.62033,-0.0114028
182,16,-1.6162,-0.0108916
183,16,-1.61204,-0.0110904
184,16,-1.60734,-0.0117543
185,16,-1.60315,-0.0125231
186,16,-1.59864,-0.0138746
187,16,-1.59399,-0.0152478
188,16,-1.58938,-0.0168771
189,16,-1.58434,-0.0184663
190,16,-1.57946,-0.0203933
191,16,-1.57486,-0.0224858
192,16,-1.56961,-0.024721
193,16,-1.56428,-0.0270748
194,16,-1.55958,-0.0292669
195,16,-1.55494,-0.0318016
196,16,-1.54984,-0.0345293
197,16,-1.54506,-0.0371353
198,16,-1.54024,-0.039906
199,16,-1.53552,-0.0426307
200,16,-1.53066,-0.0446812
201,16,-1.52558,-0.0467027
202,16,-1.52092,-0.0494164
203,16,-1.51586,-0.0516497
204,16,-1.51104,-0.0537849
205,16,-1.50634,-0.0560519
206,16,-1.502,-0.0577604
207,16,-1.49747,-0.0594989
208,16,-1.49208,-0.0609456
209,16,-1.48727,-0.0621957
210,16,-1.48237,-0.063322
211,16,-1.4772,-0.0645172
212,16,-1.4721,-0.0655294
213,16,-1.46728,-0.0667533
214,16,-1.46268,-0.0678547
215,16,-1.45788,-0.0683418
216,16,-1.45292,-0.0692655
217,16,-1.44772,-0.0697521
218,16,-1.44284,-0.0703702
219,16,-1.4379,-0.0707421
220,16,-1.43278,-0.0707051
221,16,-1.42758,-0.0712176
222,16,-1.42256,-0.0715178
223,16,-1.41764,-0.071554
224,16,-1.41232,-0.071548
225,16,-1.40734,-0.0716621
226,16,-1.40244,-0.0717219
227,16,-1.39718,-0.0714046
228,16,-1.39195,-0.0711877
229,16,-1.38719,-0.0706765
230,16,-1.38203,-0.070603
231,16,-1.37698,-0.07029
232,16,-1.37186,-0.0696701
233,16,-1.36672,-0.0692563
234,16,-1.36206,-0.0689049
235,16,-1.35748,-0.068928
236,16,-1.35283,-0.0687527
237,16,-1.34804,-0.0683509
238,16,-1.34344,-0.068248
239,16,-1.33827,-0.0679481
240,16,-1.33384,-0.0677714
241,16,-1.32925,-0.0675741
242,16,-1.32453,-0.0670782
243,16,-1.31967,-0.0664712
244,16,-1.31502,-0.0660345
245,16,-1.31052,-0.0658792
246,16,-1.30622,-0.0657231
247,16,-1.30131,-0.0655823
248,16,-1.29694,-0.0649054
249,16,-1.29243,-0.0643357
250,16,-1.28824,-0.0637696
251,16,-1.28398,-0.0630634
252,16,-1.27987,-0.0625392
253,16,-1.27505,-0.0617595
254,16,-1.2707,-0.0609118
255,16,-1.26615,-0.0603425
256,16,-1.26187,-0.0595319
257,16,-1.25739,-0.0590216
258,16,-1.25298,-0.0584611
259,16,-1.24848,-0.0577583
260,16,-1.24424,-0.0571588
261,16,-1.24013,-0.0566811
262,16,-1.23568,-0.0562003
263,16,-1.23115,-0.0560673
264,16,-1.22672,-0.055944
265,16,-1.22201,-0.0555374
266,16,-1.21778,-0.0554899
267,16,-1.21357,-0.0551593
268,16,-1.20935,-0.0548601
269,16,-1.205,-0.054724
270,16,-1.2008,-0.0544935
271,16,-1.19631,-0.0542456
272,16,-1.19199,-0.0533079
273,16,-1.18811,-0.0526866
274,16,-1.18332,-0.0523476
275,16,-1.17906,-0.0521029
276,16,-1.17463,-0.0514037
277,16,-1.17071,-0.0507429
278,16,-1.16683,-0.0501465
279,16,-1.16273,-0.049482
280,16,-1.15873,-0.049259
281,16,-1.15453,-0.0488768
282,16,-1.15062,-0.0478437
283,16,-1.14687,-0.0472779
284,16,-1.1434,-0.0464943
285,16,-1.13953,-0.0461468
286,16,-1.13546,-0.0460906
287,16,-1.13204,-0.0452938
288,16,-1.128,-0.0447362
289,16,-1.12423,-0.0447496
290,16,-1.11991,-0.044204
291,16,-1.11605,-0.043566
292,16,-1.11212,-0.0427947
293,16,-1.10812,-0.0422052
294,16,-1.1044,-0.0412601
295,16,-1.10046,-0.0409901
296,16,-1.09656,-0.0408339
297,16,-1.09248,-0.0404414
298,16,-1.08889,-0.0397405
299,16,-1.08496,-0.0391632
300,16,-1.08095,-0.0387639
301,16,-1.07688,-0.0377686
302,16,-1.0734,-0.0370461
303,16,-1.06977,-0.0367095
304,16,-1.06573,-0.0365183
305,16,-1.06228,-0.0363874
306,16,-1.05895,-0.0360262
307,16,-1.05521,-0.0358903
308,16,-1.05142,-0.0353851
309,16,-1.0479,-0.0347484
310,16,-1.04422,-0.0340938
311,16,-1.04023,-0.0335367
312,16,-1.03681,-0.0326978
313,16,-1.03304,-0.0318266
314,16,-1.02914,-0.0315308
315,16,-1.02621,-0.0311519
316,16,-1.02266,-0.0305128
317,16,-1.0194,-0.0294695
318,16,-1.01575,-0.0284868
319,16,-1.01134,-0.027602
320,16,-1.00745,-0.0268474
321,16,-1.00421,-0.0264783
322,16,-1.00051,-0.0259157
323,16,-0.996731,-0.0252826
324,16,-0.993207,-0.024857
325,16,-0.989296,-0.0244386
326,16,-0.985503,-0.0238765
327,16,-0.980992,-0.0236687
11,17,-2.4089,-0.153881
12,17,-2.40417,-0.153312
13,17,-2.39925,-0.153045
14,17,-2.39495,-0.153004
15,17,-2.39051,-0.152915
16,17,-2.38605,-0.153043
17,17,-2.38164,-0.152899
18,17,-2.37752,-0.152666
19,17,-2.37301,-0.152043
20,17,-2.36876,-0.151885
21,17,-2.36435,-0.152138
22,17,-2.35981,-0.151766
23,17,-2.35525,-0.151899
24,17,-2.35098,-0.152276
25,17,-2.34657,-0.152053
26,17,-2.34173,-0.151702
27,17,-2.33775,-0.151352
28,17,-2.33336,-0.150808
29,17,-2.32911,-0.150691
30,17,-2.32481,-0.150921
31,17,-2.32011,-0.150686
32,17,-2.31563,-0.150757
33,17,-2.3113,-0.150831
34,17,-2.30723,-0.150712
35,17,-2.3027,-0.150618
36,17,-2.29867,-0.150409
37,17,-2.29467,-0.150342
38,17,-2.29046,-0.150263
39,17,-2.28595,-0.150326
40,17,-2.28129,-0.150149
41,17,-2.27696,-0.149917
42,17,-2.27236,-0.150038
43,17,-2.26783,-0.150367
44,17,-2.26358,-0.150142
45,17,-2.25903,-0.149689
46,17,-2.25466,-0.14977
47,17,-2.25038,-0.149633
48,17,-2.24604,-0.149561
49,17,-2.2414,-0.149326
50,17,-2.23734,-0.149186
51,17,-2.23321,-0.149013
52,17,-2.22931,-0.149096
53,17,-2.22522,-0.148662
54,17,-2.22116,-0.148647
55,17,-2.21707,-0.148642
56,17,-2.21268,-0.148412
57,17,-2.20808,-0.148377
58,17,-2.20388,-0.148464
59,17,-2.19951,-0.148431
60,17,-2.19505,-0.148361
61,17,-2.19057,-0.14831
62,17,-2.18622,-0.148417
63,17,-2.1817,-0.148258
64,17,-2.17719,-0.148233
65,17,-2.1728,-0.147968
66,17,-2.16832,-0.147878
67,17,-2.16382,-0.147838
68,17,-2.15906,-0.147548
69,17,-2.15444,-0.147403
70,17,-2.15018,-0.147162
71,17,-2.1459,-0.14698
72,17,-2.14159,-0.146662
73,17,-2.13682,-0.146009
74,17,-2.13229,-0.145737
75,17,-2.12781,-0.145804
76,17,-2.12343,-0.145846
77,17,-2.11916,-0.14556
78,17,-2.11474,-0.145331
79,17,-2.11024,-0.145207
80,17,-2.10576,-0.144934
81,17,-2.10135,-0.145058
82,17,-2.09667,-0.145127
83,17,-2.0923,-0.144849
84,17,-2.08807,-0.144816
85,17,-2.08347,-0.144963
86,17,-2.07886,-0.145153
87,17,-2.07422,-0.14535
88,17,-2.06957,-0.145312
89,17,-2.06459,-0.145071
90,17,-2.05954,-0.145076
91,17,-2.05464,-0.145189
92,17,-2.04978,-0.145117
93,17,-2.04494,-0.144718
94,17,-2.03977,-0.144373
95,17,-2.03501,-0.144316
96,17,-2.03027,-0.144024
97,17,-2.02544,-0.14371
98,17,-2.02037,-0.143008
99,17,-2.01538,-0.142497
100,17,-2.01072,-0.142077
101,17,-2.00594,-0.141876
102,17,-2.00095,-0.141891
103,17,-1.99657,-0.141724
104,17,-1.99198,-0.141686
105,17,-1.98742,-0.14176
106,17,-1.9831,-0.14151
107,17,-1.97865,-0.140905
108,17,-1.97386,-0.140341
109,17,-1.96869,-0.140637
110,17,-1.96416,-0.140411
111,17,-1.95959,-0.14006
112,17,-1.95489,-0.139912
113,17,-1.95027,-0.139538
114,17,-1.94599,-0.138953
115,17,-1.9416,-0.138384
116,17,-1.93723,-0.13779
117,17,-1.93299,-0.137027
118,17,-1.92854,-0.136554
119,17,-1.92415,-0.135881
120,17,-1.91944,-0.135504
121,17,-1.91477,-0.13504
122,17,-1.91067,-0.134489
123,17,-1.90612,-0.133802
124,17,-1.90142,-0.132914
125,17,-1.89695,-0.13205
126,17,-1.89212,-0.131236
127,17,-1.88729,-0.130559
128,17,-1.88266,-0.130027
129,17,-1.87773,-0.128822
130,17,-1.8723,-0.128023
131,17,-1.86745,-0.126774
132,17,-1.86279,-0.125692
133,17,-1.85782,-0.124614
134,17,-1.85286,-0.123487
135,17,-1.84769,-0.121952
136,17,-1.84265,-0.120875
137,17,-1.837,-0.119624
138,17,-1.83209,-0.118473
139,17,-1.82697,-0.116812
140,17,-1.82156,-0.115299
141,17,-1.81621,-0.113914
142,17,-1.81104,-0.112606
143,17,-1.80616,-0.111022
144,17,-1.80083,-0.109121
145,17,-1.79537,-0.106911
146,17,-1.79012,-0.104955
147,17,-1.78497,-0.102682
148,17,-1.77962,-0.10102
149,17,-1.774,-0.0983255
150,17,-1.76849,-0.0955478
151,17,-1.76256,-0.0927923
152,17,-1.75703,-0.0897498
153,17,-1.7518,-0.0867714
154,17,-1.74657,-0.0833401
155,17,-1.74141,-0.0794107
156,17,-1.7361,-0.0763354
157,17,-1.73115,-0.0732428
158,17,-1.72588,-0.070047
159,17,-1.72063,-0.0662312
160,17,-1.71561,-0.062633
161,17,-1.71047,-0.058626
162,17,-1.70579,-0.0545185
163,17,-1.70066,-0.0506893
164,17,-1.69656,-0.0470936
165,17,-1.69167,-0.0435756
166,17,-1.68723,-0.03977
167,17,-1.68245,-0.0361578
168,17,-1.67794,-0.0329765
169,17,-1.6734,-0.0301635
170,17,-1.66903,-0.0271672
171,17,-1.66463,-0.0243121
172,17,-1.66018,-0.0218121
173,17,-1.65568,-0.0194344
174,17,-1.65112,-0.0175323
175,17,-1.64674,-0.0159282
176,17,-1.64245,-0.0142414
177,17,-1.63821,-0.0132117
178,17,-1.63383,-0.0126388
179,17,-1.62951,-0.0118318
180,17,-1.62515,-0.0115813
181,17,-1.62022,-0.0120732
182,17,-1.61577,-0.0116649
183,17,-1.61157,-0.0119307
184,17,-1.60698,-0.0126963
185,17,-1.60242,-0.0135524
186,17,-1.59774,-0.0150187
187,17,-1.59308,-0.0163904
188,17,-1.58811,-0.017807
189,17,-1.58308,-0.0196145
190,17,-1.57835,-0.0216052
191,17,-1.57354,-0.0238394
192,17,-1.56834,-0.0260571
193,17,-1.56314,-0.028252
194,17,-1.55815,-0.0306756
195,17,-1.55331,-0.0332747
196,17,-1.54835,-0.0359785
197,17,-1.54362,-0.0385382
198,17,-1.53874,-0.0411786
199,17,-1.53418,-0.0436842
200,17,-1.52955,-0.0459438
201,17,-1.52446,-0.048178
202,17,-1.51958,-0.0508191
203,17,-1.5148,-0.053125
204,17,-1.51004,-0.0552452
205,17,-1.50521,-0.0573556
206,17,-1.50069,-0.0589289
207,17,-1.49607,-0.0607272
208,17,-1.49099,-0.0622992
209,17,-1.48613,-0.0635448
210,17,-1.48125,-0.0649243
211,17,-1.47633,-0.0659553
212,17,-1.47122,-0.0670608
213,17,-1.4664,-0.0683932
214,17,-1.46187,-0.0691121
215,17,-1.45705,-0.0695745
216,17,-1.45216,-0.0703767
217,17,-1.44694,-0.0709362
218,17,-1.44218,-0.0714501
219,17,-1.43731,-0.0720672
220,17,-1.43225,-0.0720406
221,17,-1.42731,-0.0722941
222,17,-1.42231,-0.072584
223,17,-1.41716,-0.0725859
224,17,-1.41196,-0.0724974
225,17,-1.40703,-0.0725394
226,17,-1.40206,-0.0725116
227,17,-1.39681,-0.0723327
228,17,-1.39179,-0.0723006
229,17,-1.38684,-0.0717656
230,17,-1.38191,-0.0717503
231,17,-1.37682,-0.0713549
232,17,-1.37172,-0.0708875
233,17,-1.36668,-0.0706581
234,17,-1.36176,-0.0701078
235,17,-1.35686,-0.0698519
236,17,-1.35218,-0.0694805
237,17,-1.34759,-0.0692674
238,17,-1.34285,-0.0689803
239,17,-1.33801,-0.0686179
240,17,-1.33357,-0.0685732
241,17,-1.32878,-0.0682891
242,17,-1.32408,-0.0677945
243,17,-1.31948,-0.0673479
244,17,-1.31495,-0.0670858
245,17,-1.31032,-0.0669513
246,17,-1.30603,-0.0666447
247,17,-1.30128,-0.0663022
248,17,-1.29683,-0.0657872
249,17,-1.29241,-0.0651037
250,17,-1.28824,-0.0644944
251,17,-1.28404,-0.0640426
252,17,-1.27974,-0.0633494
253,17,-1.27517,-0.0625552
254,17,-1.27087,-0.0618349
255,17,-1.26655,-0.0613909
256,17,-1.26233,-0.0605154
257,17,-1.25787,-0.0598351
258,17,-1.25361,-0.0593541
259,17,-1.24915,-0.058764
260,17,-1.24465,-0.0582208
261,17,-1.2404,-0.0576374
262,17,-1.23576,-0.0571537
263,17,-1.23144,-0.0568336
264,17,-1.22692,-0.0566577
265,17,-1.22236,-0.0563611
266,17,-1.21827,-0.0562884
267,17,-1.21394,-0.0557467
268,17,-1.20979,-0.0554479
269,17,-1.20553,-0.0550405
270,17,-1.20118,-0.0548343
271,17,-1.19677,-0.0545672
272,17,-1.19262,-0.0539416
273,17,-1.18853,-0.0531982
274,17,-1.18389,-0.052967
275,17,-1.17971,-0.0528066
276,17,-1.17544,-0.0521208
277,17,-1.17147,-0.0512135
278,17,-1.16793,-0.0508675
279,17,-1.16362,-0.0503464
280,17,-1.15966,-0.0499401
281,17,-1.15577,-0.0494082
282,17,-1.1518,-0.0484532
283,17,-1.1479,-0.0478944
284,17,-1.14432,-0.0471853
285,17,-1.14036,-0.0469152
286,17,-1.13654,-0.046698
287,17,-1.13255,-0.0457273
288,17,-1.12881,-0.0453042
289,17,-1.12503,-0.0450677
290,17,-1.12078,-0.0446044
291,17,-1.11678,-0.0441571
292,17,-1.11279,-0.0434255
293,17,-1.10894,-0.0428489
294,17,-1.10518,-0.0421479
295,17,-1.10127,-0.0416389
296,17,-1.0972,-0.0413648
297,17,-1.09321,-0.041018
298,17,-1.08938,-0.040482
299,17,-1.08547,-0.039832
300,17,-1.08157,-0.0392912
301,17,-1.07778,-0.0385598
302,17,-1.07419,-0.0378134
303,17,-1.07027,-0.037499
304,17,-1.0665,-0.0376103
305,17,-1.0629,-0.0373076
306,17,-1.05945,-0.0369299
307,17,-1.05573,-0.0367982
308,17,-1.05196,-0.0364177
309,17,-1.04859,-0.035778
310,17,-1.04492,-0.0353224
311,17,-1.04093,-0.0345618
312,17,-1.03733,-0.0336364
313,17,-1.03369,-0.0330123
314,17,-1.02993,-0.0323601
315,17,-1.02659,-0.0317015
316,17,-1.0235,-0.0311471
317,17,-1.01969,-0.0302075
318,17,-1.01586,-0.0293496
319,17,-1.01201,-0.0286222
320,17,-1.0081,-0.0277233
321,17,-1.00438,-0.0273043
322,17,-1.00061,-0.0267241
323,17,-0.99693,-0.0260604
324,17,-0.993191,-0.0256442
325,17,-0.989569,-0.0252972
326,17,-0.985462,-0.024974
327,17,-0.981208,-0.0243424
11,18,-2.40915,-0.154429
12,18,-2.40455,-0.153983
13,18,-2.39972,-0.153778
14,18,-2.39532,-0.153634
15,18,-2.39084,-0.15352
16,18,-2.38618,-0.153512
17,18,-2.38173,-0.153609
18,18,-2.37746,-0.153417
19,18,-2.37311,-0.153042
20,18,-2.36875,-0.152581
21,18,-2.36435,-0.152584
22,18,-2.3601,-0.152586
23,18,-2.35534,-0.152653
24,18,-2.35112,-0.15277
25,18,-2.34671,-0.152697
26,18,-2.34205,-0.152421
27,18,-2.33785,-0.152285
28,18,-2.33336,-0.152071
29,18,-2.32922,-0.151791
30,18,-2.32488,-0.151791
31,18,-2.3202,-0.151726
32,18,-2.31581,-0.151788
33,18,-2.31159,-0.151641
34,18,-2.3072,-0.151742
35,18,-2.30274,-0.151638
36,18,-2.29872,-0.151383
37,18,-2.29484,-0.151337
38,18,-2.2907,-0.151153
39,18,-2.28627,-0.151359
40,18,-2.28189,-0.15117
41,18,-2.2773,-0.15103
42,18,-2.27282,-0.151329
43,18,-2.2686,-0.151238
44,18,-2.26411,-0.1511
45,18,-2.25943,-0.15096
46,18,-2.25523,-0.150985
47,18,-2.25109,-0.150813
48,18,-2.24662,-0.150686
49,18,-2.24216,-0.15025
50,18,-2.23816,-0.150299
51,18,-2.23404,-0.150285
52,18,-2.22987,-0.150184
53,18,-2.22577,-0.150027
54,18,-2.2217,-0.149826
55,18,-2.21763,-0.149775
56,18,-2.21311,-0.149644
57,18,-2.20864,-0.149514
58,18,-2.20441,-0.149574
59,18,-2.20004,-0.149668
60,18,-2.19561,-0.149726
61,18,-2.19101,-0.149562
62,18,-2.18682,-0.149687
63,18,-2.18236,-0.149542
64,18,-2.17782,-0.149522
65,18,-2.17334,-0.149347
66,18,-2.16888,-0.149157
67,18,-2.16444,-0.149014
68,18,-2.15995,-0.148914
69,18,-2.15516,-0.148641
70,18,-2.15065,-0.148496
71,18,-2.14629,-0.148315
72,18,-2.14201,-0.147913
73,18,-2.13748,-0.147413
74,18,-2.13292,-0.147041
75,18,-2.12868,-0.147122
76,18,-2.12414,-0.147246
77,18,-2.11977,-0.146866
78,18,-2.11529,-0.146588
79,18,-2.1107,-0.146423
80,18,-2.10646,-0.146045
81,18,-2.10194,-0.146065
82,18,-2.09734,-0.146244
83,18,-2.09308,-0.14597
84,18,-2.08867,-0.145751
85,18,-2.08397,-0.14599
86,18,-2.07926,-0.146234
87,18,-2.07481,-0.146328
88,18,-2.07013,-0.146269
89,18,-2.06516,-0.146308
90,18,-2.06031,-0.146154
91,18,-2.05538,-0.145956
92,18,-2.05057,-0.145894
93,18,-2.04566,-0.145611
94,18,-2.04077,-0.145259
95,18,-2.03609,-0.144968
96,18,-2.03119,-0.144846
97,18,-2.02622,-0.144385
98,18,-2.02126,-0.143945
99,18,-2.01644,-0.143604
100,18,-2.01167,-0.14305
101,18,-2.00676,-0.14281
102,18,-2.00199,-0.142669
103,18,-1.99735,-0.142694
104,18,-1.99281,-0.142608
105,18,-1.98834,-0.142618
106,18,-1.9838,-0.142257
107,18,-1.97937,-0.141859
108,18,-1.97452,-0.141514
109,18,-1.96956,-0.141206
110,18,-1.96486,-0.141306
111,18,-1.96044,-0.141068
112,18,-1.95585,-0.140785
113,18,-1.95113,-0.140261
114,18,-1.9468,-0.139934
115,18,-1.94265,-0.139312
116,18,-1.93828,-0.138802
117,18,-1.93405,-0.137942
118,18,-1.92958,-0.137247
119,18,-1.92517,-0.136959
120,18,-1.92044,-0.136491
121,18,-1.91599,-0.135835
122,18,-1.91188,-0.135257
123,18,-1.90733,-0.134412
124,18,-1.90259,-0.133721
125,18,-1.89802,-0.132915
126,18,-1.8931,-0.132182
127,18,-1.88831,-0.131438
128,18,-1.8837,-0.130701
129,18,-1.87927,-0.129651
130,18,-1.87398,-0.12895
131,18,-1.86903,-0.127669
132,18,-1.86426,-0.126383
133,18,-1.85939,-0.125391
134,18,-1.85432,-0.124407
135,18,-1.84917,-0.122919
136,18,-1.84388,-0.121939
137,18,-1.83861,-0.120793
138,18,-1.83371,-0.1194
139,18,-1.82848,-0.118023
140,18,-1.82331,-0.116484
141,18,-1.81788,-0.115011
142,18,-1.81253,-0.113727
143,18,-1.80774,-0.112173
144,18,-1.80264,-0.1101
145,18,-1.797,-0.1079
146,18,-1.79176,-0.105975
147,18,-1.78659,-0.104012
148,18,-1.78141,-0.10179
149,18,-1.77577,-0.0991888
150,18,-1.77034,-0.0966685
151,18,-1.76462,-0.0936812
152,18,-1.75908,-0.0907002
153,18,-1.75351,-0.0874317
154,18,-1.74825,-0.0838607
155,18,-1.74324,-0.0804207
156,18,-1.73794,-0.0772304
157,18,-1.73259,-0.0738517
158,18,-1.72772,-0.0706548
159,18,-1.72255,-0.0669281
160,18,-1.71721,-0.0630789
161,18,-1.7121,-0.0591381
162,18,-1.7074,-0.0556386
163,18,-1.70238,-0.0516457
164,18,-1.69799,-0.0478654
165,18,-1.69335,-0.0441574
166,18,-1.68868,-0.0406209
167,18,-1.68366,-0.0371984
168,18,-1.67928,-0.0336833
169,18,-1.67498,-0.03076
170,18,-1.67052,-0.0279992
171,18,-1.66603,-0.0253152
172,18,-1.66124,-0.0227764
173,18,-1.65668,-0.0204194
174,18,-1.65208,-0.0184543
175,18,-1.64729,-0.0168204
176,18,-1.64312,-0.0153023
177,18,-1.6386,-0.0140598
178,18,-1.6341,-0.0134282
179,18,-1.62964,-0.0127428
180,18,-1.62513,-0.0123878
181,18,-1.6205,-0.012688
182,18,-1.6157,-0.0126145
183,18,-1.61098,-0.0128436
184,18,-1.60639,-0.0135842
185,18,-1.60176,-0.0145594
186,18,-1.5972,-0.0158289
187,18,-1.59244,-0.017483
188,18,-1.58758,-0.018902
189,18,-1.58224,-0.0208581
190,18,-1.57736,-0.0228957
191,18,-1.57268,-0.0249439
192,18,-1.56758,-0.0273626
193,18,-1.56201,-0.0296234
194,18,-1.55678,-0.0320702
195,18,-1.55189,-0.0346172
196,18,-1.54717,-0.0372974
197,18,-1.5424,-0.0399453
198,18,-1.53745,-0.0425213
199,18,-1.53285,-0.0449376
200,18,-1.52835,-0.0472283
201,18,-1.52332,-0.0496804
202,18,-1.51868,-0.0521767
203,18,-1.51378,-0.054433
204,18,-1.50874,-0.0565059
205,18,-1.50404,-0.0584546
206,18,-1.49948,-0.0602335
207,18,-1.49481,-0.0620407
208,18,-1.48967,-0.0635361
209,18,-1.48484,-0.0648594
210,18,-1.48014,-0.0660885
211,18,-1.4753,-0.0672042
212,18,-1.47016,-0.0684724
213,18,-1.46538,-0.0696039
214,18,-1.4609,-0.0705101
215,18,-1.45631,-0.0709663
216,18,-1.45139,-0.0713375
217,18,-1.44623,-0.0718942
218,18,-1.44137,-0.0724828
219,18,-1.43655,-0.0730619
220,18,-1.43147,-0.0731879
221,18,-1.42671,-0.0734362
222,18,-1.42197,-0.073926
223,18,-1.41666,-0.0737511
224,18,-1.41167,-0.0735834
225,18,-1.40659,-0.0737125
226,18,-1.40136,-0.0735054
227,18,-1.39637,-0.0732826
228,18,-1.39123,-0.0731645
229,18,-1.38642,-0.072936
230,18,-1.38168,-0.0726089
231,18,-1.37653,-0.0722715
232,18,-1.37131,-0.0720919
233,18,-1.36636,-0.071709
234,18,-1.36157,-0.0710766
235,18,-1.35658,-0.070702
236,18,-1.35204,-0.0705273
237,18,-1.34741,-0.0702355
238,18,-1.34245,-0.0698956
239,18,-1.33771,-0.0697061
240,18,-1.3331,-0.0694794
241,18,-1.32857,-0.0689931
242,18,-1.32376,-0.0686127
243,18,-1.31943,-0.0682775
244,18,-1.3149,-0.068026
245,18,-1.31029,-0.0677284
246,18,-1.30602,-0.0674335
247,18,-1.30124,-0.06693
248,18,-1.29692,-0.066314
249,18,-1.29258,-0.0658242
250,18,-1.28852,-0.0652343
251,18,-1.2843,-0.0648397
252,18,-1.28005,-0.0640113
253,18,-1.27538,-0.0631561
254,18,-1.27104,-0.0624845
255,18,-1.26674,-0.0620344
256,18,-1.2625,-0.0613513
257,18,-1.25808,-0.0605076
258,18,-1.25377,-0.0600218
259,18,-1.24908,-0.0594656
260,18,-1.24478,-0.0591038
261,18,-1.24044,-0.0583591
262,18,-1.23606,-0.058084
263,18,-1.23172,-0.0579011
264,18,-1.22719,-0.0574963
265,18,-1.22299,-0.0571645
266,18,-1.21842,-0.0569973
267,18,-1.21415,-0.0563651
268,18,-1.21012,-0.0560425
269,18,-1.20603,-0.0554719
270,18,-1.20174,-0.0553414
271,18,-1.19728,-0.0549481
272,18,-1.1932,-0.054449
273,18,-1.18897,-0.0538766
274,18,-1.18472,-0.053627
275,18,-1.18034,-0.0532127
276,18,-1.17599,-0.0526638
277,18,-1.17222,-0.0520506
278,18,-1.16851,-0.0515613
279,18,-1.16457,-0.0510442
280,18,-1.1605,-0.0506047
281,18,-1.15674,-0.0502279
282,18,-1.15263,-0.0494376
283,18,-1.14871,-0.0485411
284,18,-1.14525,-0.0479215
285,18,-1.14133,-0.0476027
286,18,-1.13735,-0.0470508
287,18,-1.13327,-0.0461537
288,18,-1.12956,-0.0457693
289,18,-1.12567,-0.0453946
290,18,-1.12147,-0.0451927
291,18,-1.11737,-0.0447729
292,18,-1.11353,-0.0439735
293,18,-1.10952,-0.0432917
294,18,-1.10564,-0.0429085
295,18,-1.10178,-0.0424348
296,18,-1.0977,-0.0419242
297,18,-1.09367,-0.0416736
298,18,-1.08996,-0.0412667
299,18,-1.08598,-0.0407169
300,18,-1.08216,-0.0401465
301,18,-1.0784,-0.0395394
302,18,-1.07437,-0.0388628
303,18,-1.07079,-0.0384623
304,18,-1.06727,-0.0383183
305,18,-1.06346,-0.0381081
306,18,-1.05979,-0.0376521
307,18,-1.05622,-0.0375366
308,18,-1.05256,-0.0373497
309,18,-1.04895,-0.0367722
310,18,-1.04534,-0.036119
311,18,-1.04158,-0.0354641
312,18,-1.03787,-0.0345057
313,18,-1.0341,-0.0338607
314,18,-1.03038,-0.0331741
315,18,-1.02698,-0.0324915
316,18,-1.02389,-0.031915
317,18,-1.02002,-0.0309897
318,18,-1.01613,-0.0302773
319,18,-1.01237,-0.0294992
320,18,-1.00851,-0.028892
321,18,-1.00477,-0.0283518
322,18,-1.00084,-0.0276854
323,18,-0.997236,-0.0271649
324,18,-0.993576,-0.0267528
325,18,-0.990011,-0.0263159
326,18,-0.985807,-0.0258425
327,18,-0.981938,-0.0253091
11,19,-2.4101,-0.154369
12,19,-2.4051,-0.154325
13,19,-2.40037,-0.154366
14,19,-2.39574,-0.154268
15,19,-2.3912,-0.154242
16,19,-2.38656,-0.154286
17,19,-2.382,-0.153968
18,19,-2.37753,-0.153867
19,19,-2.37334,-0.153717
20,19,-2.36899,-0.15349
21,19,-2.36457,-0.153193
22,19,-2.36014,-0.153183
23,19,-2.3558,-0.153207
24,19,-2.35119,-0.15319
25,19,-2.34673,-0.153199
26,19,-2.34237,-0.153171
27,19,-2.33785,-0.15321
28,19,-2.33347,-0.153327
29,19,-2.3295,-0.153048
30,19,-2.32495,-0.152751
31,19,-2.32065,-0.15268
32,19,-2.31619,-0.152578
33,19,-2.31183,-0.152439
34,19,-2.30718,-0.152684
35,19,-2.30302,-0.152745
36,19,-2.29917,-0.15254
37,19,-2.29514,-0.152381
38,19,-2.29066,-0.152468
39,19,-2.28639,-0.152443
40,19,-2.28229,-0.152472
41,19,-2.27779,-0.15227
42,19,-2.27316,-0.152366
43,19,-2.26887,-0.152294
44,19,-2.26454,-0.152199
45,19,-2.2601,-0.152143
46,19,-2.25591,-0.151911
47,19,-2.25143,-0.151969
48,19,-2.24729,-0.15183
49,19,-2.24301,-0.151493
50,19,-2.23883,-0.151445
51,19,-2.23485,-0.151456
52,19,-2.2307,-0.151404
53,19,-2.22636,-0.151266
54,19,-2.22213,-0.151149
55,19,-2.21802,-0.150854
56,19,-2.21393,-0.150647
57,19,-2.20947,-0.150672
58,19,-2.20508,-0.150801
59,19,-2.20041,-0.151027
60,19,-2.19608,-0.150985
61,19,-2.19146,-0.151089
62,19,-2.18734,-0.151046
63,19,-2.18285,-0.150729
64,19,-2.17815,-0.15063
65,19,-2.17378,-0.150615
66,19,-2.16933,-0.15054
67,19,-2.16512,-0.150501
68,19,-2.16054,-0.150375
69,19,-2.1559,-0.15012
70,19,-2.15132,-0.150034
71,19,-2.14681,-0.149613
72,19,-2.14268,-0.14929
73,19,-2.13822,-0.148881
74,19,-2.13361,-0.148611
75,19,-2.12936,-0.148498
76,19,-2.12496,-0.148407
77,19,-2.12037,-0.148312
78,19,-2.11604,-0.148085
79,19,-2.11155,-0.147645
80,19,-2.10711,-0.147572
81,19,-2.10272,-0.147355
82,19,-2.09802,-0.147207
83,19,-2.09375,-0.147177
84,19,-2.08954,-0.146917
85,19,-2.08455,-0.147189
86,19,-2.07961,-0.147319
87,19,-2.0755,-0.147415
88,19,-2.07075,-0.147467
89,19,-2.06596,-0.147461
90,19,-2.06127,-0.147104
91,19,-2.0561,-0.14676
92,19,-2.05149,-0.146561
93,19,-2.04657,-0.146291
94,19,-2.04184,-0.146032
95,19,-2.03695,-0.145729
96,19,-2.03192,-0.145625
97,19,-2.02719,-0.145329
98,19,-2.02218,-0.144823
99,19,-2.01734,-0.144547
100,19,-2.01244,-0.144173
101,19,-2.00778,-0.143682
102,19,-2.0031,-0.143621
103,19,-1.99829,-0.143363
104,19,-1.99351,-0.143414
105,19,-1.98898,-0.143461
106,19,-1.98489,-0.143208
107,19,-1.98012,-0.142787
108,19,-1.97524,-0.142514
109,19,-1.97052,-0.142098
110,19,-1.96572,-0.1421
111,19,-1.96142,-0.141949
112,19,-1.95687,-0.141872
113,19,-1.95219,-0.141474
114,19,-1.94789,-0.1408
115,19,-1.94362,-0.140438
116,19,-1.93936,-0.139806
117,19,-1.93479,-0.138971
118,19,-1.93058,-0.138376
119,19,-1.9261,-0.137867
120,19,-1.92157,-0.137279
121,19,-1.91728,-0.136845
122,19,-1.91286,-0.135981
123,19,-1.90844,-0.135377
124,19,-1.90383,-0.134552
125,19,-1.8991,-0.134025
126,19,-1.89462,-0.133418
127,19,-1.88999,-0.132713
128,19,-1.88537,-0.131535
129,19,-1.88082,-0.130716
130,19,-1.87578,-0.13001
131,19,-1.87073,-0.128885
132,19,-1.8659,-0.127583
133,19,-1.86089,-0.126321
134,19,-1.85593,-0.125265
135,19,-1.85074,-0.123866
136,19,-1.84573,-0.122925
137,19,-1.84038,-0.121589
138,19,-1.83519,-0.12049
139,19,-1.83015,-0.119369
140,19,-1.82487,-0.117519
141,19,-1.81982,-0.116255
142,19,-1.81445,-0.114874
143,19,-1.80926,-0.113467
144,19,-1.80428,-0.111163
145,19,-1.79896,-0.109085
146,19,-1.79363,-0.106853
147,19,-1.78831,-0.104942
148,19,-1.78301,-0.102364
149,19,-1.77767,-0.0997365
150,19,-1.77221,-0.0971968
151,19,-1.76674,-0.0945225
152,19,-1.76102,-0.091364
153,19,-1.75537,-0.0883028
154,19,-1.7499,-0.0851156
155,19,-1.74486,-0.081527
156,19,-1.7397,-0.0780316
157,19,-1.73422,-0.0748732
158,19,-1.72916,-0.0713136
159,19,-1.72418,-0.067833
160,19,-1.71895,-0.0636928
161,19,-1.71421,-0.0596589
162,19,-1.7092,-0.0563265
163,19,-1.70423,-0.0521889
164,19,-1.69956,-0.0485559
165,19,-1.69507,-0.0449897
166,19,-1.69003,-0.0414385
167,19,-1.68541,-0.0382408
168,19,-1.68077,-0.0347663
169,19,-1.67612,-0.0317799
170,19,-1.67175,-0.0291046
171,19,-1.66715,-0.0262684
172,19,-1.66232,-0.0237135
173,19,-1.65765,-0.0213392
174,19,-1.65306,-0.0192708
175,19,-1.64821,-0.0176153
176,19,-1.64367,-0.016288
177,19,-1.63906,-0.0148739
178,19,-1.63424,-0.0140501
179,19,-1.62972,-0.0136022
180,19,-1.62495,-0.0134551
181,19,-1.62029,-0.0134087
182,19,-1.6153,-0.0133831
183,19,-1.61064,-0.013711
184,19,-1.60616,-0.0146239
185,19,-1.60151,-0.0154597
186,19,-1.59668,-0.0167406
187,19,-1.59182,-0.0182038
188,19,-1.58667,-0.0199025
189,19,-1.58161,-0.021845
190,19,-1.57682,-0.0238323
191,19,-1.57192,-0.0261957
192,19,-1.56662,-0.0285057
193,19,-1.56123,-0.0308531
194,19,-1.55598,-0.0334306
195,19,-1.55097,-0.0360045
196,19,-1.54618,-0.0387121
197,19,-1.54115,-0.0412916
198,19,-1.53621,-0.0437229
199,19,-1.53159,-0.0462535
200,19,-1.52709,-0.0484387
201,19,-1.52227,-0.0509945
202,19,-1.51726,-0.0535188
203,19,-1.51238,-0.0558103
204,19,-1.50768,-0.0577885
205,19,-1.503,-0.0597544
206,19,-1.49835,-0.0615866
207,19,-1.49342,-0.0634914
208,19,-1.48862,-0.0651432
209,19,-1.48373,-0.0662736
210,19,-1.47879,-0.067539
211,19,-1.47399,-0.0688094
212,19,-1.46895,-0.0700166
213,19,-1.46455,-0.0709732
214,19,-1.46015,-0.0717161
215,19,-1.45533,-0.0719125
216,19,-1.45045,-0.072403
217,19,-1.44544,-0.0730589
218,19,-1.44031,-0.0737119
219,19,-1.43572,-0.0742063
220,19,-1.43087,-0.0745427
221,19,-1.42603,-0.074834
222,19,-1.42114,-0.0748978
223,19,-1.41575,-0.0745785
224,19,-1.4111,-0.0747531
225,19,-1.40602,-0.0746399
226,19,-1.40077,-0.0744214
227,19,-1.39562,-0.0743655
228,19,-1.39067,-0.0741516
229,19,-1.38607,-0.0742103
230,19,-1.38124,-0.0738281
231,19,-1.37632,-0.0735639
232,19,-1.37122,-0.0733572
233,19,-1.3662,-0.0728386
234,19,-1.36141,-0.072076
235,19,-1.35633,-0.0717544
236,19,-1.35177,-0.0716637
237,19,-1.3472,-0.0713294
238,19,-1.34227,-0.0707414
239,19,-1.33774,-0.0707992
240,19,-1.33318,-0.0704025
241,19,-1.32848,-0.069954
242,19,-1.32367,-0.0694429
243,19,-1.31928,-0.0693068
244,19,-1.31483,-0.0689516
245,19,-1.31021,-0.0687551
246,19,-1.30589,-0.0681783
247,19,-1.3014,-0.0676084
248,19,-1.29699,-0.067098
249,19,-1.29274,-0.0666216
250,19,-1.2883,-0.0658182
251,19,-1.28406,-0.065313
252,19,-1.27999,-0.0647404
253,19,-1.27562,-0.0639734
254,19,-1.27118,-0.0632676
255,19,-1.26689,-0.0628623
256,19,-1.26256,-0.0619646
257,19,-1.25816,-0.0612764
258,19,-1.25366,-0.0607209
259,19,-1.24918,-0.0604785
260,19,-1.24487,-0.0599476
261,19,-1.24052,-0.0595062
262,19,-1.23608,-0.0593015
263,19,-1.23187,-0.0587693
264,19,-1.22729,-0.0581955
265,19,-1.22302,-0.0581248
266,19,-1.21872,-0.0576027
267,19,-1.21476,-0.0571878
268,19,-1.21044,-0.0566438
269,19,-1.20627,-0.0561926
270,19,-1.20207,-0.055681
271,19,-1.19772,-0.0553114
272,19,-1.19363,-0.0549714
273,19,-1.18934,-0.0545351
274,19,-1.18536,-0.0543674
275,19,-1.18095,-0.0539358
276,19,-1.17679,-0.0532179
277,19,-1.17296,-0.0527618
278,19,-1.16917,-0.0521216
279,19,-1.1652,-0.0518547
280,19,-1.16124,-0.0513326
281,19,-1.15714,-0.050966
282,19,-1.15334,-0.0501667
283,19,-1.14951,-0.0493305
284,19,-1.14589,-0.0486689
285,19,-1.14204,-0.0482827
286,19,-1.13805,-0.0477193
287,19,-1.13388,-0.0465281
288,19,-1.13,-0.0463083
289,19,-1.12632,-0.0459331
290,19,-1.12209,-0.0456527
291,19,-1.11791,-0.0453171
292,19,-1.114,-0.0446374
293,19,-1.11006,-0.0440262
294,19,-1.10613,-0.0436594
295,19,-1.10222,-0.0430694
296,19,-1.09825,-0.0426731
297,19,-1.09439,-0.0425399
298,19,-1.09029,-0.0419264
299,19,-1.08644,-0.0414085
300,19,-1.0824,-0.0409393
301,19,-1.07869,-0.0404821
302,19,-1.07477,-0.0397071
303,19,-1.07127,-0.0392816
304,19,-1.06772,-0.0389234
305,19,-1.06407,-0.0387298
306,19,-1.0603,-0.0386074
307,19,-1.05658,-0.0383453
308,19,-1.05292,-0.0379575
309,19,-1.04923,-0.0375045
310,19,-1.04553,-0.0368665
311,19,-1.04181,-0.0360534
312,19,-1.03812,-0.0352505
313,19,-1.0345,-0.0346004
314,19,-1.03084,-0.0339905
315,19,-1.0275,-0.0333037
316,19,-1.024,-0.032702
317,19,-1.02029,-0.0319764
318,19,-1.01633,-0.0312602
319,19,-1.01255,-0.0303173
320,19,-1.00892,-0.0299603
321,19,-1.00521,-0.0293717
322,19,-1.00134,-0.0287659
323,19,-0.997675,-0.028355
324,19,-0.994085,-0.028051
325,19,-0.990359,-0.027556
326,19,-0.986385,-0.0269033
327,19,-0.982121,-0.0262005
11,20,-2.41016,-0.154855
12,20,-2.4052,-0.15512
13,20,-2.40061,-0.155125
14,20,-2.39607,-0.155114
15,20,-2.39142,-0.154967
16,20,-2.38682,-0.154787
17,20,-2.38227,-0.154508
18,20,-2.37773,-0.15421
19,20,-2.37359,-0.154289
20,20,-2.3692,-0.154193
21,20,-2.36477,-0.154115
22,20,-2.36051,-0.153729
23,20,-2.35616,-0.153714
24,20,-2.35142,-0.153663
25,20,-2.34711,-0.153772
26,20,-2.34256,-0.153692
27,20,-2.33822,-0.154086
28,20,-2.33422,-0.154292
29,20,-2.33007,-0.154007
30,20,-2.32544,-0.153932
31,20,-2.32071,-0.153895
32,20,-2.3164,-0.153512
33,20,-2.31188,-0.153444
34,20,-2.30754,-0.153311
35,20,-2.30338,-0.153448
36,20,-2.29948,-0.153324
37,20,-2.29567,-0.153351
38,20,-2.29107,-0.153524
39,20,-2.2866,-0.153451
40,20,-2.28252,-0.15347
41,20,-2.27827,-0.15339
42,20,-2.27362,-0.153257
43,20,-2.26915,-0.153278
44,20,-2.26484,-0.153256
45,20,-2.26057,-0.153157
46,20,-2.25652,-0.153035
47,20,-2.25189,-0.152961
48,20,-2.24764,-0.152734
49,20,-2.24327,-0.152738
50,20,-2.23919,-0.152487
51,20,-2.23529,-0.152476
52,20,-2.2313,-0.152705
53,20,-2.22685,-0.15241
54,20,-2.22281,-0.152455
55,20,-2.21857,-0.152146
56,20,-2.21458,-0.151944
57,20,-2.21018,-0.152069
58,20,-2.20568,-0.152229
59,20,-2.20117,-0.152551
60,20,-2.1968,-0.15271
61,20,-2.19239,-0.152693
62,20,-2.18798,-0.152477
63,20,-2.18337,-0.152042
64,20,-2.17872,-0.151796
65,20,-2.17424,-0.151758
66,20,-2.17003,-0.151721
67,20,-2.16595,-0.151792
68,20,-2.16129,-0.151544
69,20,-2.1567,-0.151342
70,20,-2.1521,-0.151224
71,20,-2.14751,-0.150937
72,20,-2.14324,-0.150896
73,20,-2.13876,-0.150562
74,20,-2.13433,-0.150042
75,20,-2.12991,-0.149989
76,20,-2.12557,-0.149726
77,20,-2.12137,-0.149545
78,20,-2.11681,-0.149268
79,20,-2.11233,-0.149055
80,20,-2.10805,-0.148876
81,20,-2.10347,-0.148678
82,20,-2.09889,-0.148617
83,20,-2.09442,-0.148282
84,20,-2.08982,-0.148326
85,20,-2.08511,-0.148489
86,20,-2.08047,-0.148231
87,20,-2.07612,-0.148321
88,20,-2.0712,-0.148432
89,20,-2.06633,-0.14831
90,20,-2.06184,-0.148256
91,20,-2.05691,-0.147828
92,20,-2.05221,-0.147446
93,20,-2.04738,-0.147148
94,20,-2.04266,-0.14686
95,20,-2.03784,-0.146524
96,20,-2.03288,-0.146428
97,20,-2.02816,-0.146278
98,20,-2.02323,-0.145756
99,20,-2.01833,-0.145522
100,20,-2.0137,-0.145186
101,20,-2.00893,-0.144693
102,20,-2.00428,-0.144757
103,20,-1.99957,-0.144463
104,20,-1.99461,-0.143994
105,20,-1.99006,-0.143982
106,20,-1.9855,-0.144034
107,20,-1.9808,-0.143614
108,20,-1.97628,-0.143341
109,20,-1.97137,-0.142941
110,20,-1.96701,-0.142745
111,20,-1.96263,-0.142854
112,20,-1.958,-0.142804
113,20,-1.95339,-0.142273
114,20,-1.94893,-0.141822
115,20,-1.94464,-0.141261
116,20,-1.94035,-0.140632
117,20,-1.93592,-0.139702
118,20,-1.93142,-0.139131
119,20,-1.92723,-0.138591
120,20,-1.92284,-0.138005
121,20,-1.91837,-0.137602
122,20,-1.91389,-0.136964
123,20,-1.90939,-0.136315
124,20,-1.90494,-0.135737
125,20,-1.90054,-0.134798
126,20,-1.89584,-0.134074
127,20,-1.8913,-0.13344
128,20,-1.88681,-0.132241
129,20,-1.8819,-0.131575
130,20,-1.87716,-0.130631
131,20,-1.87225,-0.129721
132,20,-1.86754,-0.128557
133,20,-1.86208,-0.127224
134,20,-1.85727,-0.126214
135,20,-1.85274,-0.124873
136,20,-1.84748,-0.12388
137,20,-1.84218,-0.122485
138,20,-1.83681,-0.121526
139,20,-1.83175,-0.120167
140,20,-1.82663,-0.118462
141,20,-1.82137,-0.117196
142,20,-1.816,-0.115923
143,20,-1.81115,-0.114387
144,20,-1.80591,-0.112347
145,20,-1.80071,-0.110235
146,20,-1.79548,-0.10784
147,20,-1.79007,-0.105481
148,20,-1.78465,-0.103085
149,20,-1.77928,-0.1005
150,20,-1.7742,-0.0980472
151,20,-1.76877,-0.095212
152,20,-1.76293,-0.0921192
153,20,-1.75762,-0.0892655
154,20,-1.7519,-0.0858594
155,20,-1.74685,-0.082526
156,20,-1.74177,-0.0789623
157,20,-1.73628,-0.0755662
158,20,-1.73107,-0.0720096
159,20,-1.72594,-0.0680398
160,20,-1.72078,-0.0641319
161,20,-1.71602,-0.0604713
162,20,-1.71095,-0.0566975
163,20,-1.7058,-0.0527236
164,20,-1.70112,-0.0492713
165,20,-1.69642,-0.0456235
166,20,-1.69141,-0.0422975
167,20,-1.68686,-0.039066
168,20,-1.68233,-0.0356142
169,20,-1.67777,-0.0324177
170,20,-1.6729,-0.0297356
171,20,-1.66825,-0.0272759
172,20,-1.66342,-0.0247618
173,20,-1.65873,-0.0224781
174,20,-1.65384,-0.0203321
175,20,-1.6491,-0.0185591
176,20,-1.64446,-0.0170267
177,20,-1.63941,-0.0159344
178,20,-1.63457,-0.0147822
179,20,-1.63004,-0.014562
180,20,-1.6252,-0.0142839
181,20,-1.62026,-0.0140325
182,20,-1.61521,-0.0141619
183,20,-1.61047,-0.014584
184,20,-1.60554,-0.0154217
185,20,-1.60105,-0.0163675
186,20,-1.59629,-0.0176031
187,20,-1.59113,-0.0193402
188,20,-1.58597,-0.0212999
189,20,-1.58098,-0.0230239
190,20,-1.57619,-0.0250045
191,20,-1.57129,-0.0271888
192,20,-1.56574,-0.0296009
193,20,-1.56052,-0.0321569
194,20,-1.55532,-0.0347988
195,20,-1.54977,-0.0373904
196,20,-1.54471,-0.0400079
197,20,-1.54,-0.0423699
198,20,-1.53536,-0.0448409
199,20,-1.53028,-0.047456
200,20,-1.52552,-0.0497215
201,20,-1.52074,-0.0522101
202,20,-1.5158,-0.054647
203,20,-1.51109,-0.0571338
204,20,-1.50623,-0.0591719
205,20,-1.50186,-0.0608278
206,20,-1.49714,-0.0624431
207,20,-1.49212,-0.0641587
208,20,-1.48751,-0.0659739
209,20,-1.48271,-0.0673462
210,20,-1.47783,-0.0689968
211,20,-1.47295,-0.0703627
212,20,-1.46824,-0.0714352
213,20,-1.46359,-0.0723501
214,20,-1.45885,-0.0727897
215,20,-1.45427,-0.0732037
216,20,-1.44951,-0.0737283
217,20,-1.44446,-0.0742554
218,20,-1.43943,-0.0746668
219,20,-1.43469,-0.0752523
220,20,-1.43027,-0.075732
221,20,-1.42541,-0.0759617
222,20,-1.42024,-0.0759852
223,20,-1.41513,-0.0758895
224,20,-1.40996,-0.0757921
225,20,-1.40524,-0.0756231
226,20,-1.40007,-0.0752398
227,20,-1.39508,-0.0753825
228,20,-1.39027,-0.0752576
229,20,-1.38555,-0.0751847
230,20,-1.38076,-0.0750081
231,20,-1.37596,-0.074646
232,20,-1.37116,-0.0743998
233,20,-1.36617,-0.0738395
234,20,-1.36107,-0.0734642
235,20,-1.35617,-0.0732029
236,20,-1.35161,-0.0728469
237,20,-1.34682,-0.0723774
238,20,-1.34233,-0.0719168
239,20,-1.3378,-0.0717256
240,20,-1.33291,-0.0714988
241,20,-1.32826,-0.0709875
242,20,-1.3237,-0.0703293
243,20,-1.31885,-0.0700885
244,20,-1.31481,-0.0699687
245,20,-1.31017,-0.069497
246,20,-1.30563,-0.0690882
247,20,-1.30167,-0.0684752
248,20,-1.29758,-0.0680709
249,20,-1.29277,-0.0671678
250,20,-1.28827,-0.0665456
251,20,-1.28405,-0.0663364
252,20,-1.27992,-0.0656511
253,20,-1.27542,-0.0648987
254,20,-1.27135,-0.0642771
255,20,-1.26683,-0.0637379
256,20,-1.26259,-0.0630494
257,20,-1.25817,-0.0620866
258,20,-1.25368,-0.0616236
259,20,-1.24918,-0.0611979
260,20,-1.24516,-0.0605509
261,20,-1.24069,-0.060429
262,20,-1.23627,-0.0600585
263,20,-1.23182,-0.0594879
264,20,-1.22753,-0.0591368
265,20,-1.22329,-0.0589088
266,20,-1.21924,-0.0583502
267,20,-1.21493,-0.0577039
268,20,-1.21101,-0.0573053
269,20,-1.20668,-0.0569637
270,20,-1.20247,-0.0564407
271,20,-1.19817,-0.0559575
272,20,-1.19413,-0.0554706
273,20,-1.18972,-0.0550132
274,20,-1.18593,-0.0549461
275,20,-1.18169,-0.0546017
276,20,-1.17737,-0.0540423
277,20,-1.17332,-0.0533736
278,20,-1.16972,-0.0528887
279,20,-1.1658,-0.0523461
280,20,-1.16149,-0.0517686
281,20,-1.15761,-0.0514733
282,20,-1.15385,-0.0507134
283,20,-1.15035,-0.0501178
284,20,-1.1463,-0.0493841
285,20,-1.14255,-0.048631
286,20,-1.13853,-0.0481018
287,20,-1.13461,-0.0471738
288,20,-1.13065,-0.0466046
289,20,-1.12695,-0.0463989
290,20,-1.12273,-0.0460966
291,20,-1.11866,-0.045734
292,20,-1.11447,-0.0452201
293,20,-1.11048,-0.0446765
294,20,-1.10679,-0.0444066
295,20,-1.10286,-0.0437052
296,20,-1.09883,-0.0433926
297,20,-1.09484,-0.0430748
298,20,-1.09068,-0.0427166
299,20,-1.08682,-0.0419789
300,20,-1.08281,-0.0415722
301,20,-1.07894,-0.0411413
302,20,-1.07527,-0.0401902
303,20,-1.07165,-0.0396497
304,20,-1.06796,-0.0394867
305,20,-1.06476,-0.0391758
306,20,-1.06088,-0.0392805
307,20,-1.05702,-0.0389461
308,20,-1.05333,-0.0385548
309,20,-1.04964,-0.0380501
310,20,-1.04585,-0.0374621
311,20,-1.04222,-0.0366603
312,20,-1.03844,-0.035865
313,20,-1.03484,-0.0352385
314,20,-1.03141,-0.0347947
315,20,-1.02762,-0.034059
316,20,-1.02412,-0.0333178
317,20,-1.02037,-0.0325521
318,20,-1.01651,-0.0318359
319,20,-1.01285,-0.0311072
320,20,-1.00917,-0.0308138
321,20,-1.00544,-0.0303545
322,20,-1.00177,-0.0297884
323,20,-0.998107,-0.0293754
324,20,-0.994353,-0.0289619
325,20,-0.990732,-0.028453
326,20,-0.986812,-0.0279854
327,20,-0.982779,-0.0274826
11,21,-2.40946,-0.156188
12,21,-2.40531,-0.15614
13,21,-2.4005,-0.156059
14,21,-2.39643,-0.155834
15,21,-2.39174,-0.155688
16,21,-2.38722,-0.155472
17,21,-2.38277,-0.15548
18,21,-2.37818,-0.155071
19,21,-2.37393,-0.155051
20,21,-2.36949,-0.154983
21,21,-2.36512,-0.154856
22,21,-2.361,-0.154898
23,21,-2.35646,-0.15494
24,21,-2.35177,-0.15478
25,21,-2.34758,-0.154853
26,21,-2.3431,-0.154746
27,21,-2.33866,-0.154972
28,21,-2.33465,-0.154987
29,21,-2.33039,-0.154996
30,21,-2.32574,-0.154827
31,21,-2.32122,-0.154812
32,21,-2.31634,-0.154853
33,21,-2.31201,-0.1547
34,21,-2.30817,-0.154384
35,21,-2.30418,-0.154241
36,21,-2.30007,-0.154329
37,21,-2.29592,-0.154146
38,21,-2.29147,-0.154236
39,21,-2.28706,-0.154376
40,21,-2.28253,-0.154334
41,21,-2.27831,-0.154122
42,21,-2.27414,-0.154311
43,21,-2.26972,-0.154371
44,21,-2.26531,-0.154325
45,21,-2.26129,-0.154376
46,21,-2.2571,-0.154303
47,21,-2.25278,-0.154107
48,21,-2.24858,-0.153796
49,21,-2.24396,-0.153825
50,21,-2.23991,-0.153909
51,21,-2.23602,-0.153881
52,21,-2.23169,-0.153704
53,21,-2.22742,-0.153773
54,21,-2.22331,-0.153735
55,21,-2.21925,-0.153486
56,21,-2.2149,-0.153477
57,21,-2.2107,-0.153352
58,21,-2.20628,-0.153674
59,21,-2.20162,-0.153706
60,21,-2.1972,-0.153792
61,21,-2.19279,-0.153818
62,21,-2.18854,-0.153609
63,21,-2.18395,-0.153306
64,21,-2.17922,-0.153151
65,21,-2.17478,-0.153014
66,21,-2.17089,-0.152864
67,21,-2.16635,-0.152914
68,21,-2.16192,-0.153017
69,21,-2.15747,-0.152865
70,21,-2.15289,-0.152603
71,21,-2.14854,-0.152369
72,21,-2.14389,-0.15226
73,21,-2.13942,-0.152041
74,21,-2.13496,-0.151698
75,21,-2.13051,-0.151428
76,21,-2.12617,-0.151164
77,21,-2.12163,-0.15102
78,21,-2.11737,-0.150587
79,21,-2.11314,-0.15031
80,21,-2.10871,-0.150262
81,21,-2.10437,-0.150134
82,21,-2.09992,-0.149988
83,21,-2.09531,-0.149728
84,21,-2.09067,-0.149462
85,21,-2.08582,-0.14955
86,21,-2.08127,-0.149348
87,21,-2.07683,-0.149228
88,21,-2.07184,-0.14939
89,21,-2.06709,-0.149214
90,21,-2.06259,-0.149251
91,21,-2.05796,-0.148924
92,21,-2.05309,-0.148379
93,21,-2.04834,-0.148038
94,21,-2.04372,-0.147687
95,21,-2.03887,-0.147378
96,21,-2.03394,-0.147429
97,21,-2.02889,-0.147285
98,21,-2.02391,-0.146638
99,21,-2.01927,-0.14624
100,21,-2.01468,-0.145916
101,21,-2.01002,-0.145269
102,21,-2.00535,-0.145214
103,21,-2.00037,-0.145131
104,21,-1.99575,-0.144973
105,21,-1.99099,-0.144923
106,21,-1.98621,-0.144887
107,21,-1.98184,-0.144559
108,21,-1.97724,-0.144406
109,21,-1.97278,-0.143877
110,21,-1.96815,-0.143512
111,21,-1.96361,-0.143846
112,21,-1.95931,-0.143751
113,21,-1.95469,-0.143239
114,21,-1.95026,-0.142484
115,21,-1.94581,-0.141897
116,21,-1.94121,-0.141173
117,21,-1.93676,-0.140695
118,21,-1.93251,-0.139898
119,21,-1.92853,-0.139387
120,21,-1.92434,-0.138897
121,21,-1.91965,-0.138645
122,21,-1.91499,-0.137979
123,21,-1.91077,-0.137091
124,21,-1.90618,-0.136272
125,21,-1.902,-0.135534
126,21,-1.89766,-0.134577
127,21,-1.89296,-0.133951
128,21,-1.88831,-0.133172
129,21,-1.88359,-0.132344
130,21,-1.87875,-0.131619
131,21,-1.87355,-0.130274
132,21,-1.8689,-0.129195
133,21,-1.86382,-0.128225
134,21,-1.85909,-0.127083
135,21,-1.85434,-0.126212
136,21,-1.84926,-0.124613
137,21,-1.84383,-0.12344
138,21,-1.83859,-0.122437
139,21,-1.83335,-0.120914
140,21,-1.82849,-0.119524
141,21,-1.82319,-0.118256
142,21,-1.81795,-0.11666
143,21,-1.8125,-0.114877
144,21,-1.8075,-0.113313
145,21,-1.80241,-0.110986
146,21,-1.79706,-0.108617
147,21,-1.79178,-0.106158
148,21,-1.78654,-0.103492
149,21,-1.78129,-0.101056
150,21,-1.77609,-0.0985103
151,21,-1.77074,-0.0959516
152,21,-1.76511,-0.092862
153,21,-1.75959,-0.0899626
154,21,-1.75412,-0.0863992
155,21,-1.74869,-0.0830953
156,21,-1.74334,-0.0797062
157,21,-1.73797,-0.0763853
158,21,-1.7329,-0.072479
159,21,-1.72781,-0.0686518
160,21,-1.72257,-0.0648832
161,21,-1.7178,-0.0612727
162,21,-1.71255,-0.0575511
163,21,-1.70731,-0.0539088
164,21,-1.70238,-0.0498596
165,21,-1.6976,-0.0463335
166,21,-1.69306,-0.0429646
167,21,-1.68831,-0.0393459
168,21,-1.68376,-0.0362544
169,21,-1.67892,-0.0331518
170,21,-1.67423,-0.0305183
171,21,-1.66942,-0.028118
172,21,-1.66425,-0.0258471
173,21,-1.65954,-0.0237237
174,21,-1.65466,-0.0214889
175,21,-1.64991,-0.019729
176,21,-1.64532,-0.0180466
177,21,-1.6403,-0.0167529
178,21,-1.63518,-0.0159844
179,21,-1.63001,-0.015676
180,21,-1.62515,-0.0152712
181,21,-1.62003,-0.0149848
182,21,-1.61523,-0.015088
183,21,-1.6104,-0.015385
184,21,-1.60542,-0.0162998
185,21,-1.60046,-0.0173594
186,21,-1.59553,-0.0186231
187,21,-1.5905,-0.020415
188,21,-1.58535,-0.0223096
189,21,-1.58036,-0.0240819
190,21,-1.57535,-0.0261229
191,21,-1.57039,-0.0283245
192,21,-1.56503,-0.0307818
193,21,-1.55956,-0.0334202
194,21,-1.55422,-0.0359413
195,21,-1.54887,-0.0386706
196,21,-1.54368,-0.0410217
197,21,-1.53862,-0.0433918
198,21,-1.53381,-0.0460022
199,21,-1.52913,-0.0485984
200,21,-1.52443,-0.0508607
201,21,-1.5198,-0.0531958
202,21,-1.51484,-0.0558743
203,21,-1.51001,-0.0584183
204,21,-1.5053,-0.0604146
205,21,-1.5006,-0.0619414
206,21,-1.49579,-0.0637744
207,21,-1.49089,-0.0654675
208,21,-1.48636,-0.0670407
209,21,-1.48158,-0.0684104
210,21,-1.47665,-0.0696565
211,21,-1.47178,-0.0714767
212,21,-1.46726,-0.0728815
213,21,-1.46256,-0.0733659
214,21,-1.45786,-0.0739355
215,21,-1.4535,-0.0744003
216,21,-1.44855,-0.0749012
217,21,-1.44373,-0.0756466
218,21,-1.43892,-0.0759632
219,21,-1.43407,-0.0765087
220,21,-1.42927,-0.077073
221,21,-1.42449,-0.0771437
222,21,-1.41959,-0.0771215
223,21,-1.4142,-0.0768969
224,21,-1.40915,-0.0765095
225,21,-1.40436,-0.0766718
226,21,-1.39952,-0.0766352
227,21,-1.39449,-0.0761443
228,21,-1.38982,-0.0761936
229,21,-1.38508,-0.0764526
230,21,-1.38023,-0.0759954
231,21,-1.37564,-0.0756778
232,21,-1.37063,-0.0752992
233,21,-1.36578,-0.0748195
234,21,-1.36049,-0.0746545
235,21,-1.35568,-0.0742947
236,21,-1.35134,-0.0740526
237,21,-1.34659,-0.0734162
238,21,-1.34193,-0.0729587
239,21,-1.33756,-0.072756
240,21,-1.33293,-0.0721427
241,21,-1.32777,-0.0718025
242,21,-1.32331,-0.0713487
243,21,-1.31909,-0.0709959
244,21,-1.31454,-0.0708717
245,21,-1.31005,-0.07039
246,21,-1.30572,-0.069863
247,21,-1.30174,-0.0695219
248,21,-1.29737,-0.0684747
249,21,-1.2927,-0.0678858
250,21,-1.28858,-0.0675026
251,21,-1.2842,-0.0668738
252,21,-1.27987,-0.0662791
253,21,-1.27555,-0.0656778
254,21,-1.27142,-0.0651994
255,21,-1.26697,-0.064604
256,21,-1.2627,-0.0638912
257,21,-1.25823,-0.0631051
258,21,-1.25383,-0.0625823
259,21,-1.24965,-0.0621007
260,21,-1.24502,-0.0616895
261,21,-1.24065,-0.0612536
262,21,-1.2363,-0.0608067
263,21,-1.23215,-0.0602546
264,21,-1.22805,-0.0598659
265,21,-1.22363,-0.0595647
266,21,-1.21934,-0.058952
267,21,-1.21529,-0.0583977
268,21,-1.21118,-0.0581163
269,21,-1.20698,-0.0576024
270,21,-1.20281,-0.0571037
271,21,-1.19846,-0.0566271
272,21,-1.19451,-0.0562756
273,21,-1.19042,-0.0558069
274,21,-1.18648,-0.0558104
275,21,-1.18245,-0.0552728
276,21,-1.17801,-0.0548204
277,21,-1.17403,-0.0543604
278,21,-1.17027,-0.0535192
279,21,-1.16624,-0.0529385
280,21,-1.16193,-0.052426
281,21,-1.15834,-0.0517865
282,21,-1.15446,-0.0512607
283,21,-1.15073,-0.0507556
284,21,-1.14701,-0.0502507
285,21,-1.14303,-0.0492356
286,21,-1.13908,-0.0485893
287,21,-1.13509,-0.0477462
288,21,-1.13131,-0.0470869
289,21,-1.12743,-0.0468333
290,21,-1.12332,-0.0466708
291,21,-1.11923,-0.0463015
292,21,-1.11513,-0.0458968
293,21,-1.11116,-0.0453873
294,21,-1.10708,-0.0449676
295,21,-1.10321,-0.0445101
296,21,-1.09928,-0.044218
297,21,-1.09515,-0.0437659
298,21,-1.09116,-0.0431587
299,21,-1.08707,-0.0427225
300,21,-1.0836,-0.042281
301,21,-1.07949,-0.0417913
302,21,-1.07545,-0.0409916
303,21,-1.07219,-0.0403912
304,21,-1.06866,-0.0401215
305,21,-1.06506,-0.0397649
306,21,-1.0614,-0.0396617
307,21,-1.05754,-0.0392431
308,21,-1.05384,-0.0390702
309,21,-1.05009,-0.0381989
310,21,-1.0464,-0.0376694
311,21,-1.04273,-0.0372548
312,21,-1.0392,-0.0363896
313,21,-1.03541,-0.0359661
314,21,-1.03159,-0.0352578
315,21,-1.028,-0.0345394
316,21,-1.02428,-0.033968
317,21,-1.02054,-0.033472
318,21,-1.01691,-0.0327433
319,21,-1.01322,-0.0324511
320,21,-1.00949,-0.0318088
321,21,-1.00566,-0.0311134
322,21,-1.00197,-0.0307195
323,21,-0.998386,-0.0302714
324,21,-0.994665,-0.0299644
325,21,-0.991164,-0.0292689
326,21,-0.987567,-0.0286
327,21,-0.983479,-0.0279909
11,22,-2.4102,-0.156337
12,22,-2.40587,-0.156612
13,22,-2.4011,-0.156533
14,22,-2.39678,-0.156443
15,22,-2.39219,-0.156544
16,22,-2.3878,-0.156632
17,22,-2.38322,-0.156103
18,22,-2.3784,-0.156047
19,22,-2.37409,-0.15592
20,22,-2.36976,-0.156002
21,22,-2.36554,-0.155978
22,22,-2.36125,-0.155981
23,22,-2.35691,-0.156004
24,22,-2.35249,-0.155662
25,22,-2.34766,-0.155617
26,22,-2.34341,-0.155733
27,22,-2.33946,-0.15569
28,22,-2.33501,-0.155564
29,22,-2.33068,-0.155574
30,22,-2.32619,-0.155484
31,22,-2.32164,-0.155627
32,22,-2.31705,-0.155854
33,22,-2.3124,-0.155798
34,22,-2.30881,-0.15517
35,22,-2.30459,-0.155334
36,22,-2.30066,-0.155328
37,22,-2.29609,-0.155238
38,22,-2.2917,-0.155309
39,22,-2.28732,-0.155047
40,22,-2.28317,-0.155304
41,22,-2.27879,-0.155497
42,22,-2.27437,-0.155234
43,22,-2.27015,-0.155428
44,22,-2.26572,-0.15557
45,22,-2.2618,-0.155481
46,22,-2.25768,-0.155268
47,22,-2.25337,-0.155274
48,22,-2.24912,-0.155273
49,22,-2.24477,-0.155162
50,22,-2.24055,-0.155269
51,22,-2.23678,-0.155145
52,22,-2.23238,-0.154949
53,22,-2.2281,-0.155138
54,22,-2.22391,-0.155032
55,22,-2.21961,-0.154834
56,22,-2.21526,-0.154767
57,22,-2.21086,-0.154722
58,22,-2.20652,-0.154686
59,22,-2.20239,-0.154853
60,22,-2.19784,-0.154921
61,22,-2.19335,-0.155044
62,22,-2.1892,-0.155137
63,22,-2.18456,-0.154692
64,22,-2.17991,-0.154412
65,22,-2.17549,-0.154334
66,22,-2.17131,-0.154329
67,22,-2.16672,-0.154136
68,22,-2.16242,-0.154096
69,22,-2.15823,-0.154098
70,22,-2.15362,-0.153797
71,22,-2.14925,-0.153706
72,22,-2.14461,-0.15372
73,22,-2.14023,-0.153379
74,22,-2.13582,-0.153002
75,22,-2.13136,-0.152891
76,22,-2.12704,-0.152468
77,22,-2.12256,-0.152054
78,22,-2.11837,-0.151913
79,22,-2.11412,-0.151706
80,22,-2.10976,-0.151505
81,22,-2.10515,-0.151397
82,22,-2.1005,-0.151219
83,22,-2.09612,-0.150966
84,22,-2.09158,-0.150792
85,22,-2.08681,-0.150815
86,22,-2.0821,-0.150671
87,22,-2.07762,-0.150421
88,22,-2.07271,-0.150204
89,22,-2.06792,-0.149879
90,22,-2.0635,-0.149876
91,22,-2.05878,-0.149892
92,22,-2.05398,-0.149537
93,22,-2.04919,-0.149021
94,22,-2.0446,-0.148804
95,22,-2.0397,-0.148476
96,22,-2.03458,-0.14835
97,22,-2.02991,-0.14814
98,22,-2.025,-0.147309
99,22,-2.02013,-0.146787
100,22,-2.01548,-0.146501
101,22,-2.0108,-0.146176
102,22,-2.00632,-0.145912
103,22,-2.0014,-0.14606
104,22,-1.99685,-0.145744
105,22,-1.99212,-0.145578
106,22,-1.98743,-0.145427
107,22,-1.98276,-0.145231
108,22,-1.97837,-0.145257
109,22,-1.97415,-0.145158
110,22,-1.96934,-0.144488
111,22,-1.96482,-0.144632
112,22,-1.96084,-0.144566
113,22,-1.95615,-0.144181
114,22,-1.95153,-0.143504
115,22,-1.94693,-0.142652
116,22,-1.94256,-0.142123
117,22,-1.93838,-0.141611
118,22,-1.93383,-0.14098
119,22,-1.92943,-0.140252
120,22,-1.92527,-0.139786
121,22,-1.92093,-0.139109
122,22,-1.91626,-0.138338
123,22,-1.91196,-0.137865
124,22,-1.90764,-0.137175
125,22,-1.90338,-0.136358
126,22,-1.89892,-0.13566
127,22,-1.89431,-0.134975
128,22,-1.88977,-0.134133
129,22,-1.88518,-0.133124
130,22,-1.88014,-0.132494
131,22,-1.87525,-0.131318
132,22,-1.87046,-0.130284
133,22,-1.86563,-0.129369
134,22,-1.86098,-0.128179
135,22,-1.85599,-0.127013
136,22,-1.85089,-0.125684
137,22,-1.84544,-0.12451
138,22,-1.84025,-0.123195
139,22,-1.83514,-0.12189
140,22,-1.8299,-0.120526
141,22,-1.82488,-0.119161
142,22,-1.81999,-0.117427
143,22,-1.81482,-0.115818
144,22,-1.80977,-0.11397
145,22,-1.80435,-0.111969
146,22,-1.79911,-0.109814
147,22,-1.79366,-0.107235
148,22,-1.78838,-0.104551
149,22,-1.78292,-0.102058
150,22,-1.77798,-0.0993961
151,22,-1.77271,-0.0964349
152,22,-1.7669,-0.0934735
153,22,-1.76133,-0.0905509
154,22,-1.75576,-0.0872961
155,22,-1.75046,-0.0842682
156,22,-1.74516,-0.0807623
157,22,-1.7399,-0.0770392
158,22,-1.73443,-0.0734063
159,22,-1.72928,-0.0693476
160,22,-1.7244,-0.0656776
161,22,-1.71922,-0.0619224
162,22,-1.71416,-0.0584471
163,22,-1.70881,-0.0548842
164,22,-1.70392,-0.0511141
165,22,-1.69911,-0.0473019
166,22,-1.69458,-0.0433507
167,22,-1.68949,-0.040493
168,22,-1.68485,-0.037275
169,22,-1.68017,-0.0341317
170,22,-1.67541,-0.0317685
171,22,-1.67042,-0.0290353
172,22,-1.66536,-0.0267779
173,22,-1.66032,-0.0243892
174,22,-1.65549,-0.0222329
175,22,-1.65088,-0.0203202
176,22,-1.64617,-0.0190398
177,22,-1.64086,-0.0179893
178,22,-1.63544,-0.0169424
179,22,-1.63039,-0.0164486
180,22,-1.62533,-0.0159621
181,22,-1.62027,-0.0158464
182,22,-1.61516,-0.0160501
183,22,-1.61022,-0.0166666
184,22,-1.60515,-0.017386
185,22,-1.60012,-0.0184408
186,22,-1.59511,-0.0199087
187,22,-1.58985,-0.0215583
188,22,-1.58476,-0.0233224
189,22,-1.57987,-0.0251542
190,22,-1.57454,-0.0270845
191,22,-1.56928,-0.0294372
192,22,-1.56403,-0.0319231
193,22,-1.55863,-0.03455
194,22,-1.55336,-0.0372698
195,22,-1.54809,-0.0397964
196,22,-1.54289,-0.0421912
197,22,-1.53785,-0.0445865
198,22,-1.53283,-0.0471515
199,22,-1.52786,-0.0498704
200,22,-1.52324,-0.0521385
201,22,-1.51851,-0.0544143
202,22,-1.51348,-0.0571362
203,22,-1.50871,-0.0594467
204,22,-1.50402,-0.0615795
205,22,-1.49948,-0.0633184
206,22,-1.49482,-0.0648533
207,22,-1.48989,-0.0666147
208,22,-1.48502,-0.0680999
209,22,-1.48032,-0.0695647
210,22,-1.47569,-0.0710111
211,22,-1.47111,-0.0725215
212,22,-1.46618,-0.0736111
213,22,-1.46133,-0.0744283
214,22,-1.45679,-0.0751124
215,22,-1.452,-0.0755774
216,22,-1.44729,-0.076224
217,22,-1.44263,-0.0768899
218,22,-1.43793,-0.0775052
219,22,-1.43296,-0.0776466
220,22,-1.4281,-0.0778089
221,22,-1.42324,-0.0779269
222,22,-1.41871,-0.0778247
223,22,-1.41379,-0.0776583
224,22,-1.40872,-0.0776745
225,22,-1.40373,-0.0778145
226,22,-1.3987,-0.0778526
227,22,-1.39378,-0.0776793
228,22,-1.3892,-0.0776876
229,22,-1.38468,-0.0777394
230,22,-1.37954,-0.0771508
231,22,-1.37463,-0.0765105
232,22,-1.36998,-0.0763079
233,22,-1.36542,-0.076144
234,22,-1.36026,-0.0758444
235,22,-1.3553,-0.0753946
236,22,-1.35104,-0.0751175
237,22,-1.34609,-0.0747395
238,22,-1.34164,-0.0741107
239,22,-1.33705,-0.0733495
240,22,-1.33243,-0.0730023
241,22,-1.32785,-0.0725953
242,22,-1.32295,-0.0721796
243,22,-1.31851,-0.0719683
244,22,-1.3141,-0.0716793
245,22,-1.30984,-0.0710398
246,22,-1.30528,-0.0703944
247,22,-1.30131,-0.0697469
248,22,-1.29716,-0.0693144
249,22,-1.29277,-0.0687145
250,22,-1.28854,-0.068166
251,22,-1.28406,-0.067714
252,22,-1.27982,-0.0672972
253,22,-1.27541,-0.0666893
254,22,-1.271,-0.0659562
255,22,-1.26695,-0.0652467
256,22,-1.26241,-0.0647518
257,22,-1.25807,-0.0640087
258,22,-1.25395,-0.0635741
259,22,-1.24964,-0.0629252
260,22,-1.24514,-0.0626449
261,22,-1.24079,-0.0620908
262,22,-1.23659,-0.0614949
263,22,-1.23234,-0.0610292
264,22,-1.22837,-0.0603445
265,22,-1.22392,-0.060033
266,22,-1.2198,-0.0593246
267,22,-1.21595,-0.0590319
268,22,-1.21176,-0.0588069
269,22,-1.20783,-0.0582685
270,22,-1.20341,-0.0577639
271,22,-1.19884,-0.0573783
272,22,-1.19487,-0.0570448
273,22,-1.19102,-0.0563663
274,22,-1.18676,-0.0561145
275,22,-1.18294,-0.0559986
276,22,-1.17889,-0.0556863
277,22,-1.17475,-0.0549834
278,22,-1.17083,-0.0542475
279,22,-1.16677,-0.0535047
280,22,-1.16261,-0.052997
281,22,-1.15866,-0.052533
282,22,-1.1548,-0.0517298
283,22,-1.15105,-0.0515764
284,22,-1.14732,-0.0507608
285,22,-1.14358,-0.050337
286,22,-1.13947,-0.0492904
287,22,-1.13542,-0.0485954
288,22,-1.13185,-0.0477961
289,22,-1.12771,-0.0475232
290,22,-1.12376,-0.0474059
291,22,-1.11963,-0.0468916
292,22,-1.11545,-0.046607
293,22,-1.11151,-0.0460047
294,22,-1.10746,-0.0456309
295,22,-1.1034,-0.0452132
296,22,-1.09939,-0.0445054
297,22,-1.09537,-0.0441305
298,22,-1.09149,-0.043465
299,22,-1.08784,-0.043185
300,22,-1.08405,-0.0428588
301,22,-1.08005,-0.0422807
302,22,-1.07611,-0.0416964
303,22,-1.0726,-0.0413067
304,22,-1.06896,-0.0407322
305,22,-1.06528,-0.0403286
306,22,-1.06149,-0.0402144
307,22,-1.05782,-0.0397694
308,22,-1.05411,-0.039335
309,22,-1.0505,-0.038759
310,22,-1.04699,-0.0381625
311,22,-1.0432,-0.0376851
312,22,-1.03963,-0.0370637
313,22,-1.03575,-0.0366124
314,22,-1.03179,-0.0359306
315,22,-1.02809,-0.0353626
316,22,-1.02433,-0.0346888
317,22,-1.02063,-0.0342256
318,22,-1.01701,-0.033694
319,22,-1.01333,-0.033163
320,22,-1.00989,-0.0327345
321,22,-1.00619,-0.0322066
322,22,-1.00242,-0.0317153
323,22,-0.998839,-0.0312702
324,22,-0.995122,-0.0308672
325,22,-0.991393,-0.0299324
326,22,-0.98768,-0.0292622
327,22,-0.983584,-0.0284477
11,23,-2.41165,-0.156208
12,23,-2.40683,-0.157052
13,23,-2.40222,-0.156919
14,23,-2.39751,-0.157217
15,23,-2.39273,-0.157322
16,23,-2.38814,-0.157124
17,23,-2.3834,-0.157029
18,23,-2.37913,-0.157267
19,23,-2.37474,-0.157015
20,23,-2.37031,-0.157226
21,23,-2.36594,-0.157099
22,23,-2.3616,-0.157115
23,23,-2.3574,-0.15696
24,23,-2.35285,-0.156524
25,23,-2.34828,-0.156406
26,23,-2.34416,-0.156724
27,23,-2.33989,-0.156346
28,23,-2.33567,-0.156275
29,23,-2.33109,-0.156188
30,23,-2.32668,-0.156094
31,23,-2.32223,-0.156348
32,23,-2.31793,-0.156622
33,23,-2.31346,-0.156488
34,23,-2.30937,-0.156002
35,23,-2.30527,-0.156189
36,23,-2.30092,-0.156294
37,23,-2.29678,-0.156153
38,23,-2.29227,-0.156361
39,23,-2.28776,-0.155997
40,23,-2.28363,-0.156169
41,23,-2.27926,-0.156599
42,23,-2.27499,-0.156268
43,23,-2.2707,-0.156195
44,23,-2.26637,-0.156475
45,23,-2.26222,-0.156539
46,23,-2.25823,-0.156226
47,23,-2.25407,-0.156269
48,23,-2.24973,-0.156375
49,23,-2.24529,-0.156363
50,23,-2.24109,-0.156566
51,23,-2.237,-0.156511
52,23,-2.23321,-0.156259
53,23,-2.22876,-0.156358
54,23,-2.2244,-0.156173
55,23,-2.22025,-0.156265
56,23,-2.21574,-0.156266
57,23,-2.21138,-0.156092
58,23,-2.20721,-0.156207
59,23,-2.2029,-0.1562
60,23,-2.19843,-0.156177
61,23,-2.19409,-0.15625
62,23,-2.18962,-0.156192
63,23,-2.18517,-0.155898
64,23,-2.18073,-0.155662
65,23,-2.17619,-0.155521
66,23,-2.17183,-0.155406
67,23,-2.16747,-0.155232
68,23,-2.16323,-0.155105
69,23,-2.15897,-0.155027
70,23,-2.15456,-0.155186
71,23,-2.15006,-0.154974
72,23,-2.14543,-0.154941
73,23,-2.1409,-0.154683
74,23,-2.13654,-0.154322
75,23,-2.13221,-0.154246
76,23,-2.128,-0.153867
77,23,-2.12355,-0.15338
78,23,-2.11898,-0.153034
79,23,-2.11484,-0.153
80,23,-2.11061,-0.152694
81,23,-2.10607,-0.152341
82,23,-2.10152,-0.15226
83,23,-2.09701,-0.151908
84,23,-2.0924,-0.151859
85,23,-2.08766,-0.151972
86,23,-2.08302,-0.151953
87,23,-2.07827,-0.151405
88,23,-2.07355,-0.15098
89,23,-2.06888,-0.150918
90,23,-2.06434,-0.150692
91,23,-2.05978,-0.150728
92,23,-2.05494,-0.150598
93,23,-2.05032,-0.150312
94,23,-2.04565,-0.149876
95,23,-2.04071,-0.149585
96,23,-2.03589,-0.149218
97,23,-2.03123,-0.148865
98,23,-2.02632,-0.148054
99,23,-2.02139,-0.147627
100,23,-2.01678,-0.147505
101,23,-2.01228,-0.14714
102,23,-2.00755,-0.147067
103,23,-2.00288,-0.146879
104,23,-1.998,-0.146485
105,23,-1.99346,-0.14624
106,23,-1.98895,-0.146408
107,23,-1.98396,-0.146212
108,23,-1.97966,-0.146075
109,23,-1.9754,-0.145956
110,23,-1.97096,-0.145574
111,23,-1.96631,-0.145372
112,23,-1.96219,-0.145256
113,23,-1.95773,-0.144673
114,23,-1.95315,-0.144226
115,23,-1.94879,-0.143541
116,23,-1.9443,-0.142974
117,23,-1.94005,-0.142513
118,23,-1.93556,-0.142094
119,23,-1.931,-0.141664
120,23,-1.92689,-0.140994
121,23,-1.92242,-0.140108
122,23,-1.91782,-0.139355
123,23,-1.91319,-0.138789
124,23,-1.90913,-0.137926
125,23,-1.90468,-0.137294
126,23,-1.90024,-0.136483
127,23,-1.8959,-0.135642
128,23,-1.89134,-0.135042
129,23,-1.8866,-0.13424
130,23,-1.88205,-0.133241
131,23,-1.87717,-0.132298
132,23,-1.87224,-0.131064
133,23,-1.8674,-0.130149
134,23,-1.86251,-0.129087
135,23,-1.85767,-0.127931
136,23,-1.85237,-0.126825
137,23,-1.84727,-0.125542
138,23,-1.84205,-0.124098
139,23,-1.83687,-0.12296
140,23,-1.83192,-0.12149
141,23,-1.82696,-0.120322
142,23,-1.82206,-0.118381
143,23,-1.81702,-0.11711
144,23,-1.81192,-0.115134
145,23,-1.80678,-0.112791
146,23,-1.80132,-0.110488
147,23,-1.79621,-0.10813
148,23,-1.79054,-0.105642
149,23,-1.78496,-0.102843
150,23,-1.77959,-0.100484
151,23,-1.77444,-0.0975234
152,23,-1.76856,-0.0943016
153,23,-1.76298,-0.0916963
154,23,-1.75764,-0.0880367
155,23,-1.75259,-0.0850873
156,23,-1.74692,-0.0816143
157,23,-1.74159,-0.0778604
158,23,-1.73645,-0.074157
159,23,-1.731,-0.0702293
160,23,-1.726,-0.0665577
161,23,-1.72098,-0.0629857
162,23,-1.71568,-0.0592954
163,23,-1.71051,-0.0556606
164,23,-1.70531,-0.0521476
165,23,-1.70025,-0.048653
166,23,-1.69572,-0.0447214
167,23,-1.69061,-0.0413759
168,23,-1.68594,-0.0380522
169,23,-1.68122,-0.0347094
170,23,-1.6764,-0.032227
171,23,-1.67133,-0.0300987
172,23,-1.66642,-0.0275928
173,23,-1.6613,-0.0254274
174,23,-1.65614,-0.0228551
175,23,-1.65152,-0.0210107
176,23,-1.64648,-0.0200189
177,23,-1.64118,-0.0190191
178,23,-1.63597,-0.0177727
179,23,-1.63056,-0.0171205
180,23,-1.62582,-0.0168034
181,23,-1.62066,-0.0167749
182,23,-1.61527,-0.0170781
183,23,-1.61029,-0.0175111
184,23,-1.60496,-0.0182799
185,23,-1.5999,-0.0193504
186,23,-1.59464,-0.0207888
187,23,-1.58955,-0.0224342
188,23,-1.58423,-0.023956
189,23,-1.57923,-0.0256883
190,23,-1.57414,-0.0278388
191,23,-1.56862,-0.0304109
192,23,-1.56319,-0.0331278
193,23,-1.5576,-0.0359194
194,23,-1.55246,-0.0384174
195,23,-1.54736,-0.0408415
196,23,-1.54199,-0.0433891
197,23,-1.53691,-0.0458461
198,23,-1.5318,-0.0484824
199,23,-1.52698,-0.0508901
200,23,-1.52201,-0.0534551
201,23,-1.51709,-0.0559673
202,23,-1.51217,-0.0584167
203,23,-1.50719,-0.0607278
204,23,-1.50229,-0.0627415
205,23,-1.49796,-0.0646639
206,23,-1.4936,-0.0663772
207,23,-1.4888,-0.0678119
208,23,-1.48395,-0.0692881
209,23,-1.47947,-0.0707087
210,23,-1.47459,-0.071993
211,23,-1.46941,-0.0736902
212,23,-1.46499,-0.0748064
213,23,-1.4601,-0.0755047
214,23,-1.45558,-0.0761521
215,23,-1.45103,-0.0766918
216,23,-1.44607,-0.0772341
217,23,-1.44137,-0.077887
218,23,-1.43662,-0.0785981
219,23,-1.43161,-0.0787551
220,23,-1.42689,-0.0789382
221,23,-1.42201,-0.0789897
222,23,-1.41744,-0.0788385
223,23,-1.4129,-0.0789626
224,23,-1.40772,-0.0789121
225,23,-1.40253,-0.0789037
226,23,-1.39794,-0.0789675
227,23,-1.39288,-0.0788832
228,23,-1.3884,-0.0789035
229,23,-1.3837,-0.0786163
230,23,-1.37872,-0.0782419
231,23,-1.37378,-0.0779425
232,23,-1.36904,-0.0774821
233,23,-1.36433,-0.0772469
234,23,-1.35957,-0.0766819
235,23,-1.3548,-0.0766501
236,23,-1.35021,-0.0764624
237,23,-1.34549,-0.0757772
238,23,-1.34098,-0.0752653
239,23,-1.33614,-0.0746156
240,23,-1.33168,-0.0740621
241,23,-1.32713,-0.0735983
242,23,-1.32235,-0.0732185
243,23,-1.31807,-0.0730357
244,23,-1.31373,-0.0725386
245,23,-1.30949,-0.0720669
246,23,-1.30517,-0.0715547
247,23,-1.30113,-0.0707757
248,23,-1.29695,-0.0701861
249,23,-1.29238,-0.0694696
250,23,-1.28822,-0.0689435
251,23,-1.28401,-0.0686034
252,23,-1.27948,-0.0680426
253,23,-1.27508,-0.0676995
254,23,-1.27087,-0.0668946
255,23,-1.26667,-0.0662921
256,23,-1.26211,-0.0655193
257,23,-1.25806,-0.065115
258,23,-1.25395,-0.0647373
259,23,-1.24975,-0.0639353
260,23,-1.24506,-0.0633273
261,23,-1.24103,-0.0627774
262,23,-1.23676,-0.0623458
263,23,-1.2324,-0.0616922
264,23,-1.22836,-0.0611113
265,23,-1.22398,-0.0608908
266,23,-1.21998,-0.0604185
267,23,-1.21596,-0.0599244
268,23,-1.21182,-0.0592633
269,23,-1.20786,-0.0587268
270,23,-1.20351,-0.0584609
271,23,-1.1993,-0.0579312
272,23,-1.19537,-0.0574205
273,23,-1.19117,-0.0570386
274,23,-1.1873,-0.0567951
275,23,-1.1833,-0.0565384
276,23,-1.17925,-0.0563267
277,23,-1.17488,-0.0557796
278,23,-1.17136,-0.0550936
279,23,-1.16703,-0.0545067
280,23,-1.16294,-0.0538393
281,23,-1.15897,-0.0530804
282,23,-1.15514,-0.0525297
283,23,-1.15128,-0.0521936
284,23,-1.14757,-0.0516175
285,23,-1.14385,-0.0508924
286,23,-1.13985,-0.0501324
287,23,-1.13613,-0.0493613
288,23,-1.13228,-0.0487706
289,23,-1.12825,-0.0480165
290,23,-1.12423,-0.0478321
291,23,-1.12019,-0.0473435
292,23,-1.1159,-0.0472526
293,23,-1.11194,-0.0468006
294,23,-1.10793,-0.0462689
295,23,-1.1038,-0.0459582
296,23,-1.09977,-0.0452281
297,23,-1.0958,-0.0447716
298,23,-1.09202,-0.0443406
299,23,-1.08827,-0.0438308
300,23,-1.08434,-0.043456
301,23,-1.08069,-0.0429576
302,23,-1.07696,-0.0423538
303,23,-1.07313,-0.041882
304,23,-1.06935,-0.0417863
305,23,-1.06579,-0.0413089
306,23,-1.06201,-0.0407591
307,23,-1.05819,-0.0404748
308,23,-1.05456,-0.0401423
309,23,-1.0508,-0.0394788
310,23,-1.04728,-0.0389116
311,23,-1.04355,-0.0385014
312,23,-1.03999,-0.0378391
313,23,-1.03613,-0.0372127
314,23,-1.03227,-0.0366129
315,23,-1.02856,-0.0360299
316,23,-1.02458,-0.0354493
317,23,-1.02091,-0.0350409
318,23,-1.01731,-0.034404
319,23,-1.01381,-0.0340667
320,23,-1.01021,-0.0337314
321,23,-1.00646,-0.0330683
322,23,-1.00306,-0.0327614
323,23,-0.999246,-0.0320832
324,23,-0.995528,-0.0314289
325,23,-0.992019,-0.030749
326,23,-0.988324,-0.0297842
327,23,-0.984483,-0.0290757
11,24,-2.41178,-0.157518
12,24,-2.4072,-0.15807
13,24,-2.40277,-0.157961
14,24,-2.39804,-0.157759
15,24,-2.39312,-0.157771
16,24,-2.3886,-0.157614
17,24,-2.38416,-0.157844
18,24,-2.37977,-0.158146
19,24,-2.37546,-0.158093
20,24,-2.37115,-0.158008
21,24,-2.36651,-0.157952
22,24,-2.36215,-0.157935
23,24,-2.35792,-0.158008
24,24,-2.3534,-0.157497
25,24,-2.34895,-0.157567
26,24,-2.34481,-0.157528
27,24,-2.34045,-0.157361
28,24,-2.33642,-0.157034
29,24,-2.33197,-0.157048
30,24,-2.32757,-0.157043
31,24,-2.32313,-0.157188
32,24,-2.31866,-0.15722
33,24,-2.31432,-0.157111
34,24,-2.31002,-0.156666
35,24,-2.30602,-0.156958
36,24,-2.30186,-0.157014
37,24,-2.29753,-0.15698
38,24,-2.29324,-0.157151
39,24,-2.28882,-0.157109
40,24,-2.2843,-0.156971
41,24,-2.27975,-0.157258
42,24,-2.27553,-0.157286
43,24,-2.27163,-0.157205
44,24,-2.26734,-0.157348
45,24,-2.26323,-0.157276
46,24,-2.25899,-0.157349
47,24,-2.25508,-0.157594
48,24,-2.25052,-0.157673
49,24,-2.24606,-0.157462
50,24,-2.24178,-0.157757
51,24,-2.23764,-0.157802
52,24,-2.23356,-0.157451
53,24,-2.2291,-0.157367
54,24,-2.22521,-0.157438
55,24,-2.22106,-0.157929
56,24,-2.21644,-0.157555
57,24,-2.21186,-0.157342
58,24,-2.2074,-0.157614
59,24,-2.20316,-0.157518
60,24,-2.19903,-0.157717
61,24,-2.19481,-0.15766
62,24,-2.19047,-0.157251
63,24,-2.18595,-0.1572
64,24,-2.18141,-0.156828
65,24,-2.1771,-0.156681
66,24,-2.17287,-0.156641
67,24,-2.16821,-0.156559
68,24,-2.16392,-0.156359
69,24,-2.15946,-0.156178
70,24,-2.15516,-0.1565
71,24,-2.15065,-0.156193
72,24,-2.14601,-0.15575
73,24,-2.14188,-0.155627
74,24,-2.13748,-0.155379
75,24,-2.13312,-0.155253
76,24,-2.12894,-0.155104
77,24,-2.12457,-0.154863
78,24,-2.11998,-0.154518
79,24,-2.11554,-0.154352
80,24,-2.11137,-0.153969
81,24,-2.10698,-0.153614
82,24,-2.10225,-0.153474
83,24,-2.09776,-0.15305
84,24,-2.09364,-0.152876
85,24,-2.08893,-0.152891
86,24,-2.08397,-0.152729
87,24,-2.07914,-0.152263
88,24,-2.07438,-0.152174
89,24,-2.06984,-0.15207
90,24,-2.06519,-0.151612
91,24,-2.06049,-0.151542
92,24,-2.05584,-0.151473
93,24,-2.0513,-0.151221
94,24,-2.04663,-0.150842
95,24,-2.04173,-0.150507
96,24,-2.03682,-0.15017
97,24,-2.03223,-0.14969
98,24,-2.02764,-0.148866
99,24,-2.02266,-0.148155
100,24,-2.01807,-0.148154
101,24,-2.0136,-0.148195
102,24,-2.00891,-0.14794
103,24,-2.00432,-0.147774
104,24,-1.99934,-0.147401
105,24,-1.99469,-0.147168
106,24,-1.99016,-0.147099
107,24,-1.98543,-0.147287
108,24,-1.98123,-0.14719
109,24,-1.97701,-0.146825
110,24,-1.97258,-0.146553
111,24,-1.96788,-0.146335
112,24,-1.96351,-0.146004
113,24,-1.95929,-0.145324
114,24,-1.95484,-0.144912
115,24,-1.95054,-0.144526
116,24,-1.94594,-0.143905
117,24,-1.94163,-0.143755
118,24,-1.93732,-0.143384
119,24,-1.93278,-0.142784
120,24,-1.92837,-0.141992
121,24,-1.92412,-0.141102
122,24,-1.91951,-0.14051
123,24,-1.91511,-0.140123
124,24,-1.91087,-0.139233
125,24,-1.90636,-0.138376
126,24,-1.90201,-0.137365
127,24,-1.89778,-0.136666
128,24,-1.89303,-0.135859
129,24,-1.88828,-0.134962
130,24,-1.88386,-0.134188
131,24,-1.87893,-0.133117
132,24,-1.87381,-0.13205
133,24,-1.86899,-0.130779
134,24,-1.86417,-0.129933
135,24,-1.8593,-0.129012
136,24,-1.85397,-0.12811
137,24,-1.8487,-0.12671
138,24,-1.84378,-0.125389
139,24,-1.83873,-0.124087
140,24,-1.83402,-0.12272
141,24,-1.82875,-0.121213
142,24,-1.82413,-0.119547
143,24,-1.81899,-0.117771
144,24,-1.81391,-0.115901
145,24,-1.80879,-0.114021
146,24,-1.80351,-0.111456
147,24,-1.7983,-0.109133
148,24,-1.79253,-0.106599
149,24,-1.7872,-0.10429
150,24,-1.78182,-0.101549
151,24,-1.77606,-0.098735
152,24,-1.77063,-0.0955226
153,24,-1.76498,-0.0924691
154,24,-1.75998,-0.0891738
155,24,-1.75435,-0.0858989
156,24,-1.74867,-0.0824415
157,24,-1.74323,-0.0790338
158,24,-1.73821,-0.0751704
159,24,-1.73291,-0.0710814
160,24,-1.7274,-0.0675379
161,24,-1.72261,-0.0639618
162,24,-1.71738,-0.0601616
163,24,-1.71208,-0.0563323
164,24,-1.70672,-0.0526891
165,24,-1.70155,-0.048958
166,24,-1.69699,-0.0452805
167,24,-1.69195,-0.0420056
168,24,-1.68685,-0.0387655
169,24,-1.68226,-0.0355981
170,24,-1.67729,-0.033084
171,24,-1.67222,-0.0302955
172,24,-1.66747,-0.0279672
173,24,-1.66241,-0.0258881
174,24,-1.6569,-0.0237359
175,24,-1.65235,-0.0220036
176,24,-1.64721,-0.0208411
177,24,-1.64164,-0.0197319
178,24,-1.63655,-0.0190069
179,24,-1.63114,-0.0181102
180,24,-1.62594,-0.0174913
181,24,-1.62044,-0.0174784
182,24,-1.61526,-0.0175798
183,24,-1.61024,-0.0184072
184,24,-1.60513,-0.0193568
185,24,-1.59985,-0.0203474
186,24,-1.59456,-0.0217344
187,24,-1.58913,-0.023411
188,24,-1.58376,-0.0250119
189,24,-1.5787,-0.0267627
190,24,-1.57347,-0.0287774
191,24,-1.56821,-0.0311364
192,24,-1.56254,-0.0340151
193,24,-1.55691,-0.0368233
194,24,-1.55152,-0.0395273
195,24,-1.54602,-0.0424014
196,24,-1.54086,-0.0449787
197,24,-1.53565,-0.0472548
198,24,-1.5305,-0.0498526
199,24,-1.52563,-0.0523574
200,24,-1.52087,-0.0547257
201,24,-1.51581,-0.0574252
202,24,-1.51075,-0.0596644
203,24,-1.50603,-0.0617177
204,24,-1.50107,-0.0639987
205,24,-1.49663,-0.0657585
206,24,-1.49223,-0.0672583
207,24,-1.48746,-0.0687645
208,24,-1.48277,-0.0702464
209,24,-1.47786,-0.0716904
210,24,-1.47314,-0.0731877
211,24,-1.46853,-0.0747497
212,24,-1.4636,-0.0757749
213,24,-1.45891,-0.0765523
214,24,-1.45423,-0.0774649
215,24,-1.44961,-0.0781749
216,24,-1.4452,-0.0786152
217,24,-1.44034,-0.0789217
218,24,-1.43547,-0.0795136
219,24,-1.43045,-0.0799591
220,24,-1.42561,-0.0799828
221,24,-1.42071,-0.0799556
222,24,-1.41597,-0.0799359
223,24,-1.41153,-0.0803138
224,24,-1.40661,-0.0802103
225,24,-1.40154,-0.0800954
226,24,-1.39682,-0.0800163
227,24,-1.39174,-0.0796702
228,24,-1.38721,-0.0798635
229,24,-1.3825,-0.0797332
230,24,-1.37756,-0.0794172
231,24,-1.37249,-0.0790124
232,24,-1.36785,-0.0787931
233,24,-1.36326,-0.0786445
234,24,-1.35873,-0.078175
235,24,-1.35433,-0.077824
236,24,-1.34925,-0.0775082
237,24,-1.34474,-0.0768215
238,24,-1.34049,-0.0764709
239,24,-1.33583,-0.0756269
240,24,-1.33119,-0.07517
241,24,-1.32666,-0.0745684
242,24,-1.32234,-0.0742279
243,24,-1.31772,-0.0737265
244,24,-1.31345,-0.0733902
245,24,-1.30916,-0.0727582
246,24,-1.30476,-0.0721611
247,24,-1.30073,-0.0716032
248,24,-1.2966,-0.0709928
249,24,-1.29211,-0.0707393
250,24,-1.28815,-0.069948
251,24,-1.28362,-0.0693073
252,24,-1.27938,-0.0687977
253,24,-1.27505,-0.0681191
254,24,-1.2707,-0.0676402
255,24,-1.26636,-0.0670043
256,24,-1.26223,-0.0663239
257,24,-1.25826,-0.0657702
258,24,-1.25416,-0.0654388
259,24,-1.2497,-0.0649321
260,24,-1.24516,-0.0645226
261,24,-1.24112,-0.0636974
262,24,-1.23692,-0.0629017
263,24,-1.23245,-0.0625604
264,24,-1.22837,-0.0622002
265,24,-1.22385,-0.0617492
266,24,-1.21995,-0.0611744
267,24,-1.21597,-0.0605803
268,24,-1.21162,-0.0600951
269,24,-1.20763,-0.0596046
270,24,-1.20353,-0.0591813
271,24,-1.19974,-0.0587399
272,24,-1.19564,-0.0581888
273,24,-1.19163,-0.0577223
274,24,-1.18772,-0.0574961
275,24,-1.18366,-0.0573228
276,24,-1.17953,-0.0567895
277,24,-1.17547,-0.0563687
278,24,-1.17149,-0.0556747
279,24,-1.16754,-0.0551115
280,24,-1.16323,-0.0544588
281,24,-1.15937,-0.0539837
282,24,-1.15521,-0.0533668
283,24,-1.15151,-0.0526336
284,24,-1.14762,-0.051983
285,24,-1.14403,-0.0512592
286,24,-1.14045,-0.0508324
287,24,-1.13651,-0.0501583
288,24,-1.1325,-0.0493475
289,24,-1.12854,-0.0487517
290,24,-1.12448,-0.0485736
291,24,-1.12051,-0.0480533
292,24,-1.11622,-0.0475662
293,24,-1.11225,-0.0471879
294,24,-1.10809,-0.0465579
295,24,-1.10407,-0.0462263
296,24,-1.10036,-0.0455302
297,24,-1.09667,-0.0452657
298,24,-1.09268,-0.0446566
299,24,-1.08877,-0.0440698
300,24,-1.08489,-0.0438701
301,24,-1.08113,-0.0434407
302,24,-1.0773,-0.0431667
303,24,-1.07359,-0.0427779
304,24,-1.06992,-0.0425328
305,24,-1.06623,-0.0420249
306,24,-1.06237,-0.0416787
307,24,-1.05868,-0.0412074
308,24,-1.05502,-0.0406604
309,24,-1.05114,-0.0400996
310,24,-1.04754,-0.0395593
311,24,-1.04397,-0.0389496
312,24,-1.04036,-0.0386639
313,24,-1.03644,-0.0380516
314,24,-1.03278,-0.0375141
315,24,-1.02893,-0.0367336
316,24,-1.02518,-0.0363468
317,24,-1.02146,-0.0359593
318,24,-1.01769,-0.035357
319,24,-1.01417,-0.0349584
320,24,-1.01059,-0.0345285
321,24,-1.00711,-0.0337432
322,24,-1.00359,-0.0332802
323,24,-0.999987,-0.0328975
324,24,-0.996395,-0.0323591
325,24,-0.992719,-0.0313731
326,24,-0.98894,-0.0306807
327,24,-0.98494,-0.0293273
11,25,-2.41065,-0.157988
12,25,-2.40623,-0.15796
13,25,-2.40205,-0.158262
14,25,-2.39774,-0.15839
15,25,-2.3933,-0.158725
16,25,-2.38882,-0.158615
17,25,-2.38465,-0.158809
18,25,-2.38047,-0.158846
19,25,-2.37604,-0.15903
20,25,-2.37157,-0.159022
21,25,-2.36704,-0.158742
22,25,-2.36272,-0.158529
23,25,-2.35821,-0.158356
24,25,-2.35394,-0.158324
25,25,-2.3497,-0.158572
26,25,-2.3454,-0.158268
27,25,-2.34131,-0.158169
28,25,-2.33715,-0.157736
29,25,-2.33314,-0.158268
30,25,-2.32829,-0.158291
31,25,-2.32407,-0.158032
32,25,-2.31958,-0.157833
33,25,-2.31496,-0.157939
34,25,-2.31102,-0.157825
35,25,-2.30676,-0.157911
36,25,-2.30252,-0.157855
37,25,-2.29842,-0.157966
38,25,-2.29398,-0.158168
39,25,-2.28967,-0.158164
40,25,-2.28507,-0.158171
41,25,-2.2807,-0.158307
42,25,-2.27636,-0.158154
43,25,-2.27234,-0.158391
44,25,-2.26819,-0.158318
45,25,-2.26409,-0.158354
46,25,-2.25988,-0.15866
47,25,-2.25556,-0.158886
48,25,-2.25093,-0.158975
49,25,-2.24663,-0.158823
50,25,-2.24258,-0.158867
51,25,-2.23825,-0.158804
52,25,-2.23386,-0.15891
53,25,-2.22973,-0.158508
54,25,-2.22577,-0.15864
55,25,-2.22132,-0.158936
56,25,-2.21684,-0.158769
57,25,-2.21218,-0.158658
58,25,-2.20787,-0.158461
59,25,-2.20377,-0.158779
60,25,-2.19962,-0.158947
61,25,-2.19557,-0.158768
62,25,-2.19098,-0.158427
63,25,-2.18637,-0.158248
64,25,-2.18215,-0.158144
65,25,-2.17773,-0.158007
66,25,-2.17342,-0.15771
67,25,-2.16895,-0.157863
68,25,-2.16453,-0.157589
69,25,-2.16,-0.157221
70,25,-2.15578,-0.157384
71,25,-2.15143,-0.157231
72,25,-2.1469,-0.156969
73,25,-2.14244,-0.156715
74,25,-2.13817,-0.156562
75,25,-2.13411,-0.156393
76,25,-2.1298,-0.156205
77,25,-2.12539,-0.156004
78,25,-2.12107,-0.155676
79,25,-2.11646,-0.15561
80,25,-2.11217,-0.155315
81,25,-2.10786,-0.154681
82,25,-2.10348,-0.154258
83,25,-2.0989,-0.154021
84,25,-2.09444,-0.153564
85,25,-2.08996,-0.153302
86,25,-2.08497,-0.153458
87,25,-2.0805,-0.153306
88,25,-2.0757,-0.153125
89,25,-2.07092,-0.152758
90,25,-2.06624,-0.152347
91,25,-2.06145,-0.152374
92,25,-2.05702,-0.152356
93,25,-2.05222,-0.152007
94,25,-2.04768,-0.151704
95,25,-2.04305,-0.151434
96,25,-2.03801,-0.150901
97,25,-2.0334,-0.150716
98,25,-2.02852,-0.150029
99,25,-2.02394,-0.148939
100,25,-2.01941,-0.148653
101,25,-2.01481,-0.148669
102,25,-2.01046,-0.148665
103,25,-2.00586,-0.148655
104,25,-2.00076,-0.148499
105,25,-1.99606,-0.148063
106,25,-1.99151,-0.148022
107,25,-1.98686,-0.148036
108,25,-1.98267,-0.148008
109,25,-1.97848,-0.147815
110,25,-1.97399,-0.147415
111,25,-1.96974,-0.147289
112,25,-1.96541,-0.147047
113,25,-1.96101,-0.146513
114,25,-1.95678,-0.146136
115,25,-1.95246,-0.145423
116,25,-1.94785,-0.145008
117,25,-1.94348,-0.144665
118,25,-1.93921,-0.144157
119,25,-1.93487,-0.143736
120,25,-1.93019,-0.143049
121,25,-1.92585,-0.142382
122,25,-1.92142,-0.141792
123,25,-1.91677,-0.140963
124,25,-1.91254,-0.140361
125,25,-1.90814,-0.139634
126,25,-1.90371,-0.138959
127,25,-1.89923,-0.137811
128,25,-1.89461,-0.136846
129,25,-1.89011,-0.135882
130,25,-1.88542,-0.134933
131,25,-1.88083,-0.134115
132,25,-1.87579,-0.133039
133,25,-1.87074,-0.132082
134,25,-1.86599,-0.131069
135,25,-1.8614,-0.130082
136,25,-1.85617,-0.129192
137,25,-1.85094,-0.127752
138,25,-1.84552,-0.126329
139,25,-1.84059,-0.124841
140,25,-1.83567,-0.123704
141,25,-1.83077,-0.122064
142,25,-1.82606,-0.120455
143,25,-1.82105,-0.11883
144,25,-1.81588,-0.117036
145,25,-1.81083,-0.114866
146,25,-1.80569,-0.11274
147,25,-1.80038,-0.110276
148,25,-1.79516,-0.107589
149,25,-1.78971,-0.105228
150,25,-1.78422,-0.102495
151,25,-1.77869,-0.0995562
152,25,-1.77337,-0.0968699
153,25,-1.76756,-0.0934153
154,25,-1.76216,-0.090441
155,25,-1.75656,-0.0871081
156,25,-1.75039,-0.0835559
157,25,-1.7452,-0.0800114
158,25,-1.74005,-0.0762808
159,25,-1.73433,-0.0724582
160,25,-1.72915,-0.0685711
161,25,-1.72407,-0.0650559
162,25,-1.71863,-0.0607499
163,25,-1.71349,-0.0570165
164,25,-1.70801,-0.0536827
165,25,-1.70286,-0.0499109
166,25,-1.69817,-0.0463799
167,25,-1.69305,-0.0429331
168,25,-1.68831,-0.0394732
169,25,-1.68338,-0.0366128
170,25,-1.67826,-0.0337631
171,25,-1.67303,-0.0309185
172,25,-1.66827,-0.0286123
173,25,-1.66301,-0.0263581
174,25,-1.65792,-0.0242219
175,25,-1.65303,-0.0225512
176,25,-1.64761,-0.0212887
177,25,-1.64239,-0.0206967
178,25,-1.6372,-0.0198931
179,25,-1.63159,-0.0191983
180,25,-1.62601,-0.01844
181,25,-1.6205,-0.0182821
182,25,-1.61516,-0.0185773
183,25,-1.61001,-0.0191368
184,25,-1.60509,-0.0201608
185,25,-1.59958,-0.0212841
186,25,-1.59415,-0.022745
187,25,-1.58877,-0.024292
188,25,-1.58304,-0.0258829
189,25,-1.57777,-0.0276307
190,25,-1.57251,-0.0297165
191,25,-1.5674,-0.0321449
192,25,-1.56198,-0.0348917
193,25,-1.55634,-0.0378231
194,25,-1.55096,-0.0406922
195,25,-1.5455,-0.0434323
196,25,-1.5398,-0.0461161
197,25,-1.53446,-0.0486738
198,25,-1.52953,-0.0510778
199,25,-1.52428,-0.0535427
200,25,-1.51958,-0.0562444
201,25,-1.51463,-0.05879
202,25,-1.50948,-0.0611453
203,25,-1.50444,-0.0632209
204,25,-1.49977,-0.0649039
205,25,-1.49536,-0.0667246
206,25,-1.49039,-0.0685575
207,25,-1.48571,-0.0699235
208,25,-1.4811,-0.0714595
209,25,-1.47652,-0.0729586
210,25,-1.47197,-0.0742577
211,25,-1.46732,-0.0757468
212,25,-1.4624,-0.0768708
213,25,-1.45742,-0.078059
214,25,-1.45258,-0.0789544
215,25,-1.44797,-0.0795114
216,25,-1.44364,-0.0799256
217,25,-1.43902,-0.0803218
218,25,-1.43409,-0.0810011
219,25,-1.42928,-0.081096
220,25,-1.4243,-0.0811143
221,25,-1.41955,-0.0811498
222,25,-1.41494,-0.0811478
223,25,-1.41004,-0.0813719
224,25,-1.4054,-0.0813174
225,25,-1.40073,-0.0814268
226,25,-1.39565,-0.0814513
227,25,-1.39065,-0.081073
228,25,-1.38608,-0.0808756
229,25,-1.38129,-0.0807649
230,25,-1.37679,-0.0805292
231,25,-1.37175,-0.080349
232,25,-1.36682,-0.0801091
233,25,-1.36261,-0.0797382
234,25,-1.35786,-0.0792982
235,25,-1.35332,-0.0788224
236,25,-1.34871,-0.0783719
237,25,-1.3442,-0.0779616
238,25,-1.33991,-0.0774559
239,25,-1.33542,-0.0770217
240,25,-1.33074,-0.0761964
241,25,-1.32643,-0.0757112
242,25,-1.32188,-0.0752386
243,25,-1.31749,-0.0750666
244,25,-1.31311,-0.0746031
245,25,-1.30859,-0.0739137
246,25,-1.30432,-0.0730008
247,25,-1.30065,-0.0724939
248,25,-1.29652,-0.0719092
249,25,-1.29197,-0.0715238
250,25,-1.28762,-0.0708046
251,25,-1.28325,-0.0702211
252,25,-1.27907,-0.0694669
253,25,-1.27477,-0.0690019
254,25,-1.27044,-0.0681642
255,25,-1.26637,-0.0676048
256,25,-1.26236,-0.0671895
257,25,-1.25786,-0.0666141
258,25,-1.2539,-0.0663507
259,25,-1.24965,-0.0661606
260,25,-1.24524,-0.0652404
261,25,-1.24097,-0.0646265
262,25,-1.23681,-0.063804
263,25,-1.23246,-0.0633114
264,25,-1.22823,-0.0628828
265,25,-1.22393,-0.0623628
266,25,-1.21965,-0.0617101
267,25,-1.21563,-0.0615259
268,25,-1.21171,-0.0610527
269,25,-1.20752,-0.060526
270,25,-1.2037,-0.0599793
271,25,-1.19972,-0.0594199
272,25,-1.19569,-0.0588993
273,25,-1.19172,-0.0581866
274,25,-1.18771,-0.0579507
275,25,-1.18384,-0.0575943
276,25,-1.17956,-0.0569607
277,25,-1.17568,-0.0566758
278,25,-1.17139,-0.0562526
279,25,-1.16714,-0.0557059
280,25,-1.16312,-0.0549778
281,25,-1.15942,-0.0545584
282,25,-1.1555,-0.0536419
283,25,-1.15173,-0.053073
284,25,-1.14792,-0.0522396
285,25,-1.144,-0.0516405
286,25,-1.14056,-0.0513017
287,25,-1.13645,-0.0507733
288,25,-1.13277,-0.0500041
289,25,-1.12868,-0.0494178
290,25,-1.12465,-0.0489336
291,25,-1.12079,-0.0486019
292,25,-1.11649,-0.0482616
293,25,-1.11255,-0.0477454
294,25,-1.10852,-0.0472915
295,25,-1.10463,-0.046744
296,25,-1.10094,-0.0460552
297,25,-1.097,-0.0457699
298,25,-1.09313,-0.0451221
299,25,-1.08879,-0.0445964
300,25,-1.08485,-0.0441815
301,25,-1.08121,-0.0439092
302,25,-1.07772,-0.0435276
303,25,-1.07409,-0.0432543
304,25,-1.07023,-0.0430524
305,25,-1.06671,-0.0425442
306,25,-1.06267,-0.0421853
307,25,-1.05903,-0.04184
308,25,-1.05538,-0.041213
309,25,-1.05163,-0.040654
310,25,-1.0478,-0.0400529
311,25,-1.04414,-0.0397005
312,25,-1.04056,-0.0392951
313,25,-1.03693,-0.0385043
314,25,-1.03305,-0.0380413
315,25,-1.02936,-0.0375191
316,25,-1.02555,-0.0369289
317,25,-1.02189,-0.0363062
318,25,-1.01817,-0.035996
319,25,-1.01446,-0.0354712
320,25,-1.0109,-0.0348577
321,25,-1.00746,-0.0345828
322,25,-1.00385,-0.033824
323,25,-1.00016,-0.0334555
324,25,-0.996477,-0.0330469
325,25,-0.992952,-0.0322902
326,25,-0.989214,-0.0315099
327,25,-0.985138,-0.0302728
11,26,-2.41169,-0.159149
12,26,-2.40659,-0.158743
13,26,-2.40243,-0.159026
14,26,-2.39784,-0.159169
15,26,-2.39354,-0.159439
16,26,-2.38943,-0.159404
17,26,-2.38508,-0.159467
18,26,-2.38074,-0.159517
19,26,-2.37677,-0.159555
20,26,-2.37209,-0.15989
21,26,-2.3676,-0.159551
22,26,-2.36312,-0.159421
23,26,-2.35882,-0.159118
24,26,-2.35433,-0.159151
25,26,-2.35003,-0.159316
26,26,-2.34602,-0.158989
27,26,-2.34195,-0.158708
28,26,-2.33804,-0.158552
29,26,-2.33376,-0.158916
30,26,-2.32948,-0.158968
31,26,-2.32489,-0.158971
32,26,-2.32051,-0.158763
33,26,-2.31595,-0.158733
34,26,-2.3117,-0.158783
35,26,-2.3075,-0.158915
36,26,-2.30336,-0.159123
37,26,-2.29927,-0.158789
38,26,-2.29475,-0.158933
39,26,-2.29038,-0.158966
40,26,-2.28592,-0.159022
41,26,-2.28147,-0.159262
42,26,-2.27718,-0.159034
43,26,-2.27325,-0.15925
44,26,-2.26901,-0.159493
45,26,-2.26461,-0.159742
46,26,-2.26044,-0.160073
47,26,-2.2559,-0.160211
48,26,-2.25145,-0.160025
49,26,-2.24734,-0.160062
50,26,-2.24321,-0.160113
51,26,-2.23873,-0.15991
52,26,-2.23445,-0.160189
53,26,-2.23015,-0.160028
54,26,-2.22615,-0.160196
55,26,-2.22208,-0.16019
56,26,-2.21759,-0.159948
57,26,-2.21307,-0.159734
58,26,-2.20882,-0.159805
59,26,-2.20459,-0.160094
60,26,-2.20041,-0.159772
61,26,-2.19618,-0.159509
62,26,-2.19171,-0.15911
63,26,-2.18723,-0.159074
64,26,-2.18297,-0.159159
65,26,-2.17865,-0.158975
66,26,-2.17405,-0.158682
67,26,-2.16963,-0.158645
68,26,-2.16525,-0.158754
69,26,-2.16105,-0.158514
70,26,-2.15673,-0.158296
71,26,-2.15211,-0.158072
72,26,-2.14782,-0.157843
73,26,-2.14349,-0.157728
74,26,-2.13911,-0.157381
75,26,-2.13511,-0.157276
76,26,-2.13052,-0.157226
77,26,-2.12616,-0.157059
78,26,-2.12183,-0.156882
79,26,-2.11749,-0.156627
80,26,-2.11322,-0.156439
81,26,-2.10864,-0.155866
82,26,-2.10446,-0.155289
83,26,-2.09989,-0.154955
84,26,-2.09537,-0.15475
85,26,-2.09085,-0.154487
86,26,-2.08593,-0.15419
87,26,-2.08142,-0.154185
88,26,-2.07681,-0.153909
89,26,-2.07199,-0.153553
90,26,-2.06736,-0.153526
91,26,-2.06269,-0.153331
92,26,-2.05794,-0.153067
93,26,-2.05322,-0.153003
94,26,-2.04869,-0.15262
95,26,-2.04401,-0.152109
96,26,-2.03927,-0.151786
97,26,-2.03461,-0.151501
98,26,-2.02997,-0.150937
99,26,-2.02543,-0.150357
100,26,-2.02075,-0.149884
101,26,-2.01621,-0.149389
102,26,-2.01173,-0.149425
103,26,-2.00726,-0.149502
104,26,-2.00235,-0.14967
105,26,-1.99742,-0.14927
106,26,-1.99317,-0.14876
107,26,-1.98883,-0.148883
108,26,-1.98463,-0.149015
109,26,-1.98034,-0.14871
110,26,-1.97584,-0.14834
111,26,-1.97171,-0.148037
112,26,-1.96728,-0.147765
113,26,-1.96291,-0.147282
114,26,-1.95873,-0.146791
115,26,-1.95451,-0.146348
116,26,-1.95009,-0.145807
117,26,-1.94568,-0.14549
118,26,-1.94125,-0.145191
119,26,-1.93673,-0.144632
120,26,-1.9322,-0.143828
121,26,-1.9279,-0.143562
122,26,-1.92332,-0.142854
123,26,-1.91893,-0.142072
124,26,-1.91462,-0.141216
125,26,-1.91001,-0.140677
126,26,-1.90545,-0.139959
127,26,-1.90105,-0.138914
128,26,-1.89657,-0.13807
129,26,-1.89213,-0.137111
130,26,-1.88723,-0.136305
131,26,-1.88246,-0.135245
132,26,-1.87766,-0.134199
133,26,-1.87281,-0.133228
134,26,-1.86796,-0.132113
135,26,-1.86294,-0.131322
136,26,-1.85811,-0.130317
137,26,-1.85311,-0.128904
138,26,-1.84786,-0.127157
139,26,-1.84261,-0.125976
140,26,-1.83811,-0.124547
141,26,-1.83307,-0.123029
142,26,-1.8282,-0.121726
143,26,-1.82305,-0.119769
144,26,-1.81807,-0.117923
145,26,-1.81293,-0.115853
146,26,-1.80813,-0.113513
147,26,-1.80289,-0.111267
148,26,-1.79749,-0.108848
149,26,-1.79222,-0.106336
150,26,-1.78662,-0.103712
151,26,-1.78097,-0.100704
152,26,-1.77562,-0.0978955
153,26,-1.76994,-0.0948793
154,26,-1.7644,-0.0917223
155,26,-1.75877,-0.0884566
156,26,-1.75325,-0.0851112
157,26,-1.74746,-0.0813933
158,26,-1.74194,-0.0774267
159,26,-1.73637,-0.0737384
160,26,-1.73105,-0.0696572
161,26,-1.72588,-0.0656472
162,26,-1.72002,-0.0619362
163,26,-1.71467,-0.0582647
164,26,-1.70998,-0.0543704
165,26,-1.70474,-0.0506813
166,26,-1.69933,-0.0470295
167,26,-1.69459,-0.0435767
168,26,-1.68975,-0.0401785
169,26,-1.68448,-0.037404
170,26,-1.67925,-0.0342828
171,26,-1.67403,-0.0315905
172,26,-1.66926,-0.0289909
173,26,-1.66415,-0.0266607
174,26,-1.65866,-0.0245848
175,26,-1.65382,-0.0230324
176,26,-1.64835,-0.0219092
177,26,-1.6429,-0.0208084
178,26,-1.63765,-0.0202623
179,26,-1.63208,-0.0195856
180,26,-1.62633,-0.0189002
181,26,-1.62054,-0.0189882
182,26,-1.61533,-0.0193517
183,26,-1.61011,-0.0198771
184,26,-1.6048,-0.0209038
185,26,-1.59942,-0.0219289
186,26,-1.59422,-0.0231703
187,26,-1.58845,-0.0249483
188,26,-1.58277,-0.0268078
189,26,-1.57735,-0.0287654
190,26,-1.57187,-0.0308002
191,26,-1.56665,-0.0333744
192,26,-1.56147,-0.0358323
193,26,-1.5557,-0.0386941
194,26,-1.55009,-0.0420043
195,26,-1.54453,-0.0444436
196,26,-1.53927,-0.0469398
197,26,-1.53388,-0.0498127
198,26,-1.52818,-0.0523685
199,26,-1.52311,-0.0547497
200,26,-1.51832,-0.0573042
201,26,-1.51334,-0.0601054
202,26,-1.50854,-0.0623689
203,26,-1.50363,-0.0643065
204,26,-1.49856,-0.0661597
205,26,-1.4937,-0.0680006
206,26,-1.48864,-0.0698699
207,26,-1.48411,-0.0713429
208,26,-1.47945,-0.0730016
209,26,-1.47477,-0.0744944
210,26,-1.47023,-0.075642
211,26,-1.46549,-0.0767777
212,26,-1.4607,-0.0778935
213,26,-1.4557,-0.0790765
214,26,-1.45132,-0.0799597
215,26,-1.44664,-0.0808432
216,26,-1.44191,-0.0814375
217,26,-1.43729,-0.0817053
218,26,-1.43244,-0.0821119
219,26,-1.42786,-0.0822646
220,26,-1.42309,-0.0822111
221,26,-1.41838,-0.0822229
222,26,-1.41377,-0.0822862
223,26,-1.409,-0.0822214
224,26,-1.40438,-0.082334
225,26,-1.39967,-0.0824027
226,26,-1.39474,-0.082513
227,26,-1.38977,-0.0820264
228,26,-1.38487,-0.0822486
229,26,-1.38051,-0.0822982
230,26,-1.37587,-0.0818058
231,26,-1.37084,-0.0815681
232,26,-1.36637,-0.0810141
233,26,-1.36148,-0.0808631
234,26,-1.35691,-0.0805729
235,26,-1.35215,-0.0799044
236,26,-1.34794,-0.0793143
237,26,-1.34354,-0.0789676
238,26,-1.3389,-0.0784792
239,26,-1.33456,-0.0780773
240,26,-1.33026,-0.0773807
241,26,-1.32573,-0.0767222
242,26,-1.32132,-0.0762652
243,26,-1.31699,-0.075817
244,26,-1.31272,-0.0754482
245,26,-1.30841,-0.0748893
246,26,-1.30425,-0.0741329
247,26,-1.30035,-0.0734417
248,26,-1.29602,-0.0727909
249,26,-1.2915,-0.0721315
250,26,-1.28748,-0.0712169
251,26,-1.28305,-0.070807
252,26,-1.27858,-0.0701867
253,26,-1.27427,-0.069729
254,26,-1.26983,-0.0688806
255,26,-1.26569,-0.0685962
256,26,-1.26176,-0.0681413
257,26,-1.25786,-0.0673501
258,26,-1.25362,-0.0670714
259,26,-1.24913,-0.0669496
260,26,-1.24467,-0.0664769
261,26,-1.24048,-0.0655673
262,26,-1.23644,-0.0648395
263,26,-1.23228,-0.064282
264,26,-1.22787,-0.0638047
265,26,-1.22408,-0.0632746
266,26,-1.21962,-0.0628297
267,26,-1.21539,-0.0624912
268,26,-1.21138,-0.0618473
269,26,-1.20759,-0.0612211
270,26,-1.20373,-0.0605581
271,26,-1.19973,-0.0598724
272,26,-1.19554,-0.0594279
273,26,-1.1914,-0.0587043
274,26,-1.18757,-0.058327
275,26,-1.18396,-0.0578602
276,26,-1.17973,-0.0577649
277,26,-1.17555,-0.0573911
278,26,-1.1714,-0.0567331
279,26,-1.1672,-0.056143
280,26,-1.16333,-0.0555587
281,26,-1.15968,-0.0552072
282,26,-1.15604,-0.0545167
283,26,-1.15178,-0.0536254
284,26,-1.14777,-0.0526803
285,26,-1.14413,-0.0521246
286,26,-1.14054,-0.0516768
287,26,-1.13662,-0.0512493
288,26,-1.13268,-0.0508966
289,26,-1.12877,-0.050183
290,26,-1.12497,-0.0495162
291,26,-1.1212,-0.0491541
292,26,-1.11713,-0.048773
293,26,-1.11287,-0.048323
294,26,-1.10879,-0.0478435
295,26,-1.10498,-0.047229
296,26,-1.10104,-0.0467366
297,26,-1.09724,-0.0463339
298,26,-1.09356,-0.0458059
299,26,-1.08933,-0.0452747
300,26,-1.08551,-0.0446317
301,26,-1.08168,-0.0442957
302,26,-1.07808,-0.0439934
303,26,-1.07435,-0.0436673
304,26,-1.07038,-0.043289
305,26,-1.06682,-0.042805
306,26,-1.06317,-0.0424053
307,26,-1.05953,-0.0420742
308,26,-1.05585,-0.0416872
309,26,-1.05196,-0.0409996
310,26,-1.04802,-0.0406616
311,26,-1.04453,-0.0401201
312,26,-1.041,-0.0397732
313,26,-1.03711,-0.0390634
314,26,-1.03344,-0.0387522
315,26,-1.02984,-0.0380613
316,26,-1.02588,-0.0375276
317,26,-1.02218,-0.0371202
318,26,-1.01833,-0.0366228
319,26,-1.01459,-0.0359204
320,26,-1.01108,-0.035577
321,26,-1.00738,-0.0351637
322,26,-1.0038,-0.0346435
323,26,-1.00019,-0.0340084
324,26,-0.996361,-0.0335707
325,26,-0.992827,-0.0329721
326,26,-0.989288,-0.0321821
327,26,-0.985319,-0.0313665
11,27,-2.41085,-0.160015
12,27,-2.40648,-0.159998
13,27,-2.40237,-0.159935
14,27,-2.39798,-0.160051
15,27,-2.39384,-0.160137
16,27,-2.38965,-0.160225
17,27,-2.38549,-0.160071
18,27,-2.38129,-0.160231
19,27,-2.37719,-0.160289
20,27,-2.37264,-0.160388
21,27,-2.3683,-0.160258
22,27,-2.36369,-0.160036
23,27,-2.359,-0.159744
24,27,-2.35475,-0.159886
25,27,-2.35059,-0.16011
26,27,-2.34666,-0.159881
27,27,-2.34269,-0.159681
28,27,-2.33864,-0.159532
29,27,-2.33434,-0.159784
30,27,-2.32999,-0.159771
31,27,-2.32571,-0.159632
32,27,-2.32128,-0.159545
33,27,-2.31679,-0.159506
34,27,-2.31241,-0.159707
35,27,-2.30831,-0.159567
36,27,-2.30401,-0.159891
37,27,-2.29969,-0.159942
38,27,-2.2956,-0.159528
39,27,-2.29131,-0.159778
40,27,-2.28689,-0.160185
41,27,-2.28243,-0.160093
42,27,-2.27805,-0.160097
43,27,-2.27401,-0.160151
44,27,-2.26996,-0.160421
45,27,-2.26552,-0.16071
46,27,-2.26121,-0.161178
47,27,-2.25651,-0.161491
48,27,-2.25212,-0.161217
49,27,-2.24798,-0.161297
50,27,-2.24379,-0.161189
51,27,-2.23955,-0.161369
52,27,-2.23503,-0.161394
53,27,-2.23089,-0.161387
54,27,-2.227,-0.161636
55,27,-2.22284,-0.161354
56,27,-2.21808,-0.16103
57,27,-2.21346,-0.16109
58,27,-2.20935,-0.161045
59,27,-2.20515,-0.161099
60,27,-2.20108,-0.160865
61,27,-2.19706,-0.160799
62,27,-2.19247,-0.160553
63,27,-2.18788,-0.160449
64,27,-2.18369,-0.160449
65,27,-2.17937,-0.16019
66,27,-2.17479,-0.159799
67,27,-2.17051,-0.159526
68,27,-2.16605,-0.159594
69,27,-2.16154,-0.159738
70,27,-2.15726,-0.159288
71,27,-2.1529,-0.159131
72,27,-2.14863,-0.159182
73,27,-2.14447,-0.159012
74,27,-2.14021,-0.15865
75,27,-2.13591,-0.158629
76,27,-2.13137,-0.158529
77,27,-2.12698,-0.157895
78,27,-2.12255,-0.157668
79,27,-2.11822,-0.157633
80,27,-2.1139,-0.157386
81,27,-2.10965,-0.156991
82,27,-2.10546,-0.156537
83,27,-2.10084,-0.156172
84,27,-2.09632,-0.155927
85,27,-2.09155,-0.15582
86,27,-2.08676,-0.155454
87,27,-2.0823,-0.15495
88,27,-2.07783,-0.154765
89,27,-2.07304,-0.154702
90,27,-2.06844,-0.154571
91,27,-2.06386,-0.154108
92,27,-2.05905,-0.153919
93,27,-2.05446,-0.153844
94,27,-2.04968,-0.153486
95,27,-2.04522,-0.153229
96,27,-2.04066,-0.152673
97,27,-2.03591,-0.152151
98,27,-2.03147,-0.151782
99,27,-2.02693,-0.151514
100,27,-2.02235,-0.151062
101,27,-2.01777,-0.150454
102,27,-2.01305,-0.150341
103,27,-2.00856,-0.150371
104,27,-2.00393,-0.150442
105,27,-1.99923,-0.150184
106,27,-1.99484,-0.14968
107,27,-1.99075,-0.149554
108,27,-1.98644,-0.149686
109,27,-1.98198,-0.149156
110,27,-1.97769,-0.148977
111,27,-1.97343,-0.149145
112,27,-1.96936,-0.148653
113,27,-1.96488,-0.148167
114,27,-1.96053,-0.147622
115,27,-1.95641,-0.147199
116,27,-1.95229,-0.146581
117,27,-1.94792,-0.146566
118,27,-1.94351,-0.145992
119,27,-1.93892,-0.145404
120,27,-1.93437,-0.144826
121,27,-1.92983,-0.144098
122,27,-1.92533,-0.143854
123,27,-1.92081,-0.143477
124,27,-1.91648,-0.142566
125,27,-1.91176,-0.141832
126,27,-1.90706,-0.141138
127,27,-1.90292,-0.140224
128,27,-1.89834,-0.139265
129,27,-1.89398,-0.137986
130,27,-1.88904,-0.137131
131,27,-1.88419,-0.13618
132,27,-1.87962,-0.135436
133,27,-1.87484,-0.134267
134,27,-1.87006,-0.133259
135,27,-1.86532,-0.132361
136,27,-1.86029,-0.131318
137,27,-1.85526,-0.130092
138,27,-1.85051,-0.128806
139,27,-1.84487,-0.126999
140,27,-1.84011,-0.125651
141,27,-1.83526,-0.124188
142,27,-1.83072,-0.122648
143,27,-1.82538,-0.120639
144,27,-1.82053,-0.118764
145,27,-1.81564,-0.116744
146,27,-1.81028,-0.114559
147,27,-1.80565,-0.112123
148,27,-1.8002,-0.109909
149,27,-1.79472,-0.107399
150,27,-1.78914,-0.104699
151,27,-1.78329,-0.101891
152,27,-1.77801,-0.0988196
153,27,-1.77231,-0.0958415
154,27,-1.76651,-0.0926214
155,27,-1.76127,-0.0892961
156,27,-1.75542,-0.085708
157,27,-1.74976,-0.0820673
158,27,-1.74402,-0.0786856
159,27,-1.73845,-0.0749321
160,27,-1.73271,-0.0707874
161,27,-1.72792,-0.0666448
162,27,-1.72218,-0.0627262
163,27,-1.71647,-0.0591778
164,27,-1.7115,-0.0552911
165,27,-1.70641,-0.0513461
166,27,-1.70079,-0.047969
167,27,-1.69596,-0.044329
168,27,-1.6909,-0.0410391
169,27,-1.68554,-0.038093
170,27,-1.68056,-0.0352452
171,27,-1.67522,-0.032273
172,27,-1.66984,-0.0296336
173,27,-1.66467,-0.0274183
174,27,-1.6595,-0.0253564
175,27,-1.65436,-0.0236064
176,27,-1.64888,-0.022573
177,27,-1.64345,-0.0214081
178,27,-1.63787,-0.0206779
179,27,-1.6323,-0.0202663
180,27,-1.62668,-0.0196444
181,27,-1.62104,-0.0194282
182,27,-1.61559,-0.0198309
183,27,-1.61044,-0.0205041
184,27,-1.60495,-0.0214575
185,27,-1.59945,-0.022702
186,27,-1.59415,-0.0238815
187,27,-1.58833,-0.0255903
188,27,-1.58258,-0.0275992
189,27,-1.57706,-0.029475
190,27,-1.57152,-0.0316835
191,27,-1.56604,-0.0341291
192,27,-1.56065,-0.0368718
193,27,-1.55492,-0.0397108
194,27,-1.54916,-0.0429879
195,27,-1.54353,-0.0458262
196,27,-1.53813,-0.0481776
197,27,-1.53298,-0.0509055
198,27,-1.52716,-0.0536263
199,27,-1.52185,-0.0560978
200,27,-1.51715,-0.0586587
201,27,-1.51224,-0.0613683
202,27,-1.50722,-0.0634661
203,27,-1.50242,-0.0655829
204,27,-1.49735,-0.0677276
205,27,-1.49225,-0.0694644
206,27,-1.48766,-0.0711808
207,27,-1.48257,-0.0728563
208,27,-1.47797,-0.0743672
209,27,-1.4734,-0.0755178
210,27,-1.46845,-0.0767085
211,27,-1.46391,-0.0780399
212,27,-1.45933,-0.079251
213,27,-1.45436,-0.0802828
214,27,-1.44965,-0.080995
215,27,-1.44523,-0.0816952
216,27,-1.44043,-0.0823039
217,27,-1.43583,-0.0826235
218,27,-1.43104,-0.0830893
219,27,-1.42634,-0.0832964
220,27,-1.42141,-0.0833253
221,27,-1.41666,-0.0834773
222,27,-1.41217,-0.0835957
223,27,-1.40751,-0.0836807
224,27,-1.40287,-0.083472
225,27,-1.39814,-0.0835234
226,27,-1.39315,-0.0837227
227,27,-1.38836,-0.0835509
228,27,-1.38366,-0.0836067
229,27,-1.37922,-0.0835242
230,27,-1.37462,-0.0832645
231,27,-1.36975,-0.0828841
232,27,-1.36498,-0.0822998
233,27,-1.36039,-0.0819223
234,27,-1.35571,-0.0815818
235,27,-1.35132,-0.0810345
236,27,-1.34699,-0.0803785
237,27,-1.34258,-0.0797911
238,27,-1.33795,-0.0793979
239,27,-1.33397,-0.0788682
240,27,-1.32948,-0.0781122
241,27,-1.32506,-0.0775216
242,27,-1.32089,-0.0773695
243,27,-1.31612,-0.076775
244,27,-1.31213,-0.0764488
245,27,-1.30793,-0.0756123
246,27,-1.30369,-0.0748231
247,27,-1.29975,-0.0740435
248,27,-1.29558,-0.0734755
249,27,-1.29113,-0.0728211
250,27,-1.28661,-0.0721339
251,27,-1.2822,-0.071679
252,27,-1.27803,-0.0711119
253,27,-1.27383,-0.0706161
254,27,-1.2697,-0.0699951
255,27,-1.26549,-0.0693999
256,27,-1.26147,-0.0688118
257,27,-1.25756,-0.0684207
258,27,-1.25307,-0.0679472
259,27,-1.24863,-0.0677251
260,27,-1.24427,-0.0671665
261,27,-1.2404,-0.0667522
262,27,-1.23618,-0.0661265
263,27,-1.23191,-0.0654514
264,27,-1.22786,-0.0646428
265,27,-1.22372,-0.0640734
266,27,-1.21973,-0.0635018
267,27,-1.21558,-0.0631962
268,27,-1.21162,-0.0622058
269,27,-1.20757,-0.0619018
270,27,-1.20375,-0.061256
271,27,-1.19964,-0.0610468
272,27,-1.19561,-0.060271
273,27,-1.19145,-0.0595506
274,27,-1.18756,-0.0590757
275,27,-1.18382,-0.0586786
276,27,-1.17972,-0.058162
277,27,-1.17572,-0.0577173
278,27,-1.17126,-0.0572344
279,27,-1.16731,-0.0568298
280,27,-1.16368,-0.0562526
281,27,-1.15972,-0.0557272
282,27,-1.15602,-0.0549999
283,27,-1.15205,-0.0542684
284,27,-1.148,-0.0536103
285,27,-1.14416,-0.0529127
286,27,-1.1404,-0.052324
287,27,-1.13645,-0.051699
288,27,-1.13269,-0.0512757
289,27,-1.12882,-0.0506943
290,27,-1.12522,-0.0500633
291,27,-1.12125,-0.0498276
292,27,-1.11739,-0.0495486
293,27,-1.11344,-0.0489577
294,27,-1.10903,-0.04851
295,27,-1.10509,-0.0476654
296,27,-1.1015,-0.0474571
297,27,-1.09781,-0.0468439
298,27,-1.09377,-0.0465216
299,27,-1.08976,-0.0456909
300,27,-1.08584,-0.0452444
301,27,-1.08203,-0.0448575
302,27,-1.07849,-0.0445428
303,27,-1.07471,-0.0440012
304,27,-1.07072,-0.0437858
305,27,-1.06703,-0.0433368
306,27,-1.06346,-0.0428353
307,27,-1.05998,-0.0425167
308,27,-1.05602,-0.0420469
309,27,-1.05209,-0.0414057
310,27,-1.04835,-0.0410722
311,27,-1.04465,-0.0405465
312,27,-1.04116,-0.040031
313,27,-1.03728,-0.0396595
314,27,-1.03357,-0.0391192
315,27,-1.02969,-0.0385877
316,27,-1.02577,-0.0380842
317,27,-1.02225,-0.0374841
318,27,-1.01833,-0.0369478
319,27,-1.01464,-0.0365378
320,27,-1.01124,-0.0363495
321,27,-1.00791,-0.0362097
322,27,-1.00403,-0.0358535
323,27,-1.00024,-0.0353006
324,27,-0.996754,-0.0345403
325,27,-0.993204,-0.0336271
326,27,-0.989544,-0.0324936
327,27,-0.985651,-0.0314935
11,28,-2.41092,-0.161568
12,28,-2.40683,-0.160984
13,28,-2.40278,-0.160801
14,28,-2.39871,-0.161007
15,28,-2.39457,-0.16112
16,28,-2.39016,-0.160946
17,28,-2.38607,-0.160688
18,28,-2.38186,-0.160655
19,28,-2.37745,-0.160632
20,28,-2.37308,-0.160865
21,28,-2.36913,-0.16074
22,28,-2.36474,-0.160795
23,28,-2.35996,-0.160751
24,28,-2.35555,-0.160608
25,28,-2.35122,-0.160642
26,28,-2.34722,-0.160554
27,28,-2.34319,-0.160534
28,28,-2.33901,-0.160107
29,28,-2.33497,-0.160322
30,28,-2.33058,-0.160363
31,28,-2.32613,-0.160229
32,28,-2.32195,-0.160393
33,28,-2.31754,-0.160501
34,28,-2.31318,-0.160567
35,28,-2.30894,-0.160509
36,28,-2.30475,-0.160468
37,28,-2.30029,-0.160546
38,28,-2.29632,-0.160435
39,28,-2.29203,-0.160488
40,28,-2.28766,-0.161107
41,28,-2.28341,-0.161519
42,28,-2.27899,-0.161263
43,28,-2.27479,-0.161365
44,28,-2.27075,-0.161606
45,28,-2.26671,-0.161749
46,28,-2.26191,-0.162284
47,28,-2.25736,-0.162257
48,28,-2.25315,-0.162244
49,28,-2.24869,-0.16247
50,28,-2.24433,-0.162399
51,28,-2.24,-0.162443
52,28,-2.23572,-0.162525
53,28,-2.23172,-0.162533
54,28,-2.22736,-0.162477
55,28,-2.2229,-0.162309
56,28,-2.21857,-0.161956
57,28,-2.2141,-0.161977
58,28,-2.21005,-0.162016
59,28,-2.20588,-0.161897
60,28,-2.20149,-0.161975
61,28,-2.19742,-0.162081
62,28,-2.19329,-0.161795
63,28,-2.1889,-0.161442
64,28,-2.18447,-0.16147
65,28,-2.17978,-0.161585
66,28,-2.17548,-0.161196
67,28,-2.17121,-0.160503
68,28,-2.16661,-0.160359
69,28,-2.16242,-0.16046
70,28,-2.15819,-0.160267
71,28,-2.15375,-0.160382
72,28,-2.1495,-0.160314
73,28,-2.14537,-0.160134
74,28,-2.14117,-0.159957
75,28,-2.13659,-0.159993
76,28,-2.13215,-0.159654
77,28,-2.12775,-0.159158
78,28,-2.12339,-0.159086
79,28,-2.11926,-0.158722
80,28,-2.11485,-0.1584
81,28,-2.11066,-0.158192
82,28,-2.10607,-0.157719
83,28,-2.10157,-0.157602
84,28,-2.09717,-0.157373
85,28,-2.0925,-0.157106
86,28,-2.08796,-0.156993
87,28,-2.08329,-0.156513
88,28,-2.07857,-0.155968
89,28,-2.07386,-0.155657
90,28,-2.06935,-0.155615
91,28,-2.06484,-0.155218
92,28,-2.06033,-0.154786
93,28,-2.05576,-0.154471
94,28,-2.05127,-0.154335
95,28,-2.04689,-0.154112
96,28,-2.04229,-0.15349
97,28,-2.03747,-0.153185
98,28,-2.03303,-0.152775
99,28,-2.02869,-0.152395
100,28,-2.02402,-0.152253
101,28,-2.01929,-0.151728
102,28,-2.01477,-0.151385
103,28,-2.0102,-0.151359
104,28,-2.00555,-0.151347
105,28,-2.00115,-0.151014
106,28,-1.99664,-0.150892
107,28,-1.99235,-0.150629
108,28,-1.98804,-0.150457
109,28,-1.98362,-0.150222
110,28,-1.97953,-0.149794
111,28,-1.97538,-0.149708
112,28,-1.97104,-0.149482
113,28,-1.96679,-0.148963
114,28,-1.96262,-0.148699
115,28,-1.95854,-0.148169
116,28,-1.95427,-0.147785
117,28,-1.94995,-0.147341
118,28,-1.94526,-0.146521
119,28,-1.94077,-0.145849
120,28,-1.9365,-0.145636
121,28,-1.93172,-0.145169
122,28,-1.92755,-0.145067
123,28,-1.92303,-0.14457
124,28,-1.91854,-0.143863
125,28,-1.91379,-0.143087
126,28,-1.90949,-0.142485
127,28,-1.90518,-0.141324
128,28,-1.90054,-0.140481
129,28,-1.89576,-0.139302
130,28,-1.89132,-0.138325
131,28,-1.88648,-0.137387
132,28,-1.88177,-0.136599
133,28,-1.87722,-0.135305
134,28,-1.87233,-0.134322
135,28,-1.86744,-0.133217
136,28,-1.86248,-0.132325
137,28,-1.85739,-0.13128
138,28,-1.85246,-0.129864
139,28,-1.84764,-0.128397
140,28,-1.84253,-0.127254
141,28,-1.83786,-0.125348
142,28,-1.83291,-0.123658
143,28,-1.82805,-0.121737
144,28,-1.82303,-0.119893
145,28,-1.81804,-0.117919
146,28,-1.81274,-0.115836
147,28,-1.80757,-0.113437
148,28,-1.80241,-0.110907
149,28,-1.797,-0.108416
150,28,-1.79143,-0.105901
151,28,-1.78578,-0.102835
152,28,-1.78036,-0.0998419
153,28,-1.77475,-0.0969153
154,28,-1.76895,-0.0936434
155,28,-1.76346,-0.0905944
156,28,-1.75777,-0.0871871
157,28,-1.75208,-0.0835682
158,28,-1.74623,-0.0798544
159,28,-1.7406,-0.076046
160,28,-1.73496,-0.0719989
161,28,-1.72991,-0.0679023
162,28,-1.72443,-0.0637301
163,28,-1.71883,-0.0598996
164,28,-1.71338,-0.0561512
165,28,-1.70806,-0.0521276
166,28,-1.70264,-0.0483674
167,28,-1.69759,-0.0447568
168,28,-1.69224,-0.0416805
169,28,-1.68679,-0.0388668
170,28,-1.6816,-0.0358168
171,28,-1.67632,-0.0327042
172,28,-1.67106,-0.0304233
173,28,-1.66578,-0.028255
174,28,-1.66018,-0.0261201
175,28,-1.65514,-0.0247192
176,28,-1.64938,-0.0231711
177,28,-1.64399,-0.0221824
178,28,-1.63841,-0.0215983
179,28,-1.63252,-0.0208483
180,28,-1.62689,-0.0202725
181,28,-1.62126,-0.0204816
182,28,-1.61579,-0.0205829
183,28,-1.61038,-0.0212877
184,28,-1.60486,-0.0219471
185,28,-1.59943,-0.0234192
186,28,-1.59387,-0.0248833
187,28,-1.58816,-0.0263146
188,28,-1.58236,-0.0280072
189,28,-1.57673,-0.0300607
190,28,-1.5709,-0.0324562
191,28,-1.56509,-0.0349484
192,28,-1.55962,-0.0377693
193,28,-1.55392,-0.040666
194,28,-1.54817,-0.0437131
195,28,-1.54257,-0.0467006
196,28,-1.53704,-0.0494512
197,28,-1.53162,-0.0523944
198,28,-1.52594,-0.0547441
199,28,-1.52069,-0.0573798
200,28,-1.51575,-0.0601086
201,28,-1.51068,-0.0624117
202,28,-1.5059,-0.0649745
203,28,-1.50064,-0.0670366
204,28,-1.4954,-0.0689417
205,28,-1.49056,-0.0705271
206,28,-1.48587,-0.0721986
207,28,-1.48107,-0.0741478
208,28,-1.47637,-0.0758246
209,28,-1.4717,-0.0772097
210,28,-1.46692,-0.0783843
211,28,-1.46238,-0.0795215
212,28,-1.4577,-0.0807558
213,28,-1.45288,-0.0816261
214,28,-1.44819,-0.0820395
215,28,-1.44355,-0.0829905
216,28,-1.43882,-0.0835192
217,28,-1.43435,-0.0836832
218,28,-1.42967,-0.0841681
219,28,-1.42489,-0.0844219
220,28,-1.4201,-0.0841957
221,28,-1.41507,-0.0841883
222,28,-1.41022,-0.084596
223,28,-1.40566,-0.0846737
224,28,-1.40099,-0.0845913
225,28,-1.39664,-0.0848704
226,28,-1.39182,-0.0847094
227,28,-1.38736,-0.0847253
228,28,-1.38265,-0.084713
229,28,-1.37778,-0.0842671
230,28,-1.37325,-0.0841816
231,28,-1.36848,-0.0837762
232,28,-1.36373,-0.0836193
233,28,-1.35923,-0.0832959
234,28,-1.35482,-0.0826719
235,28,-1.35044,-0.0821432
236,28,-1.34588,-0.0814676
237,28,-1.34159,-0.0808948
238,28,-1.33711,-0.080541
239,28,-1.33261,-0.0796543
240,28,-1.3288,-0.0794091
241,28,-1.32433,-0.0788549
242,28,-1.32,-0.0786342
243,28,-1.31564,-0.0780867
244,28,-1.31167,-0.0774843
245,28,-1.30741,-0.0764407
246,28,-1.30306,-0.0753886
247,28,-1.29918,-0.0748442
248,28,-1.29482,-0.0742015
249,28,-1.29033,-0.0737558
250,28,-1.28609,-0.0732828
251,28,-1.2817,-0.0723919
252,28,-1.2774,-0.0719734
253,28,-1.27345,-0.0714197
254,28,-1.2693,-0.0705882
255,28,-1.26491,-0.069834
256,28,-1.26115,-0.0697049
257,28,-1.25695,-0.0691903
258,28,-1.25265,-0.0687179
259,28,-1.24824,-0.0684382
260,28,-1.2441,-0.0681042
261,28,-1.23988,-0.0676701
262,28,-1.23572,-0.0670456
263,28,-1.23175,-0.0662441
264,28,-1.22776,-0.0655161
265,28,-1.22405,-0.0645033
266,28,-1.21999,-0.064341
267,28,-1.21581,-0.0636934
268,28,-1.21189,-0.0631257
269,28,-1.20783,-0.0626419
270,28,-1.20385,-0.0621688
271,28,-1.19964,-0.0616356
272,28,-1.19557,-0.0608937
273,28,-1.19135,-0.0603551
274,28,-1.18725,-0.0598695
275,28,-1.18365,-0.0593013
276,28,-1.17965,-0.0590101
277,28,-1.1758,-0.0585064
278,28,-1.17135,-0.0580706
279,28,-1.16741,-0.0572328
280,28,-1.1632,-0.056643
281,28,-1.15951,-0.0562078
282,28,-1.15579,-0.0556434
283,28,-1.15204,-0.0551221
284,28,-1.14822,-0.0543109
285,28,-1.1444,-0.0535267
286,28,-1.14041,-0.0530725
287,28,-1.13666,-0.0524226
288,28,-1.13288,-0.051996
289,28,-1.12914,-0.051455
290,28,-1.12541,-0.0509192
291,28,-1.12211,-0.0505833
292,28,-1.1178,-0.0502943
293,28,-1.11393,-0.0500535
294,28,-1.10985,-0.0491579
295,28,-1.10577,-0.0483958
296,28,-1.10189,-0.0480571
297,28,-1.09811,-0.0477046
298,28,-1.0941,-0.0473345
299,28,-1.09,-0.0466388
300,28,-1.08609,-0.0458387
301,28,-1.0824,-0.0455829
302,28,-1.07904,-0.0450827
303,28,-1.07522,-0.0445767
304,28,-1.07142,-0.0439912
305,28,-1.06743,-0.0437686
306,28,-1.06391,-0.0431702
307,28,-1.06041,-0.0427603
308,28,-1.05619,-0.0423534
309,28,-1.05254,-0.0420143
310,28,-1.04882,-0.0413634
311,28,-1.04461,-0.0408027
312,28,-1.04083,-0.0403204
313,28,-1.03736,-0.0399818
314,28,-1.0336,-0.0396237
315,28,-1.02957,-0.0393539
316,28,-1.02604,-0.0386318
317,28,-1.02222,-0.0381177
318,28,-1.0186,-0.0379388
319,28,-1.01493,-0.0375099
320,28,-1.01138,-0.0373071
321,28,-1.00798,-0.0371635
322,28,-1.0043,-0.0367106
323,28,-1.00055,-0.0360572
324,28,-0.997052,-0.0356431
325,28,-0.993326,-0.0349765
326,28,-0.989609,-0.0340694
327,28,-0.985778,-0.0329256
11,29,-2.41206,-0.162274
12,29,-2.40757,-0.161713
13,29,-2.40349,-0.161507
14,29,-2.39922,-0.161613
15,29,-2.39523,-0.161729
16,29,-2.391,-0.161712
17,29,-2.38651,-0.161789
18,29,-2.38225,-0.161765
19,29,-2.37804,-0.161549
20,29,-2.37382,-0.161488
21,29,-2.36951,-0.161491
22,29,-2.36528,-0.161712
23,29,-2.36101,-0.161862
24,29,-2.35636,-0.161574
25,29,-2.35191,-0.161877
26,29,-2.34762,-0.161754
27,29,-2.34352,-0.161268
28,29,-2.33929,-0.160943
29,29,-2.33521,-0.161052
30,29,-2.3313,-0.161004
31,29,-2.32706,-0.160931
32,29,-2.32242,-0.161341
33,29,-2.31848,-0.161367
34,29,-2.31389,-0.161319
35,29,-2.30956,-0.161361
36,29,-2.30536,-0.161252
37,29,-2.30114,-0.161347
38,29,-2.29698,-0.161353
39,29,-2.29251,-0.161319
40,29,-2.28831,-0.161867
41,29,-2.28418,-0.162305
42,29,-2.27955,-0.162154
43,29,-2.27532,-0.162196
44,29,-2.27146,-0.162612
45,29,-2.26698,-0.162675
46,29,-2.2627,-0.162557
47,29,-2.25816,-0.162881
48,29,-2.25389,-0.163034
49,29,-2.24939,-0.16315
50,29,-2.24497,-0.163591
51,29,-2.24067,-0.163572
52,29,-2.23638,-0.163517
53,29,-2.23238,-0.163386
54,29,-2.22813,-0.163277
55,29,-2.22375,-0.16332
56,29,-2.21923,-0.163048
57,29,-2.21512,-0.163115
58,29,-2.2108,-0.16284
59,29,-2.20637,-0.16272
60,29,-2.2019,-0.16261
61,29,-2.19773,-0.162437
62,29,-2.19396,-0.162559
63,29,-2.18972,-0.162321
64,29,-2.18528,-0.162131
65,29,-2.18078,-0.162239
66,29,-2.17638,-0.162087
67,29,-2.17184,-0.161761
68,29,-2.16746,-0.161507
69,29,-2.16324,-0.161536
70,29,-2.15906,-0.161535
71,29,-2.15466,-0.161392
72,29,-2.15033,-0.161375
73,29,-2.14613,-0.161198
74,29,-2.14175,-0.160991
75,29,-2.13746,-0.161028
76,29,-2.13313,-0.1607
77,29,-2.12892,-0.160312
78,29,-2.12462,-0.160141
79,29,-2.12028,-0.160038
80,29,-2.11586,-0.159695
81,29,-2.11124,-0.159476
82,29,-2.10681,-0.15907
83,29,-2.10249,-0.158486
84,29,-2.09798,-0.158412
85,29,-2.0935,-0.158168
86,29,-2.08898,-0.157795
87,29,-2.08418,-0.157566
88,29,-2.07966,-0.157211
89,29,-2.07503,-0.156737
90,29,-2.07049,-0.156401
91,29,-2.06603,-0.155969
92,29,-2.06158,-0.155549
93,29,-2.0572,-0.155306
94,29,-2.05255,-0.155101
95,29,-2.04822,-0.1549
96,29,-2.04363,-0.154522
97,29,-2.03896,-0.153987
98,29,-2.03431,-0.153612
99,29,-2.02985,-0.153584
100,29,-2.02536,-0.153409
101,29,-2.02105,-0.153218
102,29,-2.01679,-0.152872
103,29,-2.01186,-0.15241
104,29,-2.00757,-0.152284
105,29,-2.00301,-0.151849
106,29,-1.99854,-0.151438
107,29,-1.99421,-0.150956
108,29,-1.98979,-0.150838
109,29,-1.98541,-0.150634
110,29,-1.98155,-0.150349
111,29,-1.97734,-0.150268
112,29,-1.97314,-0.15
113,29,-1.96923,-0.149464
114,29,-1.96496,-0.149132
115,29,-1.96072,-0.149014
116,29,-1.95616,-0.148589
117,29,-1.95173,-0.147794
118,29,-1.94738,-0.14727
119,29,-1.94275,-0.146947
120,29,-1.93844,-0.14669
121,29,-1.93411,-0.146345
122,29,-1.9295,-0.145977
123,29,-1.92511,-0.145369
124,29,-1.92066,-0.144782
125,29,-1.91616,-0.144066
126,29,-1.91201,-0.14325
127,29,-1.90739,-0.14243
128,29,-1.9028,-0.141537
129,29,-1.89792,-0.140479
130,29,-1.89342,-0.139664
131,29,-1.8891,-0.138673
132,29,-1.88422,-0.137644
133,29,-1.87928,-0.136369
134,29,-1.87458,-0.135083
135,29,-1.86954,-0.134067
136,29,-1.86445,-0.133024
137,29,-1.85966,-0.13196
138,29,-1.855,-0.13057
139,29,-1.84999,-0.129358
140,29,-1.84518,-0.12831
141,29,-1.84046,-0.126301
142,29,-1.83549,-0.124769
143,29,-1.83084,-0.122958
144,29,-1.82591,-0.1211
145,29,-1.82065,-0.119165
146,29,-1.81549,-0.116722
147,29,-1.81011,-0.114558
148,29,-1.80508,-0.112002
149,29,-1.79956,-0.10926
150,29,-1.794,-0.107007
151,29,-1.78829,-0.104216
152,29,-1.7828,-0.101013
153,29,-1.77726,-0.0982328
154,29,-1.77169,-0.0949787
155,29,-1.76567,-0.0916844
156,29,-1.7605,-0.088471
157,29,-1.75457,-0.0848446
158,29,-1.74866,-0.0811514
159,29,-1.74282,-0.077162
160,29,-1.73713,-0.0733404
161,29,-1.73174,-0.0690606
162,29,-1.72645,-0.0648645
163,29,-1.7207,-0.0605796
164,29,-1.7153,-0.0567326
165,29,-1.7098,-0.0529402
166,29,-1.70428,-0.0492012
167,29,-1.69899,-0.0456841
168,29,-1.69362,-0.0423014
169,29,-1.68798,-0.0392731
170,29,-1.68269,-0.0363868
171,29,-1.67725,-0.0332777
172,29,-1.67224,-0.0308391
173,29,-1.66671,-0.0289077
174,29,-1.66122,-0.0272713
175,29,-1.65577,-0.0255218
176,29,-1.65003,-0.0239312
177,29,-1.6442,-0.0229992
178,29,-1.63854,-0.0222248
179,29,-1.63279,-0.0216216
180,29,-1.62695,-0.0213864
181,29,-1.62131,-0.0212804
182,29,-1.6159,-0.0211958
183,29,-1.61018,-0.0218558
184,29,-1.60443,-0.0229061
185,29,-1.59889,-0.0241827
186,29,-1.59347,-0.0257203
187,29,-1.58772,-0.027291
188,29,-1.58167,-0.0290056
189,29,-1.57614,-0.0309923
190,29,-1.57058,-0.0332182
191,29,-1.56468,-0.0357455
192,29,-1.55885,-0.0385416
193,29,-1.55315,-0.0417409
194,29,-1.54706,-0.044959
195,29,-1.5415,-0.0480789
196,29,-1.53586,-0.0509493
197,29,-1.53032,-0.0534723
198,29,-1.52475,-0.0561463
199,29,-1.51915,-0.0589751
200,29,-1.51412,-0.0613478
201,29,-1.50903,-0.0637867
202,29,-1.50408,-0.0662085
203,29,-1.49911,-0.0681982
204,29,-1.49389,-0.0702581
205,29,-1.48868,-0.0719664
206,29,-1.48396,-0.0732484
207,29,-1.4794,-0.0752559
208,29,-1.47455,-0.0772721
209,29,-1.46986,-0.078509
210,29,-1.46535,-0.079905
211,29,-1.46064,-0.0812578
212,29,-1.45586,-0.0819388
213,29,-1.45125,-0.0826874
214,29,-1.44655,-0.0837746
215,29,-1.44187,-0.0841316
216,29,-1.43727,-0.0843961
217,29,-1.4325,-0.0848604
218,29,-1.42781,-0.0849362
219,29,-1.42308,-0.085194
220,29,-1.41819,-0.0853445
221,29,-1.41315,-0.085388
222,29,-1.40841,-0.0859907
223,29,-1.40366,-0.0859065
224,29,-1.39911,-0.0859608
225,29,-1.39454,-0.085931
226,29,-1.39033,-0.0858015
227,29,-1.38579,-0.0859535
228,29,-1.38091,-0.085687
229,29,-1.37611,-0.0852595
230,29,-1.37172,-0.0851578
231,29,-1.36711,-0.0847536
232,29,-1.3627,-0.0846623
233,29,-1.35828,-0.084206
234,29,-1.35365,-0.0836695
235,29,-1.3493,-0.0829835
236,29,-1.34473,-0.0823996
237,29,-1.34032,-0.0820559
238,29,-1.33603,-0.0816444
239,29,-1.33187,-0.0807852
240,29,-1.32757,-0.0803413
241,29,-1.32332,-0.0800233
242,29,-1.31917,-0.0797225
243,29,-1.31487,-0.0793016
244,29,-1.31048,-0.0783249
245,29,-1.30635,-0.0772531
246,29,-1.30232,-0.0763403
247,29,-1.29842,-0.0757861
248,29,-1.29393,-0.0752106
249,29,-1.28971,-0.0744299
250,29,-1.28551,-0.0738505
251,29,-1.28124,-0.0730594
252,29,-1.27652,-0.0727822
253,29,-1.27254,-0.0721714
254,29,-1.26861,-0.071482
255,29,-1.26455,-0.0709558
256,29,-1.26049,-0.0703659
257,29,-1.25638,-0.0700068
258,29,-1.25185,-0.0696068
259,29,-1.24779,-0.0693108
260,29,-1.24359,-0.0687647
261,29,-1.2396,-0.0683316
262,29,-1.23538,-0.0678307
263,29,-1.23146,-0.0668657
264,29,-1.22722,-0.0664109
265,29,-1.22358,-0.0656412
266,29,-1.21958,-0.0650917
267,29,-1.21552,-0.0645583
268,29,-1.21167,-0.0639153
269,29,-1.2076,-0.0636925
270,29,-1.2037,-0.0628822
271,29,-1.19961,-0.0623409
272,29,-1.19546,-0.0617142
273,29,-1.1915,-0.0611078
274,29,-1.18726,-0.0605665
275,29,-1.1833,-0.0599247
276,29,-1.17941,-0.0594308
277,29,-1.1754,-0.0590018
278,29,-1.17162,-0.0587763
279,29,-1.16732,-0.0579541
280,29,-1.16332,-0.0576323
281,29,-1.15944,-0.056869
282,29,-1.1555,-0.0562012
283,29,-1.15173,-0.0556869
284,29,-1.14779,-0.0549448
285,29,-1.14425,-0.0544017
286,29,-1.14049,-0.0538397
287,29,-1.13684,-0.0531616
288,29,-1.13317,-0.05261
289,29,-1.1296,-0.0523412
290,29,-1.12592,-0.0516642
291,29,-1.12209,-0.0513521
292,29,-1.11811,-0.0511321
293,29,-1.11401,-0.0507853
294,29,-1.11011,-0.0498602
295,29,-1.1063,-0.0493779
296,29,-1.10221,-0.0484955
297,29,-1.09851,-0.0481513
298,29,-1.09425,-0.0476604
299,29,-1.09031,-0.0471272
300,29,-1.08653,-0.0465642
301,29,-1.08266,-0.0460185
302,29,-1.07928,-0.0458079
303,29,-1.07544,-0.045441
304,29,-1.07163,-0.044661
305,29,-1.06814,-0.0440164
306,29,-1.06426,-0.0435694
307,29,-1.06056,-0.0433964
308,29,-1.05668,-0.0427994
309,29,-1.05287,-0.042388
310,29,-1.04887,-0.0417755
311,29,-1.04507,-0.041414
312,29,-1.04129,-0.0410549
313,29,-1.03747,-0.0404629
314,29,-1.03382,-0.0399837
315,29,-1.02982,-0.0393871
316,29,-1.02603,-0.0390711
317,29,-1.02266,-0.0390309
318,29,-1.01886,-0.0387898
319,29,-1.01511,-0.0383781
320,29,-1.01166,-0.0380372
321,29,-1.00825,-0.0376903
322,29,-1.00458,-0.0370689
323,29,-1.00089,-0.0366916
324,29,-0.997245,-0.0361266
325,29,-0.993672,-0.0353233
326,29,-0.990053,-0.0341113
327,29,-0.986472,-0.0327507
11,30,-2.41237,-0.162355
12,30,-2.4082,-0.162424
13,30,-2.40396,-0.162021
14,30,-2.39981,-0.162116
15,30,-2.39572,-0.162349
16,30,-2.39147,-0.162647
17,30,-2.38707,-0.162835
18,30,-2.38292,-0.162578
19,30,-2.37872,-0.162774
20,30,-2.37413,-0.162518
21,30,-2.36998,-0.162287
22,30,-2.36602,-0.162074
23,30,-2.36137,-0.162117
24,30,-2.35688,-0.162264
25,30,-2.35254,-0.162255
26,30,-2.3482,-0.162252
27,30,-2.34384,-0.161955
28,30,-2.33982,-0.162151
29,30,-2.33585,-0.16198
30,30,-2.33175,-0.161996
31,30,-2.32746,-0.161997
32,30,-2.32312,-0.162098
33,30,-2.31891,-0.162069
34,30,-2.31465,-0.162204
35,30,-2.31022,-0.162325
36,30,-2.30588,-0.162336
37,30,-2.30164,-0.162479
38,30,-2.29774,-0.162194
39,30,-2.29345,-0.162502
40,30,-2.28903,-0.16268
41,30,-2.28459,-0.163066
42,30,-2.28011,-0.162895
43,30,-2.27563,-0.162797
44,30,-2.27169,-0.163258
45,30,-2.26755,-0.163438
46,30,-2.26317,-0.163154
47,30,-2.25894,-0.163449
48,30,-2.25471,-0.163815
49,30,-2.25005,-0.164142
50,30,-2.24553,-0.164468
51,30,-2.24111,-0.164221
52,30,-2.23693,-0.164469
53,30,-2.23265,-0.164272
54,30,-2.22846,-0.164233
55,30,-2.22447,-0.164104
56,30,-2.22016,-0.164138
57,30,-2.21589,-0.164181
58,30,-2.21167,-0.163407
59,30,-2.20712,-0.16321
60,30,-2.20277,-0.163264
61,30,-2.19851,-0.163242
62,30,-2.19434,-0.163402
63,30,-2.19034,-0.163165
64,30,-2.18577,-0.163123
65,30,-2.18141,-0.163061
66,30,-2.17709,-0.162712
67,30,-2.17273,-0.16253
68,30,-2.16858,-0.162392
69,30,-2.16389,-0.162443
70,30,-2.15968,-0.162446
71,30,-2.15534,-0.162291
72,30,-2.15102,-0.162203
73,30,-2.14706,-0.161998
74,30,-2.14265,-0.161639
75,30,-2.13836,-0.161476
76,30,-2.1341,-0.161403
77,30,-2.12975,-0.161036
78,30,-2.12546,-0.16082
79,30,-2.12112,-0.161002
80,30,-2.11669,-0.160913
81,30,-2.11241,-0.160459
82,30,-2.10801,-0.16
83,30,-2.10352,-0.159673
84,30,-2.09913,-0.159397
85,30,-2.09453,-0.15896
86,30,-2.09001,-0.158671
87,30,-2.08529,-0.158594
88,30,-2.08072,-0.158405
89,30,-2.0763,-0.158049
90,30,-2.07184,-0.157528
91,30,-2.06737,-0.156988
92,30,-2.0629,-0.156517
93,30,-2.05844,-0.156185
94,30,-2.05369,-0.156072
95,30,-2.04933,-0.156003
96,30,-2.04488,-0.155658
97,30,-2.04043,-0.155178
98,30,-2.03577,-0.154785
99,30,-2.03103,-0.154586
100,30,-2.02683,-0.154567
101,30,-2.02247,-0.154115
102,30,-2.01836,-0.153572
103,30,-2.01394,-0.153293
104,30,-2.00954,-0.152974
105,30,-2.00506,-0.152624
106,30,-2.00061,-0.152141
107,30,-1.99634,-0.151621
108,30,-1.99195,-0.151537
109,30,-1.98776,-0.151431
110,30,-1.98355,-0.151276
111,30,-1.97917,-0.151095
112,30,-1.97542,-0.150693
113,30,-1.9716,-0.150181
114,30,-1.9675,-0.149964
115,30,-1.96303,-0.149456
116,30,-1.95857,-0.149152
117,30,-1.95379,-0.149052
118,30,-1.94943,-0.148518
119,30,-1.94485,-0.147958
120,30,-1.9403,-0.147527
121,30,-1.93636,-0.147294
122,30,-1.93186,-0.146668
123,30,-1.92748,-0.146256
124,30,-1.92292,-0.14568
125,30,-1.91843,-0.145288
126,30,-1.91427,-0.144333
127,30,-1.90973,-0.143358
128,30,-1.90517,-0.142418
129,30,-1.90023,-0.141856
130,30,-1.89583,-0.140689
131,30,-1.89099,-0.139822
132,30,-1.88645,-0.138485
133,30,-1.8818,-0.137341
134,30,-1.87681,-0.136221
135,30,-1.8718,-0.135042
136,30,-1.86685,-0.133901
137,30,-1.86191,-0.132785
138,30,-1.85749,-0.131597
139,30,-1.85267,-0.130846
140,30,-1.84777,-0.129425
141,30,-1.8429,-0.127754
142,30,-1.83822,-0.126064
143,30,-1.83351,-0.12421
144,30,-1.82852,-0.122498
145,30,-1.82332,-0.120361
146,30,-1.81807,-0.118253
147,30,-1.81294,-0.115865
148,30,-1.80788,-0.113433
149,30,-1.80223,-0.110607
150,30,-1.79688,-0.108309
151,30,-1.79102,-0.10527
152,30,-1.7854,-0.102776
153,30,-1.77961,-0.0996379
154,30,-1.77425,-0.0965129
155,30,-1.76872,-0.0935317
156,30,-1.76307,-0.0899471
157,30,-1.75721,-0.0862033
158,30,-1.75145,-0.082282
159,30,-1.74563,-0.0783075
160,30,-1.73972,-0.0741866
161,30,-1.73362,-0.0700179
162,30,-1.72842,-0.0659626
163,30,-1.72274,-0.0616447
164,30,-1.7173,-0.0577425
165,30,-1.7117,-0.0537692
166,30,-1.70573,-0.0499546
167,30,-1.70049,-0.0464361
168,30,-1.69482,-0.0431545
169,30,-1.68919,-0.0397721
170,30,-1.68387,-0.036664
171,30,-1.67812,-0.0339905
172,30,-1.67295,-0.0315857
173,30,-1.6674,-0.0295934
174,30,-1.66191,-0.0277356
175,30,-1.65658,-0.0257893
176,30,-1.65093,-0.0244141
177,30,-1.64493,-0.0235468
178,30,-1.63906,-0.0226997
179,30,-1.63331,-0.0222179
180,30,-1.62726,-0.0217366
181,30,-1.62164,-0.0219823
182,30,-1.61593,-0.0221518
183,30,-1.61014,-0.0226741
184,30,-1.60423,-0.0236799
185,30,-1.59858,-0.0249742
186,30,-1.59314,-0.0264549
187,30,-1.5871,-0.0282211
188,30,-1.58128,-0.0300979
189,30,-1.57528,-0.0320995
190,30,-1.56932,-0.0340661
191,30,-1.5635,-0.0366897
192,30,-1.55756,-0.0397242
193,30,-1.55191,-0.0427938
194,30,-1.54595,-0.0460299
195,30,-1.54011,-0.0492443
196,30,-1.53468,-0.0520827
197,30,-1.52919,-0.0548557
198,30,-1.52334,-0.0578617
199,30,-1.51797,-0.0602788
200,30,-1.51239,-0.0628577
201,30,-1.50705,-0.0654108
202,30,-1.50226,-0.0676505
203,30,-1.49731,-0.0699234
204,30,-1.49224,-0.0718354
205,30,-1.48705,-0.073665
206,30,-1.4822,-0.0752831
207,30,-1.47763,-0.0768971
208,30,-1.47315,-0.0784949
209,30,-1.46843,-0.0799958
210,30,-1.46356,-0.0814246
211,30,-1.45884,-0.0824523
212,30,-1.45395,-0.0833997
213,30,-1.44908,-0.0840566
214,30,-1.44461,-0.0845903
215,30,-1.43996,-0.0853217
216,30,-1.43536,-0.0858313
217,30,-1.43063,-0.0861657
218,30,-1.42619,-0.0864867
219,30,-1.42154,-0.0867036
220,30,-1.41638,-0.086676
221,30,-1.41171,-0.0869545
222,30,-1.40677,-0.0873025
223,30,-1.40185,-0.0873767
224,30,-1.39747,-0.0873433
225,30,-1.39281,-0.087085
226,30,-1.38838,-0.0869095
227,30,-1.38373,-0.0869001
228,30,-1.37912,-0.0865304
229,30,-1.37433,-0.0865449
230,30,-1.36995,-0.086377
231,30,-1.36572,-0.0860366
232,30,-1.36109,-0.0857601
233,30,-1.35681,-0.085131
234,30,-1.35225,-0.0843375
235,30,-1.34779,-0.0839019
236,30,-1.34343,-0.0835551
237,30,-1.33883,-0.0831318
238,30,-1.33471,-0.0825651
239,30,-1.33054,-0.082094
240,30,-1.3262,-0.0815752
241,30,-1.32226,-0.0811159
242,30,-1.31806,-0.0805825
243,30,-1.31362,-0.0798103
244,30,-1.30952,-0.0791194
245,30,-1.3053,-0.0783315
246,30,-1.30107,-0.0771771
247,30,-1.29719,-0.0764842
248,30,-1.29307,-0.0761026
249,30,-1.28869,-0.0753495
250,30,-1.28448,-0.074579
251,30,-1.28034,-0.074149
252,30,-1.2762,-0.0734869
253,30,-1.27179,-0.0731681
254,30,-1.26788,-0.0722086
255,30,-1.26389,-0.0718616
256,30,-1.25963,-0.0712917
257,30,-1.25576,-0.0709264
258,30,-1.25155,-0.0706605
259,30,-1.24708,-0.0701087
260,30,-1.2432,-0.0693914
261,30,-1.23919,-0.0689748
262,30,-1.23539,-0.0685556
263,30,-1.23116,-0.0680835
264,30,-1.22731,-0.0673762
265,30,-1.22308,-0.0666469
266,30,-1.21907,-0.0660365
267,30,-1.21506,-0.0654663
268,30,-1.21101,-0.0649767
269,30,-1.20707,-0.0642238
270,30,-1.20337,-0.0636475
271,30,-1.19974,-0.0632456
272,30,-1.19545,-0.0626688
273,30,-1.19146,-0.062046
274,30,-1.18721,-0.0614439
275,30,-1.18303,-0.0607495
276,30,-1.17946,-0.060482
277,30,-1.17533,-0.0598565
278,30,-1.17136,-0.0594414
279,30,-1.16732,-0.0587813
280,30,-1.16332,-0.0583235
281,30,-1.15932,-0.0575276
282,30,-1.15537,-0.0570008
283,30,-1.15152,-0.0562241
284,30,-1.14774,-0.0557111
285,30,-1.14427,-0.0549814
286,30,-1.14037,-0.0544264
287,30,-1.13677,-0.0539179
288,30,-1.13357,-0.0532303
289,30,-1.1299,-0.0526099
290,30,-1.12591,-0.052256
291,30,-1.12227,-0.0522253
292,30,-1.11837,-0.0517368
293,30,-1.11417,-0.0513484
294,30,-1.11053,-0.0505669
295,30,-1.10645,-0.0500474
296,30,-1.10253,-0.0494898
297,30,-1.09884,-0.0487935
298,30,-1.09449,-0.0481251
299,30,-1.0906,-0.0475922
300,30,-1.08692,-0.0469438
301,30,-1.08318,-0.0470085
302,30,-1.07952,-0.0462804
303,30,-1.07564,-0.0457122
304,30,-1.07209,-0.0451669
305,30,-1.06814,-0.0445527
306,30,-1.06487,-0.0440694
307,30,-1.06096,-0.0437906
308,30,-1.05684,-0.0435007
309,30,-1.05293,-0.0429194
310,30,-1.04905,-0.0423786
311,30,-1.04537,-0.0420665
312,30,-1.04152,-0.0417751
313,30,-1.03781,-0.0408387
314,30,-1.03409,-0.0401936
315,30,-1.02999,-0.040037
316,30,-1.02636,-0.0399571
317,30,-1.02272,-0.0398863
318,30,-1.0188,-0.0392859
319,30,-1.01522,-0.0387749
320,30,-1.01175,-0.0386399
321,30,-1.00832,-0.0381299
322,30,-1.00461,-0.0374801
323,30,-1.00088,-0.0369188
324,30,-0.997228,-0.0362361
325,30,-0.993571,-0.0357153
326,30,-0.990017,-0.0345519
327,30,-0.986879,-0.0334934
11,31,-2.41205,-0.162463
12,31,-2.40826,-0.162805
13,31,-2.4042,-0.162594
14,31,-2.40001,-0.162589
15,31,-2.39608,-0.162891
16,31,-2.39179,-0.163258
17,31,-2.38746,-0.163313
18,31,-2.38334,-0.163128
19,31,-2.37909,-0.1634
20,31,-2.37479,-0.163145
21,31,-2.37049,-0.162957
22,31,-2.36633,-0.162939
23,31,-2.36216,-0.163051
24,31,-2.35768,-0.162969
25,31,-2.35294,-0.162781
26,31,-2.34871,-0.162734
27,31,-2.34448,-0.162808
28,31,-2.34041,-0.162833
29,31,-2.3362,-0.162752
30,31,-2.33205,-0.162863
31,31,-2.32793,-0.162701
32,31,-2.32362,-0.162791
33,31,-2.31955,-0.162958
34,31,-2.31526,-0.163086
35,31,-2.31102,-0.162955
36,31,-2.30672,-0.163127
37,31,-2.3027,-0.162826
38,31,-2.29853,-0.163027
39,31,-2.29402,-0.163521
40,31,-2.28967,-0.163404
41,31,-2.2852,-0.163682
42,31,-2.28058,-0.163484
43,31,-2.27625,-0.163358
44,31,-2.27185,-0.163615
45,31,-2.26783,-0.16373
46,31,-2.26346,-0.163739
47,31,-2.25957,-0.163914
48,31,-2.25538,-0.164385
49,31,-2.25072,-0.164762
50,31,-2.24606,-0.16494
51,31,-2.24155,-0.165202
52,31,-2.23754,-0.164968
53,31,-2.23335,-0.164908
54,31,-2.22925,-0.165018
55,31,-2.22517,-0.164587
56,31,-2.2211,-0.164731
57,31,-2.21689,-0.164902
58,31,-2.21243,-0.164481
59,31,-2.20802,-0.164087
60,31,-2.20382,-0.16437
61,31,-2.1996,-0.164429
62,31,-2.19524,-0.164108
63,31,-2.19088,-0.163908
64,31,-2.18669,-0.163934
65,31,-2.18254,-0.163606
66,31,-2.17821,-0.163457
67,31,-2.17396,-0.163126
68,31,-2.16974,-0.163144
69,31,-2.16523,-0.163224
70,31,-2.1604,-0.163031
71,31,-2.15616,-0.163097
72,31,-2.15191,-0.162717
73,31,-2.14749,-0.162487
74,31,-2.14315,-0.162435
75,31,-2.13888,-0.162185
76,31,-2.13479,-0.16216
77,31,-2.13061,-0.16208
78,31,-2.12643,-0.161854
79,31,-2.12216,-0.161942
80,31,-2.1177,-0.162053
81,31,-2.1134,-0.161436
82,31,-2.10887,-0.160751
83,31,-2.10467,-0.160322
84,31,-2.10038,-0.160098
85,31,-2.09572,-0.159783
86,31,-2.09119,-0.159627
87,31,-2.08649,-0.159814
88,31,-2.08211,-0.159581
89,31,-2.07759,-0.159021
90,31,-2.07309,-0.158427
91,31,-2.06861,-0.158
92,31,-2.06399,-0.157534
93,31,-2.05949,-0.15734
94,31,-2.05494,-0.157349
95,31,-2.05064,-0.157108
96,31,-2.04651,-0.156708
97,31,-2.04209,-0.156253
98,31,-2.03748,-0.155965
99,31,-2.03295,-0.155505
100,31,-2.02854,-0.155162
101,31,-2.02417,-0.155008
102,31,-2.02001,-0.154464
103,31,-2.01546,-0.15398
104,31,-2.01114,-0.153739
105,31,-2.00711,-0.15347
106,31,-2.0026,-0.153001
107,31,-1.99847,-0.152721
108,31,-1.99414,-0.152379
109,31,-1.99,-0.152273
110,31,-1.98567,-0.152115
111,31,-1.98134,-0.151727
112,31,-1.9775,-0.151402
113,31,-1.97369,-0.151026
114,31,-1.96959,-0.15096
115,31,-1.96524,-0.150498
116,31,-1.9611,-0.149998
117,31,-1.95623,-0.149687
118,31,-1.9517,-0.14917
119,31,-1.94741,-0.148789
120,31,-1.94274,-0.148254
121,31,-1.93856,-0.147778
122,31,-1.93428,-0.147322
123,31,-1.92992,-0.146907
124,31,-1.92569,-0.146152
125,31,-1.92096,-0.145863
126,31,-1.91655,-0.145434
127,31,-1.91197,-0.144704
128,31,-1.90749,-0.143688
129,31,-1.90277,-0.142707
130,31,-1.89838,-0.141799
131,31,-1.89369,-0.141017
132,31,-1.88895,-0.140014
133,31,-1.88401,-0.138811
134,31,-1.87906,-0.137202
135,31,-1.87429,-0.136173
136,31,-1.86962,-0.135052
137,31,-1.8647,-0.134101
138,31,-1.8601,-0.132974
139,31,-1.85542,-0.131829
140,31,-1.85047,-0.13014
141,31,-1.84562,-0.12914
142,31,-1.84101,-0.127276
143,31,-1.83615,-0.12564
144,31,-1.83119,-0.123922
145,31,-1.82599,-0.121981
146,31,-1.82092,-0.119676
147,31,-1.81579,-0.117568
148,31,-1.81072,-0.114719
149,31,-1.80514,-0.112141
150,31,-1.79965,-0.109711
151,31,-1.79408,-0.107242
152,31,-1.78804,-0.104145
153,31,-1.78248,-0.100896
154,31,-1.77686,-0.098022
155,31,-1.77131,-0.0946055
156,31,-1.76571,-0.0912475
157,31,-1.75996,-0.0877093
158,31,-1.75382,-0.0837697
159,31,-1.74806,-0.0796172
160,31,-1.74183,-0.0755399
161,31,-1.7358,-0.0710062
162,31,-1.73025,-0.0670947
163,31,-1.72495,-0.0626898
164,31,-1.71913,-0.0585953
165,31,-1.71323,-0.054529
166,31,-1.70748,-0.0505943
167,31,-1.70168,-0.0472428
168,31,-1.69598,-0.0438615
169,31,-1.69062,-0.0403246
170,31,-1.6849,-0.0373174
171,31,-1.67932,-0.03445
172,31,-1.67377,-0.0319022
173,31,-1.66828,-0.0294917
174,31,-1.66306,-0.0279224
175,31,-1.65745,-0.0263967
176,31,-1.65184,-0.0250422
177,31,-1.6457,-0.0240024
178,31,-1.63981,-0.0230144
179,31,-1.63365,-0.0226123
180,31,-1.62763,-0.0224991
181,31,-1.62179,-0.0226444
182,31,-1.61581,-0.0230654
183,31,-1.60998,-0.0237285
184,31,-1.60386,-0.0245698
185,31,-1.59813,-0.0259104
186,31,-1.59229,-0.0273102
187,31,-1.58634,-0.0289853
188,31,-1.58071,-0.0308422
189,31,-1.57446,-0.032889
190,31,-1.56818,-0.0351607
191,31,-1.5621,-0.0379446
192,31,-1.55638,-0.0410054
193,31,-1.55068,-0.0439762
194,31,-1.54479,-0.0472581
195,31,-1.5387,-0.0506358
196,31,-1.5331,-0.0536806
197,31,-1.52766,-0.0564919
198,31,-1.52153,-0.0592688
199,31,-1.51581,-0.0621135
200,31,-1.51044,-0.0649579
201,31,-1.50516,-0.067313
202,31,-1.50036,-0.0694203
203,31,-1.49552,-0.071672
204,31,-1.49014,-0.073564
205,31,-1.48503,-0.0753769
206,31,-1.48029,-0.0770439
207,31,-1.47556,-0.0785087
208,31,-1.47111,-0.0800469
209,31,-1.46632,-0.0814417
210,31,-1.46161,-0.0827603
211,31,-1.45683,-0.0838028
212,31,-1.45192,-0.0846593
213,31,-1.44738,-0.0854207
214,31,-1.4427,-0.0862893
215,31,-1.4381,-0.0867267
216,31,-1.43379,-0.0869541
217,31,-1.42896,-0.0875383
218,31,-1.42424,-0.0879374
219,31,-1.41959,-0.0881687
220,31,-1.41465,-0.0881909
221,31,-1.40998,-0.0883552
222,31,-1.4048,-0.0883258
223,31,-1.39994,-0.0882144
224,31,-1.39529,-0.088213
225,31,-1.39113,-0.0882215
226,31,-1.38648,-0.0879898
227,31,-1.38177,-0.0878813
228,31,-1.37719,-0.0878607
229,31,-1.37263,-0.0875908
230,31,-1.3682,-0.0872448
231,31,-1.36339,-0.0871708
232,31,-1.35919,-0.0867995
233,31,-1.35502,-0.0861145
234,31,-1.35041,-0.0854008
235,31,-1.34616,-0.0849168
236,31,-1.34166,-0.0844133
237,31,-1.33718,-0.0840087
238,31,-1.33327,-0.0835678
239,31,-1.32923,-0.0831477
240,31,-1.32477,-0.0824922
241,31,-1.32083,-0.0816689
242,31,-1.31678,-0.0811578
243,31,-1.31249,-0.0803134
244,31,-1.30828,-0.0797738
245,31,-1.30411,-0.0791661
246,31,-1.29998,-0.078315
247,31,-1.29576,-0.077444
248,31,-1.29188,-0.0766634
249,31,-1.28781,-0.0763507
250,31,-1.28363,-0.075696
251,31,-1.27929,-0.0750696
252,31,-1.27499,-0.0742344
253,31,-1.27092,-0.0738029
254,31,-1.26695,-0.0730938
255,31,-1.26305,-0.0725504
256,31,-1.25918,-0.0720645
257,31,-1.2551,-0.0720377
258,31,-1.25086,-0.0714487
259,31,-1.2467,-0.0711573
260,31,-1.24266,-0.0705912
261,31,-1.23864,-0.0697474
262,31,-1.23478,-0.0692316
263,31,-1.23055,-0.0687707
264,31,-1.22689,-0.0680254
265,31,-1.22266,-0.067665
266,31,-1.21869,-0.0668173
267,31,-1.21469,-0.0660739
268,31,-1.21051,-0.0656591
269,31,-1.20707,-0.0650496
270,31,-1.20307,-0.0643631
271,31,-1.19921,-0.0640159
272,31,-1.1955,-0.063503
273,31,-1.19134,-0.0630226
274,31,-1.18732,-0.0623847
275,31,-1.18303,-0.0615835
276,31,-1.17942,-0.0610236
277,31,-1.17529,-0.0606555
278,31,-1.17119,-0.0600531
279,31,-1.16738,-0.059437
280,31,-1.16337,-0.0590323
281,31,-1.1592,-0.0583241
282,31,-1.15534,-0.0574143
283,31,-1.15125,-0.0565982
284,31,-1.14776,-0.0561823
285,31,-1.14425,-0.05556
286,31,-1.14049,-0.0550996
287,31,-1.13695,-0.0548392
288,31,-1.13354,-0.0539287
289,31,-1.12986,-0.0533143
290,31,-1.12607,-0.0531576
291,31,-1.12249,-0.0527245
292,31,-1.11847,-0.0524161
293,31,-1.11442,-0.0518138
294,31,-1.11071,-0.0511921
295,31,-1.10682,-0.0507394
296,31,-1.10296,-0.0500763
297,31,-1.09918,-0.0495532
298,31,-1.09491,-0.0489259
299,31,-1.09104,-0.048362
300,31,-1.08699,-0.0478393
301,31,-1.08331,-0.0475604
302,31,-1.07949,-0.0472305
303,31,-1.07589,-0.046314
304,31,-1.07214,-0.0457423
305,31,-1.06844,-0.0453212
306,31,-1.06512,-0.044941
307,31,-1.06104,-0.044643
308,31,-1.05714,-0.0441216
309,31,-1.05307,-0.0434748
310,31,-1.04955,-0.0430307
311,31,-1.0459,-0.0425064
312,31,-1.04183,-0.0420062
313,31,-1.0383,-0.0413364
314,31,-1.03448,-0.0408921
315,31,-1.03054,-0.0406945
316,31,-1.02664,-0.0407156
317,31,-1.0227,-0.0405077
318,31,-1.01901,-0.0399596
319,31,-1.01527,-0.0393871
320,31,-1.01154,-0.0390578
321,31,-1.00814,-0.0384456
322,31,-1.00484,-0.0378063
323,31,-1.00114,-0.0373547
324,31,-0.997398,-0.0368555
325,31,-0.993799,-0.0361259
326,31,-0.99017,-0.0353356
327,31,-0.986781,-0.0339581
11,32,-2.41238,-0.164302
12,32,-2.40831,-0.164157
13,32,-2.40445,-0.163823
14,32,-2.40057,-0.163623
15,32,-2.39646,-0.163716
16,32,-2.39237,-0.163649
17,32,-2.38805,-0.163713
18,32,-2.38359,-0.163662
19,32,-2.37956,-0.163762
20,32,-2.37494,-0.163718
21,32,-2.37091,-0.16363
22,32,-2.36645,-0.163712
23,32,-2.36269,-0.163708
24,32,-2.35804,-0.163719
25,32,-2.35362,-0.163623
26,32,-2.34932,-0.163601
27,32,-2.34506,-0.163365
28,32,-2.34081,-0.163312
29,32,-2.33668,-0.163352
30,32,-2.33274,-0.163339
31,32,-2.32848,-0.163638
32,32,-2.32434,-0.163486
33,32,-2.32015,-0.163734
34,32,-2.316,-0.164046
35,32,-2.3119,-0.163737
36,32,-2.30739,-0.163598
37,32,-2.30323,-0.163716
38,32,-2.29933,-0.163745
39,32,-2.29484,-0.163891
40,32,-2.29069,-0.163978
41,32,-2.28599,-0.164014
42,32,-2.28152,-0.16398
43,32,-2.27708,-0.164204
44,32,-2.27298,-0.164323
45,32,-2.26861,-0.164566
46,32,-2.26432,-0.164565
47,32,-2.26026,-0.164639
48,32,-2.25577,-0.165208
49,32,-2.25146,-0.165382
50,32,-2.24711,-0.16562
51,32,-2.24268,-0.165789
52,32,-2.23855,-0.165517
53,32,-2.23424,-0.165533
54,32,-2.23016,-0.165575
55,32,-2.22605,-0.165402
56,32,-2.22175,-0.165394
57,32,-2.21762,-0.16518
58,32,-2.21326,-0.16516
59,32,-2.20924,-0.165101
60,32,-2.2047,-0.165029
61,32,-2.20025,-0.164899
62,32,-2.19596,-0.164753
63,32,-2.19182,-0.164628
64,32,-2.18766,-0.164472
65,32,-2.18313,-0.164379
66,32,-2.17903,-0.164214
67,32,-2.1748,-0.16392
68,32,-2.17048,-0.163744
69,32,-2.16616,-0.163709
70,32,-2.1614,-0.163836
71,32,-2.15698,-0.163561
72,32,-2.1526,-0.163591
73,32,-2.1482,-0.16346
74,32,-2.14399,-0.163516
75,32,-2.13983,-0.163368
76,32,-2.13571,-0.162811
77,32,-2.13148,-0.16283
78,32,-2.12718,-0.162647
79,32,-2.12292,-0.162518
80,32,-2.11852,-0.162605
81,32,-2.11419,-0.16224
82,32,-2.1099,-0.16164
83,32,-2.10565,-0.161082
84,32,-2.10126,-0.160743
85,32,-2.09679,-0.16057
86,32,-2.09242,-0.160537
87,32,-2.08786,-0.160141
88,32,-2.08348,-0.160063
89,32,-2.07884,-0.159953
90,32,-2.07399,-0.159313
91,32,-2.06968,-0.159094
92,32,-2.06523,-0.158488
93,32,-2.06074,-0.158041
94,32,-2.05639,-0.158021
95,32,-2.05208,-0.157576
96,32,-2.04789,-0.157264
97,32,-2.04331,-0.157154
98,32,-2.03894,-0.156783
99,32,-2.03446,-0.156379
100,32,-2.03006,-0.155999
101,32,-2.02578,-0.155778
102,32,-2.02136,-0.155228
103,32,-2.01708,-0.154922
104,32,-2.01296,-0.154725
105,32,-2.0089,-0.154292
106,32,-2.00473,-0.153899
107,32,-2.00055,-0.153642
108,32,-1.99627,-0.153183
109,32,-1.99234,-0.152969
110,32,-1.98793,-0.152772
111,32,-1.9837,-0.152382
112,32,-1.97957,-0.152067
113,32,-1.97565,-0.151811
114,32,-1.97164,-0.151576
115,32,-1.96742,-0.151246
116,32,-1.96326,-0.150894
117,32,-1.95884,-0.150477
118,32,-1.95435,-0.14954
119,32,-1.94999,-0.14964
120,32,-1.94575,-0.148936
121,32,-1.94146,-0.148998
122,32,-1.93707,-0.148703
123,32,-1.93248,-0.147946
124,32,-1.92805,-0.147393
125,32,-1.92337,-0.146673
126,32,-1.91884,-0.14614
127,32,-1.91452,-0.145499
128,32,-1.91017,-0.14467
129,32,-1.90539,-0.143667
130,32,-1.90091,-0.142817
131,32,-1.89634,-0.142322
132,32,-1.8914,-0.141091
133,32,-1.88672,-0.139793
134,32,-1.88174,-0.138621
135,32,-1.87696,-0.137687
136,32,-1.87223,-0.136483
137,32,-1.86769,-0.135419
138,32,-1.8631,-0.13415
139,32,-1.85861,-0.132803
140,32,-1.85351,-0.131423
141,32,-1.84895,-0.130167
142,32,-1.84403,-0.128805
143,32,-1.83905,-0.127197
144,32,-1.83425,-0.125299
145,32,-1.82914,-0.123161
146,32,-1.82421,-0.121256
147,32,-1.81897,-0.119101
148,32,-1.81356,-0.116397
149,32,-1.80817,-0.113784
150,32,-1.8026,-0.11125
151,32,-1.79705,-0.108706
152,32,-1.79113,-0.10576
153,32,-1.78555,-0.102527
154,32,-1.77976,-0.099361
155,32,-1.77425,-0.0960463
156,32,-1.76837,-0.0928654
157,32,-1.76246,-0.089104
158,32,-1.75641,-0.0853794
159,32,-1.7505,-0.0814748
160,32,-1.74419,-0.0771228
161,32,-1.7382,-0.0723061
162,32,-1.73267,-0.0683597
163,32,-1.72679,-0.0642167
164,32,-1.72115,-0.0598146
165,32,-1.7153,-0.0554804
166,32,-1.70927,-0.0513125
167,32,-1.70371,-0.0474173
168,32,-1.69778,-0.0438693
169,32,-1.69233,-0.0405149
170,32,-1.68649,-0.0378486
171,32,-1.68066,-0.0348479
172,32,-1.67492,-0.0323714
173,32,-1.66933,-0.0299493
174,32,-1.66395,-0.0284386
175,32,-1.65836,-0.0268691
176,32,-1.65241,-0.0254908
177,32,-1.6464,-0.0246231
178,32,-1.64031,-0.0238846
179,32,-1.63387,-0.0233118
180,32,-1.62787,-0.0233114
181,32,-1.6218,-0.0232764
182,32,-1.6154,-0.0237523
183,32,-1.60929,-0.0243012
184,32,-1.60319,-0.0255268
185,32,-1.5973,-0.0266581
186,32,-1.59147,-0.0281341
187,32,-1.58568,-0.0299816
188,32,-1.57977,-0.0318377
189,32,-1.57336,-0.0340915
190,32,-1.56675,-0.0363922
191,32,-1.56076,-0.0391823
192,32,-1.55498,-0.0424013
193,32,-1.54934,-0.0455715
194,32,-1.54344,-0.0487466
195,32,-1.53744,-0.0519902
196,32,-1.53156,-0.0552454
197,32,-1.52571,-0.0581065
198,32,-1.51982,-0.0608793
199,32,-1.51383,-0.0636287
200,32,-1.50836,-0.0663139
201,32,-1.50335,-0.0689359
202,32,-1.49821,-0.0712457
203,32,-1.4931,-0.0735797
204,32,-1.48801,-0.0755382
205,32,-1.48311,-0.0770491
206,32,-1.47825,-0.0786402
207,32,-1.47324,-0.0802009
208,32,-1.46852,-0.0815388
209,32,-1.46396,-0.0827786
210,32,-1.45943,-0.0840227
211,32,-1.45462,-0.0849213
212,32,-1.44992,-0.0859128
213,32,-1.44502,-0.086783
214,32,-1.44035,-0.0874598
215,32,-1.43573,-0.0878616
216,32,-1.43119,-0.0883633
217,32,-1.42666,-0.0891283
218,32,-1.42179,-0.0888424
219,32,-1.41748,-0.0889036
220,32,-1.41287,-0.0891615
221,32,-1.40809,-0.0893123
222,32,-1.40312,-0.0895073
223,32,-1.39844,-0.0895216
224,32,-1.3936,-0.0893252
225,32,-1.38913,-0.0893417
226,32,-1.38443,-0.0890655
227,32,-1.37993,-0.0890079
228,32,-1.37527,-0.0889134
229,32,-1.37072,-0.088475
230,32,-1.36648,-0.0880011
231,32,-1.3617,-0.0880169
232,32,-1.35703,-0.0874534
233,32,-1.35288,-0.0868558
234,32,-1.34856,-0.0862826
235,32,-1.34435,-0.0859406
236,32,-1.34012,-0.0853963
237,32,-1.33587,-0.08492
238,32,-1.33162,-0.0844947
239,32,-1.32769,-0.0840397
240,32,-1.32338,-0.0835424
241,32,-1.3195,-0.0828803
242,32,-1.3154,-0.0822433
243,32,-1.3112,-0.0814454
244,32,-1.30725,-0.0804948
245,32,-1.30297,-0.0799652
246,32,-1.29898,-0.079274
247,32,-1.29492,-0.0786089
248,32,-1.29096,-0.0778589
249,32,-1.28686,-0.0771776
250,32,-1.28256,-0.0764109
251,32,-1.27815,-0.0760126
252,32,-1.27416,-0.0750978
253,32,-1.27007,-0.074391
254,32,-1.2661,-0.0739503
255,32,-1.26225,-0.0734665
256,32,-1.25834,-0.072996
257,32,-1.2541,-0.0726627
258,32,-1.25012,-0.0721114
259,32,-1.24582,-0.071604
260,32,-1.24176,-0.0709375
261,32,-1.23788,-0.0704527
262,32,-1.23414,-0.0702103
263,32,-1.23011,-0.0694121
264,32,-1.22601,-0.0691107
265,32,-1.22218,-0.0684485
266,32,-1.21835,-0.0678731
267,32,-1.21437,-0.0673129
268,32,-1.21022,-0.0665648
269,32,-1.20639,-0.0660335
270,32,-1.20266,-0.0653446
271,32,-1.19882,-0.0647852
272,32,-1.19518,-0.0641705
273,32,-1.19127,-0.0638225
274,32,-1.18734,-0.0635447
275,32,-1.18322,-0.0626976
276,32,-1.17918,-0.0620103
277,32,-1.17494,-0.0615051
278,32,-1.17116,-0.0607692
279,32,-1.16748,-0.0601304
280,32,-1.1633,-0.0595141
281,32,-1.15935,-0.0588566
282,32,-1.15567,-0.0582002
283,32,-1.15151,-0.0574996
284,32,-1.14782,-0.0570454
285,32,-1.14421,-0.0563797
286,32,-1.14082,-0.0559447
287,32,-1.1373,-0.0555879
288,32,-1.13337,-0.0549476
289,32,-1.1297,-0.0543428
290,32,-1.12623,-0.0537423
291,32,-1.12259,-0.0535326
292,32,-1.11842,-0.0528939
293,32,-1.11445,-0.0523043
294,32,-1.11051,-0.0518342
295,32,-1.10683,-0.0515944
296,32,-1.10321,-0.0510861
297,32,-1.0992,-0.0505878
298,32,-1.09545,-0.0501239
299,32,-1.09153,-0.0496597
300,32,-1.08749,-0.0488023
301,32,-1.08372,-0.0480583
302,32,-1.07995,-0.0476482
303,32,-1.07632,-0.0469156
304,32,-1.07268,-0.046499
305,32,-1.06909,-0.046045
306,32,-1.06537,-0.0457253
307,32,-1.06136,-0.0456067
308,32,-1.05745,-0.0448052
309,32,-1.05336,-0.044272
310,32,-1.04993,-0.0436876
311,32,-1.04612,-0.0431963
312,32,-1.04201,-0.0425751
313,32,-1.03857,-0.0421701
314,32,-1.03497,-0.041911
315,32,-1.03103,-0.041558
316,32,-1.02711,-0.0412515
317,32,-1.02337,-0.0411211
318,32,-1.01919,-0.0406171
319,32,-1.01542,-0.040108
320,32,-1.01191,-0.0396066
321,32,-1.00821,-0.0392754
322,32,-1.00464,-0.0385963
323,32,-1.00097,-0.0378926
324,32,-0.997612,-0.0374164
325,32,-0.994078,-0.0365485
326,32,-0.990385,-0.0358145
327,32,-0.987006,-0.0345136
11,33,-2.41275,-0.165223
12,33,-2.40842,-0.165058
13,33,-2.40472,-0.16458
14,33,-2.40083,-0.164559
15,33,-2.39707,-0.16459
16,33,-2.39311,-0.164221
17,33,-2.38869,-0.16439
18,33,-2.3844,-0.164078
19,33,-2.37998,-0.164308
20,33,-2.37536,-0.164139
21,33,-2.37123,-0.164328
22,33,-2.36693,-0.164435
23,33,-2.36291,-0.164342
24,33,-2.35833,-0.164387
25,33,-2.35401,-0.164281
26,33,-2.34981,-0.164282
27,33,-2.34572,-0.163922
28,33,-2.34124,-0.163651
29,33,-2.33723,-0.163941
30,33,-2.33304,-0.163966
31,33,-2.32898,-0.164271
32,33,-2.32492,-0.164414
33,33,-2.32064,-0.16457
34,33,-2.31651,-0.16489
35,33,-2.31262,-0.16454
36,33,-2.30829,-0.164405
37,33,-2.30418,-0.164168
38,33,-2.2999,-0.164633
39,33,-2.29584,-0.164588
40,33,-2.29139,-0.164543
41,33,-2.28651,-0.164396
42,33,-2.28212,-0.164617
43,33,-2.2775,-0.165057
44,33,-2.27343,-0.165184
45,33,-2.26936,-0.165287
46,33,-2.26546,-0.165516
47,33,-2.26118,-0.1654
48,33,-2.25687,-0.165783
49,33,-2.25262,-0.166009
50,33,-2.24833,-0.166255
51,33,-2.24388,-0.166262
52,33,-2.23947,-0.166031
53,33,-2.23528,-0.165966
54,33,-2.23106,-0.165971
55,33,-2.22679,-0.16602
56,33,-2.2228,-0.165782
57,33,-2.21825,-0.165404
58,33,-2.2142,-0.16554
59,33,-2.21009,-0.165822
60,33,-2.20567,-0.165561
61,33,-2.20129,-0.165271
62,33,-2.19706,-0.16522
63,33,-2.19272,-0.165074
64,33,-2.1881,-0.165129
65,33,-2.18364,-0.165092
66,33,-2.17962,-0.164831
67,33,-2.17557,-0.164771
68,33,-2.17135,-0.164566
69,33,-2.16674,-0.164331
70,33,-2.16227,-0.164607
71,33,-2.15756,-0.16417
72,33,-2.15343,-0.164177
73,33,-2.1493,-0.164289
74,33,-2.14492,-0.164233
75,33,-2.14087,-0.164031
76,33,-2.13677,-0.163735
77,33,-2.13266,-0.163608
78,33,-2.12812,-0.163342
79,33,-2.12383,-0.163394
80,33,-2.11967,-0.163224
81,33,-2.11542,-0.163049
82,33,-2.11104,-0.162502
83,33,-2.10674,-0.161796
84,33,-2.10241,-0.161583
85,33,-2.09788,-0.16136
86,33,-2.09351,-0.161403
87,33,-2.08893,-0.16102
88,33,-2.08458,-0.160665
89,33,-2.07992,-0.160806
90,33,-2.07522,-0.160399
91,33,-2.07088,-0.159964
92,33,-2.0665,-0.159402
93,33,-2.06217,-0.158748
94,33,-2.05773,-0.158619
95,33,-2.05345,-0.158655
96,33,-2.04928,-0.158347
97,33,-2.04503,-0.157855
98,33,-2.04075,-0.15751
99,33,-2.0365,-0.157213
100,33,-2.03207,-0.156966
101,33,-2.02758,-0.156555
102,33,-2.02321,-0.155854
103,33,-2.01913,-0.155525
104,33,-2.01497,-0.155414
105,33,-2.01084,-0.154989
106,33,-2.0068,-0.154774
107,33,-2.0025,-0.154281
108,33,-1.99844,-0.153862
109,33,-1.99447,-0.153427
110,33,-1.99002,-0.153204
111,33,-1.98595,-0.152931
112,33,-1.98207,-0.152792
113,33,-1.97784,-0.152624
114,33,-1.97396,-0.152227
115,33,-1.96994,-0.151981
116,33,-1.96576,-0.151577
117,33,-1.96129,-0.151335
118,33,-1.95697,-0.150715
119,33,-1.95273,-0.150308
120,33,-1.94866,-0.150177
121,33,-1.94426,-0.149925
122,33,-1.9398,-0.149616
123,33,-1.93532,-0.149291
124,33,-1.93053,-0.148841
125,33,-1.92601,-0.148075
126,33,-1.9216,-0.1473
127,33,-1.91724,-0.146581
128,33,-1.91319,-0.145836
129,33,-1.90856,-0.144872
130,33,-1.90378,-0.14405
131,33,-1.89922,-0.143201
132,33,-1.89446,-0.142166
133,33,-1.88974,-0.140966
134,33,-1.88503,-0.139893
135,33,-1.87993,-0.138584
136,33,-1.87532,-0.137663
137,33,-1.87066,-0.136552
138,33,-1.86599,-0.135295
139,33,-1.86141,-0.134221
140,33,-1.85678,-0.133002
141,33,-1.8522,-0.131398
142,33,-1.84738,-0.129955
143,33,-1.84238,-0.128807
144,33,-1.83737,-0.126715
145,33,-1.83245,-0.124668
146,33,-1.82733,-0.122627
147,33,-1.82231,-0.120263
148,33,-1.81692,-0.117851
149,33,-1.81129,-0.115517
150,33,-1.80579,-0.113056
151,33,-1.80045,-0.110286
152,33,-1.79448,-0.107055
153,33,-1.78872,-0.104164
154,33,-1.78256,-0.101053
155,33,-1.77697,-0.0976809
156,33,-1.77097,-0.0940029
157,33,-1.76498,-0.0907618
158,33,-1.7592,-0.0867408
159,33,-1.75283,-0.0830203
160,33,-1.74689,-0.078519
161,33,-1.74125,-0.0740049
162,33,-1.7351,-0.0697074
163,33,-1.72927,-0.0652067
164,33,-1.72345,-0.060727
165,33,-1.71757,-0.0565097
166,33,-1.71141,-0.0522097
167,33,-1.70553,-0.0482971
168,33,-1.69979,-0.0444776
169,33,-1.69409,-0.041137
170,33,-1.6882,-0.0382388
171,33,-1.68224,-0.0354475
172,33,-1.67628,-0.0327597
173,33,-1.67053,-0.0308094
174,33,-1.66487,-0.0287109
175,33,-1.65898,-0.0271673
176,33,-1.65319,-0.0259278
177,33,-1.64675,-0.0251125
178,33,-1.64047,-0.0245049
179,33,-1.63427,-0.0239015
180,33,-1.62786,-0.0239152
181,33,-1.62149,-0.0241824
182,33,-1.6152,-0.0244441
183,33,-1.60896,-0.0250863
184,33,-1.60284,-0.0261884
185,33,-1.5965,-0.0273639
186,33,-1.59069,-0.0287083
187,33,-1.5848,-0.030684
188,33,-1.57851,-0.0325602
189,33,-1.57186,-0.0348578
190,33,-1.56545,-0.0374181
191,33,-1.55961,-0.0404327
192,33,-1.55363,-0.04361
193,33,-1.54792,-0.046684
194,33,-1.54177,-0.050156
195,33,-1.53557,-0.0534721
196,33,-1.52964,-0.0567492
197,33,-1.5233,-0.0599838
198,33,-1.5175,-0.0628949
199,33,-1.51201,-0.0655838
200,33,-1.50644,-0.0682226
201,33,-1.50151,-0.0707325
202,33,-1.49628,-0.0730374
203,33,-1.49097,-0.0754172
204,33,-1.48598,-0.0772905
205,33,-1.48076,-0.0792061
206,33,-1.47574,-0.0807934
207,33,-1.47096,-0.0821382
208,33,-1.46613,-0.0834501
209,33,-1.46144,-0.0843464
210,33,-1.45682,-0.0856648
211,33,-1.45198,-0.0866487
212,33,-1.44751,-0.0876095
213,33,-1.4428,-0.0882679
214,33,-1.43791,-0.0888785
215,33,-1.43332,-0.0892528
216,33,-1.42874,-0.0895386
217,33,-1.4242,-0.0900713
218,33,-1.41956,-0.0900244
219,33,-1.41521,-0.0901335
220,33,-1.41071,-0.0903815
221,33,-1.40588,-0.090677
222,33,-1.40117,-0.09055
223,33,-1.39632,-0.0902961
224,33,-1.39183,-0.0903596
225,33,-1.38723,-0.0903552
226,33,-1.38259,-0.0902714
227,33,-1.37796,-0.0901614
228,33,-1.37332,-0.0900721
229,33,-1.36873,-0.0897584
230,33,-1.36416,-0.0892356
231,33,-1.35973,-0.0890528
232,33,-1.35535,-0.0884632
233,33,-1.35103,-0.0878308
234,33,-1.3467,-0.0875194
235,33,-1.34246,-0.0868731
236,33,-1.33874,-0.0864032
237,33,-1.33425,-0.085943
238,33,-1.33012,-0.0855738
239,33,-1.32617,-0.0849406
240,33,-1.32217,-0.0841451
241,33,-1.3182,-0.0836001
242,33,-1.31386,-0.0830251
243,33,-1.30989,-0.0822794
244,33,-1.30572,-0.0814478
245,33,-1.30144,-0.0810888
246,33,-1.2976,-0.0802621
247,33,-1.29354,-0.0793577
248,33,-1.29,-0.078534
249,33,-1.28586,-0.07775
250,33,-1.28158,-0.0773223
251,33,-1.27726,-0.0766608
252,33,-1.27328,-0.075973
253,33,-1.26921,-0.0752404
254,33,-1.26501,-0.0746142
255,33,-1.26111,-0.0739887
256,33,-1.25719,-0.0738248
257,33,-1.25312,-0.0736363
258,33,-1.24929,-0.0730177
259,33,-1.24514,-0.0725217
260,33,-1.24107,-0.0719928
261,33,-1.23706,-0.0713912
262,33,-1.23325,-0.0710844
263,33,-1.22942,-0.0705042
264,33,-1.2255,-0.0699602
265,33,-1.22148,-0.069324
266,33,-1.21755,-0.0688352
267,33,-1.21374,-0.0682099
268,33,-1.20974,-0.0674641
269,33,-1.20584,-0.0669144
270,33,-1.20199,-0.0662535
271,33,-1.19827,-0.0657325
272,33,-1.19482,-0.0654842
273,33,-1.19114,-0.0647291
274,33,-1.18717,-0.0641029
275,33,-1.18316,-0.0637301
276,33,-1.179,-0.0630853
277,33,-1.17504,-0.0622895
278,33,-1.17124,-0.0614376
279,33,-1.16728,-0.0610769
280,33,-1.1634,-0.0602358
281,33,-1.15945,-0.0594761
282,33,-1.15569,-0.0590592
283,33,-1.15191,-0.0584685
284,33,-1.14821,-0.0579899
285,33,-1.1444,-0.0575294
286,33,-1.1407,-0.0570413
287,33,-1.13718,-0.0563922
288,33,-1.13362,-0.055502
289,33,-1.1296,-0.0550687
290,33,-1.12598,-0.0547098
291,33,-1.12229,-0.053922
292,33,-1.11851,-0.0531564
293,33,-1.11463,-0.0529782
294,33,-1.11083,-0.0524296
295,33,-1.10689,-0.052154
296,33,-1.10328,-0.0515175
297,33,-1.09917,-0.0512608
298,33,-1.09544,-0.0508098
299,33,-1.09182,-0.0500642
300,33,-1.0879,-0.0497281
301,33,-1.08433,-0.0493974
302,33,-1.08048,-0.0487612
303,33,-1.07641,-0.0479028
304,33,-1.07281,-0.0473767
305,33,-1.06935,-0.0468085
306,33,-1.06524,-0.0466336
307,33,-1.06181,-0.0462566
308,33,-1.05781,-0.0455533
309,33,-1.05374,-0.0450045
310,33,-1.05005,-0.0443388
311,33,-1.04623,-0.0440834
312,33,-1.04258,-0.0433658
313,33,-1.03902,-0.0430429
314,33,-1.03502,-0.0425989
315,33,-1.03143,-0.0423978
316,33,-1.02742,-0.0423452
317,33,-1.02365,-0.0418326
318,33,-1.01972,-0.0416204
319,33,-1.01584,-0.041069
320,33,-1.01224,-0.0404635
321,33,-1.00847,-0.0399552
322,33,-1.00493,-0.0392772
323,33,-1.00118,-0.0387941
324,33,-0.997711,-0.0380758
325,33,-0.99422,-0.03704
326,33,-0.990566,-0.0365153
327,33,-0.987222,-0.0351911
11,34,-2.41322,-0.166239
12,34,-2.40888,-0.165709
13,34,-2.40515,-0.165373
14,34,-2.40134,-0.165217
15,34,-2.3974,-0.165275
16,34,-2.39334,-0.164983
17,34,-2.38908,-0.164696
18,34,-2.38478,-0.1648
19,34,-2.38048,-0.164728
20,34,-2.376,-0.164643
21,34,-2.37152,-0.164875
22,34,-2.36736,-0.165001
23,34,-2.36322,-0.165072
24,34,-2.35897,-0.16495
25,34,-2.35439,-0.164834
26,34,-2.35015,-0.164711
27,34,-2.34585,-0.164648
28,34,-2.34175,-0.164546
29,34,-2.33777,-0.16442
30,34,-2.33375,-0.164344
31,34,-2.32958,-0.164607
32,34,-2.32561,-0.164874
33,34,-2.32131,-0.165261
34,34,-2.31701,-0.165441
35,34,-2.31282,-0.165234
36,34,-2.30879,-0.165051
37,34,-2.30477,-0.165065
38,34,-2.30054,-0.164958
39,34,-2.29633,-0.164943
40,34,-2.29177,-0.165017
41,34,-2.28761,-0.165115
42,34,-2.28308,-0.165064
43,34,-2.27857,-0.165457
44,34,-2.27412,-0.165568
45,34,-2.2701,-0.165831
46,34,-2.26606,-0.165903
47,34,-2.26187,-0.165876
48,34,-2.25783,-0.166101
49,34,-2.25349,-0.166192
50,34,-2.24898,-0.166373
51,34,-2.2447,-0.166546
52,34,-2.2405,-0.166397
53,34,-2.23615,-0.16638
54,34,-2.23167,-0.166385
55,34,-2.22776,-0.166237
56,34,-2.22366,-0.165953
57,34,-2.21922,-0.165671
58,34,-2.21512,-0.16568
59,34,-2.21096,-0.16605
60,34,-2.20678,-0.16617
61,34,-2.2025,-0.165958
62,34,-2.19787,-0.165853
63,34,-2.19352,-0.165718
64,34,-2.18897,-0.165554
65,34,-2.18482,-0.165546
66,34,-2.18068,-0.165713
67,34,-2.17666,-0.165386
68,34,-2.17242,-0.164984
69,34,-2.16781,-0.164863
70,34,-2.16319,-0.165134
71,34,-2.1587,-0.165241
72,34,-2.15444,-0.164899
73,34,-2.15031,-0.164829
74,34,-2.14616,-0.164889
75,34,-2.14194,-0.164846
76,34,-2.13792,-0.164398
77,34,-2.13368,-0.164218
78,34,-2.12927,-0.164149
79,34,-2.12503,-0.163946
80,34,-2.12074,-0.163717
81,34,-2.11651,-0.163733
82,34,-2.11215,-0.1633
83,34,-2.10793,-0.162745
84,34,-2.10366,-0.162503
85,34,-2.09917,-0.162176
86,34,-2.09472,-0.16207
87,34,-2.09007,-0.161711
88,34,-2.08573,-0.161468
89,34,-2.08125,-0.161461
90,34,-2.0767,-0.161301
91,34,-2.07232,-0.160806
92,34,-2.06776,-0.160137
93,34,-2.06342,-0.15965
94,34,-2.05906,-0.159381
95,34,-2.05499,-0.159347
96,34,-2.05092,-0.159217
97,34,-2.04643,-0.158735
98,34,-2.04231,-0.15846
99,34,-2.0383,-0.158021
100,34,-2.03391,-0.157532
101,34,-2.02963,-0.157329
102,34,-2.02534,-0.156664
103,34,-2.02138,-0.156117
104,34,-2.01726,-0.156149
105,34,-2.01287,-0.155838
106,34,-2.00894,-0.155235
107,34,-2.00468,-0.154985
108,34,-2.00067,-0.154537
109,34,-1.9965,-0.154221
110,34,-1.99229,-0.154109
111,34,-1.98833,-0.153747
112,34,-1.98458,-0.153172
113,34,-1.98063,-0.152875
114,34,-1.97663,-0.152819
115,34,-1.97237,-0.152715
116,34,-1.96837,-0.152443
117,34,-1.96422,-0.151943
118,34,-1.95941,-0.151683
119,34,-1.9553,-0.151187
120,34,-1.95146,-0.151096
121,34,-1.947,-0.15057
122,34,-1.94243,-0.150525
123,34,-1.93808,-0.150169
124,34,-1.93341,-0.149555
125,34,-1.9289,-0.149189
126,34,-1.92442,-0.148465
127,34,-1.92,-0.147708
128,34,-1.91597,-0.146787
129,34,-1.91159,-0.145697
130,34,-1.90692,-0.145234
131,34,-1.90217,-0.143981
132,34,-1.89768,-0.143062
133,34,-1.89301,-0.141942
134,34,-1.8882,-0.140722
135,34,-1.88333,-0.139914
136,34,-1.8787,-0.138721
137,34,-1.87394,-0.137757
138,34,-1.86924,-0.136497
139,34,-1.86447,-0.135422
140,34,-1.86011,-0.134187
141,34,-1.85541,-0.132964
142,34,-1.85078,-0.131479
143,34,-1.84586,-0.130015
144,34,-1.84085,-0.128326
145,34,-1.836,-0.126027
146,34,-1.83065,-0.124278
147,34,-1.82578,-0.122253
148,34,-1.82082,-0.120054
149,34,-1.81488,-0.117384
150,34,-1.8095,-0.114667
151,34,-1.80376,-0.111932
152,34,-1.79816,-0.108553
153,34,-1.79215,-0.105747
154,34,-1.78637,-0.102452
155,34,-1.78025,-0.0992514
156,34,-1.77432,-0.0956568
157,34,-1.76844,-0.0921683
158,34,-1.76242,-0.088256
159,34,-1.75611,-0.0840055
160,34,-1.75022,-0.079679
161,34,-1.74426,-0.0752833
162,34,-1.73784,-0.0709302
163,34,-1.73225,-0.0663817
164,34,-1.72626,-0.0618018
165,34,-1.72002,-0.0571905
166,34,-1.71411,-0.0531105
167,34,-1.70794,-0.0492743
168,34,-1.70197,-0.0452656
169,34,-1.69608,-0.0416581
170,34,-1.69006,-0.0390385
171,34,-1.68379,-0.036015
172,34,-1.67761,-0.0334477
173,34,-1.67205,-0.0312601
174,34,-1.66614,-0.0293873
175,34,-1.66004,-0.0277131
176,34,-1.65386,-0.0264246
177,34,-1.64715,-0.0255408
178,34,-1.64071,-0.0247644
179,34,-1.63418,-0.0245489
180,34,-1.62777,-0.024699
181,34,-1.62153,-0.0250654
182,34,-1.61502,-0.0256608
183,34,-1.60865,-0.0259639
184,34,-1.60214,-0.0267451
185,34,-1.5958,-0.0280237
186,34,-1.58985,-0.0298711
187,34,-1.58367,-0.0314832
188,34,-1.57731,-0.0336038
189,34,-1.57077,-0.0362649
190,34,-1.56426,-0.0385862
191,34,-1.55814,-0.0414551
192,34,-1.5522,-0.0446636
193,34,-1.54618,-0.0480091
194,34,-1.53982,-0.0516813
195,34,-1.53365,-0.0550734
196,34,-1.5276,-0.0584294
197,34,-1.52176,-0.0616939
198,34,-1.51555,-0.0644243
199,34,-1.50979,-0.0673295
200,34,-1.50425,-0.0701166
201,34,-1.49858,-0.0725544
202,34,-1.49382,-0.0748924
203,34,-1.48861,-0.0772788
204,34,-1.48332,-0.0792746
205,34,-1.47822,-0.0809002
206,34,-1.47295,-0.0826988
207,34,-1.46813,-0.083966
208,34,-1.46342,-0.0847333
209,34,-1.45875,-0.0856285
210,34,-1.45404,-0.0868519
211,34,-1.44926,-0.0880703
212,34,-1.44476,-0.0889742
213,34,-1.44028,-0.0896596
214,34,-1.43537,-0.0904793
215,34,-1.43069,-0.0909694
216,34,-1.42617,-0.0910589
217,34,-1.42172,-0.0914443
218,34,-1.41738,-0.0914891
219,34,-1.41256,-0.0911634
220,34,-1.40805,-0.0914488
221,34,-1.40362,-0.0917182
222,34,-1.39909,-0.0915537
223,34,-1.39428,-0.0912689
224,34,-1.38969,-0.0913534
225,34,-1.38504,-0.091481
226,34,-1.38032,-0.0914505
227,34,-1.37572,-0.0913498
228,34,-1.37113,-0.0910626
229,34,-1.36652,-0.0908057
230,34,-1.36198,-0.0903941
231,34,-1.35784,-0.0901423
232,34,-1.3537,-0.0894117
233,34,-1.34908,-0.088908
234,34,-1.34499,-0.0884862
235,34,-1.34049,-0.0878861
236,34,-1.33617,-0.0874125
237,34,-1.3322,-0.0872236
238,34,-1.32838,-0.0865725
239,34,-1.32413,-0.0859924
240,34,-1.32033,-0.0851457
241,34,-1.31665,-0.0847738
242,34,-1.31238,-0.0840802
243,34,-1.30835,-0.0835428
244,34,-1.30422,-0.0828476
245,34,-1.3002,-0.0822587
246,34,-1.29613,-0.08135
247,34,-1.29226,-0.0803948
248,34,-1.28875,-0.0794811
249,34,-1.28484,-0.0789079
250,34,-1.28053,-0.0782789
251,34,-1.27607,-0.0775969
252,34,-1.27229,-0.0771078
253,34,-1.26813,-0.0764378
254,34,-1.26389,-0.0756951
255,34,-1.26005,-0.0751249
256,34,-1.25617,-0.0748779
257,34,-1.25241,-0.0742391
258,34,-1.24838,-0.073682
259,34,-1.24411,-0.0733208
260,34,-1.24026,-0.0727316
261,34,-1.23646,-0.0724192
262,34,-1.23239,-0.071936
263,34,-1.22859,-0.0713476
264,34,-1.22464,-0.0708581
265,34,-1.2205,-0.070407
266,34,-1.21666,-0.0699083
267,34,-1.21295,-0.0693591
268,34,-1.20924,-0.0685526
269,34,-1.20548,-0.0675932
270,34,-1.20177,-0.0671849
271,34,-1.19777,-0.0666113
272,34,-1.1943,-0.0659118
273,34,-1.19074,-0.0657543
274,34,-1.18671,-0.0650915
275,34,-1.18301,-0.0645487
276,34,-1.17871,-0.0639555
277,34,-1.17459,-0.0628942
278,34,-1.17068,-0.0621503
279,34,-1.16677,-0.0617554
280,34,-1.16303,-0.0610848
281,34,-1.15918,-0.0606065
282,34,-1.15561,-0.059785
283,34,-1.15181,-0.0591268
284,34,-1.14809,-0.0589429
285,34,-1.14425,-0.0581958
286,34,-1.14055,-0.0577349
287,34,-1.13723,-0.056964
288,34,-1.13352,-0.056418
289,34,-1.12972,-0.0559128
290,34,-1.12588,-0.0556285
291,34,-1.12225,-0.0548002
292,34,-1.11868,-0.054303
293,34,-1.11448,-0.0536823
294,34,-1.11092,-0.0532466
295,34,-1.10696,-0.052722
296,34,-1.10311,-0.0523492
297,34,-1.0997,-0.0518872
298,34,-1.09599,-0.0515545
299,34,-1.09208,-0.0510551
300,34,-1.08844,-0.0506742
301,34,-1.08456,-0.0502795
302,34,-1.08065,-0.0495867
303,34,-1.07682,-0.0487064
304,34,-1.07279,-0.0479596
305,34,-1.06915,-0.0476743
306,34,-1.06547,-0.0474795
307,34,-1.06177,-0.047104
308,34,-1.05805,-0.0467626
309,34,-1.05403,-0.0460308
310,34,-1.05033,-0.0455764
311,34,-1.04653,-0.0450518
312,34,-1.04273,-0.0446796
313,34,-1.03923,-0.0442735
314,34,-1.03525,-0.0435873
315,34,-1.03154,-0.0431613
316,34,-1.02782,-0.0428228
317,34,-1.02372,-0.0424955
318,34,-1.01977,-0.0420765
319,34,-1.01603,-0.0415608
320,34,-1.01256,-0.0409736
321,34,-1.00881,-0.0405111
322,34,-1.00501,-0.0399804
323,34,-1.00155,-0.0393797
324,34,-0.998009,-0.0388186
325,34,-0.994342,-0.0381765
326,34,-0.990833,-0.0373604
327,34,-0.98728,-0.0360226
11,35,-2.4136,-0.167248
12,35,-2.40906,-0.166531
13,35,-2.40523,-0.166134
14,35,-2.40147,-0.165781
15,35,-2.3978,-0.165479
16,35,-2.39375,-0.165591
17,35,-2.38968,-0.165451
18,35,-2.38507,-0.16531
19,35,-2.38085,-0.165236
20,35,-2.37635,-0.165296
21,35,-2.37197,-0.165486
22,35,-2.36775,-0.165443
23,35,-2.3636,-0.165279
24,35,-2.35914,-0.165443
25,35,-2.35492,-0.165095
26,35,-2.35042,-0.165231
27,35,-2.34633,-0.165413
28,35,-2.34212,-0.164988
29,35,-2.33831,-0.164942
30,35,-2.33442,-0.164694
31,35,-2.33047,-0.164888
32,35,-2.32615,-0.165303
33,35,-2.32203,-0.165428
34,35,-2.31786,-0.165755
35,35,-2.31351,-0.165722
36,35,-2.30942,-0.165432
37,35,-2.30514,-0.165385
38,35,-2.30131,-0.165332
39,35,-2.29707,-0.165678
40,35,-2.29277,-0.165548
41,35,-2.28835,-0.165688
42,35,-2.28402,-0.165613
43,35,-2.27951,-0.165792
44,35,-2.275,-0.16609
45,35,-2.27101,-0.166094
46,35,-2.26682,-0.16624
47,35,-2.26277,-0.166235
48,35,-2.25846,-0.166288
49,35,-2.2542,-0.166512
50,35,-2.24981,-0.166705
51,35,-2.24558,-0.166648
52,35,-2.24118,-0.166648
53,35,-2.23706,-0.166597
54,35,-2.23253,-0.16675
55,35,-2.22833,-0.1665
56,35,-2.22449,-0.166087
57,35,-2.22022,-0.166082
58,35,-2.2159,-0.166103
59,35,-2.21162,-0.166105
60,35,-2.20749,-0.166218
61,35,-2.20334,-0.166203
62,35,-2.19875,-0.166048
63,35,-2.19444,-0.166107
64,35,-2.19034,-0.16585
65,35,-2.18613,-0.165768
66,35,-2.18186,-0.166143
67,35,-2.17756,-0.165903
68,35,-2.17355,-0.165118
69,35,-2.16922,-0.165162
70,35,-2.16449,-0.165382
71,35,-2.16026,-0.165445
72,35,-2.1559,-0.16554
73,35,-2.15157,-0.165395
74,35,-2.14724,-0.165234
75,35,-2.14303,-0.165172
76,35,-2.13899,-0.165083
77,35,-2.13475,-0.164891
78,35,-2.13057,-0.164521
79,35,-2.1263,-0.164377
80,35,-2.12185,-0.164313
81,35,-2.11753,-0.164104
82,35,-2.11322,-0.164068
83,35,-2.10884,-0.163728
84,35,-2.10493,-0.163104
85,35,-2.10051,-0.162626
86,35,-2.09601,-0.162584
87,35,-2.09147,-0.162374
88,35,-2.08689,-0.16196
89,35,-2.08268,-0.161899
90,35,-2.07819,-0.161702
91,35,-2.07376,-0.161422
92,35,-2.06924,-0.161047
93,35,-2.06503,-0.160538
94,35,-2.06056,-0.160158
95,35,-2.05629,-0.159977
96,35,-2.05231,-0.159837
97,35,-2.04796,-0.159573
98,35,-2.044,-0.159337
99,35,-2.03998,-0.158835
100,35,-2.03568,-0.158371
101,35,-2.03149,-0.158077
102,35,-2.02752,-0.157362
103,35,-2.02344,-0.156844
104,35,-2.01919,-0.156587
105,35,-2.01512,-0.156484
106,35,-2.01117,-0.156227
107,35,-2.0069,-0.155768
108,35,-2.00272,-0.155328
109,35,-1.99854,-0.154799
110,35,-1.99454,-0.154467
111,35,-1.99057,-0.154209
112,35,-1.98695,-0.1537
113,35,-1.98309,-0.153482
114,35,-1.9791,-0.153273
115,35,-1.97517,-0.152991
116,35,-1.97076,-0.15275
117,35,-1.9667,-0.152515
118,35,-1.9624,-0.152383
119,35,-1.95839,-0.15236
120,35,-1.95416,-0.151968
121,35,-1.94986,-0.151747
122,35,-1.94558,-0.151141
123,35,-1.9411,-0.150645
124,35,-1.93641,-0.150213
125,35,-1.93185,-0.150037
126,35,-1.92727,-0.149183
127,35,-1.92308,-0.148583
128,35,-1.91894,-0.147902
129,35,-1.91495,-0.147091
130,35,-1.91026,-0.145988
131,35,-1.90544,-0.144982
132,35,-1.90079,-0.144081
133,35,-1.89633,-0.142882
134,35,-1.89155,-0.141745
135,35,-1.88681,-0.141012
136,35,-1.88207,-0.140166
137,35,-1.8774,-0.139134
138,35,-1.87256,-0.137886
139,35,-1.86812,-0.136844
140,35,-1.86362,-0.135518
141,35,-1.85862,-0.134042
142,35,-1.85437,-0.132721
143,35,-1.84946,-0.131164
144,35,-1.84447,-0.129623
145,35,-1.83944,-0.127384
146,35,-1.83437,-0.125501
147,35,-1.82943,-0.123395
148,35,-1.82426,-0.121271
149,35,-1.8184,-0.118816
150,35,-1.8129,-0.116279
151,35,-1.80709,-0.113261
152,35,-1.80146,-0.11017
153,35,-1.796,-0.107309
154,35,-1.7901,-0.104266
155,35,-1.78424,-0.10076
156,35,-1.77848,-0.0971452
157,35,-1.77254,-0.0936288
158,35,-1.76616,-0.0897313
159,35,-1.75986,-0.0854686
160,35,-1.75375,-0.081376
161,35,-1.74743,-0.0766132
162,35,-1.74135,-0.0721155
163,35,-1.73539,-0.0675569
164,35,-1.72921,-0.0628328
165,35,-1.72301,-0.0584829
166,35,-1.71704,-0.0540728
167,35,-1.71086,-0.0500753
168,35,-1.70432,-0.0462962
169,35,-1.69835,-0.0425521
170,35,-1.69209,-0.0394828
171,35,-1.68564,-0.0369465
172,35,-1.67927,-0.0344471
173,35,-1.67324,-0.0322634
174,35,-1.66695,-0.0303771
175,35,-1.66081,-0.028396
176,35,-1.65416,-0.0272012
177,35,-1.64739,-0.0263889
178,35,-1.64087,-0.0256776
179,35,-1.63439,-0.0254179
180,35,-1.6278,-0.0253706
181,35,-1.62136,-0.025797
182,35,-1.61463,-0.0263119
183,35,-1.6078,-0.026612
184,35,-1.60122,-0.0275687
185,35,-1.59497,-0.0289966
186,35,-1.58857,-0.030678
187,35,-1.58222,-0.0326388
188,35,-1.57588,-0.0348474
189,35,-1.56925,-0.0372885
190,35,-1.56286,-0.0401712
191,35,-1.55631,-0.0431791
192,35,-1.55017,-0.0461898
193,35,-1.54399,-0.0495439
194,35,-1.53774,-0.0531053
195,35,-1.53159,-0.0565621
196,35,-1.52526,-0.0601789
197,35,-1.51912,-0.0635302
198,35,-1.51318,-0.0662482
199,35,-1.50728,-0.0690602
200,35,-1.5016,-0.0718045
201,35,-1.49614,-0.0741462
202,35,-1.49099,-0.0764507
203,35,-1.48593,-0.0789526
204,35,-1.4805,-0.0810154
205,35,-1.47523,-0.0827084
206,35,-1.4702,-0.0840776
207,35,-1.46516,-0.0851356
208,35,-1.46042,-0.0861425
209,35,-1.45562,-0.0873786
210,35,-1.45099,-0.088577
211,35,-1.44656,-0.089486
212,35,-1.44188,-0.0905204
213,35,-1.43738,-0.0910481
214,35,-1.43271,-0.091672
215,35,-1.42805,-0.0920208
216,35,-1.42333,-0.0922066
217,35,-1.41892,-0.0924533
218,35,-1.41455,-0.0925235
219,35,-1.41006,-0.0924586
220,35,-1.4055,-0.0926223
221,35,-1.40075,-0.0928111
222,35,-1.39635,-0.0926522
223,35,-1.39178,-0.0926097
224,35,-1.38733,-0.0923919
225,35,-1.38264,-0.0921585
226,35,-1.37811,-0.0918354
227,35,-1.37357,-0.091994
228,35,-1.36906,-0.0920913
229,35,-1.36452,-0.0915033
230,35,-1.3602,-0.0912154
231,35,-1.35566,-0.0910543
232,35,-1.35158,-0.0904181
233,35,-1.34721,-0.0897783
234,35,-1.34277,-0.0890578
235,35,-1.33863,-0.0889249
236,35,-1.33399,-0.088329
237,35,-1.33028,-0.0879143
238,35,-1.32643,-0.0873988
239,35,-1.32249,-0.0867949
240,35,-1.31856,-0.0863153
241,35,-1.3148,-0.0856568
242,35,-1.31089,-0.085175
243,35,-1.30664,-0.0844619
244,35,-1.30263,-0.0838768
245,35,-1.29883,-0.0830697
246,35,-1.29472,-0.0823057
247,35,-1.29121,-0.0817089
248,35,-1.28731,-0.0808741
249,35,-1.2835,-0.0800725
250,35,-1.27917,-0.0794078
251,35,-1.27497,-0.0786237
252,35,-1.2709,-0.0775332
253,35,-1.26692,-0.077272
254,35,-1.26277,-0.0768901
255,35,-1.25915,-0.0760053
256,35,-1.25504,-0.075672
257,35,-1.25126,-0.0752792
258,35,-1.24729,-0.0746901
259,35,-1.24339,-0.0742832
260,35,-1.2391,-0.0737371
261,35,-1.23528,-0.0730151
262,35,-1.23151,-0.0725771
263,35,-1.22769,-0.0725216
264,35,-1.22358,-0.0718938
265,35,-1.21963,-0.0713055
266,35,-1.21584,-0.0710084
267,35,-1.21206,-0.070261
268,35,-1.20829,-0.0694631
269,35,-1.20479,-0.0685511
270,35,-1.20125,-0.0680978
271,35,-1.19716,-0.0675156
272,35,-1.19365,-0.0668912
273,35,-1.18998,-0.0662491
274,35,-1.18638,-0.0660544
275,35,-1.18244,-0.0654363
276,35,-1.17839,-0.0647517
277,35,-1.1743,-0.0638213
278,35,-1.17034,-0.0633165
279,35,-1.16632,-0.0626687
280,35,-1.16265,-0.0620333
281,35,-1.15874,-0.0615213
282,35,-1.15517,-0.060613
283,35,-1.15148,-0.060121
284,35,-1.14764,-0.0596475
285,35,-1.14391,-0.0589787
286,35,-1.14025,-0.0584518
287,35,-1.1369,-0.0578079
288,35,-1.13321,-0.0574895
289,35,-1.12947,-0.0566867
290,35,-1.12582,-0.0561293
291,35,-1.12245,-0.0557404
292,35,-1.11853,-0.0552868
293,35,-1.11469,-0.0546852
294,35,-1.11102,-0.0540875
295,35,-1.10709,-0.0534396
296,35,-1.10314,-0.0530613
297,35,-1.09979,-0.0526787
298,35,-1.09609,-0.0522989
299,35,-1.09221,-0.0517806
300,35,-1.08835,-0.0514907
301,35,-1.08452,-0.0511114
302,35,-1.08073,-0.0504112
303,35,-1.07702,-0.0495938
304,35,-1.07302,-0.0489104
305,35,-1.06947,-0.0482911
306,35,-1.06577,-0.0482126
307,35,-1.06198,-0.0479199
308,35,-1.05818,-0.0473236
309,35,-1.05418,-0.046836
310,35,-1.05044,-0.0463069
311,35,-1.04663,-0.0459122
312,35,-1.04297,-0.0452671
313,35,-1.03945,-0.0445678
314,35,-1.03576,-0.0443734
315,35,-1.03195,-0.0442219
316,35,-1.02794,-0.0433406
317,35,-1.02406,-0.0430365
318,35,-1.01983,-0.0427661
319,35,-1.01654,-0.0421949
320,35,-1.01286,-0.04162
321,35,-1.00902,-0.0410477
322,35,-1.00528,-0.0405379
323,35,-1.00152,-0.0399395
324,35,-0.998065,-0.0393264
325,35,-0.994352,-0.0385708
326,35,-0.990984,-0.0380862
327,35,-0.987517,-0.0374865
11,36,-2.41399,-0.167707
12,36,-2.40942,-0.167154
13,36,-2.40545,-0.166685
14,36,-2.40166,-0.166485
15,36,-2.39786,-0.166167
16,36,-2.39408,-0.166242
17,36,-2.38975,-0.166314
18,36,-2.38549,-0.166218
19,36,-2.38143,-0.165765
20,36,-2.37697,-0.16571
21,36,-2.37278,-0.16572
22,36,-2.36833,-0.165747
23,36,-2.3639,-0.165406
24,36,-2.35962,-0.165882
25,36,-2.35523,-0.165537
26,36,-2.35097,-0.165539
27,36,-2.34701,-0.165485
28,36,-2.34279,-0.16527
29,36,-2.339,-0.165376
30,36,-2.3348,-0.165479
31,36,-2.33086,-0.165348
32,36,-2.32666,-0.165814
33,36,-2.32249,-0.165889
34,36,-2.31811,-0.166131
35,36,-2.31381,-0.166098
36,36,-2.31004,-0.166052
37,36,-2.30563,-0.165846
38,36,-2.30185,-0.166216
39,36,-2.29762,-0.166122
40,36,-2.29326,-0.166068
41,36,-2.28877,-0.166205
42,36,-2.28455,-0.166348
43,36,-2.28022,-0.166428
44,36,-2.27589,-0.166334
45,36,-2.27183,-0.1662
46,36,-2.26762,-0.166414
47,36,-2.26332,-0.16645
48,36,-2.2592,-0.166635
49,36,-2.25461,-0.166762
50,36,-2.25032,-0.166902
51,36,-2.24633,-0.166831
52,36,-2.24225,-0.16675
53,36,-2.23776,-0.166886
54,36,-2.23347,-0.166834
55,36,-2.22936,-0.16676
56,36,-2.2253,-0.166634
57,36,-2.22122,-0.166686
58,36,-2.21682,-0.166704
59,36,-2.21251,-0.16669
60,36,-2.20822,-0.166724
61,36,-2.20417,-0.166696
62,36,-2.20005,-0.166427
63,36,-2.19596,-0.166292
64,36,-2.19149,-0.166427
65,36,-2.18723,-0.166498
66,36,-2.18289,-0.166496
67,36,-2.17842,-0.166395
68,36,-2.17432,-0.166239
69,36,-2.17014,-0.166209
70,36,-2.16593,-0.16625
71,36,-2.16138,-0.165887
72,36,-2.15685,-0.165666
73,36,-2.15257,-0.165789
74,36,-2.14832,-0.165722
75,36,-2.14416,-0.165642
76,36,-2.14002,-0.165517
77,36,-2.13579,-0.165335
78,36,-2.13169,-0.165102
79,36,-2.12732,-0.165116
80,36,-2.12299,-0.165026
81,36,-2.11869,-0.164721
82,36,-2.11445,-0.164678
83,36,-2.11026,-0.164316
84,36,-2.10622,-0.163804
85,36,-2.1022,-0.163197
86,36,-2.09758,-0.162914
87,36,-2.09295,-0.162908
88,36,-2.08829,-0.162873
89,36,-2.08366,-0.162765
90,36,-2.07952,-0.162478
91,36,-2.07522,-0.162281
92,36,-2.07066,-0.161829
93,36,-2.06629,-0.161498
94,36,-2.06205,-0.161082
95,36,-2.05795,-0.160819
96,36,-2.05372,-0.160846
97,36,-2.04955,-0.160444
98,36,-2.04579,-0.160062
99,36,-2.04168,-0.159565
100,36,-2.03754,-0.159025
101,36,-2.03346,-0.158652
102,36,-2.02923,-0.157861
103,36,-2.0253,-0.157393
104,36,-2.02134,-0.157083
105,36,-2.01763,-0.156658
106,36,-2.0134,-0.156681
107,36,-2.00903,-0.156328
108,36,-2.00488,-0.155826
109,36,-2.00069,-0.155514
110,36,-1.99699,-0.155166
111,36,-1.99318,-0.155046
112,36,-1.98931,-0.15459
113,36,-1.98583,-0.154213
114,36,-1.98159,-0.154001
115,36,-1.97755,-0.153751
116,36,-1.97328,-0.153529
117,36,-1.96945,-0.153228
118,36,-1.96543,-0.153167
119,36,-1.96118,-0.153224
120,36,-1.95712,-0.152809
121,36,-1.95302,-0.152294
122,36,-1.94867,-0.151725
123,36,-1.94402,-0.151504
124,36,-1.93941,-0.151154
125,36,-1.93515,-0.150603
126,36,-1.93075,-0.14998
127,36,-1.92632,-0.149292
128,36,-1.92206,-0.148633
129,36,-1.91787,-0.147889
130,36,-1.91362,-0.146968
131,36,-1.90892,-0.145957
132,36,-1.90437,-0.144958
133,36,-1.89975,-0.144197
134,36,-1.89505,-0.143228
135,36,-1.89043,-0.142364
136,36,-1.8857,-0.141401
137,36,-1.88129,-0.140456
138,36,-1.87633,-0.139317
139,36,-1.87181,-0.137967
140,36,-1.86707,-0.136683
141,36,-1.86275,-0.135181
142,36,-1.85809,-0.133893
143,36,-1.85314,-0.132357
144,36,-1.84797,-0.130817
145,36,-1.84296,-0.128739
146,36,-1.83791,-0.126988
147,36,-1.83308,-0.124852
148,36,-1.82803,-0.122733
149,36,-1.82246,-0.120265
150,36,-1.81676,-0.11778
151,36,-1.81119,-0.114804
152,36,-1.8053,-0.112059
153,36,-1.80004,-0.10902
154,36,-1.79438,-0.105885
155,36,-1.78844,-0.102443
156,36,-1.78275,-0.0984606
157,36,-1.77633,-0.0950491
158,36,-1.77024,-0.0907155
159,36,-1.76369,-0.0865511
160,36,-1.75753,-0.0825625
161,36,-1.75144,-0.0780334
162,36,-1.74536,-0.0735187
163,36,-1.73901,-0.0688547
164,36,-1.73274,-0.0643405
165,36,-1.72659,-0.0596431
166,36,-1.72021,-0.0551362
167,36,-1.71403,-0.0510145
168,36,-1.70789,-0.0474159
169,36,-1.70103,-0.0438391
170,36,-1.69439,-0.0409112
171,36,-1.68773,-0.0380242
172,36,-1.68125,-0.0350787
173,36,-1.67463,-0.0329953
174,36,-1.66836,-0.0310399
175,36,-1.66184,-0.0294623
176,36,-1.65502,-0.0282223
177,36,-1.64812,-0.0274022
178,36,-1.64122,-0.0266221
179,36,-1.63466,-0.0261671
180,36,-1.62793,-0.0260285
181,36,-1.62109,-0.0264031
182,36,-1.61392,-0.0267747
183,36,-1.60735,-0.0270837
184,36,-1.6005,-0.0278459
185,36,-1.59386,-0.029699
186,36,-1.58732,-0.0314375
187,36,-1.58056,-0.0335992
188,36,-1.5739,-0.0359433
189,36,-1.56717,-0.0385766
190,36,-1.56048,-0.0415044
191,36,-1.55373,-0.0443294
192,36,-1.54763,-0.0474512
193,36,-1.54141,-0.0506845
194,36,-1.53471,-0.0543842
195,36,-1.52862,-0.0581854
196,36,-1.5221,-0.0616573
197,36,-1.51587,-0.0651053
198,36,-1.51014,-0.0680172
199,36,-1.50416,-0.0705327
200,36,-1.49867,-0.0734923
201,36,-1.49334,-0.0760977
202,36,-1.48801,-0.078324
203,36,-1.48298,-0.0808691
204,36,-1.47756,-0.0827064
205,36,-1.47187,-0.084254
206,36,-1.46669,-0.0856472
207,36,-1.4619,-0.0866936
208,36,-1.45718,-0.0879416
209,36,-1.45226,-0.0888345
210,36,-1.4477,-0.0898779
211,36,-1.44335,-0.0911673
212,36,-1.43873,-0.0918342
213,36,-1.43407,-0.0922114
214,36,-1.42963,-0.0929126
215,36,-1.42514,-0.0932169
216,36,-1.42047,-0.0931859
217,36,-1.41596,-0.0932935
218,36,-1.41164,-0.0935364
219,36,-1.40728,-0.0937515
220,36,-1.40275,-0.0937164
221,36,-1.39823,-0.0936612
222,36,-1.39383,-0.0938017
223,36,-1.38937,-0.0937733
224,36,-1.38491,-0.093332
225,36,-1.38034,-0.0931566
226,36,-1.37571,-0.0930698
227,36,-1.37112,-0.093127
228,36,-1.36675,-0.093341
229,36,-1.36212,-0.0928021
230,36,-1.35783,-0.0924293
231,36,-1.35374,-0.0921459
232,36,-1.34944,-0.0914454
233,36,-1.34503,-0.090743
234,36,-1.34083,-0.0904968
235,36,-1.33664,-0.0897302
236,36,-1.3322,-0.0890679
237,36,-1.32815,-0.0887
238,36,-1.32465,-0.0883136
239,36,-1.32061,-0.0876039
240,36,-1.31694,-0.0872068
241,36,-1.31312,-0.0867999
242,36,-1.30901,-0.0863544
243,36,-1.30484,-0.0854307
244,36,-1.30072,-0.0846737
245,36,-1.29692,-0.0839812
246,36,-1.29339,-0.0835459
247,36,-1.28953,-0.0826421
248,36,-1.28582,-0.0820124
249,36,-1.28197,-0.0815237
250,36,-1.27759,-0.0807428
251,36,-1.27392,-0.0794758
252,36,-1.26984,-0.0788736
253,36,-1.2659,-0.0785373
254,36,-1.26189,-0.0778524
255,36,-1.25795,-0.0772175
256,36,-1.25406,-0.0769589
257,36,-1.2501,-0.0763664
258,36,-1.24634,-0.0758669
259,36,-1.24239,-0.07528
260,36,-1.23819,-0.0746072
261,36,-1.23421,-0.0741278
262,36,-1.23039,-0.0735659
263,36,-1.22666,-0.0731262
264,36,-1.2229,-0.0726242
265,36,-1.21907,-0.0721575
266,36,-1.21518,-0.071462
267,36,-1.21136,-0.0709045
268,36,-1.20788,-0.0704641
269,36,-1.20419,-0.0698354
270,36,-1.20074,-0.0694883
271,36,-1.19674,-0.0688454
272,36,-1.19305,-0.0681619
273,36,-1.1896,-0.0675784
274,36,-1.18581,-0.0670898
275,36,-1.18213,-0.0661832
276,36,-1.17818,-0.065606
277,36,-1.17398,-0.0647858
278,36,-1.16993,-0.0642016
279,36,-1.16613,-0.063703
280,36,-1.1621,-0.0632511
281,36,-1.15846,-0.0625803
282,36,-1.15475,-0.0616691
283,36,-1.15103,-0.0610395
284,36,-1.14742,-0.0601519
285,36,-1.14387,-0.0595278
286,36,-1.14012,-0.0590915
287,36,-1.13631,-0.0585157
288,36,-1.13293,-0.0581047
289,36,-1.12937,-0.057452
290,36,-1.12545,-0.0569798
291,36,-1.12223,-0.0566517
292,36,-1.11838,-0.0557708
293,36,-1.11462,-0.0553359
294,36,-1.11086,-0.05459
295,36,-1.10716,-0.0541654
296,36,-1.10326,-0.0536725
297,36,-1.09975,-0.0532488
298,36,-1.09591,-0.052832
299,36,-1.09221,-0.0525964
300,36,-1.08851,-0.0521603
301,36,-1.08471,-0.0515497
302,36,-1.08103,-0.0510078
303,36,-1.077,-0.0504888
304,36,-1.07325,-0.0499376
305,36,-1.06986,-0.0494969
306,36,-1.066,-0.0490405
307,36,-1.06204,-0.0482748
308,36,-1.05846,-0.0478019
309,36,-1.05447,-0.0475474
310,36,-1.05055,-0.0470687
311,36,-1.0467,-0.046579
312,36,-1.04323,-0.0460456
313,36,-1.03971,-0.0454978
314,36,-1.03604,-0.0448443
315,36,-1.03221,-0.044436
316,36,-1.02839,-0.0442152
317,36,-1.02435,-0.0435991
318,36,-1.02062,-0.0431392
319,36,-1.01653,-0.0426635
320,36,-1.01251,-0.0423311
321,36,-1.00935,-0.0416877
322,36,-1.00564,-0.0409742
323,36,-1.0019,-0.040493
324,36,-0.998051,-0.039992
325,36,-0.994305,-0.0393107
326,36,-0.990966,-0.0387333
327,36,-0.98759,-0.0381731
11,37,-2.41484,-0.168985
12,37,-2.41004,-0.168186
13,37,-2.40603,-0.167522
14,37,-2.40228,-0.167208
15,37,-2.39825,-0.167049
16,37,-2.39432,-0.167126
17,37,-2.39026,-0.16719
18,37,-2.38599,-0.167163
19,37,-2.38192,-0.16652
20,37,-2.37744,-0.166441
21,37,-2.37313,-0.166355
22,37,-2.36887,-0.166241
23,37,-2.3644,-0.16605
24,37,-2.36009,-0.166131
25,37,-2.35576,-0.166134
26,37,-2.35141,-0.166083
27,37,-2.34709,-0.166066
28,37,-2.34341,-0.16594
29,37,-2.33951,-0.165868
30,37,-2.33527,-0.165715
31,37,-2.33126,-0.165634
32,37,-2.32714,-0.166098
33,37,-2.32307,-0.166405
34,37,-2.31883,-0.166334
35,37,-2.31441,-0.166401
36,37,-2.31051,-0.166661
37,37,-2.3061,-0.166347
38,37,-2.30181,-0.166513
39,37,-2.29789,-0.166323
40,37,-2.2937,-0.166312
41,37,-2.28968,-0.166568
42,37,-2.28539,-0.166566
43,37,-2.28094,-0.166796
44,37,-2.27643,-0.1669
45,37,-2.27235,-0.166713
46,37,-2.26833,-0.166563
47,37,-2.26388,-0.166785
48,37,-2.2597,-0.166832
49,37,-2.25531,-0.166968
50,37,-2.25118,-0.166939
51,37,-2.24716,-0.166749
52,37,-2.24305,-0.166766
53,37,-2.23888,-0.166949
54,37,-2.23441,-0.167118
55,37,-2.23048,-0.167425
56,37,-2.22631,-0.167386
57,37,-2.2223,-0.167225
58,37,-2.21825,-0.167108
59,37,-2.2135,-0.167269
60,37,-2.20977,-0.167104
61,37,-2.20525,-0.166752
62,37,-2.20104,-0.166851
63,37,-2.19666,-0.166908
64,37,-2.1923,-0.167204
65,37,-2.18816,-0.166999
66,37,-2.18377,-0.166975
67,37,-2.17947,-0.16694
68,37,-2.17548,-0.166732
69,37,-2.17124,-0.166653
70,37,-2.16703,-0.166517
71,37,-2.16255,-0.166282
72,37,-2.15809,-0.166
73,37,-2.15368,-0.165967
74,37,-2.14949,-0.166128
75,37,-2.14536,-0.166239
76,37,-2.14117,-0.166019
77,37,-2.13706,-0.165701
78,37,-2.1329,-0.165697
79,37,-2.12864,-0.165697
80,37,-2.12417,-0.165663
81,37,-2.11968,-0.165387
82,37,-2.1155,-0.165089
83,37,-2.11157,-0.164977
84,37,-2.10736,-0.164568
85,37,-2.10329,-0.164196
86,37,-2.09882,-0.163928
87,37,-2.09441,-0.163692
88,37,-2.08989,-0.163548
89,37,-2.08501,-0.16334
90,37,-2.08073,-0.163138
91,37,-2.07641,-0.162953
92,37,-2.07208,-0.162542
93,37,-2.06785,-0.162134
94,37,-2.06368,-0.161851
95,37,-2.05954,-0.161684
96,37,-2.05537,-0.16166
97,37,-2.05135,-0.16119
98,37,-2.04746,-0.160736
99,37,-2.0434,-0.160318
100,37,-2.03932,-0.159643
101,37,-2.03537,-0.159115
102,37,-2.03136,-0.158568
103,37,-2.02745,-0.158106
104,37,-2.02374,-0.157809
105,37,-2.01968,-0.15746
106,37,-2.01555,-0.157099
107,37,-2.01126,-0.156752
108,37,-2.00711,-0.156215
109,37,-2.00347,-0.15596
110,37,-1.99959,-0.155848
111,37,-1.99574,-0.155435
112,37,-1.99211,-0.155028
113,37,-1.9883,-0.154831
114,37,-1.98418,-0.154681
115,37,-1.98015,-0.154779
116,37,-1.97632,-0.154576
117,37,-1.97231,-0.154017
118,37,-1.96856,-0.153854
119,37,-1.96438,-0.153844
120,37,-1.96017,-0.153451
121,37,-1.95605,-0.152954
122,37,-1.95161,-0.15242
123,37,-1.94717,-0.152038
124,37,-1.94281,-0.151657
125,37,-1.93857,-0.151186
126,37,-1.93441,-0.150743
127,37,-1.92992,-0.150207
128,37,-1.9257,-0.149379
129,37,-1.9216,-0.148657
130,37,-1.91708,-0.147562
131,37,-1.9127,-0.146985
132,37,-1.90817,-0.145945
133,37,-1.9036,-0.14537
134,37,-1.89899,-0.144647
135,37,-1.89439,-0.143599
136,37,-1.8899,-0.142427
137,37,-1.88521,-0.141467
138,37,-1.88071,-0.140359
139,37,-1.87591,-0.139683
140,37,-1.87143,-0.137963
141,37,-1.86687,-0.13686
142,37,-1.8621,-0.135331
143,37,-1.85722,-0.133842
144,37,-1.8521,-0.132187
145,37,-1.84709,-0.130481
146,37,-1.84224,-0.128414
147,37,-1.83711,-0.126308
148,37,-1.83205,-0.124205
149,37,-1.82686,-0.122062
150,37,-1.82127,-0.119083
151,37,-1.81555,-0.116539
152,37,-1.8101,-0.113959
153,37,-1.80431,-0.111025
154,37,-1.79862,-0.10783
155,37,-1.79298,-0.103838
156,37,-1.78659,-0.100197
157,37,-1.7805,-0.0963662
158,37,-1.7742,-0.0926802
159,37,-1.76832,-0.0884727
160,37,-1.76226,-0.0840815
161,37,-1.75592,-0.0794315
162,37,-1.74967,-0.0747059
163,37,-1.7431,-0.0699601
164,37,-1.73669,-0.0652396
165,37,-1.73032,-0.0607757
166,37,-1.72397,-0.0559595
167,37,-1.71752,-0.0518891
168,37,-1.71092,-0.0484381
169,37,-1.70402,-0.0449877
170,37,-1.69681,-0.041795
171,37,-1.68981,-0.0391871
172,37,-1.68309,-0.0363691
173,37,-1.67631,-0.0338105
174,37,-1.66953,-0.0318315
175,37,-1.66264,-0.0302753
176,37,-1.65559,-0.028895
177,37,-1.64876,-0.0281262
178,37,-1.64182,-0.0273433
179,37,-1.63487,-0.0267834
180,37,-1.62776,-0.0268949
181,37,-1.62066,-0.0272404
182,37,-1.61333,-0.0271626
183,37,-1.60651,-0.0277842
184,37,-1.59976,-0.028976
185,37,-1.59265,-0.0305248
186,37,-1.58559,-0.0324929
187,37,-1.57852,-0.0345797
188,37,-1.57177,-0.0369253
189,37,-1.56473,-0.0393629
190,37,-1.55773,-0.0423844
191,37,-1.55136,-0.0457586
192,37,-1.54486,-0.048766
193,37,-1.53811,-0.0524199
194,37,-1.53165,-0.0562253
195,37,-1.52546,-0.0595663
196,37,-1.51882,-0.0632095
197,37,-1.51252,-0.0667948
198,37,-1.50659,-0.0698727
199,37,-1.50054,-0.0724007
200,37,-1.49472,-0.0751778
201,37,-1.48938,-0.077948
202,37,-1.48434,-0.0800997
203,37,-1.47914,-0.0822275
204,37,-1.47374,-0.0840839
205,37,-1.46826,-0.0856561
206,37,-1.46327,-0.08714
207,37,-1.45837,-0.0886377
208,37,-1.45343,-0.0897059
209,37,-1.44881,-0.0903378
210,37,-1.44441,-0.0913601
211,37,-1.43993,-0.0922726
212,37,-1.43537,-0.0928411
213,37,-1.43084,-0.0934989
214,37,-1.42628,-0.0941142
215,37,-1.4217,-0.0942386
216,37,-1.41723,-0.0943381
217,37,-1.41283,-0.094506
218,37,-1.40852,-0.094352
219,37,-1.40422,-0.0945675
220,37,-1.39955,-0.094665
221,37,-1.39515,-0.0943739
222,37,-1.39086,-0.0944734
223,37,-1.38656,-0.0944506
224,37,-1.38201,-0.0942105
225,37,-1.3774,-0.0941041
226,37,-1.37288,-0.0940211
227,37,-1.36831,-0.0939327
228,37,-1.36394,-0.094248
229,37,-1.35976,-0.0939778
230,37,-1.35541,-0.0933806
231,37,-1.35121,-0.0928286
232,37,-1.34703,-0.0923899
233,37,-1.34288,-0.0914947
234,37,-1.33854,-0.0910465
235,37,-1.33443,-0.0905371
236,37,-1.32991,-0.0901375
237,37,-1.32576,-0.0895431
238,37,-1.32241,-0.0892078
239,37,-1.31873,-0.0887122
240,37,-1.31484,-0.0880875
241,37,-1.31083,-0.087812
242,37,-1.30684,-0.0872491
243,37,-1.30292,-0.0865362
244,37,-1.2987,-0.0857695
245,37,-1.29496,-0.0852024
246,37,-1.29138,-0.0845253
247,37,-1.28769,-0.083811
248,37,-1.28409,-0.0828027
249,37,-1.28047,-0.0822834
250,37,-1.27626,-0.0814393
251,37,-1.2723,-0.0809665
252,37,-1.26865,-0.0800995
253,37,-1.26446,-0.0796017
254,37,-1.26065,-0.0788744
255,37,-1.2568,-0.0785588
256,37,-1.25304,-0.0781849
257,37,-1.24899,-0.0773214
258,37,-1.24545,-0.0769742
259,37,-1.24121,-0.0763072
260,37,-1.23715,-0.075722
261,37,-1.23342,-0.0751449
262,37,-1.22935,-0.0744419
263,37,-1.22569,-0.0738056
264,37,-1.22196,-0.0732613
265,37,-1.21818,-0.0727745
266,37,-1.2144,-0.0723934
267,37,-1.21096,-0.0720427
268,37,-1.20737,-0.0714682
269,37,-1.20362,-0.0707996
270,37,-1.20032,-0.0704067
271,37,-1.19635,-0.0698086
272,37,-1.19259,-0.0691962
273,37,-1.18888,-0.0686758
274,37,-1.18488,-0.0677885
275,37,-1.18143,-0.0670676
276,37,-1.17756,-0.0666253
277,37,-1.17387,-0.0660015
278,37,-1.16961,-0.0653987
279,37,-1.1658,-0.0647061
280,37,-1.16159,-0.0641552
281,37,-1.15795,-0.0636388
282,37,-1.1546,-0.0627393
283,37,-1.15068,-0.0619771
284,37,-1.14705,-0.0610872
285,37,-1.14336,-0.0604795
286,37,-1.13992,-0.0597926
287,37,-1.13636,-0.0592166
288,37,-1.13269,-0.0586114
289,37,-1.12914,-0.0580529
290,37,-1.12549,-0.0576711
291,37,-1.12224,-0.0573243
292,37,-1.11832,-0.0567091
293,37,-1.11457,-0.0561773
294,37,-1.1109,-0.0559101
295,37,-1.10708,-0.0550075
296,37,-1.10347,-0.0545511
297,37,-1.10005,-0.0542124
298,37,-1.09618,-0.0536152
299,37,-1.0922,-0.053387
300,37,-1.08887,-0.0528404
301,37,-1.08513,-0.0521995
302,37,-1.08095,-0.0518036
303,37,-1.07714,-0.051276
304,37,-1.07335,-0.0507815
305,37,-1.06974,-0.0502847
306,37,-1.0661,-0.0496454
307,37,-1.06257,-0.049311
308,37,-1.05845,-0.0488788
309,37,-1.05477,-0.0481524
310,37,-1.05102,-0.0478619
311,37,-1.04723,-0.0475115
312,37,-1.04346,-0.0466667
313,37,-1.0399,-0.0461881
314,37,-1.03602,-0.0458064
315,37,-1.0323,-0.0452719
316,37,-1.0287,-0.0449233
317,37,-1.02458,-0.0443662
318,37,-1.02074,-0.0441224
319,37,-1.01687,-0.0435481
320,37,-1.01313,-0.0429557
321,37,-1.00951,-0.0424945
322,37,-1.00574,-0.0415275
323,37,-1.00198,-0.0407823
324,37,-0.998076,-0.0402605
325,37,-0.994263,-0.0397587
326,37,-0.990796,-0.0394751
327,37,-0.987406,-0.0396955
11,38,-2.4146,-0.169559
12,38,-2.41024,-0.168857
13,38,-2.40621,-0.168485
14,38,-2.40251,-0.168147
15,38,-2.39865,-0.167964
16,38,-2.39463,-0.167874
17,38,-2.39051,-0.167811
18,38,-2.38659,-0.167785
19,38,-2.38238,-0.167363
20,38,-2.378,-0.167394
21,38,-2.37357,-0.167245
22,38,-2.36911,-0.166859
23,38,-2.36521,-0.166999
24,38,-2.36067,-0.166845
25,38,-2.35642,-0.16679
26,38,-2.352,-0.166708
27,38,-2.34789,-0.166622
28,38,-2.3439,-0.166656
29,38,-2.33983,-0.166192
30,38,-2.33593,-0.165844
31,38,-2.3319,-0.166019
32,38,-2.32776,-0.166274
33,38,-2.32368,-0.166656
34,38,-2.3194,-0.16652
35,38,-2.31519,-0.166834
36,38,-2.31129,-0.166864
37,38,-2.30678,-0.166787
38,38,-2.30228,-0.166652
39,38,-2.2983,-0.166558
40,38,-2.29417,-0.166554
41,38,-2.29024,-0.166549
42,38,-2.28598,-0.16666
43,38,-2.28151,-0.167012
44,38,-2.27718,-0.167165
45,38,-2.27316,-0.166855
46,38,-2.26901,-0.166794
47,38,-2.26452,-0.167018
48,38,-2.26028,-0.166933
49,38,-2.25602,-0.166818
50,38,-2.25197,-0.166916
51,38,-2.24793,-0.166787
52,38,-2.24371,-0.166689
53,38,-2.23977,-0.166993
54,38,-2.23556,-0.167316
55,38,-2.23154,-0.167429
56,38,-2.22741,-0.167413
57,38,-2.22325,-0.167189
58,38,-2.21912,-0.167248
59,38,-2.21477,-0.167602
60,38,-2.21094,-0.167181
61,38,-2.20647,-0.167133
62,38,-2.20205,-0.167127
63,38,-2.19765,-0.167443
64,38,-2.19311,-0.16755
65,38,-2.18866,-0.167205
66,38,-2.18458,-0.167316
67,38,-2.18037,-0.167368
68,38,-2.1761,-0.167095
69,38,-2.17227,-0.167052
70,38,-2.16793,-0.166904
71,38,-2.16379,-0.166678
72,38,-2.15941,-0.166371
73,38,-2.15504,-0.16649
74,38,-2.15087,-0.166521
75,38,-2.14666,-0.166454
76,38,-2.14259,-0.166416
77,38,-2.13851,-0.166263
78,38,-2.13435,-0.166133
79,38,-2.13005,-0.166129
80,38,-2.12555,-0.166035
81,38,-2.12105,-0.16599
82,38,-2.1168,-0.165646
83,38,-2.11289,-0.165513
84,38,-2.10866,-0.165274
85,38,-2.10456,-0.164877
86,38,-2.10046,-0.16463
87,38,-2.0959,-0.16431
88,38,-2.09145,-0.164006
89,38,-2.08662,-0.163588
90,38,-2.08204,-0.163595
91,38,-2.07791,-0.163437
92,38,-2.07343,-0.163023
93,38,-2.06922,-0.16289
94,38,-2.06518,-0.162666
95,38,-2.06097,-0.162389
96,38,-2.0571,-0.162321
97,38,-2.05314,-0.161796
98,38,-2.04905,-0.161123
99,38,-2.04503,-0.160702
100,38,-2.04106,-0.160269
101,38,-2.03732,-0.159634
102,38,-2.03363,-0.159091
103,38,-2.02963,-0.158763
104,38,-2.02589,-0.158434
105,38,-2.0219,-0.158082
106,38,-2.01777,-0.157627
107,38,-2.01386,-0.157101
108,38,-2.00976,-0.156867
109,38,-2.00597,-0.156543
110,38,-2.00238,-0.156419
111,38,-1.99857,-0.156199
112,38,-1.99467,-0.155795
113,38,-1.99095,-0.155492
114,38,-1.9871,-0.155262
115,38,-1.98338,-0.155257
116,38,-1.97932,-0.155273
117,38,-1.97546,-0.155072
118,38,-1.97162,-0.154721
119,38,-1.96767,-0.154601
120,38,-1.96362,-0.15435
121,38,-1.95973,-0.153769
122,38,-1.9553,-0.153443
123,38,-1.95061,-0.153069
124,38,-1.94654,-0.152438
125,38,-1.94232,-0.152091
126,38,-1.93822,-0.151658
127,38,-1.93374,-0.151031
128,38,-1.9295,-0.150614
129,38,-1.92553,-0.14968
130,38,-1.921,-0.14861
131,38,-1.91629,-0.147889
132,38,-1.91212,-0.147106
133,38,-1.9078,-0.146542
134,38,-1.90281,-0.145708
135,38,-1.89855,-0.144886
136,38,-1.89419,-0.144007
137,38,-1.88957,-0.142786
138,38,-1.88507,-0.141777
139,38,-1.88056,-0.140752
140,38,-1.87603,-0.139593
141,38,-1.87157,-0.138129
142,38,-1.8673,-0.136946
143,38,-1.86218,-0.135285
144,38,-1.85684,-0.133637
145,38,-1.8516,-0.132315
146,38,-1.84674,-0.129996
147,38,-1.84196,-0.127884
148,38,-1.83693,-0.125747
149,38,-1.83186,-0.123348
150,38,-1.82593,-0.120896
151,38,-1.82065,-0.118237
152,38,-1.81483,-0.115771
153,38,-1.80914,-0.112893
154,38,-1.80349,-0.109471
155,38,-1.79754,-0.105735
156,38,-1.79152,-0.102038
157,38,-1.78556,-0.0983212
158,38,-1.77928,-0.0944047
159,38,-1.77341,-0.090201
160,38,-1.76669,-0.0859775
161,38,-1.76011,-0.0808214
162,38,-1.75402,-0.0761966
163,38,-1.74757,-0.0714211
164,38,-1.74093,-0.0667794
165,38,-1.7346,-0.061926
166,38,-1.72797,-0.0570203
167,38,-1.72142,-0.0528418
168,38,-1.71422,-0.0491727
169,38,-1.70673,-0.0458276
170,38,-1.6997,-0.0428146
171,38,-1.69259,-0.0398718
172,38,-1.6852,-0.0369103
173,38,-1.67829,-0.0344626
174,38,-1.67104,-0.0323426
175,38,-1.66366,-0.0308639
176,38,-1.65644,-0.0298514
177,38,-1.64942,-0.0287662
178,38,-1.6424,-0.0280767
179,38,-1.63527,-0.0278176
180,38,-1.62765,-0.0279445
181,38,-1.61995,-0.027981
182,38,-1.6124,-0.0283644
183,38,-1.60521,-0.0288871
184,38,-1.5982,-0.0298383
185,38,-1.59078,-0.0313916
186,38,-1.58366,-0.0333837
187,38,-1.5764,-0.035485
188,38,-1.569,-0.0378786
189,38,-1.56197,-0.0407138
190,38,-1.55485,-0.0436333
191,38,-1.54779,-0.0469049
192,38,-1.54111,-0.0502828
193,38,-1.53457,-0.0540808
194,38,-1.52809,-0.057529
195,38,-1.52184,-0.0611251
196,38,-1.51544,-0.0649991
197,38,-1.50883,-0.068455
198,38,-1.50258,-0.0716296
199,38,-1.49652,-0.0744725
200,38,-1.49086,-0.0772887
201,38,-1.48551,-0.0795586
202,38,-1.47984,-0.0817969
203,38,-1.47457,-0.0838771
204,38,-1.46951,-0.085493
205,38,-1.46419,-0.0871473
206,38,-1.45912,-0.0888121
207,38,-1.45423,-0.0902818
208,38,-1.4493,-0.0909475
209,38,-1.44454,-0.0914972
210,38,-1.44019,-0.0926111
211,38,-1.43598,-0.0934425
212,38,-1.43159,-0.0940268
213,38,-1.42729,-0.0947104
214,38,-1.42273,-0.0950402
215,38,-1.41799,-0.0952431
216,38,-1.41364,-0.0954284
217,38,-1.40938,-0.0957535
218,38,-1.4051,-0.0960287
219,38,-1.40055,-0.0957821
220,38,-1.39618,-0.0954786
221,38,-1.39185,-0.0956014
222,38,-1.38764,-0.0954897
223,38,-1.38353,-0.0953229
224,38,-1.3788,-0.0951442
225,38,-1.3744,-0.0951191
226,38,-1.37003,-0.0950604
227,38,-1.36554,-0.0950951
228,38,-1.36124,-0.0949989
229,38,-1.3569,-0.0944467
230,38,-1.35269,-0.0941739
231,38,-1.34846,-0.0936813
232,38,-1.34439,-0.0931763
233,38,-1.34016,-0.0924293
234,38,-1.33607,-0.0919943
235,38,-1.33191,-0.0915766
236,38,-1.32742,-0.0911196
237,38,-1.32361,-0.0904906
238,38,-1.31981,-0.0899844
239,38,-1.31649,-0.0895461
240,38,-1.31279,-0.0890737
241,38,-1.30863,-0.0885581
242,38,-1.30483,-0.0880004
243,38,-1.30087,-0.0875376
244,38,-1.29666,-0.0870772
245,38,-1.29299,-0.0864072
246,38,-1.28955,-0.085536
247,38,-1.2862,-0.0848678
248,38,-1.28247,-0.0840931
249,38,-1.27867,-0.0832184
250,38,-1.27453,-0.0824892
251,38,-1.27079,-0.0818728
252,38,-1.26703,-0.0813497
253,38,-1.26327,-0.0806303
254,38,-1.25938,-0.0798485
255,38,-1.25563,-0.0794194
256,38,-1.25189,-0.0792642
257,38,-1.24816,-0.078471
258,38,-1.24458,-0.0778209
259,38,-1.2404,-0.0774506
260,38,-1.2363,-0.0767643
261,38,-1.2324,-0.0758892
262,38,-1.2288,-0.0753607
263,38,-1.22494,-0.0750267
264,38,-1.22118,-0.0742674
265,38,-1.21749,-0.0736327
266,38,-1.21379,-0.0732568
267,38,-1.21022,-0.0727239
268,38,-1.20667,-0.0720418
269,38,-1.20301,-0.0718198
270,38,-1.19933,-0.0712992
271,38,-1.1954,-0.0709627
272,38,-1.19178,-0.0705344
273,38,-1.18805,-0.0697551
274,38,-1.1846,-0.0690874
275,38,-1.18074,-0.0684426
276,38,-1.17734,-0.0676417
277,38,-1.17387,-0.067069
278,38,-1.16962,-0.0665166
279,38,-1.16592,-0.0655991
280,38,-1.1616,-0.0653256
281,38,-1.15789,-0.0647177
282,38,-1.15429,-0.0639651
283,38,-1.15068,-0.0630192
284,38,-1.14702,-0.0622054
285,38,-1.14327,-0.0615214
286,38,-1.13984,-0.0608094
287,38,-1.1362,-0.0600717
288,38,-1.1326,-0.0593927
289,38,-1.12899,-0.059094
290,38,-1.12537,-0.0585992
291,38,-1.12204,-0.0580715
292,38,-1.11812,-0.0577182
293,38,-1.11464,-0.0568626
294,38,-1.1111,-0.0565106
295,38,-1.10708,-0.0557308
296,38,-1.10338,-0.0553471
297,38,-1.09996,-0.0549011
298,38,-1.09615,-0.0543341
299,38,-1.09239,-0.0541699
300,38,-1.08855,-0.0540144
301,38,-1.08495,-0.0532862
302,38,-1.08103,-0.0525904
303,38,-1.07702,-0.0520888
304,38,-1.07316,-0.0517265
305,38,-1.06946,-0.0513097
306,38,-1.06612,-0.0507153
307,38,-1.06281,-0.050194
308,38,-1.05913,-0.0497529
309,38,-1.05515,-0.0491246
310,38,-1.05116,-0.0485918
311,38,-1.04762,-0.0479925
312,38,-1.04376,-0.0473711
313,38,-1.03983,-0.0470161
314,38,-1.03602,-0.0466638
315,38,-1.03242,-0.0461783
316,38,-1.0288,-0.0455996
317,38,-1.02532,-0.0452493
318,38,-1.02148,-0.0448605
319,38,-1.01748,-0.0443132
320,38,-1.0136,-0.0438004
321,38,-1.00982,-0.0431115
322,38,-1.00623,-0.0423004
323,38,-1.00252,-0.0416396
324,38,-0.99867,-0.0410471
325,38,-0.994964,-0.0405319
326,38,-0.99121,-0.0399592
327,38,-0.987727,-0.0399647
11,39,-2.41479,-0.169832
12,39,-2.41038,-0.169503
13,39,-2.40641,-0.169137
14,39,-2.40249,-0.168857
15,39,-2.39864,-0.168619
16,39,-2.39481,-0.168613
17,39,-2.3907,-0.168581
18,39,-2.3867,-0.168356
19,39,-2.38273,-0.16786
20,39,-2.3782,-0.167836
21,39,-2.37412,-0.16772
22,39,-2.36977,-0.16743
23,39,-2.36528,-0.167485
24,39,-2.36139,-0.167352
25,39,-2.35717,-0.167188
26,39,-2.35292,-0.166882
27,39,-2.3488,-0.166986
28,39,-2.34461,-0.167016
29,39,-2.34031,-0.166723
30,39,-2.33647,-0.166419
31,39,-2.33242,-0.166693
32,39,-2.32859,-0.166783
33,39,-2.32429,-0.166935
34,39,-2.32015,-0.166574
35,39,-2.31589,-0.166887
36,39,-2.31169,-0.167191
37,39,-2.30729,-0.166961
38,39,-2.30311,-0.167044
39,39,-2.29891,-0.166814
40,39,-2.29464,-0.1666
41,39,-2.29046,-0.166617
42,39,-2.28633,-0.16684
43,39,-2.28225,-0.167244
44,39,-2.27796,-0.16727
45,39,-2.2738,-0.166825
46,39,-2.26956,-0.166816
47,39,-2.26528,-0.167136
48,39,-2.26115,-0.16713
49,39,-2.25687,-0.167069
50,39,-2.25271,-0.167001
51,39,-2.24877,-0.166777
52,39,-2.24473,-0.166736
53,39,-2.24048,-0.166949
54,39,-2.23646,-0.167152
55,39,-2.23238,-0.167424
56,39,-2.22806,-0.167313
57,39,-2.22387,-0.167367
58,39,-2.21946,-0.167585
59,39,-2.21578,-0.167898
60,39,-2.21178,-0.167759
61,39,-2.20738,-0.167397
62,39,-2.20306,-0.167327
63,39,-2.19836,-0.16753
64,39,-2.19404,-0.167822
65,39,-2.18973,-0.167714
66,39,-2.18546,-0.167673
67,39,-2.18138,-0.167403
68,39,-2.17724,-0.167419
69,39,-2.17319,-0.167467
70,39,-2.16899,-0.16696
71,39,-2.16479,-0.166674
72,39,-2.16054,-0.166582
73,39,-2.15609,-0.166619
74,39,-2.15214,-0.166799
75,39,-2.14817,-0.166999
76,39,-2.1439,-0.166645
77,39,-2.13994,-0.16664
78,39,-2.13552,-0.166635
79,39,-2.13124,-0.166153
80,39,-2.127,-0.166164
81,39,-2.12265,-0.166224
82,39,-2.11859,-0.16615
83,39,-2.11448,-0.165834
84,39,-2.11013,-0.165847
85,39,-2.1061,-0.165565
86,39,-2.10191,-0.16511
87,39,-2.09735,-0.164953
88,39,-2.09292,-0.164481
89,39,-2.08845,-0.164287
90,39,-2.08398,-0.163869
91,39,-2.07945,-0.16371
92,39,-2.07511,-0.163623
93,39,-2.07058,-0.163253
94,39,-2.06656,-0.163016
95,39,-2.06274,-0.162585
96,39,-2.05864,-0.162604
97,39,-2.0549,-0.162338
98,39,-2.05077,-0.161702
99,39,-2.04665,-0.161355
100,39,-2.04298,-0.160902
101,39,-2.03935,-0.160337
102,39,-2.03579,-0.159762
103,39,-2.03185,-0.159488
104,39,-2.02791,-0.159107
105,39,-2.02428,-0.158603
106,39,-2.0202,-0.158094
107,39,-2.01623,-0.157645
108,39,-2.01244,-0.157489
109,39,-2.00844,-0.157188
110,39,-2.00476,-0.157178
111,39,-2.00107,-0.157072
112,39,-1.99761,-0.156965
113,39,-1.99394,-0.156594
114,39,-1.99024,-0.1564
115,39,-1.98637,-0.156398
116,39,-1.98253,-0.156205
117,39,-1.97882,-0.156018
118,39,-1.97485,-0.155873
119,39,-1.97104,-0.155693
120,39,-1.96683,-0.155163
121,39,-1.9629,-0.154826
122,39,-1.95885,-0.15434
123,39,-1.95429,-0.153765
124,39,-1.9502,-0.153418
125,39,-1.94612,-0.153034
126,39,-1.94175,-0.152562
127,39,-1.93798,-0.151846
128,39,-1.9337,-0.151215
129,39,-1.92941,-0.150452
130,39,-1.92518,-0.149675
131,39,-1.92065,-0.148825
132,39,-1.91611,-0.147923
133,39,-1.91188,-0.147558
134,39,-1.90729,-0.146799
135,39,-1.90262,-0.14611
136,39,-1.89851,-0.145348
137,39,-1.89421,-0.144606
138,39,-1.8898,-0.143396
139,39,-1.88521,-0.142135
140,39,-1.88045,-0.141316
141,39,-1.87611,-0.139814
142,39,-1.87129,-0.138275
143,39,-1.86661,-0.137115
144,39,-1.86177,-0.135359
145,39,-1.85661,-0.133692
146,39,-1.85182,-0.13165
147,39,-1.84739,-0.129641
148,39,-1.84207,-0.127487
149,39,-1.83702,-0.125117
150,39,-1.83131,-0.122648
151,39,-1.82586,-0.119856
152,39,-1.82035,-0.117286
153,39,-1.81502,-0.114442
154,39,-1.80903,-0.111498
155,39,-1.80306,-0.107919
156,39,-1.79717,-0.103987
157,39,-1.79108,-0.100366
158,39,-1.78459,-0.0963723
159,39,-1.77836,-0.0921976
160,39,-1.77203,-0.0876189
161,39,-1.7653,-0.082507
162,39,-1.75894,-0.0775949
163,39,-1.75268,-0.0726094
164,39,-1.74555,-0.0680891
165,39,-1.73919,-0.0633683
166,39,-1.73243,-0.058656
167,39,-1.72517,-0.0537784
168,39,-1.71807,-0.0501908
169,39,-1.71027,-0.0466619
170,39,-1.70285,-0.0433027
171,39,-1.69563,-0.0403617
172,39,-1.68799,-0.037728
173,39,-1.68054,-0.0352775
174,39,-1.67295,-0.0330929
175,39,-1.66525,-0.031838
176,39,-1.65764,-0.0305499
177,39,-1.64985,-0.0303431
178,39,-1.64219,-0.0295209
179,39,-1.63484,-0.0288362
180,39,-1.62707,-0.0292239
181,39,-1.61929,-0.0288604
182,39,-1.61132,-0.0289071
183,39,-1.60367,-0.0296145
184,39,-1.59598,-0.0306494
185,39,-1.5888,-0.0321784
186,39,-1.58163,-0.0339176
187,39,-1.5738,-0.0363736
188,39,-1.56592,-0.0388888
189,39,-1.55857,-0.0414363
190,39,-1.5513,-0.044551
191,39,-1.54423,-0.0478667
192,39,-1.53721,-0.0515034
193,39,-1.53047,-0.0550278
194,39,-1.52395,-0.0589612
195,39,-1.51726,-0.0630134
196,39,-1.51085,-0.0668195
197,39,-1.50467,-0.0705418
198,39,-1.49808,-0.0736037
199,39,-1.49168,-0.0765529
200,39,-1.48622,-0.0791146
201,39,-1.4806,-0.0813704
202,39,-1.47492,-0.0835631
203,39,-1.46969,-0.0854963
204,39,-1.46427,-0.0874489
205,39,-1.45891,-0.0890112
206,39,-1.45384,-0.090105
207,39,-1.44912,-0.0913025
208,39,-1.44467,-0.0922484
209,39,-1.43995,-0.0928299
210,39,-1.43567,-0.0938234
211,39,-1.43153,-0.094823
212,39,-1.4272,-0.0954914
213,39,-1.42292,-0.0958742
214,39,-1.41846,-0.096232
215,39,-1.41414,-0.0964088
216,39,-1.40976,-0.0965121
217,39,-1.40522,-0.0966653
218,39,-1.40095,-0.0966967
219,39,-1.39697,-0.0966591
220,39,-1.39267,-0.0965336
221,39,-1.38807,-0.09649
222,39,-1.38379,-0.0962361
223,39,-1.37962,-0.0961044
224,39,-1.37517,-0.096017
225,39,-1.37082,-0.0958665
226,39,-1.36663,-0.095846
227,39,-1.36235,-0.0959245
228,39,-1.35837,-0.0957735
229,39,-1.35428,-0.0953973
230,39,-1.34993,-0.0952026
231,39,-1.34585,-0.0946294
232,39,-1.34177,-0.094031
233,39,-1.33747,-0.0936863
234,39,-1.33346,-0.0929692
235,39,-1.32936,-0.0926649
236,39,-1.32523,-0.0924853
237,39,-1.32125,-0.091681
238,39,-1.31762,-0.0909493
239,39,-1.31445,-0.0905757
240,39,-1.31038,-0.0900913
241,39,-1.30642,-0.0896816
242,39,-1.30253,-0.0892361
243,39,-1.29866,-0.0888415
244,39,-1.29517,-0.0882205
245,39,-1.29133,-0.0876899
246,39,-1.28768,-0.0867674
247,39,-1.28421,-0.0858852
248,39,-1.28054,-0.0853323
249,39,-1.27711,-0.0843636
250,39,-1.27265,-0.083553
251,39,-1.26888,-0.0829608
252,39,-1.26505,-0.0824715
253,39,-1.26154,-0.0819616
254,39,-1.25803,-0.0812724
255,39,-1.25433,-0.0806973
256,39,-1.25063,-0.0799283
257,39,-1.24686,-0.0791964
258,39,-1.24308,-0.0788617
259,39,-1.23921,-0.0781195
260,39,-1.2353,-0.0775769
261,39,-1.2315,-0.0774522
262,39,-1.22761,-0.0767819
263,39,-1.22394,-0.0760221
264,39,-1.22042,-0.0753408
265,39,-1.21683,-0.074576
266,39,-1.21307,-0.0740987
267,39,-1.20989,-0.0735283
268,39,-1.20636,-0.07313
269,39,-1.20247,-0.0728608
270,39,-1.19861,-0.0723795
271,39,-1.1947,-0.0720423
272,39,-1.19118,-0.0715163
273,39,-1.18746,-0.0706862
274,39,-1.18427,-0.0699392
275,39,-1.1807,-0.0692528
276,39,-1.17718,-0.068644
277,39,-1.1731,-0.0679506
278,39,-1.16929,-0.0673737
279,39,-1.16541,-0.066914
280,39,-1.16139,-0.0662631
281,39,-1.15768,-0.0655258
282,39,-1.15406,-0.0649357
283,39,-1.15041,-0.0643288
284,39,-1.14698,-0.0633047
285,39,-1.14312,-0.0624217
286,39,-1.13936,-0.0617126
287,39,-1.13579,-0.0610147
288,39,-1.13251,-0.0603731
289,39,-1.12882,-0.0597533
290,39,-1.12504,-0.059351
291,39,-1.12183,-0.0589067
292,39,-1.11818,-0.0585096
293,39,-1.11475,-0.0579138
294,39,-1.11115,-0.0572646
295,39,-1.10678,-0.0566494
296,39,-1.10294,-0.0560093
297,39,-1.09976,-0.0559438
298,39,-1.09598,-0.0553868
299,39,-1.09207,-0.0549765
300,39,-1.08866,-0.0547786
301,39,-1.08484,-0.0541237
302,39,-1.08086,-0.0536103
303,39,-1.07707,-0.0530013
304,39,-1.07322,-0.0524684
305,39,-1.06983,-0.0520651
306,39,-1.0662,-0.0516213
307,39,-1.0628,-0.0512144
308,39,-1.05921,-0.0503799
309,39,-1.05543,-0.0498484
310,39,-1.05163,-0.0494202
311,39,-1.04778,-0.0489518
312,39,-1.04405,-0.0483242
313,39,-1.04021,-0.0478219
314,39,-1.03649,-0.0475424
315,39,-1.03271,-0.0470263
316,39,-1.02896,-0.0464705
317,39,-1.02563,-0.0460199
318,39,-1.02224,-0.0456753
319,39,-1.01823,-0.0448788
320,39,-1.01397,-0.04454
321,39,-1.01035,-0.0440447
322,39,-1.00655,-0.0433022
323,39,-1.00279,-0.0424999
324,39,-0.999082,-0.0419915
325,39,-0.995084,-0.0408576
326,39,-0.991367,-0.0408211
327,39,-0.987788,-0.0405071
11,40,-2.41478,-0.170636
12,40,-2.41063,-0.170372
13,40,-2.4068,-0.169792
14,40,-2.40301,-0.169523
15,40,-2.39887,-0.169535
16,40,-2.3948,-0.169535
17,40,-2.39077,-0.169539
18,40,-2.38673,-0.169128
19,40,-2.38271,-0.16856
20,40,-2.37863,-0.168398
21,40,-2.37442,-0.167877
22,40,-2.3703,-0.167918
23,40,-2.36614,-0.167655
24,40,-2.36181,-0.167513
25,40,-2.35764,-0.167531
26,40,-2.35346,-0.16725
27,40,-2.34906,-0.167154
28,40,-2.34521,-0.167324
29,40,-2.34119,-0.166878
30,40,-2.337,-0.166675
31,40,-2.33277,-0.166839
32,40,-2.3289,-0.167305
33,40,-2.32492,-0.167256
34,40,-2.32095,-0.167179
35,40,-2.31646,-0.167054
36,40,-2.31239,-0.167148
37,40,-2.30807,-0.166994
38,40,-2.30387,-0.167012
39,40,-2.29942,-0.166968
40,40,-2.29512,-0.166975
41,40,-2.29095,-0.166998
42,40,-2.28676,-0.166967
43,40,-2.2829,-0.166979
44,40,-2.27854,-0.166976
45,40,-2.27432,-0.166644
46,40,-2.27028,-0.166751
47,40,-2.26603,-0.1669
48,40,-2.2617,-0.166936
49,40,-2.25756,-0.166961
50,40,-2.2536,-0.167009
51,40,-2.2493,-0.166573
52,40,-2.24564,-0.166836
53,40,-2.24175,-0.167292
54,40,-2.23729,-0.167273
55,40,-2.23308,-0.167394
56,40,-2.22902,-0.167279
57,40,-2.22463,-0.167455
58,40,-2.22035,-0.167681
59,40,-2.21676,-0.167751
60,40,-2.21286,-0.167718
61,40,-2.20843,-0.167475
62,40,-2.20423,-0.167522
63,40,-2.19956,-0.167626
64,40,-2.19515,-0.167742
65,40,-2.19064,-0.167991
66,40,-2.18658,-0.167999
67,40,-2.1827,-0.1679
68,40,-2.17837,-0.167782
69,40,-2.17422,-0.167647
70,40,-2.17002,-0.167079
71,40,-2.16587,-0.166651
72,40,-2.1616,-0.166651
73,40,-2.15707,-0.16711
74,40,-2.15327,-0.167318
75,40,-2.14918,-0.167126
76,40,-2.14509,-0.166983
77,40,-2.14126,-0.166904
78,40,-2.13702,-0.166767
79,40,-2.13282,-0.166436
80,40,-2.1286,-0.166388
81,40,-2.12429,-0.16621
82,40,-2.11998,-0.166159
83,40,-2.1161,-0.166308
84,40,-2.11174,-0.166117
85,40,-2.10741,-0.165778
86,40,-2.10323,-0.16546
87,40,-2.09882,-0.165239
88,40,-2.09452,-0.164797
89,40,-2.08994,-0.164641
90,40,-2.08534,-0.164467
91,40,-2.08089,-0.164216
92,40,-2.07644,-0.164062
93,40,-2.07217,-0.16369
94,40,-2.06825,-0.163524
95,40,-2.06426,-0.163048
96,40,-2.0603,-0.162765
97,40,-2.05638,-0.162826
98,40,-2.05251,-0.162429
99,40,-2.04861,-0.161928
100,40,-2.04467,-0.161418
101,40,-2.04115,-0.160871
102,40,-2.03778,-0.160424
103,40,-2.03394,-0.159968
104,40,-2.03018,-0.159633
105,40,-2.02648,-0.159244
106,40,-2.0226,-0.158621
107,40,-2.01877,-0.158226
108,40,-2.01517,-0.158091
109,40,-2.01123,-0.15772
110,40,-2.00757,-0.157626
111,40,-2.00404,-0.157733
112,40,-2.00051,-0.157734
113,40,-1.99697,-0.157371
114,40,-1.99339,-0.157316
115,40,-1.9898,-0.157539
116,40,-1.98598,-0.157151
117,40,-1.98192,-0.156938
118,40,-1.9782,-0.156638
119,40,-1.97444,-0.156341
120,40,-1.97021,-0.156128
121,40,-1.96641,-0.155669
122,40,-1.96251,-0.155197
123,40,-1.95804,-0.154637
124,40,-1.95411,-0.15426
125,40,-1.95009,-0.153654
126,40,-1.94591,-0.153119
127,40,-1.94179,-0.152664
128,40,-1.93799,-0.15182
129,40,-1.93368,-0.151242
130,40,-1.92918,-0.15067
131,40,-1.92483,-0.149708
132,40,-1.92056,-0.149049
133,40,-1.91623,-0.148584
134,40,-1.91184,-0.147739
135,40,-1.90741,-0.146984
136,40,-1.90327,-0.146374
137,40,-1.89885,-0.145465
138,40,-1.89469,-0.144525
139,40,-1.89032,-0.143448
140,40,-1.88561,-0.142512
141,40,-1.88096,-0.141415
142,40,-1.87627,-0.13994
143,40,-1.87181,-0.138403
144,40,-1.86736,-0.13681
145,40,-1.86222,-0.135232
146,40,-1.85741,-0.133455
147,40,-1.85249,-0.131305
148,40,-1.84756,-0.129264
149,40,-1.84236,-0.127257
150,40,-1.83734,-0.124615
151,40,-1.8321,-0.122055
152,40,-1.82652,-0.119208
153,40,-1.82129,-0.116483
154,40,-1.81544,-0.113649
155,40,-1.80955,-0.110175
156,40,-1.80356,-0.10618
157,40,-1.79745,-0.102358
158,40,-1.79149,-0.0980185
159,40,-1.78552,-0.0936926
160,40,-1.77904,-0.0889379
161,40,-1.77199,-0.0842087
162,40,-1.76482,-0.0791764
163,40,-1.75801,-0.0746462
164,40,-1.75127,-0.0697629
165,40,-1.74474,-0.0649799
166,40,-1.73763,-0.0599791
167,40,-1.73034,-0.0554122
168,40,-1.72339,-0.0514878
169,40,-1.7158,-0.0481087
170,40,-1.70807,-0.0445895
171,40,-1.70025,-0.0417615
172,40,-1.69289,-0.0388574
173,40,-1.68439,-0.0365502
174,40,-1.67613,-0.0353425
175,40,-1.66738,-0.0338171
176,40,-1.65941,-0.0325748
177,40,-1.65096,-0.0315042
178,40,-1.64216,-0.0307476
179,40,-1.63405,-0.0304451
180,40,-1.62564,-0.030541
181,40,-1.61758,-0.0299444
182,40,-1.6094,-0.0297389
183,40,-1.60069,-0.0303488
184,40,-1.59281,-0.0312488
185,40,-1.58544,-0.0325609
186,40,-1.57783,-0.0341854
187,40,-1.56941,-0.0366419
188,40,-1.56161,-0.0394898
189,40,-1.55438,-0.0422587
190,40,-1.54677,-0.0456234
191,40,-1.5396,-0.0490661
192,40,-1.53232,-0.0527694
193,40,-1.52538,-0.0566468
194,40,-1.51874,-0.0602844
195,40,-1.51189,-0.0643767
196,40,-1.50519,-0.0682416
197,40,-1.49904,-0.072037
198,40,-1.49292,-0.0755956
199,40,-1.48685,-0.0783828
200,40,-1.4812,-0.0809999
201,40,-1.4753,-0.0835005
202,40,-1.46944,-0.0856938
203,40,-1.4642,-0.0874194
204,40,-1.45892,-0.089177
205,40,-1.45357,-0.0906748
206,40,-1.4487,-0.0917997
207,40,-1.44383,-0.0929425
208,40,-1.43938,-0.0937615
209,40,-1.43521,-0.0944143
210,40,-1.43068,-0.0955501
211,40,-1.42635,-0.0962569
212,40,-1.42247,-0.0966968
213,40,-1.41824,-0.0972452
214,40,-1.41405,-0.0971858
215,40,-1.40973,-0.0974149
216,40,-1.4054,-0.0974943
217,40,-1.40121,-0.0974318
218,40,-1.39707,-0.0973819
219,40,-1.39303,-0.0976831
220,40,-1.38865,-0.0975919
221,40,-1.38443,-0.0974976
222,40,-1.38007,-0.0973479
223,40,-1.37568,-0.0969494
224,40,-1.37157,-0.096839
225,40,-1.3674,-0.0967077
226,40,-1.36313,-0.0967492
227,40,-1.35916,-0.0965361
228,40,-1.3554,-0.0963912
229,40,-1.35128,-0.0960766
230,40,-1.347,-0.0955347
231,40,-1.34286,-0.0951396
232,40,-1.33892,-0.0946453
233,40,-1.33492,-0.0943535
234,40,-1.33072,-0.0938009
235,40,-1.32656,-0.0935452
236,40,-1.32275,-0.0931385
237,40,-1.31887,-0.0927625
238,40,-1.3151,-0.0922292
239,40,-1.31169,-0.0916086
240,40,-1.30776,-0.0910517
241,40,-1.3041,-0.0905589
242,40,-1.30033,-0.0902032
243,40,-1.29665,-0.0899192
244,40,-1.29295,-0.0889835
245,40,-1.28941,-0.0884905
246,40,-1.28587,-0.0875795
247,40,-1.28209,-0.087004
248,40,-1.27854,-0.0861583
249,40,-1.27485,-0.0854009
250,40,-1.27104,-0.0845731
251,40,-1.26736,-0.0839035
252,40,-1.26368,-0.0835921
253,40,-1.26062,-0.0829507
254,40,-1.25667,-0.0822562
255,40,-1.25297,-0.0816358
256,40,-1.24911,-0.0806237
257,40,-1.24551,-0.0802507
258,40,-1.24211,-0.0796099
259,40,-1.23844,-0.0792176
260,40,-1.23462,-0.0788353
261,40,-1.23076,-0.0780502
262,40,-1.22683,-0.0775893
263,40,-1.22317,-0.0770179
264,40,-1.21943,-0.0764577
265,40,-1.21591,-0.075952
266,40,-1.21245,-0.0751035
267,40,-1.20901,-0.0746668
268,40,-1.20538,-0.0741962
269,40,-1.20161,-0.07374
270,40,-1.19784,-0.0732351
271,40,-1.19395,-0.0724908
272,40,-1.19072,-0.0720365
273,40,-1.18716,-0.0716679
274,40,-1.18386,-0.0710555
275,40,-1.18032,-0.070404
276,40,-1.1766,-0.0695004
277,40,-1.17266,-0.0686157
278,40,-1.16881,-0.0681757
279,40,-1.16504,-0.0676831
280,40,-1.16102,-0.0670815
281,40,-1.15745,-0.0661378
282,40,-1.15381,-0.0655084
283,40,-1.15012,-0.0649484
284,40,-1.14669,-0.0640157
285,40,-1.14275,-0.0633003
286,40,-1.13915,-0.0625659
287,40,-1.13546,-0.0618148
288,40,-1.13189,-0.0610418
289,40,-1.12845,-0.0608054
290,40,-1.12514,-0.0603106
291,40,-1.12177,-0.0599685
292,40,-1.11819,-0.0593
293,40,-1.11453,-0.0589419
294,40,-1.11093,-0.0582333
295,40,-1.10699,-0.0576197
296,40,-1.10316,-0.0572429
297,40,-1.09965,-0.0567084
298,40,-1.09618,-0.0565079
299,40,-1.09227,-0.0559314
300,40,-1.08857,-0.0555833
301,40,-1.08475,-0.0551938
302,40,-1.08089,-0.0547919
303,40,-1.07728,-0.0540173
304,40,-1.07373,-0.0533353
305,40,-1.06997,-0.0530066
306,40,-1.06645,-0.0523919
307,40,-1.06266,-0.051947
308,40,-1.05932,-0.0513351
309,40,-1.05569,-0.0505389
310,40,-1.0519,-0.0500666
311,40,-1.04821,-0.0497802
312,40,-1.04421,-0.0491463
313,40,-1.04058,-0.0488331
314,40,-1.03696,-0.0486942
315,40,-1.0331,-0.048174
316,40,-1.02981,-0.0473185
317,40,-1.02629,-0.0465954
318,40,-1.02248,-0.0461679
319,40,-1.01845,-0.0456709
320,40,-1.01454,-0.0452588
321,40,-1.01067,-0.0449686
322,40,-1.007,-0.0441872
323,40,-1.00309,-0.0432652
324,40,-0.998971,-0.0424706
325,40,-0.99521,-0.0415038
326,40,-0.991645,-0.0412778
327,40,-0.987724,-0.0408184
11,41,-2.41481,-0.171761
12,41,-2.41089,-0.171283
13,41,-2.40702,-0.170703
14,41,-2.4032,-0.170502
15,41,-2.39902,-0.170228
16,41,-2.39499,-0.170149
17,41,-2.39098,-0.170194
18,41,-2.3868,-0.169897
19,41,-2.38295,-0.169448
20,41,-2.37903,-0.168919
21,41,-2.37461,-0.168391
22,41,-2.37065,-0.16807
23,41,-2.36666,-0.16823
24,41,-2.3622,-0.167981
25,41,-2.35799,-0.167872
26,41,-2.3537,-0.167851
27,41,-2.34964,-0.167525
28,41,-2.34579,-0.16745
29,41,-2.34189,-0.167106
30,41,-2.3377,-0.167083
31,41,-2.3335,-0.167223
32,41,-2.32945,-0.167465
33,41,-2.32536,-0.167507
34,41,-2.3213,-0.16734
35,41,-2.31722,-0.167281
36,41,-2.31274,-0.167165
37,41,-2.30858,-0.167379
38,41,-2.30441,-0.167389
39,41,-2.30004,-0.167247
40,41,-2.29568,-0.167003
41,41,-2.29163,-0.167079
42,41,-2.28751,-0.166995
43,41,-2.28355,-0.167128
44,41,-2.27944,-0.167174
45,41,-2.27509,-0.166841
46,41,-2.27102,-0.16691
47,41,-2.26699,-0.16701
48,41,-2.26233,-0.166945
49,41,-2.25849,-0.166834
50,41,-2.25408,-0.166883
51,41,-2.25028,-0.166969
52,41,-2.24657,-0.16729
53,41,-2.24269,-0.167604
54,41,-2.23851,-0.167547
55,41,-2.23441,-0.167594
56,41,-2.22999,-0.167712
57,41,-2.22591,-0.167736
58,41,-2.22192,-0.167837
59,41,-2.21779,-0.167756
60,41,-2.2139,-0.167514
61,41,-2.20958,-0.167543
62,41,-2.20532,-0.167818
63,41,-2.20071,-0.167671
64,41,-2.19615,-0.167822
65,41,-2.19155,-0.168063
66,41,-2.18743,-0.168008
67,41,-2.18347,-0.167822
68,41,-2.1795,-0.167613
69,41,-2.17527,-0.167544
70,41,-2.17096,-0.167119
71,41,-2.16717,-0.167103
72,41,-2.16285,-0.167153
73,41,-2.15823,-0.16727
74,41,-2.15426,-0.167693
75,41,-2.15022,-0.167644
76,41,-2.14615,-0.167673
77,41,-2.14221,-0.167451
78,41,-2.13851,-0.167218
79,41,-2.13434,-0.166905
80,41,-2.13004,-0.166752
81,41,-2.1255,-0.166769
82,41,-2.12103,-0.166716
83,41,-2.11725,-0.166736
84,41,-2.11322,-0.166248
85,41,-2.10914,-0.166122
86,41,-2.10501,-0.165805
87,41,-2.10049,-0.165307
88,41,-2.09602,-0.165287
89,41,-2.09142,-0.164846
90,41,-2.08676,-0.164618
91,41,-2.08236,-0.164658
92,41,-2.07801,-0.164561
93,41,-2.07403,-0.164353
94,41,-2.07022,-0.163812
95,41,-2.0662,-0.16334
96,41,-2.06203,-0.163143
97,41,-2.05812,-0.162985
98,41,-2.05426,-0.162455
99,41,-2.05039,-0.162078
100,41,-2.04676,-0.161724
101,41,-2.04324,-0.161292
102,41,-2.03966,-0.160893
103,41,-2.03604,-0.160185
104,41,-2.0324,-0.15993
105,41,-2.02883,-0.159482
106,41,-2.02508,-0.158939
107,41,-2.0214,-0.15874
108,41,-2.01766,-0.158516
109,41,-2.01368,-0.15838
110,41,-2.01062,-0.158343
111,41,-2.0072,-0.158306
112,41,-2.00357,-0.158329
113,41,-2.00031,-0.158091
114,41,-1.99679,-0.158127
115,41,-1.99316,-0.158284
116,41,-1.98952,-0.157919
117,41,-1.98568,-0.157725
118,41,-1.98185,-0.157629
119,41,-1.97854,-0.157447
120,41,-1.9745,-0.157117
121,41,-1.97033,-0.156533
122,41,-1.96639,-0.156039
123,41,-1.96209,-0.155436
124,41,-1.95829,-0.154726
125,41,-1.95423,-0.154254
126,41,-1.95013,-0.15378
127,41,-1.94606,-0.153018
128,41,-1.94192,-0.152306
129,41,-1.93772,-0.151944
130,41,-1.93357,-0.151895
131,41,-1.92883,-0.151235
132,41,-1.92485,-0.150404
133,41,-1.92105,-0.149589
134,41,-1.91671,-0.148856
135,41,-1.91249,-0.148052
136,41,-1.90848,-0.147006
137,41,-1.90411,-0.146604
138,41,-1.90008,-0.145775
139,41,-1.89582,-0.144612
140,41,-1.89127,-0.143547
141,41,-1.88671,-0.142816
142,41,-1.8824,-0.141433
143,41,-1.8775,-0.140012
144,41,-1.87333,-0.138249
145,41,-1.86853,-0.136892
146,41,-1.86383,-0.134955
147,41,-1.85877,-0.133386
148,41,-1.85429,-0.130908
149,41,-1.84904,-0.128722
150,41,-1.84409,-0.126293
151,41,-1.83885,-0.123935
152,41,-1.83359,-0.121266
153,41,-1.82802,-0.118202
154,41,-1.82235,-0.115318
155,41,-1.81658,-0.112055
156,41,-1.81066,-0.108276
157,41,-1.80452,-0.104094
158,41,-1.79849,-0.0999359
159,41,-1.79279,-0.0954375
160,41,-1.78594,-0.091155
161,41,-1.77925,-0.0860682
162,41,-1.77226,-0.0813701
163,41,-1.76537,-0.0763986
164,41,-1.75883,-0.0712837
165,41,-1.75232,-0.0664402
166,41,-1.74518,-0.0616398
167,41,-1.73792,-0.057391
168,41,-1.73012,-0.0534451
169,41,-1.72325,-0.0506335
170,41,-1.71557,-0.0478907
171,41,-1.70752,-0.0444685
172,41,-1.69849,-0.0414951
173,41,-1.68993,-0.0392815
174,41,-1.68121,-0.037247
175,41,-1.67106,-0.0356023
176,41,-1.66122,-0.0346424
177,41,-1.65211,-0.0336191
178,41,-1.64293,-0.0326856
179,41,-1.63326,-0.0318589
180,41,-1.6239,-0.0313614
181,41,-1.61542,-0.0309029
182,41,-1.60703,-0.0306927
183,41,-1.59794,-0.0303107
184,41,-1.58851,-0.0312495
185,41,-1.57909,-0.0329561
186,41,-1.57058,-0.0347164
187,41,-1.56244,-0.0375882
188,41,-1.55492,-0.0402211
189,41,-1.54769,-0.0433868
190,41,-1.54073,-0.0469694
191,41,-1.5338,-0.0505486
192,41,-1.52618,-0.0542213
193,41,-1.51886,-0.0577255
194,41,-1.51189,-0.0617151
195,41,-1.50511,-0.0656456
196,41,-1.49871,-0.0695939
197,41,-1.49252,-0.0736271
198,41,-1.48677,-0.076987
199,41,-1.4809,-0.07981
200,41,-1.47539,-0.0828037
201,41,-1.46958,-0.0854924
202,41,-1.46338,-0.0874315
203,41,-1.45811,-0.0895294
204,41,-1.45287,-0.0910411
205,41,-1.44786,-0.0919582
206,41,-1.44289,-0.093316
207,41,-1.43835,-0.0945923
208,41,-1.43411,-0.0955889
209,41,-1.42978,-0.0963094
210,41,-1.4255,-0.0968212
211,41,-1.42134,-0.0973755
212,41,-1.4173,-0.0978918
213,41,-1.41341,-0.0980645
214,41,-1.40934,-0.0983499
215,41,-1.40499,-0.0984617
216,41,-1.40076,-0.0983265
217,41,-1.39689,-0.0983997
218,41,-1.39271,-0.0987255
219,41,-1.38848,-0.098805
220,41,-1.38424,-0.0984352
221,41,-1.38004,-0.0987539
222,41,-1.37601,-0.0984966
223,41,-1.37163,-0.0980778
224,41,-1.36754,-0.0979765
225,41,-1.36344,-0.0976906
226,41,-1.35934,-0.0974657
227,41,-1.35521,-0.0971811
228,41,-1.35188,-0.0969715
229,41,-1.34829,-0.0968035
230,41,-1.34411,-0.0964968
231,41,-1.34001,-0.0958513
232,41,-1.33621,-0.095344
233,41,-1.33213,-0.0952291
234,41,-1.32813,-0.0947986
235,41,-1.32396,-0.0942032
236,41,-1.32021,-0.0938806
237,41,-1.31644,-0.0935553
238,41,-1.31272,-0.0930575
239,41,-1.30911,-0.092246
240,41,-1.30563,-0.091857
241,41,-1.30193,-0.0911155
242,41,-1.29819,-0.09084
243,41,-1.29462,-0.0903869
244,41,-1.29085,-0.0898911
245,41,-1.28741,-0.0892976
246,41,-1.2836,-0.0885836
247,41,-1.28011,-0.0876442
248,41,-1.27688,-0.0870195
249,41,-1.27314,-0.086315
250,41,-1.26955,-0.0855316
251,41,-1.26597,-0.0852067
252,41,-1.26236,-0.0845706
253,41,-1.25916,-0.0840435
254,41,-1.25542,-0.0834558
255,41,-1.25203,-0.0826888
256,41,-1.24837,-0.08177
257,41,-1.24454,-0.0811679
258,41,-1.24072,-0.0805514
259,41,-1.23725,-0.0798941
260,41,-1.23369,-0.0797076
261,41,-1.22974,-0.0790816
262,41,-1.22597,-0.0785932
263,41,-1.22232,-0.0781378
264,41,-1.21855,-0.0774541
265,41,-1.21514,-0.077033
266,41,-1.21153,-0.0760329
267,41,-1.20816,-0.0755274
268,41,-1.20458,-0.0752527
269,41,-1.20093,-0.0746577
270,41,-1.19747,-0.0740554
271,41,-1.19363,-0.0735086
272,41,-1.19024,-0.0733251
273,41,-1.1866,-0.072704
274,41,-1.18324,-0.0720597
275,41,-1.17963,-0.0712987
276,41,-1.1758,-0.0707722
277,41,-1.1719,-0.0696502
278,41,-1.16837,-0.0692845
279,41,-1.16468,-0.0687206
280,41,-1.1606,-0.0679704
281,41,-1.1569,-0.0670653
282,41,-1.15317,-0.0660412
283,41,-1.14966,-0.0655526
284,41,-1.14601,-0.0648045
285,41,-1.14252,-0.0637962
286,41,-1.13889,-0.0632323
287,41,-1.13525,-0.06236
288,41,-1.13169,-0.0618889
289,41,-1.12831,-0.0612676
290,41,-1.12497,-0.060878
291,41,-1.1216,-0.0606408
292,41,-1.11812,-0.0602394
293,41,-1.11452,-0.0597044
294,41,-1.1106,-0.0592162
295,41,-1.10689,-0.0585763
296,41,-1.10324,-0.0579458
297,41,-1.09989,-0.0575922
298,41,-1.09635,-0.0571996
299,41,-1.09282,-0.0567775
300,41,-1.08902,-0.0567222
301,41,-1.08526,-0.0558765
302,41,-1.08136,-0.0555748
303,41,-1.07754,-0.0551054
304,41,-1.07391,-0.054356
305,41,-1.07026,-0.0539248
306,41,-1.06659,-0.0532175
307,41,-1.06331,-0.0528573
308,41,-1.05968,-0.0520903
309,41,-1.05607,-0.0514825
310,41,-1.05199,-0.0510582
311,41,-1.04838,-0.0506702
312,41,-1.04449,-0.0502788
313,41,-1.04093,-0.049838
314,41,-1.03741,-0.0495412
315,41,-1.03396,-0.0490356
316,41,-1.02999,-0.0481082
317,41,-1.02627,-0.0475695
318,41,-1.02269,-0.0467511
319,41,-1.01873,-0.0462727
320,41,-1.01468,-0.045821
321,41,-1.01096,-0.0454157
322,41,-1.00723,-0.0449894
323,41,-1.00347,-0.0440889
324,41,-0.99966,-0.0432074
325,41,-0.995793,-0.0422313
326,41,-0.991638,-0.0417061
327,41,-0.987576,-0.0415795
11,42,-2.41479,-0.172074
12,42,-2.41079,-0.172028
13,42,-2.40707,-0.171789
14,42,-2.4032,-0.171537
15,42,-2.39948,-0.171124
16,42,-2.39537,-0.170805
17,42,-2.39124,-0.170712
18,42,-2.38725,-0.170111
19,42,-2.38319,-0.169703
20,42,-2.37905,-0.169277
21,42,-2.37528,-0.168956
22,42,-2.37108,-0.168677
23,42,-2.36694,-0.168608
24,42,-2.36255,-0.168533
25,42,-2.35843,-0.168104
26,42,-2.35428,-0.168212
27,42,-2.35011,-0.168284
28,42,-2.34618,-0.16803
29,42,-2.34229,-0.167835
30,42,-2.3383,-0.167471
31,42,-2.33403,-0.167552
32,42,-2.32981,-0.167764
33,42,-2.3258,-0.167751
34,42,-2.32165,-0.167765
35,42,-2.31755,-0.167631
36,42,-2.31327,-0.167551
37,42,-2.30928,-0.167691
38,42,-2.30506,-0.167642
39,42,-2.30067,-0.167547
40,42,-2.29645,-0.167143
41,42,-2.29241,-0.167278
42,42,-2.28841,-0.16746
43,42,-2.28439,-0.167424
44,42,-2.28035,-0.167194
45,42,-2.27603,-0.167221
46,42,-2.27181,-0.166981
47,42,-2.26771,-0.167113
48,42,-2.26337,-0.166936
49,42,-2.25941,-0.167047
50,42,-2.25503,-0.167139
51,42,-2.25134,-0.16721
52,42,-2.24736,-0.167337
53,42,-2.24337,-0.16744
54,42,-2.23911,-0.167655
55,42,-2.23527,-0.167713
56,42,-2.23114,-0.167818
57,42,-2.22685,-0.167775
58,42,-2.223,-0.167786
59,42,-2.21872,-0.168069
60,42,-2.21458,-0.167791
61,42,-2.21063,-0.167562
62,42,-2.20625,-0.167703
63,42,-2.20165,-0.167644
64,42,-2.19716,-0.16785
65,42,-2.19252,-0.167856
66,42,-2.18856,-0.16802
67,42,-2.18443,-0.167718
68,42,-2.1804,-0.167136
69,42,-2.17657,-0.167309
70,42,-2.17222,-0.16713
71,42,-2.16839,-0.167101
72,42,-2.16422,-0.167075
73,42,-2.15959,-0.167232
74,42,-2.15549,-0.167678
75,42,-2.15158,-0.16777
76,42,-2.14744,-0.167811
77,42,-2.14342,-0.167747
78,42,-2.13968,-0.167487
79,42,-2.13549,-0.167143
80,42,-2.13141,-0.166926
81,42,-2.12707,-0.166929
82,42,-2.12267,-0.166713
83,42,-2.11882,-0.166684
84,42,-2.11465,-0.166512
85,42,-2.11067,-0.166222
86,42,-2.10658,-0.165812
87,42,-2.10237,-0.165569
88,42,-2.09773,-0.165594
89,42,-2.09294,-0.165168
90,42,-2.08851,-0.164806
91,42,-2.08387,-0.164659
92,42,-2.07973,-0.164869
93,42,-2.07575,-0.16465
94,42,-2.07177,-0.163996
95,42,-2.06808,-0.163726
96,42,-2.06415,-0.163507
97,42,-2.06025,-0.163196
98,42,-2.05645,-0.162758
99,42,-2.05244,-0.162372
100,42,-2.04892,-0.161987
101,42,-2.04533,-0.161521
102,42,-2.04175,-0.161038
103,42,-2.03819,-0.160597
104,42,-2.03461,-0.160274
105,42,-2.03148,-0.159912
106,42,-2.0276,-0.159452
107,42,-2.02375,-0.159362
108,42,-2.02001,-0.159515
109,42,-2.01647,-0.159162
110,42,-2.01343,-0.159216
111,42,-2.01027,-0.159211
112,42,-2.00682,-0.159111
113,42,-2.00344,-0.159289
114,42,-1.99994,-0.159212
115,42,-1.99662,-0.158979
116,42,-1.99302,-0.158686
117,42,-1.98947,-0.158648
118,42,-1.98585,-0.158631
119,42,-1.98232,-0.15821
120,42,-1.97861,-0.157598
121,42,-1.97452,-0.157089
122,42,-1.97058,-0.156696
123,42,-1.96638,-0.156353
124,42,-1.96234,-0.155597
125,42,-1.95847,-0.154861
126,42,-1.95466,-0.154315
127,42,-1.95054,-0.153953
128,42,-1.94648,-0.15323
129,42,-1.94241,-0.152766
130,42,-1.93797,-0.152196
131,42,-1.93355,-0.151756
132,42,-1.9296,-0.151331
133,42,-1.9258,-0.150727
134,42,-1.92212,-0.149865
135,42,-1.91788,-0.148993
136,42,-1.9139,-0.148172
137,42,-1.9097,-0.147554
138,42,-1.90529,-0.147064
139,42,-1.90162,-0.145965
140,42,-1.89729,-0.144969
141,42,-1.89301,-0.143942
142,42,-1.88857,-0.142541
143,42,-1.88388,-0.141113
144,42,-1.87952,-0.139568
145,42,-1.87515,-0.137911
146,42,-1.87037,-0.136696
147,42,-1.8657,-0.134821
148,42,-1.86126,-0.132713
149,42,-1.85633,-0.130347
150,42,-1.85123,-0.127758
151,42,-1.84634,-0.125223
152,42,-1.841,-0.122909
153,42,-1.83506,-0.119915
154,42,-1.82962,-0.117294
155,42,-1.82439,-0.114026
156,42,-1.81878,-0.11014
157,42,-1.81295,-0.105579
158,42,-1.80635,-0.10145
159,42,-1.80051,-0.0969491
160,42,-1.79408,-0.0926815
161,42,-1.78758,-0.0879075
162,42,-1.78176,-0.0829987
163,42,-1.7751,-0.0779993
164,42,-1.76831,-0.072652
165,42,-1.76092,-0.067437
166,42,-1.75409,-0.0626798
167,42,-1.74753,-0.0587617
168,42,-1.7402,-0.05523
169,42,-1.73245,-0.0523558
170,42,-1.72306,-0.0492389
171,42,-1.71312,-0.046234
172,42,-1.7034,-0.0439425
173,42,-1.69415,-0.0412511
174,42,-1.68498,-0.0393988
175,42,-1.67547,-0.0380805
176,42,-1.66522,-0.0366656
177,42,-1.65384,-0.0360359
178,42,-1.6427,-0.0348683
179,42,-1.63326,-0.0333169
180,42,-1.62277,-0.0325202
181,42,-1.61273,-0.031687
182,42,-1.60306,-0.0313671
183,42,-1.59231,-0.0311343
184,42,-1.58303,-0.0323626
185,42,-1.57333,-0.0339495
186,42,-1.56343,-0.035873
187,42,-1.55506,-0.03825
188,42,-1.5469,-0.0404113
189,42,-1.53899,-0.0440622
190,42,-1.53123,-0.0481066
191,42,-1.52383,-0.0515154
192,42,-1.5174,-0.0551993
193,42,-1.51079,-0.058993
194,42,-1.50394,-0.0631665
195,42,-1.49717,-0.0674913
196,42,-1.49087,-0.0716748
197,42,-1.48497,-0.0754253
198,42,-1.47898,-0.0787623
199,42,-1.47317,-0.0818948
200,42,-1.46787,-0.0846647
201,42,-1.46204,-0.0874852
202,42,-1.45609,-0.0898007
203,42,-1.45117,-0.091671
204,42,-1.4462,-0.0931556
205,42,-1.44161,-0.094152
206,42,-1.43723,-0.0953235
207,42,-1.43284,-0.0963478
208,42,-1.42827,-0.097033
209,42,-1.42392,-0.0978792
210,42,-1.41964,-0.0982157
211,42,-1.41564,-0.0984644
212,42,-1.41162,-0.0990916
213,42,-1.40736,-0.099218
214,42,-1.40351,-0.0993795
215,42,-1.39972,-0.0994271
216,42,-1.39574,-0.0994661
217,42,-1.39192,-0.0994657
218,42,-1.38788,-0.0994328
219,42,-1.38385,-0.0994074
220,42,-1.37969,-0.0994548
221,42,-1.37564,-0.0994597
222,42,-1.37187,-0.0991941
223,42,-1.36793,-0.0986873
224,42,-1.36415,-0.0985348
225,42,-1.35988,-0.0982713
226,42,-1.35572,-0.0981216
227,42,-1.35181,-0.0979765
228,42,-1.3482,-0.0978554
229,42,-1.34495,-0.0975176
230,42,-1.34064,-0.0970284
231,42,-1.33699,-0.0967315
232,42,-1.33318,-0.0964428
233,42,-1.32926,-0.0960516
234,42,-1.32528,-0.0953721
235,42,-1.32142,-0.0950077
236,42,-1.31776,-0.0947483
237,42,-1.31398,-0.0944302
238,42,-1.31058,-0.0938697
239,42,-1.30702,-0.093249
240,42,-1.30345,-0.0926438
241,42,-1.29975,-0.0921448
242,42,-1.29602,-0.0914715
243,42,-1.29237,-0.0911252
244,42,-1.28901,-0.0906925
245,42,-1.2853,-0.0901442
246,42,-1.28168,-0.0895914
247,42,-1.27856,-0.0886974
248,42,-1.275,-0.0880086
249,42,-1.27172,-0.0872823
250,42,-1.26775,-0.0867067
251,42,-1.26446,-0.0860825
252,42,-1.26099,-0.0855751
253,42,-1.25762,-0.0850644
254,42,-1.25453,-0.0843906
255,42,-1.25097,-0.0836645
256,42,-1.24724,-0.0829119
257,42,-1.24338,-0.0823588
258,42,-1.23972,-0.0815044
259,42,-1.23609,-0.0811225
260,42,-1.23259,-0.0806266
261,42,-1.22891,-0.0800271
262,42,-1.22507,-0.0795955
263,42,-1.22148,-0.0792775
264,42,-1.21774,-0.078497
265,42,-1.21429,-0.0777737
266,42,-1.21057,-0.0771479
267,42,-1.20745,-0.0764276
268,42,-1.20377,-0.0761924
269,42,-1.20038,-0.0755129
270,42,-1.19691,-0.0749707
271,42,-1.19322,-0.0748239
272,42,-1.18956,-0.074192
273,42,-1.18583,-0.0735294
274,42,-1.18248,-0.0730911
275,42,-1.17891,-0.0722702
276,42,-1.17508,-0.0716248
277,42,-1.17125,-0.0708469
278,42,-1.16756,-0.0699644
279,42,-1.16392,-0.0696621
280,42,-1.16039,-0.0688294
281,42,-1.15667,-0.0679063
282,42,-1.15298,-0.0670864
283,42,-1.14938,-0.0664174
284,42,-1.14556,-0.0654359
285,42,-1.14204,-0.0643519
286,42,-1.13851,-0.0638326
287,42,-1.13488,-0.0633333
288,42,-1.13148,-0.0626964
289,42,-1.12806,-0.0620477
290,42,-1.12482,-0.0613536
291,42,-1.12133,-0.0608188
292,42,-1.11777,-0.0606036
293,42,-1.11441,-0.0603076
294,42,-1.1105,-0.0598883
295,42,-1.10691,-0.059395
296,42,-1.10312,-0.0590267
297,42,-1.09953,-0.0586379
298,42,-1.09651,-0.0581973
299,42,-1.09306,-0.0576859
300,42,-1.08953,-0.0571171
301,42,-1.08563,-0.0569541
302,42,-1.08151,-0.0563464
303,42,-1.07787,-0.0557427
304,42,-1.07409,-0.0555022
305,42,-1.07058,-0.0546861
306,42,-1.06704,-0.0542008
307,42,-1.06382,-0.0536222
308,42,-1.06001,-0.0526495
309,42,-1.0563,-0.052133
310,42,-1.05235,-0.0517003
311,42,-1.04859,-0.0513338
312,42,-1.04485,-0.0508544
313,42,-1.04129,-0.0503448
314,42,-1.03778,-0.0502081
315,42,-1.03409,-0.0497315
316,42,-1.03003,-0.0490034
317,42,-1.02609,-0.0484652
318,42,-1.02242,-0.0476667
319,42,-1.0185,-0.0470605
320,42,-1.01475,-0.0464554
321,42,-1.0109,-0.0460214
322,42,-1.00722,-0.0455997
323,42,-1.00352,-0.044655
324,42,-1.00003,-0.0441849
325,42,-0.996065,-0.0436135
326,42,-0.991825,-0.0430654
327,42,-0.987885,-0.0432506
11,43,-2.41397,-0.173784
12,43,-2.41086,-0.172753
13,43,-2.40703,-0.172655
14,43,-2.40332,-0.172312
15,43,-2.39969,-0.171947
16,43,-2.39557,-0.171584
17,43,-2.39154,-0.171204
18,43,-2.38763,-0.17077
19,43,-2.38369,-0.17022
20,43,-2.37944,-0.169999
21,43,-2.37545,-0.169703
22,43,-2.37122,-0.169242
23,43,-2.3673,-0.169455
24,43,-2.36308,-0.169267
25,43,-2.35879,-0.168989
26,43,-2.35481,-0.168768
27,43,-2.3505,-0.168783
28,43,-2.34655,-0.168144
29,43,-2.34264,-0.167935
30,43,-2.33865,-0.167759
31,43,-2.33425,-0.167878
32,43,-2.33013,-0.168052
33,43,-2.32631,-0.168114
34,43,-2.32238,-0.168119
35,43,-2.31828,-0.16789
36,43,-2.31398,-0.168028
37,43,-2.31008,-0.168004
38,43,-2.30595,-0.167721
39,43,-2.30168,-0.167756
40,43,-2.2971,-0.167799
41,43,-2.29325,-0.16769
42,43,-2.28919,-0.167885
43,43,-2.28497,-0.167691
44,43,-2.28097,-0.167519
45,43,-2.27694,-0.167424
46,43,-2.27263,-0.16725
47,43,-2.2687,-0.167237
48,43,-2.26405,-0.167035
49,43,-2.26037,-0.167178
50,43,-2.25615,-0.167297
51,43,-2.25224,-0.167446
52,43,-2.24812,-0.167298
53,43,-2.2442,-0.167261
54,43,-2.23996,-0.167572
55,43,-2.236,-0.167771
56,43,-2.23206,-0.167734
57,43,-2.22771,-0.167841
58,43,-2.2238,-0.167903
59,43,-2.21959,-0.168131
60,43,-2.21536,-0.16827
61,43,-2.21138,-0.167979
62,43,-2.20723,-0.167595
63,43,-2.20304,-0.167622
64,43,-2.19835,-0.167796
65,43,-2.19364,-0.16751
66,43,-2.18963,-0.167912
67,43,-2.18562,-0.16794
68,43,-2.1817,-0.167548
69,43,-2.17759,-0.167582
70,43,-2.17358,-0.16748
71,43,-2.16967,-0.167287
72,43,-2.1653,-0.167085
73,43,-2.16092,-0.167228
74,43,-2.15658,-0.167396
75,43,-2.15257,-0.167618
76,43,-2.1486,-0.167752
77,43,-2.14486,-0.167742
78,43,-2.14112,-0.167802
79,43,-2.13693,-0.167275
80,43,-2.13283,-0.167131
81,43,-2.12864,-0.166954
82,43,-2.12409,-0.166881
83,43,-2.12006,-0.166936
84,43,-2.11613,-0.166609
85,43,-2.11223,-0.166464
86,43,-2.10824,-0.166184
87,43,-2.10401,-0.165816
88,43,-2.09942,-0.165623
89,43,-2.09436,-0.16535
90,43,-2.08992,-0.164943
91,43,-2.0855,-0.164868
92,43,-2.08123,-0.164941
93,43,-2.07746,-0.164571
94,43,-2.07353,-0.164314
95,43,-2.06984,-0.163994
96,43,-2.06626,-0.163686
97,43,-2.06228,-0.163497
98,43,-2.05851,-0.162996
99,43,-2.05482,-0.162567
100,43,-2.05098,-0.162217
101,43,-2.04704,-0.161945
102,43,-2.04371,-0.161638
103,43,-2.04068,-0.161448
104,43,-2.03718,-0.160976
105,43,-2.03365,-0.160799
106,43,-2.02987,-0.16049
107,43,-2.02657,-0.160166
108,43,-2.02296,-0.160139
109,43,-2.01963,-0.160078
110,43,-2.01648,-0.159885
111,43,-2.01317,-0.159874
112,43,-2.00988,-0.159951
113,43,-2.00634,-0.159835
114,43,-2.00314,-0.159945
115,43,-1.99996,-0.159804
116,43,-1.99623,-0.159305
117,43,-1.99289,-0.159228
118,43,-1.98958,-0.159149
119,43,-1.98614,-0.158752
120,43,-1.98262,-0.158289
121,43,-1.97856,-0.15771
122,43,-1.97454,-0.157493
123,43,-1.9706,-0.156897
124,43,-1.96644,-0.156435
125,43,-1.96275,-0.155804
126,43,-1.95884,-0.154929
127,43,-1.95489,-0.154818
128,43,-1.95098,-0.15405
129,43,-1.94685,-0.15349
130,43,-1.9426,-0.152854
131,43,-1.93857,-0.152559
132,43,-1.93475,-0.15222
133,43,-1.93124,-0.15133
134,43,-1.9274,-0.150455
135,43,-1.92335,-0.149776
136,43,-1.91917,-0.149056
137,43,-1.91534,-0.148316
138,43,-1.91109,-0.147851
139,43,-1.90732,-0.14701
140,43,-1.90356,-0.145917
141,43,-1.89953,-0.144697
142,43,-1.89539,-0.143146
143,43,-1.89064,-0.142003
144,43,-1.8866,-0.140726
145,43,-1.88239,-0.139115
146,43,-1.87768,-0.137567
147,43,-1.87331,-0.136017
148,43,-1.86908,-0.133966
149,43,-1.86443,-0.132012
150,43,-1.85938,-0.129723
151,43,-1.85453,-0.12704
152,43,-1.84912,-0.12434
153,43,-1.84382,-0.121947
154,43,-1.83905,-0.119004
155,43,-1.83389,-0.115593
156,43,-1.82819,-0.111502
157,43,-1.82239,-0.107526
158,43,-1.81649,-0.103758
159,43,-1.81038,-0.099509
160,43,-1.80468,-0.0944968
161,43,-1.79923,-0.0894051
162,43,-1.79309,-0.0842591
163,43,-1.78646,-0.0790612
164,43,-1.78021,-0.0735956
165,43,-1.77278,-0.0679628
166,43,-1.765,-0.0635382
167,43,-1.75758,-0.0598388
168,43,-1.74923,-0.0562732
169,43,-1.74103,-0.0533505
170,43,-1.73215,-0.0504063
171,43,-1.72139,-0.0488337
172,43,-1.71057,-0.0462437
173,43,-1.70002,-0.0440489
174,43,-1.68952,-0.0420603
175,43,-1.67899,-0.0401574
176,43,-1.66861,-0.0395433
177,43,-1.65664,-0.0378947
178,43,-1.64326,-0.0367269
179,43,-1.632,-0.0355292
180,43,-1.6206,-0.0334393
181,43,-1.6086,-0.0315238
182,43,-1.59681,-0.0316182
183,43,-1.58624,-0.0329934
184,43,-1.57716,-0.0339519
185,43,-1.56574,-0.0354296
186,43,-1.5549,-0.0369164
187,43,-1.54575,-0.0391794
188,43,-1.53661,-0.0420258
189,43,-1.52843,-0.0450698
190,43,-1.52055,-0.0490669
191,43,-1.51304,-0.0530806
192,43,-1.5065,-0.0570196
193,43,-1.50082,-0.0611308
194,43,-1.49501,-0.0653736
195,43,-1.48848,-0.0696529
196,43,-1.48181,-0.0733533
197,43,-1.47616,-0.0773201
198,43,-1.47055,-0.0809
199,43,-1.46449,-0.0837215
200,43,-1.45926,-0.0867535
201,43,-1.45372,-0.0894605
202,43,-1.44807,-0.0915899
203,43,-1.44333,-0.09319
204,43,-1.43896,-0.0949775
205,43,-1.43417,-0.0963131
206,43,-1.43,-0.0972398
207,43,-1.42631,-0.0982343
208,43,-1.42202,-0.0987828
209,43,-1.41777,-0.0990577
210,43,-1.41352,-0.0995978
211,43,-1.40945,-0.099726
212,43,-1.40534,-0.0999712
213,43,-1.40139,-0.100204
214,43,-1.39778,-0.100022
215,43,-1.39398,-0.100287
216,43,-1.38996,-0.100425
217,43,-1.38644,-0.1003
218,43,-1.38255,-0.100529
219,43,-1.37874,-0.100522
220,43,-1.37492,-0.100118
221,43,-1.37151,-0.0997901
222,43,-1.36772,-0.0996756
223,43,-1.36374,-0.0993368
224,43,-1.36002,-0.0991607
225,43,-1.35633,-0.0992962
226,43,-1.35245,-0.099112
227,43,-1.34842,-0.0988467
228,43,-1.34468,-0.0984307
229,43,-1.34129,-0.0980053
230,43,-1.33735,-0.0976823
231,43,-1.33386,-0.0974148
232,43,-1.33016,-0.0970125
233,43,-1.32647,-0.0962838
234,43,-1.3225,-0.0959872
235,43,-1.31856,-0.0957218
236,43,-1.31521,-0.0955131
237,43,-1.31171,-0.0951994
238,43,-1.30824,-0.0949622
239,43,-1.30455,-0.0940026
240,43,-1.3008,-0.093528
241,43,-1.29713,-0.0930171
242,43,-1.29365,-0.0922479
243,43,-1.29006,-0.091815
244,43,-1.28658,-0.0911794
245,43,-1.28305,-0.090708
246,43,-1.28001,-0.0903695
247,43,-1.27662,-0.0896706
248,43,-1.27319,-0.089297
249,43,-1.26957,-0.0884874
250,43,-1.26616,-0.0879285
251,43,-1.26291,-0.0872633
252,43,-1.25976,-0.0866623
253,43,-1.25642,-0.0860063
254,43,-1.25294,-0.0853189
255,43,-1.24941,-0.0848789
256,43,-1.24585,-0.084086
257,43,-1.24211,-0.0835332
258,43,-1.2383,-0.0829863
259,43,-1.23473,-0.0821406
260,43,-1.23157,-0.0815673
261,43,-1.22762,-0.0810967
262,43,-1.22411,-0.0806999
263,43,-1.22038,-0.0800289
264,43,-1.2169,-0.0793803
265,43,-1.21344,-0.0788971
266,43,-1.20981,-0.0781341
267,43,-1.20666,-0.0774228
268,43,-1.2031,-0.0768134
269,43,-1.19972,-0.0764872
270,43,-1.19606,-0.0761305
271,43,-1.19268,-0.0754766
272,43,-1.18909,-0.0751777
273,43,-1.18538,-0.0743319
274,43,-1.18163,-0.0737464
275,43,-1.17816,-0.0731188
276,43,-1.17454,-0.0726035
277,43,-1.17086,-0.0718883
278,43,-1.16696,-0.0710331
279,43,-1.16323,-0.0703902
280,43,-1.15968,-0.0694286
281,43,-1.15631,-0.0684592
282,43,-1.15275,-0.0676137
283,43,-1.14907,-0.0669373
284,43,-1.14531,-0.0662777
285,43,-1.14166,-0.0656152
286,43,-1.13828,-0.0649477
287,43,-1.13456,-0.0644308
288,43,-1.13124,-0.063728
289,43,-1.12768,-0.0630519
290,43,-1.12486,-0.0625086
291,43,-1.12118,-0.0616883
292,43,-1.11763,-0.0613728
293,43,-1.11405,-0.0613482
294,43,-1.11066,-0.0607357
295,43,-1.10709,-0.0604127
296,43,-1.10333,-0.0599305
297,43,-1.09967,-0.0594114
298,43,-1.09645,-0.0589663
299,43,-1.09315,-0.0584831
300,43,-1.08944,-0.05803
301,43,-1.08583,-0.0576867
302,43,-1.08194,-0.0570191
303,43,-1.07814,-0.0567717
304,43,-1.07435,-0.0563139
305,43,-1.0707,-0.0555439
306,43,-1.06712,-0.0549341
307,43,-1.06388,-0.0542497
308,43,-1.06023,-0.0536989
309,43,-1.05643,-0.0533513
310,43,-1.05234,-0.0525664
311,43,-1.04873,-0.0521154
312,43,-1.04492,-0.0515706
313,43,-1.04142,-0.0510054
314,43,-1.03782,-0.0508351
315,43,-1.03441,-0.0503281
316,43,-1.03045,-0.0498566
317,43,-1.02631,-0.049181
318,43,-1.02243,-0.0485508
319,43,-1.01888,-0.0479787
320,43,-1.01489,-0.047414
321,43,-1.01125,-0.0467269
322,43,-1.00771,-0.0462997
323,43,-1.00368,-0.0457576
324,43,-0.999874,-0.0450309
325,43,-0.996126,-0.0442945
326,43,-0.992215,-0.0439162
327,43,-0.987942,-0.0437723
11,44,-2.41403,-0.175371
12,44,-2.41077,-0.174326
13,44,-2.407,-0.173855
14,44,-2.40316,-0.173395
15,44,-2.39945,-0.172856
16,44,-2.39558,-0.172358
17,44,-2.39183,-0.17179
18,44,-2.38787,-0.171546
19,44,-2.38402,-0.171175
20,44,-2.37989,-0.170768
21,44,-2.37583,-0.170463
22,44,-2.37174,-0.17045
23,44,-2.36759,-0.170338
24,44,-2.36353,-0.169997
25,44,-2.35928,-0.169366
26,44,-2.35505,-0.168951
27,44,-2.3511,-0.168823
28,44,-2.34693,-0.168225
29,44,-2.34297,-0.167943
30,44,-2.33897,-0.168114
31,44,-2.33487,-0.168247
32,44,-2.33078,-0.16813
33,44,-2.32662,-0.16838
34,44,-2.32267,-0.168394
35,44,-2.31858,-0.168322
36,44,-2.31439,-0.16838
37,44,-2.31028,-0.168323
38,44,-2.30644,-0.168397
39,44,-2.30222,-0.16828
40,44,-2.298,-0.168002
41,44,-2.29411,-0.167932
42,44,-2.28992,-0.168215
43,44,-2.28585,-0.168002
44,44,-2.28203,-0.167863
45,44,-2.27778,-0.16755
46,44,-2.27337,-0.167406
47,44,-2.26966,-0.167438
48,44,-2.26509,-0.167427
49,44,-2.26112,-0.167325
50,44,-2.2571,-0.167273
51,44,-2.25309,-0.167648
52,44,-2.24917,-0.167575
53,44,-2.24514,-0.167575
54,44,-2.24069,-0.167404
55,44,-2.23666,-0.167316
56,44,-2.2328,-0.167321
57,44,-2.22866,-0.167529
58,44,-2.22476,-0.167948
59,44,-2.2207,-0.168088
60,44,-2.21612,-0.16804
61,44,-2.21192,-0.168453
62,44,-2.20805,-0.167941
63,44,-2.20433,-0.167958
64,44,-2.19955,-0.168095
65,44,-2.19513,-0.167851
66,44,-2.19083,-0.16808
67,44,-2.1866,-0.167766
68,44,-2.18264,-0.167702
69,44,-2.17853,-0.167606
70,44,-2.17488,-0.167635
71,44,-2.17107,-0.16746
72,44,-2.16662,-0.167441
73,44,-2.1622,-0.167466
74,44,-2.15785,-0.167633
75,44,-2.15411,-0.167818
76,44,-2.14997,-0.167765
77,44,-2.14604,-0.167641
78,44,-2.14269,-0.167805
79,44,-2.13846,-0.167392
80,44,-2.1342,-0.167004
81,44,-2.13008,-0.167243
82,44,-2.12556,-0.16729
83,44,-2.12171,-0.167016
84,44,-2.11783,-0.166759
85,44,-2.11379,-0.16663
86,44,-2.10971,-0.166708
87,44,-2.10535,-0.166285
88,44,-2.10078,-0.165665
89,44,-2.09619,-0.165515
90,44,-2.09177,-0.165267
91,44,-2.08718,-0.165135
92,44,-2.08318,-0.165206
93,44,-2.07953,-0.164667
94,44,-2.07569,-0.16444
95,44,-2.0717,-0.164478
96,44,-2.0679,-0.163866
97,44,-2.06401,-0.163844
98,44,-2.06026,-0.163593
99,44,-2.05673,-0.16297
100,44,-2.05283,-0.162603
101,44,-2.04923,-0.162566
102,44,-2.046,-0.162343
103,44,-2.0431,-0.161996
104,44,-2.03963,-0.161765
105,44,-2.03585,-0.161385
106,44,-2.03259,-0.161287
107,44,-2.02913,-0.161126
108,44,-2.02572,-0.160785
109,44,-2.02253,-0.160737
110,44,-2.01956,-0.160721
111,44,-2.01656,-0.160632
112,44,-2.01326,-0.160817
113,44,-2.00982,-0.160663
114,44,-2.00641,-0.16045
115,44,-2.00309,-0.160448
116,44,-1.99981,-0.160141
117,44,-1.99649,-0.159902
118,44,-1.99334,-0.159951
119,44,-1.98996,-0.159664
120,44,-1.98621,-0.159262
121,44,-1.98242,-0.158939
122,44,-1.97851,-0.1584
123,44,-1.97441,-0.157656
124,44,-1.97048,-0.157127
125,44,-1.9669,-0.156531
126,44,-1.96296,-0.155875
127,44,-1.9592,-0.155237
128,44,-1.95544,-0.154791
129,44,-1.95158,-0.154383
130,44,-1.94771,-0.153918
131,44,-1.94359,-0.15337
132,44,-1.9398,-0.153043
133,44,-1.93653,-0.152211
134,44,-1.93293,-0.151124
135,44,-1.9288,-0.150566
136,44,-1.92489,-0.149909
137,44,-1.92115,-0.149301
138,44,-1.91737,-0.148731
139,44,-1.91378,-0.148108
140,44,-1.91001,-0.146748
141,44,-1.90608,-0.145734
142,44,-1.90248,-0.144333
143,44,-1.8979,-0.14337
144,44,-1.89378,-0.142174
145,44,-1.8898,-0.140472
146,44,-1.8854,-0.13902
147,44,-1.88124,-0.137281
148,44,-1.87711,-0.135527
149,44,-1.87268,-0.133112
150,44,-1.8676,-0.130584
151,44,-1.86302,-0.128665
152,44,-1.85856,-0.126006
153,44,-1.8538,-0.12344
154,44,-1.84903,-0.120156
155,44,-1.84411,-0.117183
156,44,-1.83876,-0.113666
157,44,-1.8335,-0.109755
158,44,-1.82822,-0.105375
159,44,-1.82275,-0.101149
160,44,-1.81765,-0.0961296
161,44,-1.81185,-0.0909652
162,44,-1.806,-0.0855478
163,44,-1.79964,-0.0805871
164,44,-1.7928,-0.0746093
165,44,-1.78423,-0.0695984
166,44,-1.77754,-0.0649088
167,44,-1.76991,-0.0607907
168,44,-1.76147,-0.0576964
169,44,-1.75263,-0.0543404
170,44,-1.74294,-0.051555
171,44,-1.73101,-0.0508958
172,44,-1.71935,-0.0486529
173,44,-1.70747,-0.0465718
174,44,-1.69545,-0.0441883
175,44,-1.68325,-0.0430161
176,44,-1.67229,-0.042704
177,44,-1.65954,-0.0408857
178,44,-1.64444,-0.03879
179,44,-1.62983,-0.0368103
180,44,-1.61884,-0.0349623
181,44,-1.60401,-0.0321104
182,44,-1.58954,-0.0334051
183,44,-1.57967,-0.035028
184,44,-1.56776,-0.035666
185,44,-1.55646,-0.0368173
186,44,-1.54507,-0.0377579
187,44,-1.53514,-0.0398576
188,44,-1.52662,-0.0426722
189,44,-1.51795,-0.0460625
190,44,-1.51027,-0.0502404
191,44,-1.50243,-0.0544169
192,44,-1.49522,-0.0583838
193,44,-1.48934,-0.0627301
194,44,-1.48366,-0.0670898
195,44,-1.47768,-0.071154
196,44,-1.47178,-0.0752568
197,44,-1.466,-0.0791762
198,44,-1.46052,-0.0827048
199,44,-1.45512,-0.0858428
200,44,-1.44996,-0.0886082
201,44,-1.44449,-0.0913677
202,44,-1.43946,-0.0934454
203,44,-1.43537,-0.0949728
204,44,-1.43157,-0.0963626
205,44,-1.427,-0.0975407
206,44,-1.42274,-0.0989236
207,44,-1.41913,-0.0996709
208,44,-1.41495,-0.100188
209,44,-1.41048,-0.100854
210,44,-1.40656,-0.101033
211,44,-1.40285,-0.101334
212,44,-1.39887,-0.101391
213,44,-1.39513,-0.101313
214,44,-1.39142,-0.101426
215,44,-1.38809,-0.101418
216,44,-1.38433,-0.101299
217,44,-1.3804,-0.101059
218,44,-1.37675,-0.101232
219,44,-1.37352,-0.101388
220,44,-1.37006,-0.100974
221,44,-1.36686,-0.100654
222,44,-1.36307,-0.100667
223,44,-1.35922,-0.100356
224,44,-1.35534,-0.100137
225,44,-1.35179,-0.100164
226,44,-1.34843,-0.100029
227,44,-1.34498,-0.0995085
228,44,-1.34112,-0.0991392
229,44,-1.3376,-0.0988629
230,44,-1.33409,-0.0983257
231,44,-1.33062,-0.0978105
232,44,-1.32702,-0.0975217
233,44,-1.32325,-0.0971232
234,44,-1.31945,-0.0967613
235,44,-1.31598,-0.0964526
236,44,-1.31282,-0.0961016
237,44,-1.30924,-0.09578
238,44,-1.30578,-0.0955169
239,44,-1.3021,-0.0948655
240,44,-1.29832,-0.0941938
241,44,-1.29438,-0.094141
242,44,-1.29087,-0.0934012
243,44,-1.28757,-0.0926784
244,44,-1.28432,-0.0920859
245,44,-1.28119,-0.0915462
246,44,-1.27801,-0.0910295
247,44,-1.27454,-0.0906182
248,44,-1.27131,-0.0900115
249,44,-1.26785,-0.0894556
250,44,-1.26465,-0.0888284
251,44,-1.26169,-0.0881996
252,44,-1.25841,-0.0877348
253,44,-1.25493,-0.0874699
254,44,-1.25159,-0.0869861
255,44,-1.24812,-0.0863155
256,44,-1.24422,-0.0853309
257,44,-1.24095,-0.0845821
258,44,-1.23727,-0.0840474
259,44,-1.23379,-0.0831147
260,44,-1.23038,-0.0825148
261,44,-1.22701,-0.082154
262,44,-1.22316,-0.0816878
263,44,-1.21943,-0.0812843
264,44,-1.21583,-0.0806757
265,44,-1.2125,-0.0799654
266,44,-1.20917,-0.0792218
267,44,-1.20609,-0.0785425
268,44,-1.20243,-0.0780416
269,44,-1.19873,-0.0774663
270,44,-1.19526,-0.0769961
271,44,-1.19174,-0.0761499
272,44,-1.18808,-0.0757166
273,44,-1.18428,-0.0753671
274,44,-1.18091,-0.0748994
275,44,-1.17744,-0.0740593
276,44,-1.17338,-0.073525
277,44,-1.16984,-0.0728926
278,44,-1.16616,-0.0721332
279,44,-1.16253,-0.0710953
280,44,-1.15934,-0.0702519
281,44,-1.15578,-0.069645
282,44,-1.15209,-0.0688012
283,44,-1.14865,-0.0682396
284,44,-1.14493,-0.067552
285,44,-1.14142,-0.0668075
286,44,-1.13795,-0.0661024
287,44,-1.13455,-0.065313
288,44,-1.13108,-0.0647465
289,44,-1.12757,-0.0638396
290,44,-1.12464,-0.0632997
291,44,-1.12105,-0.0631019
292,44,-1.11755,-0.0624746
293,44,-1.11392,-0.0620427
294,44,-1.1105,-0.0612901
295,44,-1.10686,-0.061161
296,44,-1.10316,-0.0607181
297,44,-1.09989,-0.060271
298,44,-1.09614,-0.0599542
299,44,-1.09291,-0.059427
300,44,-1.08923,-0.0590607
301,44,-1.08561,-0.0583079
302,44,-1.0821,-0.0575703
303,44,-1.07827,-0.0575621
304,44,-1.07466,-0.0569512
305,44,-1.07131,-0.0562937
306,44,-1.06737,-0.0558852
307,44,-1.06386,-0.0552814
308,44,-1.0605,-0.0548419
309,44,-1.05645,-0.0541047
310,44,-1.05247,-0.0534011
311,44,-1.04885,-0.0528988
312,44,-1.04497,-0.0522178
313,44,-1.04133,-0.0517273
314,44,-1.03777,-0.0516036
315,44,-1.03444,-0.0509434
316,44,-1.03048,-0.0505277
317,44,-1.02672,-0.0499463
318,44,-1.0226,-0.0491229
319,44,-1.01866,-0.0482175
320,44,-1.01509,-0.047865
321,44,-1.01119,-0.0474299
322,44,-1.00732,-0.0469356
323,44,-1.00362,-0.0461608
324,44,-1.00011,-0.0453379
325,44,-0.996243,-0.0447358
326,44,-0.991971,-0.0442236
327,44,-0.988136,-0.0442633
11,45,-2.41466,-0.175343
12,45,-2.41137,-0.174917
13,45,-2.40742,-0.174474
14,45,-2.40332,-0.174056
15,45,-2.39972,-0.173596
16,45,-2.39588,-0.173058
17,45,-2.39208,-0.172758
18,45,-2.38808,-0.172252
19,45,-2.38427,-0.171894
20,45,-2.38014,-0.171521
21,45,-2.37611,-0.171317
22,45,-2.37207,-0.171418
23,45,-2.36795,-0.171043
24,45,-2.36395,-0.170394
25,45,-2.35982,-0.169877
26,45,-2.35547,-0.16926
27,45,-2.35165,-0.169131
28,45,-2.34728,-0.168719
29,45,-2.34353,-0.16856
30,45,-2.33953,-0.168628
31,45,-2.3354,-0.168639
32,45,-2.33125,-0.168536
33,45,-2.32704,-0.168699
34,45,-2.3228,-0.168554
35,45,-2.31884,-0.168522
36,45,-2.31485,-0.168549
37,45,-2.31079,-0.168444
38,45,-2.30669,-0.168502
39,45,-2.30274,-0.168483
40,45,-2.2986,-0.168542
41,45,-2.2946,-0.168561
42,45,-2.29034,-0.168464
43,45,-2.28626,-0.168028
44,45,-2.28238,-0.167973
45,45,-2.27815,-0.16768
46,45,-2.27411,-0.167415
47,45,-2.27009,-0.167583
48,45,-2.26554,-0.167423
49,45,-2.26177,-0.16763
50,45,-2.25799,-0.167552
51,45,-2.25392,-0.167559
52,45,-2.24993,-0.167435
53,45,-2.24572,-0.167576
54,45,-2.24135,-0.16729
55,45,-2.23746,-0.167564
56,45,-2.23375,-0.167794
57,45,-2.22973,-0.167864
58,45,-2.22576,-0.167912
59,45,-2.22168,-0.168002
60,45,-2.2172,-0.167947
61,45,-2.21331,-0.168225
62,45,-2.20904,-0.168173
63,45,-2.20533,-0.168151
64,45,-2.20073,-0.168272
65,45,-2.19645,-0.168251
66,45,-2.19209,-0.168105
67,45,-2.1879,-0.168233
68,45,-2.1839,-0.167981
69,45,-2.17974,-0.167795
70,45,-2.17612,-0.167805
71,45,-2.17204,-0.167345
72,45,-2.16766,-0.167462
73,45,-2.16335,-0.168008
74,45,-2.15933,-0.167795
75,45,-2.15551,-0.16776
76,45,-2.15145,-0.167835
77,45,-2.14776,-0.167824
78,45,-2.1442,-0.167707
79,45,-2.13984,-0.167527
80,45,-2.13566,-0.167269
81,45,-2.13142,-0.167156
82,45,-2.12712,-0.167298
83,45,-2.12327,-0.167257
84,45,-2.11938,-0.166928
85,45,-2.11537,-0.166817
86,45,-2.11092,-0.166749
87,45,-2.10659,-0.166404
88,45,-2.10244,-0.166067
89,45,-2.09801,-0.165757
90,45,-2.09341,-0.165534
91,45,-2.08908,-0.165475
92,45,-2.08523,-0.165587
93,45,-2.08138,-0.165342
94,45,-2.07757,-0.165091
95,45,-2.07352,-0.164755
96,45,-2.06976,-0.164298
97,45,-2.06597,-0.16434
98,45,-2.06207,-0.164025
99,45,-2.05873,-0.163522
100,45,-2.05498,-0.163337
101,45,-2.05156,-0.163035
102,45,-2.04835,-0.162745
103,45,-2.04531,-0.162453
104,45,-2.04219,-0.162276
105,45,-2.03846,-0.162222
106,45,-2.03482,-0.162037
107,45,-2.03115,-0.161851
108,45,-2.02821,-0.161603
109,45,-2.02527,-0.161473
110,45,-2.02242,-0.161579
111,45,-2.01974,-0.161696
112,45,-2.0163,-0.161807
113,45,-2.01296,-0.1619
114,45,-2.00954,-0.16179
115,45,-2.00651,-0.161346
116,45,-2.00339,-0.161027
117,45,-1.99998,-0.160789
118,45,-1.99704,-0.160401
119,45,-1.99388,-0.160139
120,45,-1.99019,-0.159835
121,45,-1.98613,-0.159486
122,45,-1.98245,-0.159058
123,45,-1.97874,-0.158484
124,45,-1.97506,-0.157754
125,45,-1.97152,-0.157167
126,45,-1.9678,-0.156565
127,45,-1.96383,-0.155781
128,45,-1.95997,-0.155473
129,45,-1.95646,-0.15505
130,45,-1.95279,-0.154446
131,45,-1.9489,-0.154019
132,45,-1.94509,-0.1538
133,45,-1.94171,-0.152764
134,45,-1.93841,-0.152064
135,45,-1.93459,-0.151549
136,45,-1.93099,-0.150652
137,45,-1.92733,-0.150163
138,45,-1.92345,-0.14988
139,45,-1.91976,-0.149168
140,45,-1.9163,-0.14819
141,45,-1.91302,-0.146873
142,45,-1.90922,-0.145475
143,45,-1.90523,-0.144553
144,45,-1.90116,-0.143436
145,45,-1.89732,-0.142038
146,45,-1.89342,-0.140924
147,45,-1.88918,-0.139087
148,45,-1.88512,-0.137288
149,45,-1.88078,-0.135121
150,45,-1.87666,-0.132536
151,45,-1.87278,-0.130424
152,45,-1.869,-0.127874
153,45,-1.86474,-0.125242
154,45,-1.86006,-0.122004
155,45,-1.8556,-0.1189
156,45,-1.85053,-0.115226
157,45,-1.84554,-0.111364
158,45,-1.8406,-0.107262
159,45,-1.83569,-0.10212
160,45,-1.83072,-0.0973316
161,45,-1.82518,-0.0922254
162,45,-1.81988,-0.0867869
163,45,-1.81349,-0.0814225
164,45,-1.80666,-0.075906
165,45,-1.79911,-0.0706643
166,45,-1.79171,-0.0660538
167,45,-1.78372,-0.0620946
168,45,-1.77549,-0.059218
169,45,-1.76631,-0.0556432
170,45,-1.75606,-0.0532704
171,45,-1.7436,-0.0520525
172,45,-1.72992,-0.0514791
173,45,-1.71689,-0.0492393
174,45,-1.70401,-0.0472335
175,45,-1.68972,-0.0468014
176,45,-1.67681,-0.0461178
177,45,-1.6627,-0.04415
178,45,-1.64772,-0.0420446
179,45,-1.62925,-0.0396827
180,45,-1.61328,-0.0354144
181,45,-1.59377,-0.0340498
182,45,-1.57981,-0.034824
183,45,-1.56831,-0.0364303
184,45,-1.55639,-0.037441
185,45,-1.54523,-0.0374554
186,45,-1.53311,-0.0378095
187,45,-1.52338,-0.039844
188,45,-1.51363,-0.0430747
189,45,-1.5048,-0.046263
190,45,-1.49726,-0.0507025
191,45,-1.48958,-0.0553976
192,45,-1.48285,-0.0597043
193,45,-1.47672,-0.0643183
194,45,-1.47145,-0.0687976
195,45,-1.46584,-0.0729064
196,45,-1.46024,-0.0769485
197,45,-1.45546,-0.0810013
198,45,-1.44988,-0.0845817
199,45,-1.44483,-0.0876456
200,45,-1.44017,-0.0905109
201,45,-1.4352,-0.0929205
202,45,-1.43008,-0.094863
203,45,-1.42629,-0.0964126
204,45,-1.42257,-0.0977118
205,45,-1.4184,-0.0989632
206,45,-1.41453,-0.100394
207,45,-1.41118,-0.101231
208,45,-1.40729,-0.101501
209,45,-1.40324,-0.102436
210,45,-1.39934,-0.102498
211,45,-1.39576,-0.102516
212,45,-1.39238,-0.10303
213,45,-1.38897,-0.103005
214,45,-1.38535,-0.10288
215,45,-1.38184,-0.102715
216,45,-1.37822,-0.102396
217,45,-1.37482,-0.102102
218,45,-1.37153,-0.102182
219,45,-1.36809,-0.102058
220,45,-1.36472,-0.101968
221,45,-1.36134,-0.101811
222,45,-1.35795,-0.101457
223,45,-1.35443,-0.10099
224,45,-1.35092,-0.100821
225,45,-1.34751,-0.100676
226,45,-1.34413,-0.100494
227,45,-1.34085,-0.0999952
228,45,-1.33752,-0.0997996
229,45,-1.33396,-0.099562
230,45,-1.33052,-0.098939
231,45,-1.32695,-0.0985782
232,45,-1.32369,-0.0980178
233,45,-1.32012,-0.097683
234,45,-1.31653,-0.0973251
235,45,-1.31317,-0.0969186
236,45,-1.30957,-0.0964333
237,45,-1.30653,-0.0960584
238,45,-1.30277,-0.0956099
239,45,-1.29942,-0.0953602
240,45,-1.29595,-0.0949001
241,45,-1.29211,-0.0945866
242,45,-1.28869,-0.0939507
243,45,-1.28537,-0.0934953
244,45,-1.28204,-0.0927902
245,45,-1.27922,-0.0921471
246,45,-1.27603,-0.0918862
247,45,-1.27267,-0.0915215
248,45,-1.26961,-0.0906713
249,45,-1.26637,-0.0898504
250,45,-1.26312,-0.0894252
251,45,-1.26013,-0.0891063
252,45,-1.25679,-0.0886165
253,45,-1.25346,-0.0884301
254,45,-1.25003,-0.0878868
255,45,-1.24683,-0.0871398
256,45,-1.24326,-0.0864188
257,45,-1.23971,-0.0859207
258,45,-1.23643,-0.0853973
259,45,-1.2328,-0.0842877
260,45,-1.22955,-0.0836736
261,45,-1.22594,-0.0832501
262,45,-1.22241,-0.0826499
263,45,-1.21868,-0.0823298
264,45,-1.21512,-0.0818308
265,45,-1.21159,-0.0809204
266,45,-1.20861,-0.0802912
267,45,-1.20544,-0.079539
268,45,-1.20151,-0.0790875
269,45,-1.19775,-0.0785262
270,45,-1.19444,-0.0777554
271,45,-1.191,-0.0772884
272,45,-1.18734,-0.0766475
273,45,-1.18364,-0.0761694
274,45,-1.1802,-0.0757563
275,45,-1.17622,-0.0750608
276,45,-1.17278,-0.0743574
277,45,-1.1692,-0.0736602
278,45,-1.16555,-0.0728078
279,45,-1.16185,-0.0722266
280,45,-1.15859,-0.0712495
281,45,-1.15506,-0.0703024
282,45,-1.15146,-0.0696829
283,45,-1.14783,-0.069139
284,45,-1.14446,-0.0684749
285,45,-1.14103,-0.0676954
286,45,-1.13746,-0.0668823
287,45,-1.13413,-0.066218
288,45,-1.13092,-0.0656969
289,45,-1.12751,-0.0651459
290,45,-1.12438,-0.0646324
291,45,-1.12117,-0.0640737
292,45,-1.11768,-0.0634636
293,45,-1.11413,-0.0626095
294,45,-1.11045,-0.0619523
295,45,-1.10655,-0.0615619
296,45,-1.10326,-0.0613826
297,45,-1.1,-0.0607021
298,45,-1.09609,-0.0605408
299,45,-1.09256,-0.0603632
300,45,-1.08904,-0.0596649
301,45,-1.08552,-0.0589012
302,45,-1.08188,-0.0587379
303,45,-1.07839,-0.0586435
304,45,-1.07482,-0.0580406
305,45,-1.07117,-0.0571426
306,45,-1.06756,-0.0565791
307,45,-1.06407,-0.0561893
308,45,-1.06017,-0.0555203
309,45,-1.05653,-0.0548227
310,45,-1.05281,-0.0542624
311,45,-1.04915,-0.0535874
312,45,-1.04522,-0.0528857
313,45,-1.04147,-0.0522916
314,45,-1.03785,-0.052109
315,45,-1.03427,-0.0517012
316,45,-1.0306,-0.0509181
317,45,-1.02663,-0.0505166
318,45,-1.02248,-0.0496849
319,45,-1.01867,-0.0490484
320,45,-1.01503,-0.0485082
321,45,-1.01121,-0.0479768
322,45,-1.00753,-0.047467
323,45,-1.00384,-0.046866
324,45,-1.00011,-0.0462683
325,45,-0.996179,-0.0455796
326,45,-0.992215,-0.045209
327,45,-0.988366,-0.0448091
11,46,-2.41523,-0.176002
12,46,-2.41188,-0.175565
13,46,-2.40781,-0.175086
14,46,-2.40398,-0.17459
15,46,-2.40016,-0.17425
16,46,-2.39639,-0.17383
17,46,-2.39233,-0.173537
18,46,-2.38841,-0.17313
19,46,-2.38456,-0.172603
20,46,-2.38066,-0.172426
21,46,-2.37663,-0.172136
22,46,-2.37249,-0.171995
23,46,-2.36837,-0.171418
24,46,-2.36422,-0.170925
25,46,-2.36017,-0.170455
26,46,-2.35599,-0.170042
27,46,-2.35189,-0.169836
28,46,-2.34804,-0.169429
29,46,-2.34404,-0.169085
30,46,-2.34015,-0.169167
31,46,-2.33594,-0.169059
32,46,-2.33168,-0.169257
33,46,-2.32738,-0.169066
34,46,-2.32336,-0.169
35,46,-2.31926,-0.169009
36,46,-2.31526,-0.168859
37,46,-2.3111,-0.169009
38,46,-2.30694,-0.168935
39,46,-2.30331,-0.168971
40,46,-2.29879,-0.168849
41,46,-2.2952,-0.16865
42,46,-2.29122,-0.168569
43,46,-2.28708,-0.168294
44,46,-2.2831,-0.168116
45,46,-2.27884,-0.167885
46,46,-2.27482,-0.167429
47,46,-2.27073,-0.16734
48,46,-2.26622,-0.167207
49,46,-2.26258,-0.167567
50,46,-2.25854,-0.167761
51,46,-2.25478,-0.1676
52,46,-2.2506,-0.167697
53,46,-2.24642,-0.167617
54,46,-2.24238,-0.167707
55,46,-2.23822,-0.167563
56,46,-2.2345,-0.167809
57,46,-2.23065,-0.167819
58,46,-2.22669,-0.16804
59,46,-2.22245,-0.168029
60,46,-2.21838,-0.168264
61,46,-2.21431,-0.168431
62,46,-2.21034,-0.168317
63,46,-2.20604,-0.16849
64,46,-2.20165,-0.168181
65,46,-2.19782,-0.168052
66,46,-2.19331,-0.16794
67,46,-2.18924,-0.168174
68,46,-2.18513,-0.168147
69,46,-2.1808,-0.167767
70,46,-2.17714,-0.167582
71,46,-2.173,-0.167864
72,46,-2.16861,-0.16797
73,46,-2.16479,-0.16785
74,46,-2.16062,-0.167612
75,46,-2.15642,-0.167485
76,46,-2.15272,-0.16747
77,46,-2.149,-0.167466
78,46,-2.14521,-0.167527
79,46,-2.14119,-0.167464
80,46,-2.13688,-0.167616
81,46,-2.13278,-0.167534
82,46,-2.12874,-0.167458
83,46,-2.12445,-0.167443
84,46,-2.12066,-0.167164
85,46,-2.11676,-0.166788
86,46,-2.11246,-0.166362
87,46,-2.1083,-0.166225
88,46,-2.10412,-0.166105
89,46,-2.09954,-0.165808
90,46,-2.09493,-0.1657
91,46,-2.09097,-0.165792
92,46,-2.08717,-0.165645
93,46,-2.08322,-0.165383
94,46,-2.07928,-0.165172
95,46,-2.07552,-0.164969
96,46,-2.07162,-0.164708
97,46,-2.06765,-0.164557
98,46,-2.06406,-0.16449
99,46,-2.06056,-0.1641
100,46,-2.0572,-0.163797
101,46,-2.05398,-0.163681
102,46,-2.05069,-0.163298
103,46,-2.04767,-0.163299
104,46,-2.0446,-0.163202
105,46,-2.04081,-0.162763
106,46,-2.03693,-0.162842
107,46,-2.03357,-0.162595
108,46,-2.03048,-0.162579
109,46,-2.02791,-0.162433
110,46,-2.02528,-0.162372
111,46,-2.02229,-0.162567
112,46,-2.01913,-0.162282
113,46,-2.01587,-0.162189
114,46,-2.01269,-0.162369
115,46,-2.0098,-0.162061
116,46,-2.00666,-0.16184
117,46,-2.00351,-0.161652
118,46,-2.00061,-0.161166
119,46,-1.99736,-0.160765
120,46,-1.99365,-0.160394
121,46,-1.98982,-0.159901
122,46,-1.98632,-0.159483
123,46,-1.98294,-0.158842
124,46,-1.9794,-0.158174
125,46,-1.97586,-0.157514
126,46,-1.97217,-0.156714
127,46,-1.96855,-0.15643
128,46,-1.96477,-0.155881
129,46,-1.96125,-0.155306
130,46,-1.95793,-0.155005
131,46,-1.95403,-0.154559
132,46,-1.95056,-0.15426
133,46,-1.94722,-0.153626
134,46,-1.94383,-0.152939
135,46,-1.94038,-0.15226
136,46,-1.93687,-0.151596
137,46,-1.93348,-0.150882
138,46,-1.92974,-0.15058
139,46,-1.9261,-0.150066
140,46,-1.9228,-0.14939
141,46,-1.91974,-0.148016
142,46,-1.91628,-0.146739
143,46,-1.91292,-0.145628
144,46,-1.9093,-0.144323
145,46,-1.90528,-0.143052
146,46,-1.90147,-0.142185
147,46,-1.89749,-0.140851
148,46,-1.89363,-0.13872
149,46,-1.88978,-0.136712
150,46,-1.88583,-0.134538
151,46,-1.88229,-0.131917
152,46,-1.87904,-0.129707
153,46,-1.87511,-0.127047
154,46,-1.87126,-0.123966
155,46,-1.86684,-0.1206
156,46,-1.86293,-0.117171
157,46,-1.858,-0.113525
158,46,-1.85363,-0.108741
159,46,-1.84894,-0.103773
160,46,-1.84391,-0.098885
161,46,-1.83928,-0.0931425
162,46,-1.83347,-0.0878183
163,46,-1.82788,-0.0822699
164,46,-1.82131,-0.0769433
165,46,-1.81354,-0.0715697
166,46,-1.80722,-0.0668476
167,46,-1.79963,-0.0634489
168,46,-1.79142,-0.0605052
169,46,-1.78327,-0.0575441
170,46,-1.77304,-0.0558397
171,46,-1.75981,-0.0547111
172,46,-1.74482,-0.0545781
173,46,-1.72967,-0.0526314
174,46,-1.71583,-0.051272
175,46,-1.69838,-0.0510632
176,46,-1.68323,-0.0507293
177,46,-1.66767,-0.047896
178,46,-1.64958,-0.0451164
179,46,-1.62602,-0.0420693
180,46,-1.60535,-0.0369065
181,46,-1.58305,-0.0357238
182,46,-1.56696,-0.0366917
183,46,-1.55494,-0.0382216
184,46,-1.54216,-0.038244
185,46,-1.5311,-0.0373204
186,46,-1.51824,-0.0383557
187,46,-1.5081,-0.0401456
188,46,-1.49842,-0.0429985
189,46,-1.48929,-0.0467225
190,46,-1.48257,-0.0511076
191,46,-1.47547,-0.0558173
192,46,-1.46927,-0.0604184
193,46,-1.4633,-0.0652554
194,46,-1.45796,-0.0698364
195,46,-1.45284,-0.0740656
196,46,-1.44758,-0.0784985
197,46,-1.44348,-0.0827119
198,46,-1.43921,-0.0863291
199,46,-1.43435,-0.0893261
200,46,-1.42971,-0.0922525
201,46,-1.42497,-0.0947961
202,46,-1.42038,-0.0966041
203,46,-1.41667,-0.0983369
204,46,-1.41299,-0.0999175
205,46,-1.40928,-0.101034
206,46,-1.40624,-0.102178
207,46,-1.40272,-0.102632
208,46,-1.39903,-0.103175
209,46,-1.39543,-0.103393
210,46,-1.39188,-0.103265
211,46,-1.38852,-0.103606
212,46,-1.38545,-0.104304
213,46,-1.38254,-0.104104
214,46,-1.37931,-0.104055
215,46,-1.37581,-0.10378
216,46,-1.37205,-0.103454
217,46,-1.3687,-0.103118
218,46,-1.36568,-0.103092
219,46,-1.3626,-0.102791
220,46,-1.35932,-0.102696
221,46,-1.35606,-0.102627
222,46,-1.35316,-0.102133
223,46,-1.3499,-0.101952
224,46,-1.34639,-0.101733
225,46,-1.34321,-0.101776
226,46,-1.34013,-0.101206
227,46,-1.33688,-0.10063
228,46,-1.33353,-0.100194
229,46,-1.33022,-0.0999382
230,46,-1.32726,-0.0995142
231,46,-1.32367,-0.0987244
232,46,-1.32025,-0.0984303
233,46,-1.31704,-0.0979282
234,46,-1.31366,-0.0974694
235,46,-1.31032,-0.0970985
236,46,-1.30695,-0.0967405
237,46,-1.30354,-0.0961307
238,46,-1.30015,-0.0959251
239,46,-1.29674,-0.0954645
240,46,-1.29335,-0.0952959
241,46,-1.29011,-0.0950134
242,46,-1.28683,-0.0943175
243,46,-1.28357,-0.0937299
244,46,-1.28029,-0.0934296
245,46,-1.27741,-0.0929186
246,46,-1.27435,-0.0922868
247,46,-1.27092,-0.0918427
248,46,-1.26786,-0.0914025
249,46,-1.26464,-0.0905067
250,46,-1.26134,-0.0897605
251,46,-1.25859,-0.0896441
252,46,-1.25527,-0.0893056
253,46,-1.25195,-0.0890914
254,46,-1.24888,-0.0889281
255,46,-1.24554,-0.0880595
256,46,-1.24224,-0.0876939
257,46,-1.23859,-0.086814
258,46,-1.23507,-0.086187
259,46,-1.23172,-0.085491
260,46,-1.22851,-0.0847037
261,46,-1.22495,-0.0840271
262,46,-1.22164,-0.0836886
263,46,-1.21804,-0.0832618
264,46,-1.21447,-0.0826946
265,46,-1.2112,-0.0819579
266,46,-1.20784,-0.0812212
267,46,-1.20432,-0.0807546
268,46,-1.20087,-0.0799851
269,46,-1.19733,-0.0794546
270,46,-1.19401,-0.0787006
271,46,-1.19035,-0.0781457
272,46,-1.18639,-0.0777555
273,46,-1.18288,-0.0771623
274,46,-1.17933,-0.0765721
275,46,-1.17577,-0.075898
276,46,-1.17235,-0.0749734
277,46,-1.16851,-0.0743141
278,46,-1.16491,-0.0739285
279,46,-1.16139,-0.0730148
280,46,-1.15801,-0.0723362
281,46,-1.15465,-0.0715656
282,46,-1.15111,-0.0706684
283,46,-1.14778,-0.0697823
284,46,-1.14424,-0.0690594
285,46,-1.14067,-0.0682511
286,46,-1.13721,-0.0677311
287,46,-1.13411,-0.0669369
288,46,-1.13107,-0.0664102
289,46,-1.12759,-0.0659984
290,46,-1.12414,-0.065338
291,46,-1.12091,-0.0648078
292,46,-1.11735,-0.0642009
293,46,-1.11393,-0.0636591
294,46,-1.11021,-0.062841
295,46,-1.1066,-0.0622572
296,46,-1.10308,-0.0619037
297,46,-1.09981,-0.0617653
298,46,-1.0961,-0.0613351
299,46,-1.09238,-0.0610785
300,46,-1.08888,-0.0606515
301,46,-1.08539,-0.0600114
302,46,-1.08175,-0.059833
303,46,-1.07841,-0.0591808
304,46,-1.07508,-0.0586611
305,46,-1.07122,-0.0579289
306,46,-1.06776,-0.0575872
307,46,-1.06415,-0.057098
308,46,-1.06055,-0.0565643
309,46,-1.05664,-0.0556555
310,46,-1.05305,-0.0550177
311,46,-1.04932,-0.0542932
312,46,-1.04536,-0.0536924
313,46,-1.04172,-0.0529372
314,46,-1.03801,-0.0525123
315,46,-1.03421,-0.0520685
316,46,-1.03051,-0.0515323
317,46,-1.02672,-0.0510631
318,46,-1.02293,-0.0501243
319,46,-1.01883,-0.0496261
320,46,-1.01486,-0.049171
321,46,-1.01104,-0.0486742
322,46,-1.00758,-0.0483479
323,46,-1.00383,-0.0476649
324,46,-1.0002,-0.0469426
325,46,-0.996513,-0.0462109
326,46,-0.992683,-0.0457302
327,46,-0.988709,-0.0454927
11,47,-2.41575,-0.176654
12,47,-2.41174,-0.176337
13,47,-2.40793,-0.175747
14,47,-2.40422,-0.175367
15,47,-2.40042,-0.17515
16,47,-2.39645,-0.174904
17,47,-2.39252,-0.174483
18,47,-2.38861,-0.174126
19,47,-2.38466,-0.1735
20,47,-2.38074,-0.1732
21,47,-2.37691,-0.172878
22,47,-2.37269,-0.172286
23,47,-2.36886,-0.172115
24,47,-2.36471,-0.171411
25,47,-2.36062,-0.171123
26,47,-2.35661,-0.170893
27,47,-2.35244,-0.17037
28,47,-2.34826,-0.169953
29,47,-2.34428,-0.169869
30,47,-2.34017,-0.169533
31,47,-2.33609,-0.169498
32,47,-2.33194,-0.169745
33,47,-2.3277,-0.16968
34,47,-2.32382,-0.169829
35,47,-2.3196,-0.169692
36,47,-2.31544,-0.169589
37,47,-2.31132,-0.169609
38,47,-2.30757,-0.169402
39,47,-2.30398,-0.169692
40,47,-2.29983,-0.169313
41,47,-2.29579,-0.16904
42,47,-2.29192,-0.169015
43,47,-2.28801,-0.169005
44,47,-2.28375,-0.168483
45,47,-2.27941,-0.168158
46,47,-2.27521,-0.167772
47,47,-2.27144,-0.167602
48,47,-2.26698,-0.167427
49,47,-2.26309,-0.168082
50,47,-2.259,-0.168164
51,47,-2.25515,-0.168059
52,47,-2.25117,-0.168042
53,47,-2.24733,-0.168092
54,47,-2.24321,-0.167825
55,47,-2.23901,-0.167772
56,47,-2.2355,-0.168017
57,47,-2.23177,-0.167832
58,47,-2.22768,-0.167945
59,47,-2.22354,-0.16809
60,47,-2.21977,-0.168496
61,47,-2.21557,-0.168341
62,47,-2.2112,-0.168477
63,47,-2.20679,-0.168557
64,47,-2.20271,-0.168371
65,47,-2.19865,-0.168276
66,47,-2.19421,-0.168103
67,47,-2.19008,-0.168089
68,47,-2.18588,-0.167944
69,47,-2.182,-0.167742
70,47,-2.17792,-0.168091
71,47,-2.17383,-0.168048
72,47,-2.16991,-0.16778
73,47,-2.16602,-0.167677
74,47,-2.16175,-0.167736
75,47,-2.15765,-0.167546
76,47,-2.15385,-0.167367
77,47,-2.1503,-0.167333
78,47,-2.14636,-0.167498
79,47,-2.14262,-0.167528
80,47,-2.13843,-0.167547
81,47,-2.13391,-0.167578
82,47,-2.13008,-0.1677
83,47,-2.12576,-0.167697
84,47,-2.12182,-0.167241
85,47,-2.11804,-0.167013
86,47,-2.11376,-0.166724
87,47,-2.10956,-0.166584
88,47,-2.10527,-0.166157
89,47,-2.10127,-0.165966
90,47,-2.0967,-0.166104
91,47,-2.0922,-0.165955
92,47,-2.08855,-0.165784
93,47,-2.08489,-0.165292
94,47,-2.08134,-0.165061
95,47,-2.07733,-0.165075
96,47,-2.07327,-0.165057
97,47,-2.06964,-0.164886
98,47,-2.06601,-0.164774
99,47,-2.06269,-0.164586
100,47,-2.05945,-0.164188
101,47,-2.05615,-0.164306
102,47,-2.05296,-0.164376
103,47,-2.04969,-0.164128
104,47,-2.04633,-0.16384
105,47,-2.04264,-0.163616
106,47,-2.03928,-0.163613
107,47,-2.03609,-0.163451
108,47,-2.03334,-0.163441
109,47,-2.03083,-0.163181
110,47,-2.02792,-0.162944
111,47,-2.02522,-0.163158
112,47,-2.02219,-0.163149
113,47,-2.01874,-0.162969
114,47,-2.01573,-0.16298
115,47,-2.01278,-0.162895
116,47,-2.00993,-0.162525
117,47,-2.00694,-0.162387
118,47,-2.00383,-0.161817
119,47,-2.00061,-0.161316
120,47,-1.99739,-0.160988
121,47,-1.99372,-0.16056
122,47,-1.99007,-0.160036
123,47,-1.98681,-0.159349
124,47,-1.98339,-0.159086
125,47,-1.97975,-0.158232
126,47,-1.97652,-0.157356
127,47,-1.97318,-0.157092
128,47,-1.96973,-0.156725
129,47,-1.96627,-0.156186
130,47,-1.96296,-0.155418
131,47,-1.95929,-0.155057
132,47,-1.95603,-0.154854
133,47,-1.95255,-0.154241
134,47,-1.94926,-0.153604
135,47,-1.94628,-0.152883
136,47,-1.94281,-0.15251
137,47,-1.93955,-0.151945
138,47,-1.93619,-0.151531
139,47,-1.93268,-0.151475
140,47,-1.92956,-0.150465
141,47,-1.92672,-0.149207
142,47,-1.92366,-0.148015
143,47,-1.92027,-0.146803
144,47,-1.91725,-0.145431
145,47,-1.91388,-0.143973
146,47,-1.91027,-0.143476
147,47,-1.90631,-0.141936
148,47,-1.90265,-0.140382
149,47,-1.89909,-0.13848
150,47,-1.89544,-0.135923
151,47,-1.89208,-0.133575
152,47,-1.889,-0.131561
153,47,-1.88559,-0.129207
154,47,-1.88225,-0.126464
155,47,-1.87877,-0.123008
156,47,-1.87493,-0.119359
157,47,-1.87122,-0.114911
158,47,-1.86709,-0.110342
159,47,-1.86236,-0.105433
160,47,-1.85755,-0.100402
161,47,-1.85276,-0.0949989
162,47,-1.84788,-0.0892222
163,47,-1.84252,-0.0835974
164,47,-1.83711,-0.0781381
165,47,-1.83078,-0.0724088
166,47,-1.8237,-0.0674935
167,47,-1.81639,-0.0646609
168,47,-1.80917,-0.0626252
169,47,-1.80284,-0.0589546
170,47,-1.79257,-0.0581859
171,47,-1.77827,-0.0577158
184,47,-1.52669,-0.0395498
185,47,-1.51415,-0.0387101
186,47,-1.50175,-0.0382817
187,47,-1.49036,-0.0402069
188,47,-1.48079,-0.0432716
189,47,-1.47269,-0.0471783
190,47,-1.46696,-0.0518723
191,47,-1.46057,-0.0566158
192,47,-1.45442,-0.0612448
193,47,-1.44901,-0.0660099
194,47,-1.44391,-0.0713276
195,47,-1.43894,-0.0755205
196,47,-1.43464,-0.0798031
197,47,-1.43077,-0.0839229
198,47,-1.42724,-0.0876423
199,47,-1.4231,-0.0909068
200,47,-1.41876,-0.0939856
201,47,-1.41443,-0.0965388
202,47,-1.41005,-0.0983749
203,47,-1.4065,-0.0999672
204,47,-1.40319,-0.10156
205,47,-1.40034,-0.102427
206,47,-1.39741,-0.103324
207,47,-1.3942,-0.103759
208,47,-1.391,-0.104424
209,47,-1.38754,-0.104477
210,47,-1.38432,-0.104688
211,47,-1.38159,-0.105071
212,47,-1.37855,-0.105356
213,47,-1.37602,-0.105642
214,47,-1.37274,-0.105068
215,47,-1.3696,-0.104546
216,47,-1.36646,-0.104421
217,47,-1.36275,-0.104063
218,47,-1.35971,-0.103955
219,47,-1.35681,-0.103831
220,47,-1.3538,-0.103713
221,47,-1.35068,-0.103308
222,47,-1.34794,-0.102698
223,47,-1.34507,-0.102524
224,47,-1.34191,-0.102162
225,47,-1.33928,-0.102307
226,47,-1.33602,-0.101847
227,47,-1.33291,-0.101307
228,47,-1.32966,-0.100714
229,47,-1.32646,-0.100493
230,47,-1.3237,-0.100064
231,47,-1.32031,-0.0995473
232,47,-1.317,-0.0990455
233,47,-1.31415,-0.0984047
234,47,-1.31042,-0.0978169
235,47,-1.30743,-0.0972947
236,47,-1.30447,-0.0971677
237,47,-1.30125,-0.0967929
238,47,-1.29788,-0.0963964
239,47,-1.29432,-0.0962702
240,47,-1.29122,-0.0959236
241,47,-1.28806,-0.0954022
242,47,-1.28469,-0.0949138
243,47,-1.28148,-0.0941719
244,47,-1.27835,-0.093832
245,47,-1.27557,-0.0930848
246,47,-1.27276,-0.0929467
247,47,-1.26955,-0.0927512
248,47,-1.26633,-0.0920058
249,47,-1.26302,-0.0912029
250,47,-1.25996,-0.0906165
251,47,-1.25694,-0.0904869
252,47,-1.25375,-0.0901409
253,47,-1.25042,-0.0895281
254,47,-1.24765,-0.0893151
255,47,-1.24452,-0.0891751
256,47,-1.24108,-0.0883767
257,47,-1.23747,-0.0877475
258,47,-1.23415,-0.0870278
259,47,-1.23092,-0.0862971
260,47,-1.22744,-0.0859809
261,47,-1.2242,-0.0851881
262,47,-1.22086,-0.0847085
263,47,-1.2173,-0.084129
264,47,-1.21396,-0.0834989
265,47,-1.21065,-0.0827677
266,47,-1.20715,-0.0821217
267,47,-1.20348,-0.0816882
268,47,-1.20008,-0.0807698
269,47,-1.19652,-0.0804001
270,47,-1.19296,-0.0799698
271,47,-1.1895,-0.0794741
272,47,-1.18579,-0.0788577
273,47,-1.18233,-0.0783617
274,47,-1.1786,-0.0774436
275,47,-1.17525,-0.076652
276,47,-1.17164,-0.0756511
277,47,-1.16807,-0.0752451
278,47,-1.16461,-0.0748357
279,47,-1.16083,-0.0739285
280,47,-1.15781,-0.072936
281,47,-1.15442,-0.0721729
282,47,-1.15067,-0.0713676
283,47,-1.14734,-0.0706801
284,47,-1.14363,-0.0697065
285,47,-1.14041,-0.0688774
286,47,-1.13719,-0.0678056
287,47,-1.13408,-0.0672641
288,47,-1.13093,-0.0668888
289,47,-1.12769,-0.0668114
290,47,-1.12456,-0.0662509
291,47,-1.1208,-0.0654943
292,47,-1.11727,-0.0649967
293,47,-1.11373,-0.0646177
294,47,-1.11006,-0.0636346
295,47,-1.10625,-0.0632911
296,47,-1.10277,-0.0628908
297,47,-1.09967,-0.0623992
298,47,-1.09597,-0.0622247
299,47,-1.09234,-0.0620697
300,47,-1.08885,-0.0617812
301,47,-1.08541,-0.0610222
302,47,-1.08189,-0.0604444
303,47,-1.07837,-0.0598397
304,47,-1.07483,-0.0591525
305,47,-1.07111,-0.0586736
306,47,-1.06764,-0.0583906
307,47,-1.06413,-0.0579711
308,47,-1.0607,-0.057253
309,47,-1.05655,-0.0564712
310,47,-1.053,-0.0555958
311,47,-1.04937,-0.0549628
312,47,-1.04569,-0.0540344
313,47,-1.04211,-0.0533743
314,47,-1.0381,-0.0528663
315,47,-1.03406,-0.052338
316,47,-1.0304,-0.0519069
317,47,-1.02683,-0.0515205
318,47,-1.02296,-0.0511357
319,47,-1.01895,-0.0504657
320,47,-1.01498,-0.0497786
321,47,-1.01109,-0.0493037
322,47,-1.00766,-0.0487453
323,47,-1.00405,-0.048175
324,47,-1.00034,-0.0476219
325,47,-0.99666,-0.0470632
326,47,-0.992812,-0.0465591
327,47,-0.989372,-0.046885
11,48,-2.41599,-0.177785
12,48,-2.41226,-0.177446
13,48,-2.40837,-0.176827
14,48,-2.4042,-0.176549
15,48,-2.40048,-0.176238
16,48,-2.39667,-0.175755
17,48,-2.3927,-0.175535
18,48,-2.38884,-0.174901
19,48,-2.38478,-0.174151
20,48,-2.3811,-0.17386
21,48,-2.37695,-0.173501
22,48,-2.3729,-0.172729
23,48,-2.36896,-0.172609
24,48,-2.36477,-0.172191
25,48,-2.36075,-0.172149
26,48,-2.35671,-0.171605
27,48,-2.35248,-0.171255
28,48,-2.34852,-0.170852
29,48,-2.34447,-0.170506
30,48,-2.34047,-0.170557
31,48,-2.33638,-0.170328
32,48,-2.33232,-0.170396
33,48,-2.32792,-0.170346
34,48,-2.32402,-0.170291
35,48,-2.32007,-0.170529
36,48,-2.31601,-0.170181
37,48,-2.31174,-0.170007
38,48,-2.30793,-0.169906
39,48,-2.30435,-0.169657
40,48,-2.30009,-0.169371
41,48,-2.29619,-0.169553
42,48,-2.29233,-0.169591
43,48,-2.28871,-0.169215
44,48,-2.28459,-0.168962
45,48,-2.2803,-0.168579
46,48,-2.27628,-0.16848
47,48,-2.27209,-0.168318
48,48,-2.26806,-0.167874
49,48,-2.26392,-0.167934
50,48,-2.25986,-0.167843
51,48,-2.25622,-0.167835
52,48,-2.25212,-0.16803
53,48,-2.24802,-0.1681
54,48,-2.24385,-0.167649
55,48,-2.24002,-0.167724
56,48,-2.23654,-0.167886
57,48,-2.23282,-0.167855
58,48,-2.22874,-0.168032
59,48,-2.22497,-0.168458
60,48,-2.22075,-0.168561
61,48,-2.21648,-0.168662
62,48,-2.2124,-0.168766
63,48,-2.20794,-0.168544
64,48,-2.20373,-0.168605
65,48,-2.19934,-0.168468
66,48,-2.1952,-0.168537
67,48,-2.19087,-0.168412
68,48,-2.18647,-0.167924
69,48,-2.18284,-0.168073
70,48,-2.17889,-0.16796
71,48,-2.17503,-0.16777
72,48,-2.17115,-0.167779
73,48,-2.16689,-0.167655
74,48,-2.16322,-0.167796
75,48,-2.15925,-0.167724
76,48,-2.15519,-0.167885
77,48,-2.15147,-0.168159
78,48,-2.14767,-0.168288
79,48,-2.14365,-0.168185
80,48,-2.13955,-0.16781
81,48,-2.1353,-0.167636
82,48,-2.13101,-0.167485
83,48,-2.12698,-0.167491
84,48,-2.12316,-0.167231
85,48,-2.11911,-0.166831
86,48,-2.115,-0.166885
87,48,-2.11075,-0.166807
88,48,-2.10671,-0.166514
89,48,-2.10271,-0.166136
90,48,-2.09835,-0.166109
91,48,-2.09423,-0.166272
92,48,-2.09048,-0.166113
93,48,-2.08659,-0.165587
94,48,-2.08282,-0.165213
95,48,-2.07899,-0.165102
96,48,-2.07525,-0.164918
97,48,-2.07175,-0.164912
98,48,-2.06816,-0.164952
99,48,-2.06478,-0.164927
100,48,-2.06129,-0.164839
101,48,-2.05819,-0.164909
102,48,-2.0551,-0.16485
103,48,-2.05191,-0.164692
104,48,-2.04846,-0.164603
105,48,-2.04494,-0.164607
106,48,-2.04168,-0.164535
107,48,-2.03857,-0.164279
108,48,-2.03593,-0.16421
109,48,-2.03338,-0.163979
110,48,-2.03074,-0.16379
111,48,-2.02806,-0.163936
112,48,-2.02494,-0.16392
113,48,-2.02186,-0.163949
114,48,-2.01873,-0.163951
115,48,-2.01591,-0.163584
116,48,-2.01302,-0.163324
117,48,-2.00997,-0.162893
118,48,-2.00693,-0.162248
119,48,-2.004,-0.161816
120,48,-2.00094,-0.161255
121,48,-1.99746,-0.160981
122,48,-1.99415,-0.160551
123,48,-1.99076,-0.159941
124,48,-1.98742,-0.159728
125,48,-1.9842,-0.159224
126,48,-1.98083,-0.158088
127,48,-1.97756,-0.157611
128,48,-1.97432,-0.157305
129,48,-1.97108,-0.156906
130,48,-1.96803,-0.156193
131,48,-1.96479,-0.155885
132,48,-1.96146,-0.155252
133,48,-1.958,-0.154767
134,48,-1.95508,-0.154128
135,48,-1.95209,-0.153588
136,48,-1.94904,-0.153205
137,48,-1.94613,-0.152883
138,48,-1.94285,-0.152692
139,48,-1.93956,-0.152117
140,48,-1.93669,-0.151485
141,48,-1.93365,-0.150536
142,48,-1.93082,-0.149342
143,48,-1.92771,-0.147952
144,48,-1.9248,-0.146898
145,48,-1.92206,-0.145653
146,48,-1.9188,-0.144473
147,48,-1.91522,-0.143067
148,48,-1.91192,-0.141475
149,48,-1.90859,-0.139969
150,48,-1.90569,-0.137937
151,48,-1.90257,-0.135647
152,48,-1.89973,-0.133341
153,48,-1.89644,-0.131003
154,48,-1.89358,-0.128761
155,48,-1.89053,-0.12542
156,48,-1.88703,-0.121305
157,48,-1.88367,-0.116953
158,48,-1.88026,-0.112171
159,48,-1.87587,-0.10729
160,48,-1.87155,-0.101815
161,48,-1.86715,-0.0966263
162,48,-1.86269,-0.0906818
163,48,-1.85779,-0.084965
164,48,-1.85312,-0.0790489
165,48,-1.84812,-0.073912
166,48,-1.84153,-0.0693624
167,48,-1.83534,-0.0663016
168,48,-1.82924,-0.0653405
169,48,-1.82312,-0.0620904
187,48,-1.47056,-0.0404411
188,48,-1.46161,-0.0437503
189,48,-1.45479,-0.0478715
190,48,-1.45005,-0.0521436
191,48,-1.44357,-0.0570396
192,48,-1.4384,-0.0615166
193,48,-1.43389,-0.0668755
194,48,-1.42957,-0.0722677
195,48,-1.42566,-0.0769362
196,48,-1.42235,-0.0814027
197,48,-1.41896,-0.0852395
198,48,-1.41499,-0.0891553
199,48,-1.4108,-0.0928682
200,48,-1.40739,-0.0957414
201,48,-1.40353,-0.0980842
202,48,-1.3998,-0.0999243
203,48,-1.39643,-0.101546
204,48,-1.39324,-0.103329
205,48,-1.39051,-0.104462
206,48,-1.38828,-0.104748
207,48,-1.38562,-0.105402
208,48,-1.38263,-0.105995
209,48,-1.37952,-0.105675
210,48,-1.37653,-0.106114
211,48,-1.37372,-0.106516
212,48,-1.37137,-0.10628
213,48,-1.36887,-0.106076
214,48,-1.36611,-0.105725
215,48,-1.36338,-0.105704
216,48,-1.36028,-0.105696
217,48,-1.35717,-0.105324
218,48,-1.35418,-0.104989
219,48,-1.35139,-0.104551
220,48,-1.3486,-0.104348
221,48,-1.34589,-0.103999
222,48,-1.34308,-0.103574
223,48,-1.34033,-0.103599
224,48,-1.33771,-0.102976
225,48,-1.33469,-0.102652
226,48,-1.33166,-0.102517
227,48,-1.3288,-0.101949
228,48,-1.32585,-0.101602
229,48,-1.32275,-0.10114
230,48,-1.31992,-0.100536
231,48,-1.31683,-0.0998825
232,48,-1.31369,-0.0995284
233,48,-1.31081,-0.0989083
234,48,-1.30747,-0.0984141
235,48,-1.30449,-0.0976881
236,48,-1.3014,-0.0974525
237,48,-1.29845,-0.097339
238,48,-1.2953,-0.0969715
239,48,-1.29201,-0.096965
240,48,-1.28921,-0.0967
241,48,-1.2862,-0.0961496
242,48,-1.28297,-0.0954054
243,48,-1.27986,-0.0947649
244,48,-1.2769,-0.0941165
245,48,-1.27401,-0.0935283
246,48,-1.27084,-0.0932708
247,48,-1.2681,-0.093025
248,48,-1.26456,-0.0921014
249,48,-1.26143,-0.0916693
250,48,-1.25833,-0.0911781
251,48,-1.25534,-0.0905214
252,48,-1.25236,-0.0903155
253,48,-1.24949,-0.0900498
254,48,-1.24611,-0.0894296
255,48,-1.24326,-0.0895508
256,48,-1.23975,-0.0890314
257,48,-1.23652,-0.0887185
258,48,-1.23318,-0.0878959
259,48,-1.2299,-0.0874623
260,48,-1.2267,-0.0868554
261,48,-1.22326,-0.0863116
262,48,-1.21988,-0.0859709
263,48,-1.21657,-0.0851373
264,48,-1.21309,-0.084656
265,48,-1.20967,-0.0839128
266,48,-1.20657,-0.0831286
267,48,-1.20302,-0.0824073
268,48,-1.19951,-0.0819179
269,48,-1.19567,-0.0814594
270,48,-1.19226,-0.0809508
271,48,-1.18851,-0.0803818
272,48,-1.18521,-0.0796632
273,48,-1.18174,-0.0789075
274,48,-1.178,-0.0780303
275,48,-1.17487,-0.0772398
276,48,-1.17145,-0.0766299
277,48,-1.16764,-0.0759931
278,48,-1.16419,-0.0753016
279,48,-1.16058,-0.0746355
280,48,-1.15757,-0.0737184
281,48,-1.15413,-0.0731363
282,48,-1.15074,-0.0722825
283,48,-1.1472,-0.0712635
284,48,-1.14359,-0.0706689
285,48,-1.14031,-0.0696625
286,48,-1.13721,-0.0688038
287,48,-1.13414,-0.0681621
288,48,-1.13081,-0.0678488
289,48,-1.12742,-0.0673626
290,48,-1.12424,-0.0669531
291,48,-1.12053,-0.066119
292,48,-1.11732,-0.0655782
293,48,-1.11342,-0.0653345
294,48,-1.10975,-0.0648028
295,48,-1.10599,-0.0641131
296,48,-1.10283,-0.0636356
297,48,-1.09948,-0.0632009
298,48,-1.09609,-0.0628525
299,48,-1.09232,-0.0626236
300,48,-1.08872,-0.0620217
301,48,-1.0854,-0.0614121
302,48,-1.0818,-0.0611701
303,48,-1.07825,-0.0604724
304,48,-1.07478,-0.0599212
305,48,-1.07136,-0.0595354
306,48,-1.06771,-0.0591462
307,48,-1.06424,-0.0585223
308,48,-1.06066,-0.0580412
309,48,-1.05675,-0.0575525
310,48,-1.05314,-0.0565655
311,48,-1.04952,-0.0555625
312,48,-1.04578,-0.0549154
313,48,-1.04192,-0.0541576
314,48,-1.03806,-0.0535273
315,48,-1.03427,-0.0530512
316,48,-1.03029,-0.052636
317,48,-1.02663,-0.0522136
318,48,-1.02279,-0.0516931
319,48,-1.01907,-0.0512026
320,48,-1.01519,-0.0504721
321,48,-1.01136,-0.0499519
322,48,-1.00785,-0.0494547
323,48,-1.00414,-0.0487724
324,48,-1.00062,-0.0480373
325,48,-0.997034,-0.0474886
326,48,-0.993219,-0.0468706
327,48,-0.989702,-0.0468877
11,49,-2.41572,-0.178891
12,49,-2.41239,-0.178446
13,49,-2.40842,-0.177746
14,49,-2.40448,-0.17726
15,49,-2.40062,-0.176892
16,49,-2.39683,-0.176451
17,49,-2.39293,-0.176177
18,49,-2.3888,-0.175528
19,49,-2.38505,-0.174702
20,49,-2.38112,-0.174522
21,49,-2.37705,-0.173929
22,49,-2.37305,-0.173483
23,49,-2.36909,-0.172959
24,49,-2.3649,-0.172833
25,49,-2.36104,-0.172782
26,49,-2.35692,-0.172331
27,49,-2.3528,-0.171973
28,49,-2.34894,-0.171726
29,49,-2.34483,-0.171486
30,49,-2.34103,-0.171045
31,49,-2.33679,-0.17091
32,49,-2.33257,-0.170906
33,49,-2.32838,-0.17081
34,49,-2.32454,-0.170791
35,49,-2.32052,-0.170861
36,49,-2.31625,-0.170652
37,49,-2.31246,-0.17086
38,49,-2.30839,-0.170637
39,49,-2.30442,-0.170273
40,49,-2.30069,-0.169762
41,49,-2.29709,-0.16985
42,49,-2.29321,-0.169653
43,49,-2.28933,-0.169925
44,49,-2.28535,-0.169539
45,49,-2.28124,-0.169192
46,49,-2.27712,-0.169064
47,49,-2.2727,-0.16856
48,49,-2.26906,-0.168398
49,49,-2.26496,-0.168325
50,49,-2.26094,-0.168427
51,49,-2.25702,-0.168308
52,49,-2.25308,-0.168539
53,49,-2.24877,-0.168387
54,49,-2.24469,-0.167998
55,49,-2.24092,-0.167979
56,49,-2.23722,-0.167899
57,49,-2.23357,-0.167738
58,49,-2.22977,-0.167958
59,49,-2.22583,-0.168107
60,49,-2.22151,-0.168191
61,49,-2.2173,-0.168428
62,49,-2.21321,-0.168632
63,49,-2.20896,-0.168707
64,49,-2.2048,-0.169048
65,49,-2.20021,-0.168903
66,49,-2.19581,-0.168522
67,49,-2.19191,-0.168564
68,49,-2.18767,-0.168465
69,49,-2.18393,-0.168038
70,49,-2.18031,-0.167903
71,49,-2.17642,-0.168024
72,49,-2.17249,-0.167987
73,49,-2.16847,-0.168049
74,49,-2.16461,-0.168276
75,49,-2.16075,-0.167854
76,49,-2.15671,-0.167782
77,49,-2.15277,-0.167962
78,49,-2.14906,-0.168169
79,49,-2.14492,-0.168446
80,49,-2.14078,-0.168177
81,49,-2.13652,-0.167752
82,49,-2.13222,-0.167403
83,49,-2.12816,-0.167266
84,49,-2.12436,-0.167078
85,49,-2.12031,-0.16682
86,49,-2.11617,-0.166809
87,49,-2.11226,-0.166642
88,49,-2.10807,-0.166522
89,49,-2.10403,-0.166239
90,49,-2.09988,-0.165957
91,49,-2.09599,-0.166065
92,49,-2.09243,-0.166111
93,49,-2.08824,-0.165891
94,49,-2.08444,-0.165509
95,49,-2.08078,-0.165226
96,49,-2.07704,-0.165104
97,49,-2.07335,-0.165266
98,49,-2.0697,-0.165421
99,49,-2.06659,-0.165529
100,49,-2.06367,-0.165616
101,49,-2.06057,-0.165557
102,49,-2.05741,-0.165431
103,49,-2.05406,-0.165346
104,49,-2.05054,-0.165176
105,49,-2.0475,-0.165111
106,49,-2.04417,-0.16515
107,49,-2.04121,-0.16497
108,49,-2.03836,-0.164942
109,49,-2.03559,-0.164787
110,49,-2.03327,-0.16453
111,49,-2.03064,-0.164384
112,49,-2.02776,-0.16426
113,49,-2.02477,-0.164427
114,49,-2.02164,-0.164438
115,49,-2.01872,-0.164282
116,49,-2.01567,-0.163975
117,49,-2.01315,-0.163376
118,49,-2.01001,-0.162872
119,49,-2.00712,-0.162354
120,49,-2.00422,-0.161976
121,49,-2.00052,-0.161502
122,49,-1.99728,-0.161041
123,49,-1.99441,-0.160663
124,49,-1.99133,-0.160134
125,49,-1.98815,-0.159624
126,49,-1.98516,-0.158786
127,49,-1.9821,-0.157851
128,49,-1.97899,-0.157502
129,49,-1.97576,-0.157125
130,49,-1.97267,-0.156619
131,49,-1.96978,-0.156256
132,49,-1.96668,-0.155723
133,49,-1.96383,-0.15519
134,49,-1.96086,-0.154376
135,49,-1.95766,-0.154148
136,49,-1.95494,-0.153958
137,49,-1.95196,-0.153721
138,49,-1.94912,-0.153539
139,49,-1.94637,-0.152798
140,49,-1.94349,-0.152427
141,49,-1.94052,-0.151433
142,49,-1.93805,-0.15045
143,49,-1.93538,-0.149334
144,49,-1.93273,-0.148121
145,49,-1.92986,-0.146867
146,49,-1.92676,-0.14546
147,49,-1.92385,-0.144113
148,49,-1.92106,-0.142743
149,49,-1.91828,-0.141169
150,49,-1.91538,-0.139458
151,49,-1.91289,-0.13703
152,49,-1.90999,-0.13517
153,49,-1.907,-0.132816
154,49,-1.90441,-0.13026
155,49,-1.90236,-0.126946
156,49,-1.89949,-0.12316
157,49,-1.8969,-0.118843
158,49,-1.89366,-0.114198
159,49,-1.89018,-0.109234
160,49,-1.88669,-0.103816
161,49,-1.88258,-0.0977592
162,49,-1.87869,-0.0919045
163,49,-1.87483,-0.0858572
164,49,-1.86977,-0.0804066
165,49,-1.86602,-0.0755958
166,49,-1.86152,-0.0713066
167,49,-1.85624,-0.0679444
189,49,-1.43562,-0.0473484
190,49,-1.43122,-0.0518799
191,49,-1.42564,-0.056811
192,49,-1.42195,-0.0618332
193,49,-1.41832,-0.0679809
194,49,-1.41567,-0.0731319
195,49,-1.41274,-0.0784981
196,49,-1.4091,-0.0829943
197,49,-1.406,-0.0864588
198,49,-1.4023,-0.0905505
199,49,-1.39911,-0.0944051
200,49,-1.39583,-0.0973155
201,49,-1.3923,-0.0998868
202,49,-1.38935,-0.101765
203,49,-1.38654,-0.103356
204,49,-1.38366,-0.105018
205,49,-1.38137,-0.105817
206,49,-1.37942,-0.105987
207,49,-1.37692,-0.106599
208,49,-1.37426,-0.107192
209,49,-1.37159,-0.107338
210,49,-1.36901,-0.10729
211,49,-1.36645,-0.107418
212,49,-1.36411,-0.107338
213,49,-1.36188,-0.107035
214,49,-1.35971,-0.106929
215,49,-1.35693,-0.106975
216,49,-1.35435,-0.106599
217,49,-1.35162,-0.106213
218,49,-1.34889,-0.10595
219,49,-1.34579,-0.105516
220,49,-1.34313,-0.105249
221,49,-1.34096,-0.104526
222,49,-1.33857,-0.104464
223,49,-1.33553,-0.104133
224,49,-1.33328,-0.103639
225,49,-1.33045,-0.103251
226,49,-1.32788,-0.102848
227,49,-1.32495,-0.10245
228,49,-1.32209,-0.101979
229,49,-1.31906,-0.101449
230,49,-1.31635,-0.100705
231,49,-1.31371,-0.100406
232,49,-1.31055,-0.100096
233,49,-1.30781,-0.0991719
234,49,-1.30467,-0.0985894
235,49,-1.30155,-0.0982098
236,49,-1.29878,-0.0979825
237,49,-1.29575,-0.0979291
238,49,-1.29284,-0.0975151
239,49,-1.28996,-0.0969709
240,49,-1.28711,-0.0968047
241,49,-1.28421,-0.0962108
242,49,-1.28134,-0.0956339
243,49,-1.27828,-0.0952436
244,49,-1.27539,-0.094815
245,49,-1.27233,-0.0943828
246,49,-1.26963,-0.0939134
247,49,-1.26667,-0.093355
248,49,-1.26328,-0.0925339
249,49,-1.26025,-0.0921725
250,49,-1.25717,-0.0916168
251,49,-1.25397,-0.0911918
252,49,-1.2511,-0.0910777
253,49,-1.24778,-0.0907707
254,49,-1.24489,-0.0906418
255,49,-1.24173,-0.0902569
256,49,-1.2388,-0.0896717
257,49,-1.2354,-0.0891489
258,49,-1.23195,-0.0884591
259,49,-1.22891,-0.0880709
260,49,-1.22561,-0.0876347
261,49,-1.22245,-0.087248
262,49,-1.21883,-0.0868054
263,49,-1.21523,-0.0861624
264,49,-1.21246,-0.0858079
265,49,-1.20891,-0.0846824
266,49,-1.20565,-0.084073
267,49,-1.20236,-0.0834792
268,49,-1.19858,-0.0827202
269,49,-1.19504,-0.0822897
270,49,-1.19169,-0.0817864
271,49,-1.18786,-0.0811591
272,49,-1.18469,-0.0804988
273,49,-1.18128,-0.079521
274,49,-1.17774,-0.0789718
275,49,-1.17428,-0.078185
276,49,-1.17071,-0.0773314
277,49,-1.16732,-0.0768794
278,49,-1.16389,-0.0760006
279,49,-1.16036,-0.0753439
280,49,-1.15712,-0.0746642
281,49,-1.1536,-0.0737879
282,49,-1.1503,-0.0731325
283,49,-1.147,-0.0723073
284,49,-1.14317,-0.0715626
285,49,-1.14002,-0.0706247
286,49,-1.13727,-0.069865
287,49,-1.13414,-0.0690956
288,49,-1.13079,-0.0685487
289,49,-1.12718,-0.0679758
290,49,-1.12409,-0.0674993
291,49,-1.12023,-0.0669336
292,49,-1.11675,-0.0663899
293,49,-1.11313,-0.0660703
294,49,-1.10947,-0.065765
295,49,-1.10624,-0.0651744
296,49,-1.10296,-0.0645876
297,49,-1.09966,-0.0640935
298,49,-1.09607,-0.0636196
299,49,-1.09235,-0.0634887
300,49,-1.08866,-0.0630633
301,49,-1.08512,-0.0625394
302,49,-1.08167,-0.0617962
303,49,-1.07838,-0.061409
304,49,-1.07491,-0.0609431
305,49,-1.07129,-0.0603811
306,49,-1.06755,-0.0598368
307,49,-1.06429,-0.0596556
308,49,-1.06103,-0.0589771
309,49,-1.0571,-0.0581336
310,49,-1.05306,-0.057165
311,49,-1.04954,-0.0563707
312,49,-1.0457,-0.0555788
313,49,-1.04174,-0.0548369
314,49,-1.03791,-0.0544676
315,49,-1.03416,-0.0538815
316,49,-1.03049,-0.0533459
317,49,-1.02662,-0.0530142
318,49,-1.02269,-0.0523832
319,49,-1.01943,-0.0520831
320,49,-1.01551,-0.0512204
321,49,-1.01178,-0.050564
322,49,-1.00793,-0.0503217
323,49,-1.00425,-0.0496918
324,49,-1.00061,-0.0490742
325,49,-0.996807,-0.0485573
326,49,-0.992963,-0.0479919
327,49,-0.989578,-0.0477907
11,50,-2.41497,-0.178678
12,50,-2.41197,-0.17872
13,50,-2.40822,-0.178434
14,50,-2.40469,-0.178014
15,50,-2.40093,-0.177649
16,50,-2.39714,-0.177264
17,50,-2.39324,-0.176899
18,50,-2.38918,-0.17638
19,50,-2.38495,-0.175763
20,50,-2.38104,-0.175286
21,50,-2.37708,-0.174573
22,50,-2.37325,-0.173984
23,50,-2.36949,-0.173765
24,50,-2.36533,-0.172955
25,50,-2.36126,-0.172947
26,50,-2.35724,-0.172792
27,50,-2.35315,-0.172516
28,50,-2.34911,-0.17228
29,50,-2.34511,-0.172271
30,50,-2.34122,-0.171731
31,50,-2.33708,-0.171531
32,50,-2.33284,-0.171347
33,50,-2.32898,-0.171267
34,50,-2.32486,-0.171255
35,50,-2.32083,-0.171295
36,50,-2.31666,-0.171318
37,50,-2.3133,-0.17113
38,50,-2.30916,-0.170835
39,50,-2.3052,-0.170808
40,50,-2.30146,-0.170226
41,50,-2.29747,-0.170118
42,50,-2.29358,-0.169939
43,50,-2.28991,-0.170245
44,50,-2.28592,-0.170089
45,50,-2.28174,-0.169635
46,50,-2.27783,-0.16949
47,50,-2.27357,-0.169146
48,50,-2.26983,-0.169026
49,50,-2.26599,-0.168778
50,50,-2.26199,-0.168872
51,50,-2.25806,-0.168816
52,50,-2.25384,-0.168838
53,50,-2.2497,-0.168859
54,50,-2.24564,-0.168535
55,50,-2.24146,-0.168215
56,50,-2.23796,-0.168244
57,50,-2.23447,-0.168209
58,50,-2.23073,-0.168199
59,50,-2.22658,-0.168441
60,50,-2.22272,-0.168409
61,50,-2.21815,-0.168339
62,50,-2.21406,-0.168443
63,50,-2.21009,-0.169014
64,50,-2.20585,-0.168974
65,50,-2.20135,-0.168597
66,50,-2.19731,-0.168506
67,50,-2.19286,-0.168477
68,50,-2.1888,-0.168685
69,50,-2.18509,-0.16838
70,50,-2.18141,-0.168305
71,50,-2.1778,-0.168279
72,50,-2.17355,-0.168364
73,50,-2.16952,-0.168325
74,50,-2.16574,-0.1682
75,50,-2.16167,-0.167873
76,50,-2.15793,-0.167903
77,50,-2.15395,-0.168109
78,50,-2.15011,-0.168073
79,50,-2.14607,-0.168125
80,50,-2.14176,-0.168171
81,50,-2.13784,-0.167858
82,50,-2.1332,-0.167335
83,50,-2.12903,-0.166936
84,50,-2.12538,-0.166952
85,50,-2.1213,-0.166859
86,50,-2.1174,-0.166839
87,50,-2.11353,-0.166892
88,50,-2.10942,-0.166464
89,50,-2.10547,-0.1662
90,50,-2.10145,-0.166051
91,50,-2.0975,-0.166025
92,50,-2.09362,-0.165859
93,50,-2.08956,-0.165902
94,50,-2.08609,-0.16591
95,50,-2.08257,-0.165645
96,50,-2.07879,-0.165579
97,50,-2.07507,-0.165624
98,50,-2.07159,-0.165617
99,50,-2.06861,-0.165742
100,50,-2.06555,-0.166124
101,50,-2.06239,-0.166243
102,50,-2.05931,-0.166261
103,50,-2.05607,-0.166064
104,50,-2.05279,-0.165786
105,50,-2.04971,-0.165736
106,50,-2.04662,-0.165662
107,50,-2.04346,-0.165448
108,50,-2.04068,-0.165595
109,50,-2.03806,-0.165401
110,50,-2.03556,-0.165074
111,50,-2.03304,-0.165098
112,50,-2.03007,-0.165083
113,50,-2.02718,-0.165102
114,50,-2.02401,-0.165053
115,50,-2.02096,-0.164784
116,50,-2.01828,-0.164255
117,50,-2.01561,-0.163682
118,50,-2.01246,-0.163259
119,50,-2.00988,-0.162667
120,50,-2.0071,-0.162301
121,50,-2.00371,-0.161819
122,50,-2.00058,-0.161333
123,50,-1.99775,-0.160865
124,50,-1.99497,-0.160343
125,50,-1.99196,-0.159844
126,50,-1.98913,-0.159279
127,50,-1.98641,-0.158284
128,50,-1.98346,-0.157835
129,50,-1.98015,-0.157237
130,50,-1.977,-0.156962
131,50,-1.97445,-0.156458
132,50,-1.97177,-0.156069
133,50,-1.96914,-0.15559
134,50,-1.96636,-0.15501
135,50,-1.96349,-0.154909
136,50,-1.96053,-0.154438
137,50,-1.9578,-0.154159
138,50,-1.95536,-0.153891
139,50,-1.95264,-0.153416
140,50,-1.94997,-0.152904
141,50,-1.94712,-0.152297
142,50,-1.94482,-0.151241
143,50,-1.94271,-0.150638
144,50,-1.94028,-0.149285
145,50,-1.93764,-0.147769
146,50,-1.93501,-0.146368
147,50,-1.93222,-0.144931
148,50,-1.92981,-0.143746
149,50,-1.9276,-0.142339
150,50,-1.9251,-0.140655
151,50,-1.92259,-0.138383
152,50,-1.91995,-0.13685
153,50,-1.91754,-0.134317
154,50,-1.91532,-0.131512
155,50,-1.91321,-0.128378
156,50,-1.91122,-0.124557
157,50,-1.90958,-0.120322
158,50,-1.90646,-0.115661
159,50,-1.90357,-0.110686
160,50,-1.90092,-0.105216
161,50,-1.89767,-0.0994517
162,50,-1.89446,-0.0929593
163,50,-1.89097,-0.0872288
164,50,-1.88756,-0.0824088
165,50,-1.88441,-0.0765904
166,50,-1.8837,-0.0732143
190,50,-1.41085,-0.0511243
191,50,-1.40722,-0.0560747
192,50,-1.40527,-0.0622904
193,50,-1.40336,-0.0689906
194,50,-1.40204,-0.0743323
195,50,-1.39979,-0.0793328
196,50,-1.39672,-0.0839831
197,50,-1.39301,-0.0877024
198,50,-1.39002,-0.0915696
199,50,-1.38739,-0.0954972
200,50,-1.38472,-0.0989168
201,50,-1.38175,-0.10152
202,50,-1.37924,-0.10319
203,50,-1.37682,-0.105175
204,50,-1.37453,-0.106395
205,50,-1.3726,-0.107043
206,50,-1.37075,-0.107579
207,50,-1.36867,-0.108245
208,50,-1.36606,-0.108701
209,50,-1.36366,-0.108824
210,50,-1.36148,-0.108926
211,50,-1.3594,-0.108829
212,50,-1.35719,-0.10849
213,50,-1.35477,-0.10826
214,50,-1.35318,-0.108158
215,50,-1.3511,-0.10814
216,50,-1.34872,-0.107626
217,50,-1.34619,-0.107277
218,50,-1.34324,-0.106874
219,50,-1.34081,-0.106414
220,50,-1.33828,-0.105846
221,50,-1.33628,-0.10577
222,50,-1.33396,-0.105547
223,50,-1.33137,-0.105037
224,50,-1.32885,-0.104313
225,50,-1.32654,-0.103743
226,50,-1.32428,-0.103546
227,50,-1.32152,-0.103007
228,50,-1.31865,-0.102095
229,50,-1.31566,-0.101444
230,50,-1.31309,-0.101141
231,50,-1.31004,-0.100805
232,50,-1.30737,-0.10012
233,50,-1.30455,-0.0998661
234,50,-1.3016,-0.0992877
235,50,-1.29892,-0.09912
236,50,-1.29635,-0.0987049
237,50,-1.29334,-0.0983602
238,50,-1.29063,-0.0977811
239,50,-1.28777,-0.0972698
240,50,-1.28527,-0.0972481
241,50,-1.2825,-0.096473
242,50,-1.2796,-0.0959714
243,50,-1.27649,-0.0956093
244,50,-1.27355,-0.0953479
245,50,-1.27086,-0.0949228
246,50,-1.26812,-0.0942633
247,50,-1.26519,-0.0938805
248,50,-1.26191,-0.0933271
249,50,-1.25878,-0.0927518
250,50,-1.25568,-0.0924232
251,50,-1.25276,-0.0919679
252,50,-1.24986,-0.0918656
253,50,-1.24674,-0.091565
254,50,-1.24373,-0.0911464
255,50,-1.24054,-0.0907887
256,50,-1.23735,-0.0902924
257,50,-1.23418,-0.0898211
258,50,-1.23093,-0.0894748
259,50,-1.22782,-0.0890104
260,50,-1.22434,-0.0886514
261,50,-1.22111,-0.0882463
262,50,-1.21772,-0.0875057
263,50,-1.21442,-0.0870759
264,50,-1.21127,-0.086278
265,50,-1.208,-0.0856399
266,50,-1.20491,-0.0848654
267,50,-1.20155,-0.0843479
268,50,-1.19809,-0.0836529
269,50,-1.19439,-0.0831623
270,50,-1.19088,-0.0824138
271,50,-1.18743,-0.0819579
272,50,-1.1839,-0.0813386
273,50,-1.18067,-0.0804179
274,50,-1.17699,-0.0796625
275,50,-1.17342,-0.0790309
276,50,-1.17034,-0.0781007
277,50,-1.16675,-0.0772996
278,50,-1.16343,-0.0766506
279,50,-1.15999,-0.0761446
280,50,-1.15645,-0.0752816
281,50,-1.15325,-0.0744261
282,50,-1.14993,-0.0738112
283,50,-1.14646,-0.0730555
284,50,-1.14319,-0.0723824
285,50,-1.13988,-0.0715325
286,50,-1.13686,-0.0707307
287,50,-1.13364,-0.0698169
288,50,-1.13026,-0.069054
289,50,-1.12688,-0.0689158
290,50,-1.12354,-0.0683472
291,50,-1.11983,-0.0678072
292,50,-1.11642,-0.0674477
293,50,-1.11298,-0.0669394
294,50,-1.10975,-0.0664743
295,50,-1.10621,-0.0658974
296,50,-1.10306,-0.0653688
297,50,-1.09969,-0.0648598
298,50,-1.09602,-0.0645941
299,50,-1.0924,-0.0642446
300,50,-1.08868,-0.0640619
301,50,-1.08532,-0.0636554
302,50,-1.08204,-0.0625566
303,50,-1.07859,-0.0619505
304,50,-1.07505,-0.0614547
305,50,-1.0715,-0.0611689
306,50,-1.06784,-0.0607828
307,50,-1.06454,-0.0602866
308,50,-1.06109,-0.059598
309,50,-1.05682,-0.0588203
310,50,-1.05318,-0.0581302
311,50,-1.04948,-0.0573437
312,50,-1.0458,-0.0565725
313,50,-1.04168,-0.0557411
314,50,-1.03776,-0.0549916
315,50,-1.03407,-0.0543433
316,50,-1.03048,-0.0540147
317,50,-1.02675,-0.0535858
318,50,-1.02278,-0.0531245
319,50,-1.01934,-0.0525193
320,50,-1.01542,-0.0519791
321,50,-1.01173,-0.0513353
322,50,-1.00804,-0.0509412
323,50,-1.00425,-0.0506512
324,50,-1.00053,-0.0500213
325,50,-0.997056,-0.0494701
326,50,-0.993572,-0.0489176
327,50,-0.989995,-0.0484063
11,51,-2.41623,-0.179914
12,51,-2.4128,-0.179751
13,51,-2.40883,-0.179366
14,51,-2.40488,-0.178885
15,51,-2.40094,-0.178462
16,51,-2.39717,-0.177997
17,51,-2.39334,-0.177576
18,51,-2.38927,-0.177072
19,51,-2.38502,-0.176421
20,51,-2.38116,-0.175911
21,51,-2.37714,-0.175597
22,51,-2.37322,-0.174794
23,51,-2.36952,-0.17422
24,51,-2.36547,-0.173618
25,51,-2.36154,-0.173454
26,51,-2.35756,-0.173209
27,51,-2.35346,-0.173084
28,51,-2.34943,-0.173057
29,51,-2.34544,-0.172671
30,51,-2.3413,-0.172455
31,51,-2.33737,-0.172463
32,51,-2.33337,-0.172016
33,51,-2.32936,-0.171765
34,51,-2.32508,-0.171711
35,51,-2.32113,-0.171721
36,51,-2.31679,-0.171772
37,51,-2.3133,-0.171445
38,51,-2.30961,-0.171317
39,51,-2.30566,-0.17136
40,51,-2.30208,-0.170789
41,51,-2.29813,-0.170563
42,51,-2.2942,-0.170316
43,51,-2.29046,-0.170531
44,51,-2.28651,-0.170544
45,51,-2.28237,-0.170201
46,51,-2.27847,-0.169803
47,51,-2.27463,-0.169363
48,51,-2.271,-0.169553
49,51,-2.26714,-0.169448
50,51,-2.26298,-0.168947
51,51,-2.25919,-0.168983
52,51,-2.25503,-0.169139
53,51,-2.25031,-0.169012
54,51,-2.24623,-0.168875
55,51,-2.24246,-0.168703
56,51,-2.23861,-0.168753
57,51,-2.23515,-0.168916
58,51,-2.23133,-0.169061
59,51,-2.22741,-0.169153
60,51,-2.22346,-0.168881
61,51,-2.21909,-0.168711
62,51,-2.21529,-0.169027
63,51,-2.21096,-0.169225
64,51,-2.20665,-0.169219
65,51,-2.20268,-0.169123
66,51,-2.19839,-0.169227
67,51,-2.19398,-0.168922
68,51,-2.19009,-0.168882
69,51,-2.18617,-0.16886
70,51,-2.18227,-0.168509
71,51,-2.17878,-0.168813
72,51,-2.17453,-0.168798
73,51,-2.17044,-0.168607
74,51,-2.1665,-0.168556
75,51,-2.16258,-0.167989
76,51,-2.1587,-0.167825
77,51,-2.1547,-0.168188
78,51,-2.1509,-0.168266
79,51,-2.14676,-0.16795
80,51,-2.14287,-0.167934
81,51,-2.13856,-0.16788
82,51,-2.13407,-0.16731
83,51,-2.13017,-0.167029
84,51,-2.12624,-0.167102
85,51,-2.12237,-0.166702
86,51,-2.11846,-0.166713
87,51,-2.11443,-0.166708
88,51,-2.1107,-0.166321
89,51,-2.10681,-0.166142
90,51,-2.10273,-0.166183
91,51,-2.09874,-0.166041
92,51,-2.09473,-0.165852
93,51,-2.09105,-0.166029
94,51,-2.08748,-0.166179
95,51,-2.08395,-0.166156
96,51,-2.08039,-0.166094
97,51,-2.07656,-0.165999
98,51,-2.07324,-0.165967
99,51,-2.07019,-0.166214
100,51,-2.06698,-0.166423
101,51,-2.06426,-0.166755
102,51,-2.06119,-0.166632
103,51,-2.05799,-0.166355
104,51,-2.05499,-0.16621
105,51,-2.05193,-0.166101
106,51,-2.0491,-0.166158
107,51,-2.04571,-0.166123
108,51,-2.04267,-0.166005
109,51,-2.04002,-0.165754
110,51,-2.03761,-0.165649
111,51,-2.03507,-0.165748
112,51,-2.03192,-0.165626
113,51,-2.02918,-0.165276
114,51,-2.02627,-0.165209
115,51,-2.0235,-0.165073
116,51,-2.02111,-0.164585
117,51,-2.01836,-0.163959
118,51,-2.01545,-0.163554
119,51,-2.01269,-0.162921
120,51,-2.00996,-0.162458
121,51,-2.00697,-0.16217
122,51,-2.00379,-0.161264
123,51,-2.00112,-0.160855
124,51,-1.99843,-0.160399
125,51,-1.99568,-0.159776
126,51,-1.99304,-0.159284
127,51,-1.99049,-0.158577
128,51,-1.98791,-0.158058
129,51,-1.98497,-0.157763
130,51,-1.98193,-0.157217
131,51,-1.97929,-0.156861
132,51,-1.97657,-0.15622
133,51,-1.97385,-0.155904
134,51,-1.97128,-0.155662
135,51,-1.96905,-0.155266
136,51,-1.96639,-0.154837
137,51,-1.96394,-0.154566
138,51,-1.9616,-0.154224
139,51,-1.95881,-0.153759
140,51,-1.95618,-0.153646
141,51,-1.95373,-0.152909
142,51,-1.95162,-0.152301
143,51,-1.94939,-0.151186
144,51,-1.94725,-0.149978
145,51,-1.94538,-0.14912
146,51,-1.94319,-0.147511
147,51,-1.94098,-0.146221
148,51,-1.93869,-0.1447
149,51,-1.93654,-0.143199
150,51,-1.93446,-0.141872
151,51,-1.93202,-0.140169
152,51,-1.92976,-0.137857
153,51,-1.92767,-0.13554
154,51,-1.92545,-0.132924
155,51,-1.92344,-0.12991
156,51,-1.92151,-0.126041
157,51,-1.9198,-0.122116
158,51,-1.91781,-0.117443
159,51,-1.91578,-0.112629
160,51,-1.91353,-0.10675
161,51,-1.91118,-0.100989
162,51,-1.90865,-0.0945789
163,51,-1.90667,-0.0875612
164,51,-1.90387,-0.0824332
165,51,-1.90011,-0.0798755
191,51,-1.38923,-0.0560934
192,51,-1.39005,-0.0631885
193,51,-1.39086,-0.069581
194,51,-1.39037,-0.0754939
195,51,-1.38741,-0.0807128
196,51,-1.38403,-0.0850309
197,51,-1.38075,-0.0892949
198,51,-1.37914,-0.0935303
199,51,-1.37628,-0.0972589
200,51,-1.37387,-0.100708
201,51,-1.37157,-0.103122
202,51,-1.36924,-0.104637
203,51,-1.36749,-0.106614
204,51,-1.36548,-0.107886
205,51,-1.36371,-0.108684
206,51,-1.36196,-0.109333
207,51,-1.36028,-0.109845
208,51,-1.35822,-0.11006
209,51,-1.35622,-0.110018
210,51,-1.35454,-0.109872
211,51,-1.35242,-0.109979
212,51,-1.35036,-0.109791
213,51,-1.34868,-0.109263
214,51,-1.3467,-0.109182
215,51,-1.34486,-0.109026
216,51,-1.34297,-0.10856
217,51,-1.34089,-0.108054
218,51,-1.33858,-0.107743
219,51,-1.336,-0.107473
220,51,-1.33372,-0.107011
221,51,-1.33142,-0.106538
222,51,-1.32915,-0.105907
223,51,-1.32696,-0.105613
224,51,-1.32476,-0.104903
225,51,-1.32246,-0.104387
226,51,-1.32033,-0.104147
227,51,-1.31812,-0.103538
228,51,-1.31528,-0.102898
229,51,-1.3125,-0.102248
230,51,-1.31012,-0.101642
231,51,-1.30721,-0.100959
232,51,-1.30462,-0.100613
233,51,-1.30205,-0.100286
234,51,-1.29896,-0.0998169
235,51,-1.29642,-0.0997023
236,51,-1.29372,-0.0992706
237,51,-1.29121,-0.0986143
238,51,-1.28881,-0.0982571
239,51,-1.28569,-0.0973794
240,51,-1.28324,-0.0971005
241,51,-1.28067,-0.096827
242,51,-1.27794,-0.0961008
243,51,-1.27499,-0.0961448
244,51,-1.27214,-0.0957306
245,51,-1.26947,-0.0954256
246,51,-1.26654,-0.0950514
247,51,-1.26348,-0.094478
248,51,-1.26058,-0.0940287
249,51,-1.25753,-0.093382
250,51,-1.25465,-0.0929548
251,51,-1.25146,-0.0927916
252,51,-1.24858,-0.0927015
253,51,-1.24581,-0.0922198
254,51,-1.24264,-0.0916542
255,51,-1.23969,-0.0914592
256,51,-1.23637,-0.0909195
257,51,-1.23322,-0.0907118
258,51,-1.2299,-0.0903183
259,51,-1.22681,-0.0898766
260,51,-1.22348,-0.0893661
261,51,-1.22014,-0.0887257
262,51,-1.2167,-0.0881573
263,51,-1.2137,-0.087496
264,51,-1.2102,-0.0871997
265,51,-1.20715,-0.0863993
266,51,-1.20384,-0.085824
267,51,-1.20067,-0.0851608
268,51,-1.19734,-0.0844424
269,51,-1.19373,-0.0836949
270,51,-1.19011,-0.0833306
271,51,-1.18668,-0.0825657
272,51,-1.18321,-0.0816655
273,51,-1.17983,-0.081023
274,51,-1.17659,-0.0803191
275,51,-1.17293,-0.079705
276,51,-1.16962,-0.0789634
277,51,-1.1662,-0.0782501
278,51,-1.16255,-0.0778715
279,51,-1.15902,-0.0771899
280,51,-1.15604,-0.0760837
281,51,-1.15253,-0.0753589
282,51,-1.1493,-0.0746899
283,51,-1.14602,-0.0741204
284,51,-1.14292,-0.0733536
285,51,-1.1397,-0.0723477
286,51,-1.1365,-0.0713613
287,51,-1.13345,-0.0707804
288,51,-1.12989,-0.0701503
289,51,-1.12644,-0.0697578
290,51,-1.12324,-0.0694198
291,51,-1.11955,-0.0684922
292,51,-1.11621,-0.068091
293,51,-1.11318,-0.0676411
294,51,-1.10987,-0.0672282
295,51,-1.10634,-0.0666361
296,51,-1.10302,-0.0661365
297,51,-1.09953,-0.0655514
298,51,-1.09571,-0.0652759
299,51,-1.09243,-0.0648749
300,51,-1.08903,-0.0648124
301,51,-1.08559,-0.0643559
302,51,-1.08232,-0.0638952
303,51,-1.07865,-0.0629396
304,51,-1.07524,-0.0619504
305,51,-1.0718,-0.0617832
306,51,-1.06812,-0.0614449
307,51,-1.06461,-0.0607283
308,51,-1.06106,-0.0601959
309,51,-1.05732,-0.0594206
310,51,-1.05331,-0.0588393
311,51,-1.04956,-0.0582039
312,51,-1.04577,-0.0572216
313,51,-1.04167,-0.056345
314,51,-1.03771,-0.0557117
315,51,-1.03389,-0.0554556
316,51,-1.03023,-0.0548964
317,51,-1.02675,-0.0541626
318,51,-1.02279,-0.0538659
319,51,-1.01911,-0.05319
320,51,-1.01503,-0.0524289
321,51,-1.01147,-0.0519308
322,51,-1.00775,-0.0513899
323,51,-1.004,-0.0511072
324,51,-1.00047,-0.0506856
325,51,-0.997138,-0.0501443
326,51,-0.993756,-0.0495414
327,51,-0.990397,-0.0492249
11,52,-2.4162,-0.181154
12,52,-2.41259,-0.180772
13,52,-2.40904,-0.180514
14,52,-2.40522,-0.180107
15,52,-2.40131,-0.179432
16,52,-2.3975,-0.178833
17,52,-2.3935,-0.178343
18,52,-2.38951,-0.177779
19,52,-2.38539,-0.177342
20,52,-2.38144,-0.176722
21,52,-2.37768,-0.176484
22,52,-2.37337,-0.175662
23,52,-2.36962,-0.174999
24,52,-2.36571,-0.174763
25,52,-2.3619,-0.174533
26,52,-2.35784,-0.174196
27,52,-2.35338,-0.174074
28,52,-2.34958,-0.173693
29,52,-2.34556,-0.173501
30,52,-2.34132,-0.173195
31,52,-2.33747,-0.172925
32,52,-2.33373,-0.172936
33,52,-2.32954,-0.172317
34,52,-2.32537,-0.172263
35,52,-2.32139,-0.172415
36,52,-2.31737,-0.172122
37,52,-2.31353,-0.17191
38,52,-2.31008,-0.171711
39,52,-2.30638,-0.17179
40,52,-2.30259,-0.171375
41,52,-2.29873,-0.171088
42,52,-2.29467,-0.170845
43,52,-2.29087,-0.170946
44,52,-2.28709,-0.171156
45,52,-2.28295,-0.170674
46,52,-2.27908,-0.170278
47,52,-2.27523,-0.170235
48,52,-2.27169,-0.170048
49,52,-2.26757,-0.169919
50,52,-2.26361,-0.169569
51,52,-2.25954,-0.169406
52,52,-2.2558,-0.169467
53,52,-2.25134,-0.169336
54,52,-2.24739,-0.169176
55,52,-2.24324,-0.169079
56,52,-2.23923,-0.169317
57,52,-2.23564,-0.169179
58,52,-2.23198,-0.169229
59,52,-2.22822,-0.16923
60,52,-2.22398,-0.169172
61,52,-2.21977,-0.168941
62,52,-2.21641,-0.169333
63,52,-2.21201,-0.169648
64,52,-2.20772,-0.169571
65,52,-2.20347,-0.169627
66,52,-2.19939,-0.169782
67,52,-2.19513,-0.169412
68,52,-2.19134,-0.169244
69,52,-2.18727,-0.169369
70,52,-2.18343,-0.16925
71,52,-2.17973,-0.169079
72,52,-2.17554,-0.168791
73,52,-2.17159,-0.169055
74,52,-2.16744,-0.168804
75,52,-2.16343,-0.168588
76,52,-2.15964,-0.168424
77,52,-2.15589,-0.168246
78,52,-2.15176,-0.167986
79,52,-2.14744,-0.167703
80,52,-2.14378,-0.167597
81,52,-2.13943,-0.167485
82,52,-2.13526,-0.167353
83,52,-2.1313,-0.167074
84,52,-2.12744,-0.166832
85,52,-2.12379,-0.166632
86,52,-2.11982,-0.166543
87,52,-2.11572,-0.166539
88,52,-2.11158,-0.166299
89,52,-2.1076,-0.166344
90,52,-2.10371,-0.166482
91,52,-2.09982,-0.16613
92,52,-2.09582,-0.166076
93,52,-2.09214,-0.166159
94,52,-2.08873,-0.166143
95,52,-2.08569,-0.166267
96,52,-2.08232,-0.166284
97,52,-2.0786,-0.166099
98,52,-2.07512,-0.16627
99,52,-2.07179,-0.166578
100,52,-2.06879,-0.166639
101,52,-2.066,-0.166915
102,52,-2.06293,-0.166975
103,52,-2.0598,-0.166879
104,52,-2.05684,-0.166794
105,52,-2.05387,-0.166729
106,52,-2.05107,-0.166802
107,52,-2.04784,-0.166837
108,52,-2.04491,-0.166547
109,52,-2.04208,-0.166215
110,52,-2.03933,-0.166339
111,52,-2.03683,-0.166042
112,52,-2.03394,-0.165745
113,52,-2.03124,-0.165787
114,52,-2.0286,-0.165598
115,52,-2.02604,-0.165291
116,52,-2.02354,-0.164954
117,52,-2.02086,-0.164409
118,52,-2.01815,-0.163788
119,52,-2.01547,-0.163267
120,52,-2.01255,-0.162791
121,52,-2.00977,-0.162223
122,52,-2.00711,-0.161531
123,52,-2.00459,-0.161064
124,52,-2.00223,-0.160504
125,52,-1.99961,-0.160012
126,52,-1.99699,-0.159448
127,52,-1.99442,-0.158807
128,52,-1.99185,-0.158493
129,52,-1.98918,-0.158187
130,52,-1.9864,-0.157459
131,52,-1.98385,-0.157229
132,52,-1.9813,-0.15677
133,52,-1.97848,-0.156268
134,52,-1.97626,-0.156398
135,52,-1.97386,-0.155994
136,52,-1.97163,-0.155456
137,52,-1.96955,-0.154882
138,52,-1.96737,-0.154501
139,52,-1.96479,-0.154252
140,52,-1.96216,-0.153864
141,52,-1.96029,-0.153338
142,52,-1.95822,-0.152943
143,52,-1.95638,-0.152289
144,52,-1.95419,-0.151404
145,52,-1.95228,-0.150408
146,52,-1.9506,-0.149145
147,52,-1.94875,-0.147827
148,52,-1.9471,-0.146189
149,52,-1.94516,-0.144726
150,52,-1.94311,-0.143351
151,52,-1.94091,-0.141729
152,52,-1.93899,-0.139488
153,52,-1.93767,-0.137199
154,52,-1.93608,-0.134597
155,52,-1.93357,-0.131414
156,52,-1.93169,-0.127785
157,52,-1.92977,-0.123737
158,52,-1.92836,-0.119093
159,52,-1.92744,-0.114574
160,52,-1.92551,-0.109154
161,52,-1.9235,-0.102894
162,52,-1.92154,-0.0970593
163,52,-1.91968,-0.0902545
164,52,-1.91671,-0.0837397
192,52,-1.37901,-0.0639754
193,52,-1.38066,-0.0701753
194,52,-1.37728,-0.0766781
195,52,-1.37413,-0.0820661
196,52,-1.37244,-0.086823
197,52,-1.37026,-0.0912831
198,52,-1.36753,-0.0952838
199,52,-1.36544,-0.0993265
200,52,-1.3641,-0.102173
201,52,-1.36229,-0.104383
202,52,-1.36019,-0.1066
203,52,-1.35865,-0.108237
204,52,-1.35679,-0.109367
205,52,-1.35544,-0.110173
206,52,-1.354,-0.110413
207,52,-1.35264,-0.110849
208,52,-1.35089,-0.11106
209,52,-1.34914,-0.110959
210,52,-1.34755,-0.110715
211,52,-1.3456,-0.110947
212,52,-1.34396,-0.111145
213,52,-1.34206,-0.110735
214,52,-1.34044,-0.110303
215,52,-1.33917,-0.109942
216,52,-1.33737,-0.109313
217,52,-1.33573,-0.108755
218,52,-1.3336,-0.108544
219,52,-1.33127,-0.108459
220,52,-1.32926,-0.107928
221,52,-1.327,-0.107088
222,52,-1.32508,-0.106757
223,52,-1.32313,-0.105945
224,52,-1.32114,-0.105604
225,52,-1.319,-0.105104
226,52,-1.31705,-0.104477
227,52,-1.31488,-0.10404
228,52,-1.31222,-0.103452
229,52,-1.30981,-0.102841
230,52,-1.30733,-0.102132
231,52,-1.30444,-0.101696
232,52,-1.3021,-0.100991
233,52,-1.29953,-0.100538
234,52,-1.29669,-0.100234
235,52,-1.29406,-0.0998286
236,52,-1.29141,-0.0994637
237,52,-1.28894,-0.0992214
238,52,-1.28658,-0.09886
239,52,-1.28384,-0.0982311
240,52,-1.28142,-0.0976062
241,52,-1.27885,-0.0974472
242,52,-1.27604,-0.0968328
243,52,-1.27357,-0.0966844
244,52,-1.27049,-0.0962507
245,52,-1.26767,-0.0959662
246,52,-1.26509,-0.0956552
247,52,-1.26214,-0.0952609
248,52,-1.25932,-0.0944818
249,52,-1.25644,-0.0941389
250,52,-1.25332,-0.0936711
251,52,-1.25077,-0.0935108
252,52,-1.24789,-0.0933914
253,52,-1.24497,-0.0929199
254,52,-1.24183,-0.0924671
255,52,-1.23877,-0.0920189
256,52,-1.23534,-0.0918787
257,52,-1.23222,-0.0913374
258,52,-1.22895,-0.0909052
259,52,-1.22618,-0.0905055
260,52,-1.22272,-0.0900526
261,52,-1.21968,-0.0894555
262,52,-1.21611,-0.0889789
263,52,-1.21299,-0.0883103
264,52,-1.20955,-0.0878865
265,52,-1.20615,-0.0868647
266,52,-1.20309,-0.0863679
267,52,-1.19995,-0.0859582
268,52,-1.19657,-0.0851915
269,52,-1.19342,-0.0846118
270,52,-1.18988,-0.084063
271,52,-1.18624,-0.0833106
272,52,-1.18284,-0.0825565
273,52,-1.17935,-0.081947
274,52,-1.17591,-0.0814616
275,52,-1.17238,-0.0807494
276,52,-1.16883,-0.0800221
277,52,-1.16557,-0.0791772
278,52,-1.16188,-0.0786669
279,52,-1.15887,-0.0778644
280,52,-1.15553,-0.0769221
281,52,-1.1521,-0.0761505
282,52,-1.14903,-0.0755921
283,52,-1.14587,-0.07478
284,52,-1.1428,-0.0740413
285,52,-1.13941,-0.0731345
286,52,-1.13633,-0.0724744
287,52,-1.13312,-0.0717269
288,52,-1.12989,-0.0711642
289,52,-1.12608,-0.0704613
290,52,-1.12284,-0.0701195
291,52,-1.11921,-0.069672
292,52,-1.1157,-0.0689509
293,52,-1.11266,-0.0686321
294,52,-1.1097,-0.0679597
295,52,-1.10634,-0.0672449
296,52,-1.10268,-0.0666712
297,52,-1.09935,-0.0662695
298,52,-1.09579,-0.0659242
299,52,-1.09248,-0.0654873
300,52,-1.08886,-0.0653543
301,52,-1.08556,-0.0650025
302,52,-1.08206,-0.0644098
303,52,-1.07839,-0.0634994
304,52,-1.07516,-0.0627424
305,52,-1.07182,-0.0623362
306,52,-1.06796,-0.0621622
307,52,-1.06448,-0.0616105
308,52,-1.06056,-0.0607899
309,52,-1.05711,-0.0601173
310,52,-1.05324,-0.059343
311,52,-1.04938,-0.05886
312,52,-1.04545,-0.0580498
313,52,-1.04152,-0.0571732
314,52,-1.03785,-0.0566824
315,52,-1.03395,-0.0560786
316,52,-1.03043,-0.0554048
317,52,-1.02666,-0.0548841
318,52,-1.02275,-0.0541125
319,52,-1.01919,-0.0534845
320,52,-1.01539,-0.0529654
321,52,-1.01166,-0.0527623
322,52,-1.00773,-0.052366
323,52,-1.00448,-0.0519214
324,52,-1.00107,-0.0513511
325,52,-0.997521,-0.0506348
326,52,-0.994134,-0.0498367
327,52,-0.990684,-0.0492953
11,53,-2.41677,-0.182322
12,53,-2.41287,-0.181832
13,53,-2.40914,-0.181509
14,53,-2.40523,-0.180697
15,53,-2.4015,-0.179989
16,53,-2.39792,-0.179593
17,53,-2.39396,-0.179049
18,53,-2.38987,-0.178455
19,53,-2.38583,-0.178085
20,53,-2.38187,-0.177751
21,53,-2.378,-0.177155
22,53,-2.37384,-0.176613
23,53,-2.36983,-0.176054
24,53,-2.36607,-0.175466
25,53,-2.36195,-0.175254
26,53,-2.35776,-0.175043
27,53,-2.35387,-0.174815
28,53,-2.34985,-0.174451
29,53,-2.3458,-0.174056
30,53,-2.34166,-0.173676
31,53,-2.33786,-0.173348
32,53,-2.33374,-0.173262
33,53,-2.32973,-0.172933
34,53,-2.3259,-0.172855
35,53,-2.32182,-0.172625
36,53,-2.31795,-0.172484
37,53,-2.31385,-0.172262
38,53,-2.31016,-0.172261
39,53,-2.3066,-0.172257
40,53,-2.3027,-0.171901
41,53,-2.29877,-0.171684
42,53,-2.29497,-0.171505
43,53,-2.29139,-0.171342
44,53,-2.28749,-0.171646
45,53,-2.28329,-0.171397
46,53,-2.27963,-0.171138
47,53,-2.27582,-0.170981
48,53,-2.27228,-0.170676
49,53,-2.26818,-0.170309
50,53,-2.26429,-0.170215
51,53,-2.26043,-0.169881
52,53,-2.25631,-0.169671
53,53,-2.25202,-0.169696
54,53,-2.24815,-0.169607
55,53,-2.24428,-0.169607
56,53,-2.24013,-0.169761
57,53,-2.23596,-0.169754
58,53,-2.23278,-0.169519
59,53,-2.22912,-0.169721
60,53,-2.22494,-0.169817
61,53,-2.22087,-0.169602
62,53,-2.21702,-0.169958
63,53,-2.21261,-0.17009
64,53,-2.20847,-0.169749
65,53,-2.20425,-0.170113
66,53,-2.20033,-0.170056
67,53,-2.19606,-0.169707
68,53,-2.19233,-0.16943
69,53,-2.1884,-0.169354
70,53,-2.18438,-0.16949
71,53,-2.18058,-0.169507
72,53,-2.17638,-0.169537
73,53,-2.17267,-0.169114
74,53,-2.16862,-0.168826
75,53,-2.1643,-0.168705
76,53,-2.16059,-0.168364
77,53,-2.15677,-0.168061
78,53,-2.15278,-0.167924
79,53,-2.14866,-0.167709
80,53,-2.14472,-0.167437
81,53,-2.14043,-0.167368
82,53,-2.13642,-0.167176
83,53,-2.13233,-0.167056
84,53,-2.12858,-0.166981
85,53,-2.12518,-0.166944
86,53,-2.12118,-0.166792
87,53,-2.11697,-0.166631
88,53,-2.11281,-0.166583
89,53,-2.10876,-0.166384
90,53,-2.10502,-0.16643
91,53,-2.10127,-0.166562
92,53,-2.09743,-0.16663
93,53,-2.09353,-0.166625
94,53,-2.0902,-0.166588
95,53,-2.08728,-0.166538
96,53,-2.08397,-0.166623
97,53,-2.0802,-0.166557
98,53,-2.07634,-0.166422
99,53,-2.07312,-0.166615
100,53,-2.07032,-0.166799
101,53,-2.0675,-0.167091
102,53,-2.06441,-0.167304
103,53,-2.06155,-0.167254
104,53,-2.05867,-0.167225
105,53,-2.05577,-0.167171
106,53,-2.05293,-0.167231
107,53,-2.04992,-0.167336
108,53,-2.0469,-0.166958
109,53,-2.04401,-0.16693
110,53,-2.04124,-0.167258
111,53,-2.0388,-0.166873
112,53,-2.03581,-0.166387
113,53,-2.03292,-0.166421
114,53,-2.03047,-0.16594
115,53,-2.02799,-0.165447
116,53,-2.02538,-0.165069
117,53,-2.02306,-0.164604
118,53,-2.02067,-0.163998
119,53,-2.01782,-0.16336
120,53,-2.01525,-0.162675
121,53,-2.01268,-0.162052
122,53,-2.01002,-0.161721
123,53,-2.00757,-0.161302
124,53,-2.00529,-0.160884
125,53,-2.00294,-0.160238
126,53,-2.00032,-0.159635
127,53,-1.99803,-0.159006
128,53,-1.99535,-0.158607
129,53,-1.9927,-0.158458
130,53,-1.99041,-0.158248
131,53,-1.98808,-0.157666
132,53,-1.98538,-0.157472
133,53,-1.98295,-0.157055
134,53,-1.98089,-0.156824
135,53,-1.97872,-0.156656
136,53,-1.9765,-0.155826
137,53,-1.97469,-0.155331
138,53,-1.97301,-0.155092
139,53,-1.97058,-0.154607
140,53,-1.96838,-0.154145
141,53,-1.96647,-0.153732
142,53,-1.96439,-0.153425
143,53,-1.96257,-0.153027
144,53,-1.9608,-0.152441
145,53,-1.95937,-0.151585
146,53,-1.95775,-0.150428
147,53,-1.95593,-0.149002
148,53,-1.9546,-0.14767
149,53,-1.95293,-0.146146
150,53,-1.95099,-0.144811
151,53,-1.94916,-0.143116
152,53,-1.94788,-0.141193
153,53,-1.9463,-0.138714
154,53,-1.94546,-0.13599
155,53,-1.9437,-0.13297
156,53,-1.94188,-0.129563
157,53,-1.9403,-0.125435
158,53,-1.93887,-0.120921
159,53,-1.9378,-0.116249
160,53,-1.93677,-0.111065
161,53,-1.93539,-0.105106
162,53,-1.93406,-0.0991331
163,53,-1.93178,-0.0932312
193,53,-1.36783,-0.0715084
194,53,-1.36652,-0.0786955
195,53,-1.36443,-0.0837124
196,53,-1.36248,-0.0889686
197,53,-1.35997,-0.0936455
198,53,-1.35722,-0.0975898
199,53,-1.35632,-0.101164
200,53,-1.35477,-0.103793
201,53,-1.3532,-0.105964
202,53,-1.35142,-0.107923
203,53,-1.34996,-0.109589
204,53,-1.34858,-0.110927
205,53,-1.34736,-0.111519
206,53,-1.3464,-0.112035
207,53,-1.34568,-0.112316
208,53,-1.344,-0.112284
209,53,-1.3422,-0.112284
210,53,-1.34064,-0.112322
211,53,-1.33905,-0.112014
212,53,-1.33776,-0.112104
213,53,-1.33632,-0.111471
214,53,-1.33512,-0.111125
215,53,-1.33384,-0.110648
216,53,-1.33224,-0.110165
217,53,-1.33067,-0.109748
218,53,-1.32892,-0.109285
219,53,-1.32707,-0.108949
220,53,-1.32501,-0.108463
221,53,-1.32333,-0.107686
222,53,-1.3216,-0.10696
223,53,-1.31958,-0.106394
224,53,-1.31769,-0.106069
225,53,-1.3156,-0.105614
226,53,-1.31369,-0.105278
227,53,-1.31171,-0.104702
228,53,-1.30937,-0.103982
229,53,-1.30696,-0.10335
230,53,-1.3042,-0.102868
231,53,-1.30172,-0.102424
232,53,-1.29947,-0.101994
233,53,-1.2973,-0.101579
234,53,-1.29468,-0.100699
235,53,-1.29227,-0.100359
236,53,-1.28969,-0.100039
237,53,-1.28708,-0.0995199
238,53,-1.28477,-0.099057
239,53,-1.2824,-0.0985548
240,53,-1.27972,-0.0981954
241,53,-1.27735,-0.0981467
242,53,-1.27462,-0.0975718
243,53,-1.2721,-0.0967791
244,53,-1.26911,-0.0966147
245,53,-1.26622,-0.0963366
246,53,-1.26347,-0.0962625
247,53,-1.26075,-0.0959243
248,53,-1.2583,-0.0952748
249,53,-1.25579,-0.0948512
250,53,-1.25261,-0.0945373
251,53,-1.25,-0.0945416
252,53,-1.24703,-0.0939692
253,53,-1.24416,-0.0937609
254,53,-1.24112,-0.093203
255,53,-1.23759,-0.0927309
256,53,-1.23474,-0.0926017
257,53,-1.23155,-0.0917853
258,53,-1.22843,-0.0915954
259,53,-1.22542,-0.0914162
260,53,-1.22218,-0.0908308
261,53,-1.21893,-0.0901719
262,53,-1.21557,-0.0895994
263,53,-1.21243,-0.0889269
264,53,-1.20911,-0.0881867
265,53,-1.2057,-0.0874715
266,53,-1.20254,-0.0872419
267,53,-1.19919,-0.0863319
268,53,-1.19595,-0.0858911
269,53,-1.19257,-0.0855115
270,53,-1.18942,-0.084786
271,53,-1.18605,-0.0837849
272,53,-1.18251,-0.0832904
273,53,-1.17903,-0.0828733
274,53,-1.17519,-0.0821521
275,53,-1.17165,-0.0815801
276,53,-1.16825,-0.0811135
277,53,-1.16491,-0.0802099
278,53,-1.16176,-0.079576
279,53,-1.15866,-0.0789945
280,53,-1.15527,-0.0780074
281,53,-1.15217,-0.0773092
282,53,-1.14901,-0.0765379
283,53,-1.14597,-0.0756905
284,53,-1.1426,-0.0752725
285,53,-1.13955,-0.0744426
286,53,-1.13611,-0.0735937
287,53,-1.13281,-0.0724871
288,53,-1.12964,-0.071983
289,53,-1.12611,-0.0712405
290,53,-1.12251,-0.0707733
291,53,-1.11919,-0.0704139
292,53,-1.11563,-0.0699906
293,53,-1.11251,-0.0691467
294,53,-1.10917,-0.0686343
295,53,-1.10599,-0.0679164
296,53,-1.10246,-0.0673476
297,53,-1.0992,-0.0668804
298,53,-1.09581,-0.0667265
299,53,-1.09226,-0.0662036
300,53,-1.08863,-0.0657283
301,53,-1.08531,-0.0653973
302,53,-1.08169,-0.0649879
303,53,-1.07826,-0.0645026
304,53,-1.07496,-0.0635707
305,53,-1.07153,-0.0632484
306,53,-1.06793,-0.0626988
307,53,-1.06436,-0.062575
308,53,-1.06067,-0.0620031
309,53,-1.05733,-0.061058
310,53,-1.05343,-0.0603913
311,53,-1.04979,-0.0594214
312,53,-1.0455,-0.0585713
313,53,-1.04148,-0.0577256
314,53,-1.03776,-0.0572399
315,53,-1.03395,-0.0570356
316,53,-1.03019,-0.0563263
317,53,-1.02654,-0.0553986
318,53,-1.02273,-0.0548179
319,53,-1.01915,-0.0541396
320,53,-1.01563,-0.0536956
321,53,-1.01163,-0.053477
322,53,-1.0081,-0.0529324
323,53,-1.00445,-0.0522183
324,53,-1.0011,-0.0518864
325,53,-0.997923,-0.0512935
326,53,-0.99434,-0.0505961
327,53,-0.99135,-0.0502783
11,54,-2.41637,-0.181915
12,54,-2.41244,-0.182098
13,54,-2.40885,-0.181891
14,54,-2.40506,-0.181491
15,54,-2.40155,-0.180983
16,54,-2.39784,-0.180499
17,54,-2.39402,-0.179936
18,54,-2.38987,-0.179476
19,54,-2.38606,-0.179
20,54,-2.38222,-0.178777
21,54,-2.37828,-0.178099
22,54,-2.37407,-0.177585
23,54,-2.37004,-0.176746
24,54,-2.36605,-0.17623
25,54,-2.36236,-0.176204
26,54,-2.35788,-0.175752
27,54,-2.35398,-0.17531
28,54,-2.3501,-0.17517
29,54,-2.34626,-0.174644
30,54,-2.34197,-0.174334
31,54,-2.33843,-0.174095
32,54,-2.33411,-0.173682
33,54,-2.33019,-0.173337
34,54,-2.32624,-0.173476
35,54,-2.3224,-0.173118
36,54,-2.31815,-0.172919
37,54,-2.31436,-0.172509
38,54,-2.31037,-0.17255
39,54,-2.3068,-0.172726
40,54,-2.30262,-0.172613
41,54,-2.29896,-0.172322
42,54,-2.29539,-0.171919
43,54,-2.29173,-0.171795
44,54,-2.28791,-0.17155
45,54,-2.28377,-0.171527
46,54,-2.28009,-0.171727
47,54,-2.27618,-0.171466
48,54,-2.27258,-0.17085
49,54,-2.26899,-0.17068
50,54,-2.26515,-0.170734
51,54,-2.26127,-0.170525
52,54,-2.257,-0.170477
53,54,-2.253,-0.169851
54,54,-2.24883,-0.169807
55,54,-2.24481,-0.169763
56,54,-2.24085,-0.169793
57,54,-2.23699,-0.170088
58,54,-2.23348,-0.170141
59,54,-2.22971,-0.170121
60,54,-2.22554,-0.170087
61,54,-2.22147,-0.17011
62,54,-2.21764,-0.170569
63,54,-2.2135,-0.170405
64,54,-2.20897,-0.170175
65,54,-2.20504,-0.170321
66,54,-2.20082,-0.170233
67,54,-2.19667,-0.170155
68,54,-2.19311,-0.170002
69,54,-2.18908,-0.169897
70,54,-2.18515,-0.170039
71,54,-2.18157,-0.169712
72,54,-2.17742,-0.169738
73,54,-2.17358,-0.169339
74,54,-2.16943,-0.168739
75,54,-2.16544,-0.168361
76,54,-2.16169,-0.168329
77,54,-2.15774,-0.168224
78,54,-2.15392,-0.167881
79,54,-2.14997,-0.167754
80,54,-2.14594,-0.167587
81,54,-2.14159,-0.167594
82,54,-2.13775,-0.167482
83,54,-2.13359,-0.167129
84,54,-2.12957,-0.166996
85,54,-2.12616,-0.167027
86,54,-2.12226,-0.166994
87,54,-2.11803,-0.166908
88,54,-2.11382,-0.166867
89,54,-2.11004,-0.166608
90,54,-2.1063,-0.166832
91,54,-2.10242,-0.166754
92,54,-2.09878,-0.166592
93,54,-2.09502,-0.166975
94,54,-2.09136,-0.167069
95,54,-2.08823,-0.167032
96,54,-2.08505,-0.167113
97,54,-2.08183,-0.1672
98,54,-2.078,-0.166875
99,54,-2.07473,-0.167039
100,54,-2.072,-0.167416
101,54,-2.06885,-0.167442
102,54,-2.06593,-0.16754
103,54,-2.06297,-0.167382
104,54,-2.06037,-0.167372
105,54,-2.05742,-0.167535
106,54,-2.05449,-0.167442
107,54,-2.05157,-0.167793
108,54,-2.04858,-0.167542
109,54,-2.04601,-0.167286
110,54,-2.04318,-0.167589
111,54,-2.0404,-0.167307
112,54,-2.03744,-0.167026
113,54,-2.03458,-0.16654
114,54,-2.03207,-0.165966
115,54,-2.02949,-0.16557
116,54,-2.027,-0.165024
117,54,-2.0249,-0.164324
118,54,-2.02258,-0.16411
119,54,-2.01984,-0.163406
120,54,-2.01752,-0.162747
121,54,-2.01511,-0.162428
122,54,-2.01257,-0.161681
123,54,-2.0106,-0.16138
124,54,-2.00806,-0.161073
125,54,-2.00582,-0.160285
126,54,-2.00383,-0.159907
127,54,-2.00102,-0.159438
128,54,-1.99879,-0.158903
129,54,-1.99662,-0.158591
130,54,-1.99436,-0.158474
131,54,-1.99176,-0.158202
132,54,-1.9892,-0.157969
133,54,-1.98698,-0.157613
134,54,-1.98511,-0.157303
135,54,-1.98328,-0.156975
136,54,-1.98122,-0.156342
137,54,-1.97919,-0.155602
138,54,-1.97765,-0.154965
139,54,-1.97554,-0.154779
140,54,-1.97363,-0.154581
141,54,-1.97194,-0.154352
142,54,-1.97006,-0.153943
143,54,-1.96858,-0.153348
144,54,-1.96693,-0.152891
145,54,-1.9655,-0.152123
146,54,-1.96423,-0.151187
147,54,-1.96243,-0.150071
148,54,-1.96097,-0.148813
149,54,-1.95976,-0.14748
150,54,-1.95865,-0.146148
151,54,-1.957,-0.144604
152,54,-1.95583,-0.142432
153,54,-1.95444,-0.140268
154,54,-1.95304,-0.1376
155,54,-1.95217,-0.134689
156,54,-1.95061,-0.131616
157,54,-1.94916,-0.127643
158,54,-1.9481,-0.123399
159,54,-1.94719,-0.11856
160,54,-1.94655,-0.113426
161,54,-1.94557,-0.10685
162,54,-1.94395,-0.100227
194,54,-1.35873,-0.0804514
195,54,-1.35534,-0.0863855
196,54,-1.35251,-0.0916271
197,54,-1.35057,-0.0961209
198,54,-1.34905,-0.0998613
199,54,-1.34839,-0.103353
200,54,-1.347,-0.10523
201,54,-1.3452,-0.107123
202,54,-1.34348,-0.109333
203,54,-1.34238,-0.110795
204,54,-1.34127,-0.111842
205,54,-1.34019,-0.112653
206,54,-1.33995,-0.113012
207,54,-1.33894,-0.113332
208,54,-1.33782,-0.113493
209,54,-1.33634,-0.113626
210,54,-1.33511,-0.113816
211,54,-1.33375,-0.113385
212,54,-1.33243,-0.112877
213,54,-1.33119,-0.112489
214,54,-1.33003,-0.112036
215,54,-1.3287,-0.111514
216,54,-1.32736,-0.110933
217,54,-1.32592,-0.110286
218,54,-1.3247,-0.110008
219,54,-1.32316,-0.109552
220,54,-1.32124,-0.109097
221,54,-1.31982,-0.108317
222,54,-1.31801,-0.107424
223,54,-1.3165,-0.106946
224,54,-1.31474,-0.106707
225,54,-1.3128,-0.106003
226,54,-1.31091,-0.105672
227,54,-1.30863,-0.104843
228,54,-1.30637,-0.104515
229,54,-1.30416,-0.10387
230,54,-1.30159,-0.103399
231,54,-1.29951,-0.102769
232,54,-1.29713,-0.102365
233,54,-1.2951,-0.101956
234,54,-1.29288,-0.101147
235,54,-1.29033,-0.101141
236,54,-1.28764,-0.100918
237,54,-1.28508,-0.100043
238,54,-1.2828,-0.0997357
239,54,-1.2805,-0.0991253
240,54,-1.27805,-0.0988374
241,54,-1.27583,-0.0985733
242,54,-1.2734,-0.0980482
243,54,-1.27058,-0.097552
244,54,-1.26786,-0.0972889
245,54,-1.26495,-0.0966739
246,54,-1.2625,-0.0966961
247,54,-1.26025,-0.096021
248,54,-1.25745,-0.0953834
249,54,-1.25509,-0.0953285
250,54,-1.25213,-0.095213
251,54,-1.24928,-0.0947714
252,54,-1.24627,-0.0946266
253,54,-1.24316,-0.0938944
254,54,-1.24009,-0.0936464
255,54,-1.23722,-0.0930567
256,54,-1.23426,-0.0929093
257,54,-1.23123,-0.0926365
258,54,-1.22802,-0.0921571
259,54,-1.22486,-0.091615
260,54,-1.22179,-0.0911404
261,54,-1.21838,-0.0907662
262,54,-1.21533,-0.0903753
263,54,-1.21207,-0.0898314
264,54,-1.20878,-0.0891306
265,54,-1.20539,-0.0884442
266,54,-1.20202,-0.0877663
267,54,-1.19886,-0.0872702
268,54,-1.19556,-0.0866736
269,54,-1.19218,-0.085935
270,54,-1.18918,-0.0853279
271,54,-1.1856,-0.0846568
272,54,-1.18207,-0.0838834
273,54,-1.17872,-0.0833521
274,54,-1.17479,-0.0826458
275,54,-1.1715,-0.0822443
276,54,-1.16785,-0.0816455
277,54,-1.1648,-0.0808384
278,54,-1.16138,-0.0802137
279,54,-1.15842,-0.0796259
280,54,-1.15514,-0.0790019
281,54,-1.15217,-0.0782381
282,54,-1.14875,-0.0774051
283,54,-1.14577,-0.0767652
284,54,-1.1426,-0.0760928
285,54,-1.13951,-0.0754889
286,54,-1.13603,-0.0745316
287,54,-1.13263,-0.0736797
288,54,-1.12943,-0.0730874
289,54,-1.12606,-0.0722055
290,54,-1.12271,-0.0721557
291,54,-1.11927,-0.0715787
292,54,-1.11558,-0.0706072
293,54,-1.11248,-0.0701678
294,54,-1.10935,-0.0694332
295,54,-1.10596,-0.0688066
296,54,-1.10237,-0.068468
297,54,-1.09876,-0.067756
298,54,-1.09536,-0.0673107
299,54,-1.09207,-0.0669487
300,54,-1.08875,-0.0662572
301,54,-1.08477,-0.0658726
302,54,-1.08134,-0.0656416
303,54,-1.07799,-0.0653236
304,54,-1.07468,-0.0645866
305,54,-1.07173,-0.0641573
306,54,-1.06825,-0.0639293
307,54,-1.06441,-0.0633236
308,54,-1.06071,-0.0626742
309,54,-1.05706,-0.0618109
310,54,-1.05367,-0.060922
311,54,-1.04959,-0.0602007
312,54,-1.04563,-0.0591661
313,54,-1.04189,-0.0585678
314,54,-1.03813,-0.0582816
315,54,-1.03457,-0.0577903
316,54,-1.03062,-0.0572115
317,54,-1.02672,-0.056126
318,54,-1.023,-0.0555291
319,54,-1.01913,-0.0548942
320,54,-1.01554,-0.0544232
321,54,-1.01205,-0.0542635
322,54,-1.00827,-0.0537021
323,54,-1.00468,-0.0532908
324,54,-1.00151,-0.0528711
325,54,-0.998133,-0.0521006
326,54,-0.994709,-0.051493
327,54,-0.991306,-0.0507408
11,55,-2.41653,-0.182699
12,55,-2.41286,-0.183058
13,55,-2.40909,-0.18267
14,55,-2.40526,-0.182259
15,55,-2.40141,-0.181756
16,55,-2.3975,-0.181326
17,55,-2.39365,-0.180826
18,55,-2.3897,-0.180302
19,55,-2.38612,-0.180065
20,55,-2.38214,-0.179784
21,55,-2.37833,-0.179201
22,55,-2.37435,-0.178374
23,55,-2.37014,-0.177706
24,55,-2.3664,-0.177151
25,55,-2.36255,-0.177382
26,55,-2.35842,-0.176695
27,55,-2.35442,-0.175956
28,55,-2.35041,-0.175688
29,55,-2.3465,-0.175133
30,55,-2.3423,-0.175096
31,55,-2.33847,-0.174481
32,55,-2.3344,-0.174308
33,55,-2.33057,-0.173806
34,55,-2.32679,-0.173648
35,55,-2.32297,-0.173829
36,55,-2.31901,-0.173646
37,55,-2.31477,-0.173386
38,55,-2.31084,-0.173068
39,55,-2.3073,-0.173119
40,55,-2.30318,-0.172832
41,55,-2.29936,-0.17264
42,55,-2.2956,-0.172439
43,55,-2.29206,-0.172468
44,55,-2.28805,-0.172181
45,55,-2.28416,-0.172201
46,55,-2.28023,-0.172099
47,55,-2.2765,-0.172134
48,55,-2.27292,-0.17167
49,55,-2.26947,-0.17154
50,55,-2.26558,-0.17151
51,55,-2.26174,-0.171317
52,55,-2.2575,-0.171218
53,55,-2.25363,-0.170839
54,55,-2.24975,-0.170241
55,55,-2.2453,-0.170335
56,55,-2.24169,-0.170582
57,55,-2.23789,-0.170684
58,55,-2.23395,-0.170803
59,55,-2.22997,-0.170524
60,55,-2.22605,-0.170612
61,55,-2.22229,-0.171023
62,55,-2.21843,-0.17105
63,55,-2.21438,-0.171022
64,55,-2.20983,-0.170644
65,55,-2.2055,-0.170465
66,55,-2.20146,-0.170615
67,55,-2.19758,-0.170933
68,55,-2.19391,-0.170635
69,55,-2.1898,-0.170079
70,55,-2.18629,-0.170369
71,55,-2.18252,-0.170195
72,55,-2.1785,-0.169874
73,55,-2.17461,-0.169565
74,55,-2.17047,-0.169177
75,55,-2.16616,-0.168685
76,55,-2.16266,-0.168677
77,55,-2.1594,-0.168485
78,55,-2.15518,-0.168186
79,55,-2.1511,-0.168293
80,55,-2.14704,-0.168009
81,55,-2.14279,-0.167825
82,55,-2.13893,-0.167739
83,55,-2.1345,-0.167457
84,55,-2.13057,-0.167519
85,55,-2.12696,-0.167508
86,55,-2.12296,-0.167413
87,55,-2.11904,-0.167249
88,55,-2.11496,-0.167058
89,55,-2.11109,-0.167262
90,55,-2.10718,-0.167235
91,55,-2.10345,-0.166996
92,55,-2.1,-0.167049
93,55,-2.09625,-0.167125
94,55,-2.09261,-0.16738
95,55,-2.08945,-0.167661
96,55,-2.08629,-0.167817
97,55,-2.08307,-0.16764
98,55,-2.07958,-0.167359
99,55,-2.07624,-0.167622
100,55,-2.07356,-0.167854
101,55,-2.07056,-0.167759
102,55,-2.06735,-0.167796
103,55,-2.06462,-0.168059
104,55,-2.06198,-0.16808
105,55,-2.05899,-0.167903
106,55,-2.0563,-0.167834
107,55,-2.05356,-0.168156
108,55,-2.05052,-0.168052
109,55,-2.04767,-0.167869
110,55,-2.04486,-0.16796
111,55,-2.04206,-0.167424
112,55,-2.03948,-0.167082
113,55,-2.0363,-0.166612
114,55,-2.03346,-0.166022
115,55,-2.03147,-0.165786
116,55,-2.0287,-0.165201
117,55,-2.02615,-0.164551
118,55,-2.02411,-0.16413
119,55,-2.02175,-0.163455
120,55,-2.01936,-0.162757
121,55,-2.01705,-0.162552
122,55,-2.01477,-0.161904
123,55,-2.01276,-0.161549
124,55,-2.0105,-0.161264
125,55,-2.00834,-0.160405
126,55,-2.00637,-0.159888
127,55,-2.00424,-0.159829
128,55,-2.00141,-0.159437
129,55,-1.99915,-0.159035
130,55,-1.99717,-0.158865
131,55,-1.99462,-0.158609
132,55,-1.99268,-0.158088
133,55,-1.99051,-0.157913
134,55,-1.98893,-0.15785
135,55,-1.98724,-0.157502
136,55,-1.98509,-0.156622
137,55,-1.98335,-0.156116
138,55,-1.98184,-0.15573
139,55,-1.98009,-0.155264
140,55,-1.97851,-0.155151
141,55,-1.97701,-0.155189
142,55,-1.97528,-0.154479
143,55,-1.97391,-0.154031
144,55,-1.97244,-0.153777
145,55,-1.971,-0.153001
146,55,-1.96966,-0.151951
147,55,-1.96843,-0.150892
148,55,-1.96712,-0.149719
149,55,-1.96604,-0.148754
150,55,-1.96482,-0.147391
151,55,-1.96385,-0.145854
152,55,-1.96276,-0.14399
153,55,-1.96155,-0.141606
154,55,-1.96102,-0.139206
155,55,-1.95979,-0.136354
156,55,-1.95828,-0.133187
157,55,-1.95751,-0.129782
158,55,-1.9561,-0.125407
159,55,-1.95507,-0.120384
160,55,-1.95445,-0.115217
161,55,-1.95321,-0.109515
195,55,-1.3464,-0.0883578
196,55,-1.3447,-0.0933822
197,55,-1.34308,-0.0982893
198,55,-1.34202,-0.101982
199,55,-1.34129,-0.104518
200,55,-1.33991,-0.107016
201,55,-1.33857,-0.108886
202,55,-1.33714,-0.110653
203,55,-1.33609,-0.112294
204,55,-1.3353,-0.113304
205,55,-1.33474,-0.113656
206,55,-1.33413,-0.114009
207,55,-1.33344,-0.114001
208,55,-1.33235,-0.114407
209,55,-1.33132,-0.114871
210,55,-1.33011,-0.114862
211,55,-1.32885,-0.11458
212,55,-1.32765,-0.114153
213,55,-1.32642,-0.11367
214,55,-1.32564,-0.113286
215,55,-1.32454,-0.112504
216,55,-1.32348,-0.111701
217,55,-1.32235,-0.111283
218,55,-1.32109,-0.11082
219,55,-1.31963,-0.109935
220,55,-1.318,-0.109491
221,55,-1.31656,-0.10874
222,55,-1.31493,-0.108011
223,55,-1.3133,-0.107712
224,55,-1.31163,-0.107424
225,55,-1.30987,-0.106747
226,55,-1.30815,-0.106151
227,55,-1.306,-0.105612
228,55,-1.30387,-0.104898
229,55,-1.30205,-0.104405
230,55,-1.29996,-0.103843
231,55,-1.29768,-0.103104
232,55,-1.2952,-0.102709
233,55,-1.29294,-0.102218
234,55,-1.29056,-0.101916
235,55,-1.28839,-0.101541
236,55,-1.28575,-0.101318
237,55,-1.28334,-0.100616
238,55,-1.28136,-0.100018
239,55,-1.27881,-0.0996755
240,55,-1.2764,-0.0993505
241,55,-1.27433,-0.0990749
242,55,-1.27202,-0.0982715
243,55,-1.26941,-0.0981559
244,55,-1.26658,-0.0976671
245,55,-1.26434,-0.0973026
246,55,-1.26193,-0.0969495
247,55,-1.25939,-0.0965718
248,55,-1.2567,-0.0961047
249,55,-1.25407,-0.0957177
250,55,-1.25129,-0.0956502
251,55,-1.24858,-0.0953816
252,55,-1.24567,-0.0948516
253,55,-1.24262,-0.0944426
254,55,-1.23952,-0.0937921
255,55,-1.23617,-0.0935004
256,55,-1.23373,-0.0931926
257,55,-1.23056,-0.0932
258,55,-1.22735,-0.0929622
259,55,-1.22435,-0.0921193
260,55,-1.22151,-0.0917839
261,55,-1.21835,-0.0916027
262,55,-1.21506,-0.0909489
263,55,-1.21172,-0.0902771
264,55,-1.20844,-0.0897006
265,55,-1.20521,-0.0890873
266,55,-1.20184,-0.088136
267,55,-1.19848,-0.0877814
268,55,-1.19516,-0.0872741
269,55,-1.19176,-0.0867052
270,55,-1.18862,-0.0857354
271,55,-1.18517,-0.0848887
272,55,-1.18158,-0.0841805
273,55,-1.17839,-0.0837911
274,55,-1.17471,-0.083306
275,55,-1.17118,-0.0826167
276,55,-1.16776,-0.0823856
277,55,-1.16469,-0.0816457
278,55,-1.16113,-0.0810502
279,55,-1.15803,-0.0803798
280,55,-1.15481,-0.079685
281,55,-1.15169,-0.0790605
282,55,-1.14862,-0.0784362
283,55,-1.14541,-0.077788
284,55,-1.14211,-0.0771496
285,55,-1.13906,-0.076426
286,55,-1.13542,-0.0759953
287,55,-1.1322,-0.0751949
288,55,-1.1289,-0.0741997
289,55,-1.12572,-0.0732367
290,55,-1.12245,-0.0727406
291,55,-1.11922,-0.0722841
292,55,-1.11545,-0.071466
293,55,-1.11239,-0.070826
294,55,-1.10917,-0.0702832
295,55,-1.10576,-0.06944
296,55,-1.10191,-0.0690005
297,55,-1.09844,-0.0682058
298,55,-1.09515,-0.0674216
299,55,-1.09188,-0.0673341
300,55,-1.08822,-0.067128
301,55,-1.08467,-0.0666681
302,55,-1.08119,-0.0662188
303,55,-1.07783,-0.0657245
304,55,-1.07493,-0.0651472
305,55,-1.07131,-0.0646878
306,55,-1.06779,-0.0643491
307,55,-1.06423,-0.0638413
308,55,-1.06052,-0.0630696
309,55,-1.05701,-0.0626679
310,55,-1.05355,-0.0620865
311,55,-1.04967,-0.0612269
312,55,-1.04597,-0.0604266
313,55,-1.04248,-0.0599958
314,55,-1.03881,-0.0594411
315,55,-1.03503,-0.0589744
316,55,-1.03122,-0.0581127
317,55,-1.02735,-0.057387
318,55,-1.02325,-0.056584
319,55,-1.01963,-0.0559641
320,55,-1.01559,-0.0553211
321,55,-1.01223,-0.0550426
322,55,-1.00869,-0.0546188
323,55,-1.00501,-0.0539266
324,55,-1.00168,-0.0532225
325,55,-0.998352,-0.052608
326,55,-0.994944,-0.0518566
327,55,-0.991513,-0.051271
11,56,-2.41692,-0.183312
12,56,-2.41358,-0.184191
13,56,-2.40948,-0.183599
14,56,-2.40549,-0.183119
15,56,-2.40148,-0.182612
16,56,-2.3973,-0.182067
17,56,-2.39344,-0.181737
18,56,-2.38965,-0.181109
19,56,-2.38598,-0.180773
20,56,-2.38241,-0.180512
21,56,-2.37838,-0.180028
22,56,-2.37413,-0.179308
23,56,-2.37006,-0.178736
24,56,-2.36641,-0.178097
25,56,-2.36253,-0.177842
26,56,-2.35888,-0.17745
27,56,-2.35484,-0.177069
28,56,-2.35072,-0.176575
29,56,-2.3468,-0.176118
30,56,-2.34276,-0.175959
31,56,-2.33887,-0.175485
32,56,-2.33486,-0.175215
33,56,-2.33109,-0.174815
34,56,-2.32728,-0.174296
35,56,-2.32331,-0.174385
36,56,-2.31899,-0.174419
37,56,-2.31505,-0.174078
38,56,-2.31115,-0.173795
39,56,-2.30759,-0.173622
40,56,-2.30356,-0.173611
41,56,-2.29992,-0.172958
42,56,-2.29605,-0.17324
43,56,-2.29245,-0.173218
44,56,-2.28867,-0.172789
45,56,-2.28499,-0.172859
46,56,-2.28091,-0.17291
47,56,-2.27687,-0.1729
48,56,-2.2732,-0.172795
49,56,-2.26946,-0.172709
50,56,-2.26585,-0.172485
51,56,-2.26224,-0.172409
52,56,-2.25786,-0.171853
53,56,-2.25392,-0.171681
54,56,-2.25046,-0.171326
55,56,-2.24644,-0.171171
56,56,-2.24244,-0.171118
57,56,-2.2388,-0.171038
58,56,-2.23475,-0.171216
59,56,-2.23081,-0.17116
60,56,-2.22686,-0.171295
61,56,-2.22284,-0.171388
62,56,-2.21898,-0.171318
63,56,-2.21462,-0.171432
64,56,-2.21046,-0.171234
65,56,-2.20644,-0.171144
66,56,-2.20247,-0.17139
67,56,-2.19819,-0.171444
68,56,-2.19445,-0.170791
69,56,-2.19052,-0.170156
70,56,-2.18686,-0.17013
71,56,-2.18289,-0.170131
72,56,-2.17932,-0.170387
73,56,-2.17584,-0.170136
74,56,-2.17148,-0.169681
75,56,-2.16712,-0.169462
76,56,-2.16359,-0.169366
77,56,-2.16019,-0.168965
78,56,-2.15622,-0.168567
79,56,-2.1522,-0.168619
80,56,-2.14785,-0.168489
81,56,-2.14355,-0.168464
82,56,-2.13966,-0.168386
83,56,-2.13536,-0.167858
84,56,-2.13155,-0.167693
85,56,-2.12783,-0.1679
86,56,-2.12385,-0.1678
87,56,-2.11991,-0.167524
88,56,-2.11596,-0.167445
89,56,-2.11222,-0.167329
90,56,-2.10862,-0.167306
91,56,-2.10502,-0.167257
92,56,-2.10124,-0.167368
93,56,-2.09736,-0.167544
94,56,-2.09384,-0.167714
95,56,-2.09074,-0.167896
96,56,-2.08749,-0.168011
97,56,-2.08424,-0.168015
98,56,-2.08104,-0.167731
99,56,-2.07787,-0.167889
100,56,-2.07502,-0.168206
101,56,-2.07242,-0.168264
102,56,-2.0693,-0.168152
103,56,-2.06627,-0.16833
104,56,-2.0637,-0.168384
105,56,-2.06094,-0.167938
106,56,-2.05809,-0.167546
107,56,-2.055,-0.167895
108,56,-2.05214,-0.168248
109,56,-2.0494,-0.168212
110,56,-2.04659,-0.168224
111,56,-2.04377,-0.167492
112,56,-2.04082,-0.16705
113,56,-2.03795,-0.166812
114,56,-2.03542,-0.166267
115,56,-2.03311,-0.165626
116,56,-2.03043,-0.165247
117,56,-2.02791,-0.164818
118,56,-2.0256,-0.164197
119,56,-2.02329,-0.16371
120,56,-2.02133,-0.163073
121,56,-2.01916,-0.16258
122,56,-2.01668,-0.161811
123,56,-2.01473,-0.161517
124,56,-2.01295,-0.161495
125,56,-2.01092,-0.160718
126,56,-2.00866,-0.160082
127,56,-2.00642,-0.159953
128,56,-2.00393,-0.159846
129,56,-2.00176,-0.159498
130,56,-1.99958,-0.15926
131,56,-1.99734,-0.158827
132,56,-1.99556,-0.158413
133,56,-1.99344,-0.158136
134,56,-1.99192,-0.15799
135,56,-1.99021,-0.157897
136,56,-1.98864,-0.15725
137,56,-1.98709,-0.156652
138,56,-1.98566,-0.156535
139,56,-1.98388,-0.155928
140,56,-1.98242,-0.155722
141,56,-1.98144,-0.155667
142,56,-1.98002,-0.155316
143,56,-1.97867,-0.154817
144,56,-1.97724,-0.154363
145,56,-1.97594,-0.153865
146,56,-1.97495,-0.153153
147,56,-1.97382,-0.15204
148,56,-1.97296,-0.151023
149,56,-1.97185,-0.149967
150,56,-1.97072,-0.148613
151,56,-1.97015,-0.147179
152,56,-1.96918,-0.145684
153,56,-1.96874,-0.143869
154,56,-1.96769,-0.141269
155,56,-1.96666,-0.138647
156,56,-1.96553,-0.135474
157,56,-1.96469,-0.132022
158,56,-1.96391,-0.127887
159,56,-1.96243,-0.123457
160,56,-1.96212,-0.117505
161,56,-1.96163,-0.111132
195,56,-1.33899,-0.0910104
196,56,-1.33778,-0.0962211
197,56,-1.33685,-0.100877
198,56,-1.33584,-0.104057
199,56,-1.33472,-0.10674
200,56,-1.33327,-0.109048
201,56,-1.33213,-0.111058
202,56,-1.33134,-0.112531
203,56,-1.33032,-0.113464
204,56,-1.32999,-0.114743
205,56,-1.32963,-0.115379
206,56,-1.32865,-0.11534
207,56,-1.32791,-0.115414
208,56,-1.32739,-0.115768
209,56,-1.3266,-0.116179
210,56,-1.32583,-0.115968
211,56,-1.32476,-0.115586
212,56,-1.32376,-0.115264
213,56,-1.32265,-0.114988
214,56,-1.32186,-0.114424
215,56,-1.32088,-0.113522
216,56,-1.31995,-0.112606
217,56,-1.31882,-0.111971
218,56,-1.31769,-0.11138
219,56,-1.31644,-0.110869
220,56,-1.31514,-0.110135
221,56,-1.31369,-0.109462
222,56,-1.3121,-0.108668
223,56,-1.31093,-0.107895
224,56,-1.30934,-0.107532
225,56,-1.30746,-0.106859
226,56,-1.30576,-0.106569
227,56,-1.3035,-0.106044
228,56,-1.30167,-0.105369
229,56,-1.29995,-0.104712
230,56,-1.29802,-0.104151
231,56,-1.29588,-0.103774
232,56,-1.2937,-0.103462
233,56,-1.29133,-0.10295
234,56,-1.28881,-0.102445
235,56,-1.28661,-0.102066
236,56,-1.28441,-0.101913
237,56,-1.28211,-0.101251
238,56,-1.27995,-0.100442
239,56,-1.27749,-0.0999223
240,56,-1.27533,-0.0995119
241,56,-1.2732,-0.0992974
242,56,-1.27064,-0.0990059
243,56,-1.26825,-0.0986081
244,56,-1.2658,-0.0983854
245,56,-1.26355,-0.0979201
246,56,-1.26103,-0.0975662
247,56,-1.25842,-0.0969371
248,56,-1.25576,-0.0963083
249,56,-1.25327,-0.0962242
250,56,-1.25078,-0.096239
251,56,-1.24815,-0.0958847
252,56,-1.24499,-0.0953754
253,56,-1.2422,-0.0950146
254,56,-1.23909,-0.0943482
255,56,-1.23585,-0.0940177
256,56,-1.23303,-0.0936531
257,56,-1.23024,-0.0932439
258,56,-1.22689,-0.0930099
259,56,-1.22404,-0.09258
260,56,-1.22102,-0.0920517
261,56,-1.2181,-0.0917111
262,56,-1.21495,-0.0911269
263,56,-1.21172,-0.0906395
264,56,-1.20827,-0.0902847
265,56,-1.20477,-0.0896397
266,56,-1.20177,-0.0892464
267,56,-1.1984,-0.0885825
268,56,-1.19483,-0.0879643
269,56,-1.19142,-0.0871454
270,56,-1.18816,-0.0861969
271,56,-1.18464,-0.0854305
272,56,-1.18128,-0.0847184
273,56,-1.17796,-0.0844465
274,56,-1.1744,-0.0838294
275,56,-1.17079,-0.08321
276,56,-1.16772,-0.0829275
277,56,-1.16453,-0.0822969
278,56,-1.16119,-0.0816651
279,56,-1.15794,-0.0812956
280,56,-1.15445,-0.0804822
281,56,-1.15144,-0.0795311
282,56,-1.14845,-0.0790446
283,56,-1.1449,-0.0783708
284,56,-1.14174,-0.0779307
285,56,-1.13866,-0.0773131
286,56,-1.13556,-0.0765895
287,56,-1.13214,-0.0756958
288,56,-1.12873,-0.0748029
289,56,-1.12552,-0.0743627
290,56,-1.12229,-0.0735015
291,56,-1.11899,-0.0729109
292,56,-1.11564,-0.072387
293,56,-1.1123,-0.0714715
294,56,-1.10906,-0.0708717
295,56,-1.10541,-0.0699812
296,56,-1.10216,-0.0693129
297,56,-1.09861,-0.0685665
298,56,-1.09514,-0.0680722
299,56,-1.09189,-0.0679053
300,56,-1.08814,-0.0676751
301,56,-1.08487,-0.0671369
302,56,-1.08135,-0.0667159
303,56,-1.07828,-0.0660354
304,56,-1.07471,-0.065647
305,56,-1.07127,-0.0650609
306,56,-1.06772,-0.0646654
307,56,-1.06408,-0.0643563
308,56,-1.06037,-0.0636784
309,56,-1.05666,-0.0629543
310,56,-1.05332,-0.0626103
311,56,-1.04969,-0.0617692
312,56,-1.04599,-0.0614426
313,56,-1.04233,-0.0610862
314,56,-1.03853,-0.0605309
315,56,-1.03508,-0.0600704
316,56,-1.03129,-0.0593691
317,56,-1.02751,-0.0584598
318,56,-1.02358,-0.0577135
319,56,-1.01988,-0.0569334
320,56,-1.01632,-0.0562969
321,56,-1.01258,-0.0558568
322,56,-1.00888,-0.0553857
323,56,-1.00538,-0.0548395
324,56,-1.00209,-0.0541031
325,56,-0.998605,-0.0533483
326,56,-0.995157,-0.0528341
327,56,-0.99189,-0.0520468
11,57,-2.41691,-0.183965
12,57,-2.41363,-0.184682
13,57,-2.40969,-0.184494
14,57,-2.40576,-0.184059
15,57,-2.40162,-0.183534
16,57,-2.39756,-0.182986
17,57,-2.39333,-0.182447
18,57,-2.38966,-0.182134
19,57,-2.3859,-0.181407
20,57,-2.38248,-0.181131
21,57,-2.37821,-0.180889
22,57,-2.37392,-0.180265
23,57,-2.37002,-0.179661
24,57,-2.36612,-0.179009
25,57,-2.36264,-0.178572
26,57,-2.35876,-0.178336
27,57,-2.35481,-0.177729
28,57,-2.3508,-0.177462
29,57,-2.34697,-0.177195
30,57,-2.34315,-0.176783
31,57,-2.3392,-0.176397
32,57,-2.3354,-0.17613
33,57,-2.33151,-0.175618
34,57,-2.3277,-0.175196
35,57,-2.32348,-0.175255
36,57,-2.3193,-0.174859
37,57,-2.31562,-0.174592
38,57,-2.31173,-0.174613
39,57,-2.30787,-0.174376
40,57,-2.30373,-0.174363
41,57,-2.3001,-0.174178
42,57,-2.29646,-0.174168
43,57,-2.29287,-0.173808
44,57,-2.28891,-0.173609
45,57,-2.2854,-0.173394
46,57,-2.2815,-0.173309
47,57,-2.27741,-0.173333
48,57,-2.27379,-0.173401
49,57,-2.27009,-0.173527
50,57,-2.26607,-0.173217
51,57,-2.26225,-0.172862
52,57,-2.25851,-0.172656
53,57,-2.25472,-0.172681
54,57,-2.25087,-0.172122
55,57,-2.24728,-0.171719
56,57,-2.24331,-0.171729
57,57,-2.23934,-0.172145
58,57,-2.23525,-0.172247
59,57,-2.23137,-0.172178
60,57,-2.22747,-0.172014
61,57,-2.22356,-0.171807
62,57,-2.2194,-0.171759
63,57,-2.21502,-0.171788
64,57,-2.21098,-0.171445
65,57,-2.20698,-0.17196
66,57,-2.203,-0.171733
67,57,-2.19886,-0.171261
68,57,-2.19513,-0.170972
69,57,-2.19142,-0.170282
70,57,-2.18737,-0.170383
71,57,-2.18342,-0.170391
72,57,-2.17961,-0.170296
73,57,-2.17598,-0.170341
74,57,-2.1718,-0.169916
75,57,-2.16818,-0.170022
76,57,-2.1644,-0.169759
77,57,-2.1604,-0.169371
78,57,-2.1565,-0.169071
79,57,-2.15261,-0.168935
80,57,-2.1482,-0.169171
81,57,-2.1442,-0.168884
82,57,-2.14069,-0.168353
83,57,-2.13646,-0.167848
84,57,-2.13251,-0.167732
85,57,-2.12877,-0.168042
86,57,-2.12475,-0.168042
87,57,-2.1208,-0.167866
88,57,-2.11708,-0.167716
89,57,-2.11341,-0.16761
90,57,-2.10977,-0.167588
91,57,-2.106,-0.16741
92,57,-2.10228,-0.167666
93,57,-2.09859,-0.167918
94,57,-2.09512,-0.167928
95,57,-2.09197,-0.16788
96,57,-2.08853,-0.168108
97,57,-2.08535,-0.168247
98,57,-2.08239,-0.168246
99,57,-2.07961,-0.168482
100,57,-2.07685,-0.168401
101,57,-2.07387,-0.168677
102,57,-2.07068,-0.168734
103,57,-2.06768,-0.168613
104,57,-2.06514,-0.168466
105,57,-2.06199,-0.168439
106,57,-2.0591,-0.168162
107,57,-2.05646,-0.168052
108,57,-2.0536,-0.168298
109,57,-2.05098,-0.168173
110,57,-2.04802,-0.168109
111,57,-2.0451,-0.167583
112,57,-2.0423,-0.167275
113,57,-2.03962,-0.166988
114,57,-2.03714,-0.166561
115,57,-2.03459,-0.165872
116,57,-2.03189,-0.165306
117,57,-2.02935,-0.164645
118,57,-2.02712,-0.163951
119,57,-2.02499,-0.16345
120,57,-2.02284,-0.163088
121,57,-2.02055,-0.162722
122,57,-2.01827,-0.161898
123,57,-2.01645,-0.161639
124,57,-2.01486,-0.161514
125,57,-2.01298,-0.160815
126,57,-2.01079,-0.160644
127,57,-2.00852,-0.160463
128,57,-2.00627,-0.159972
129,57,-2.00447,-0.159607
130,57,-2.0022,-0.159351
131,57,-2.00036,-0.158955
132,57,-1.99843,-0.158778
133,57,-1.9964,-0.158391
134,57,-1.99475,-0.157982
135,57,-1.99316,-0.157895
136,57,-1.99172,-0.157753
137,57,-1.99046,-0.157368
138,57,-1.98884,-0.156896
139,57,-1.98736,-0.15642
140,57,-1.98628,-0.15623
141,57,-1.98545,-0.155982
142,57,-1.984,-0.155891
143,57,-1.98293,-0.155203
144,57,-1.98182,-0.154701
145,57,-1.98073,-0.154233
146,57,-1.97983,-0.153438
147,57,-1.97864,-0.152596
148,57,-1.97791,-0.15187
149,57,-1.97696,-0.151002
150,57,-1.97607,-0.150058
151,57,-1.97579,-0.149084
152,57,-1.97515,-0.147388
153,57,-1.97486,-0.145553
154,57,-1.97389,-0.143339
155,57,-1.97254,-0.141081
156,57,-1.97194,-0.138052
157,57,-1.97132,-0.135066
158,57,-1.97082,-0.131225
159,57,-1.97026,-0.126287
160,57,-1.96981,-0.121327
196,57,-1.33239,-0.0991174
197,57,-1.33114,-0.103511
198,57,-1.32969,-0.106349
199,57,-1.32863,-0.109034
200,57,-1.32735,-0.111268
201,57,-1.32687,-0.113061
202,57,-1.32642,-0.114225
203,57,-1.32594,-0.115228
204,57,-1.32529,-0.115929
205,57,-1.32482,-0.1166
206,57,-1.32413,-0.116729
207,57,-1.32336,-0.116543
208,57,-1.3231,-0.116866
209,57,-1.32245,-0.116943
210,57,-1.32179,-0.116941
211,57,-1.32101,-0.116465
212,57,-1.32003,-0.115862
213,57,-1.31928,-0.115495
214,57,-1.31869,-0.114825
215,57,-1.31753,-0.114035
216,57,-1.31688,-0.113555
217,57,-1.31576,-0.112816
218,57,-1.31457,-0.112267
219,57,-1.31345,-0.111433
220,57,-1.31248,-0.110594
221,57,-1.31138,-0.110163
222,57,-1.30967,-0.10929
223,57,-1.30853,-0.108369
224,57,-1.30719,-0.107926
225,57,-1.30535,-0.107505
226,57,-1.30374,-0.107229
227,57,-1.3021,-0.106501
228,57,-1.30018,-0.105891
229,57,-1.29826,-0.105399
230,57,-1.29619,-0.104889
231,57,-1.29408,-0.104439
232,57,-1.29205,-0.104016
233,57,-1.28964,-0.103403
234,57,-1.28741,-0.102761
235,57,-1.28506,-0.102557
236,57,-1.28307,-0.102481
237,57,-1.28104,-0.101753
238,57,-1.27888,-0.101139
239,57,-1.2766,-0.100668
240,57,-1.27443,-0.0999383
241,57,-1.27238,-0.0997765
242,57,-1.2697,-0.0994083
243,57,-1.26723,-0.0992175
244,57,-1.26517,-0.098798
245,57,-1.2626,-0.0983911
246,57,-1.26026,-0.0980017
247,57,-1.25779,-0.0976973
248,57,-1.25526,-0.0970743
249,57,-1.25262,-0.0967014
250,57,-1.25001,-0.0963862
251,57,-1.24742,-0.0959705
252,57,-1.24427,-0.0957455
253,57,-1.24166,-0.0954227
254,57,-1.23857,-0.0950607
255,57,-1.23575,-0.0944856
256,57,-1.23282,-0.0941341
257,57,-1.22992,-0.0937579
258,57,-1.22668,-0.0935383
259,57,-1.22371,-0.0930218
260,57,-1.22082,-0.0925079
261,57,-1.21785,-0.0919394
262,57,-1.21459,-0.0914423
263,57,-1.21137,-0.0908611
264,57,-1.20808,-0.0904698
265,57,-1.20469,-0.0901888
266,57,-1.20141,-0.0895542
267,57,-1.19806,-0.0888129
268,57,-1.19471,-0.0882676
269,57,-1.19143,-0.0875352
270,57,-1.18813,-0.086722
271,57,-1.18478,-0.0861013
272,57,-1.18123,-0.0852964
273,57,-1.1778,-0.0850854
274,57,-1.17431,-0.0844743
275,57,-1.1709,-0.0839519
276,57,-1.16756,-0.0835396
277,57,-1.16471,-0.0829439
278,57,-1.16131,-0.0822036
279,57,-1.15821,-0.0817409
280,57,-1.1549,-0.0809501
281,57,-1.15147,-0.0804085
282,57,-1.14833,-0.0798825
283,57,-1.14507,-0.0794663
284,57,-1.14188,-0.0788213
285,57,-1.1384,-0.0781998
286,57,-1.13516,-0.0773268
287,57,-1.1319,-0.0767843
288,57,-1.12892,-0.0759398
289,57,-1.12554,-0.0752014
290,57,-1.12193,-0.0747119
291,57,-1.11897,-0.0738683
292,57,-1.11552,-0.0732725
293,57,-1.1121,-0.0727256
294,57,-1.1087,-0.0719577
295,57,-1.10532,-0.0709761
296,57,-1.1023,-0.0700281
297,57,-1.09886,-0.0694172
298,57,-1.09568,-0.0691362
299,57,-1.092,-0.068854
300,57,-1.08844,-0.0683441
301,57,-1.0853,-0.0679406
302,57,-1.08152,-0.06727
303,57,-1.07792,-0.0666622
304,57,-1.07441,-0.0662175
305,57,-1.07134,-0.0656947
306,57,-1.06755,-0.065414
307,57,-1.06378,-0.0647894
308,57,-1.06022,-0.0642655
309,57,-1.05688,-0.0637584
310,57,-1.05346,-0.0630719
311,57,-1.04965,-0.0628735
312,57,-1.046,-0.0621193
313,57,-1.04264,-0.0616004
314,57,-1.0384,-0.0611796
315,57,-1.03504,-0.0608445
316,57,-1.03122,-0.0602485
317,57,-1.02768,-0.0591254
318,57,-1.02389,-0.0585851
319,57,-1.0201,-0.0580184
320,57,-1.01687,-0.0571935
321,57,-1.01304,-0.0566766
322,57,-1.00931,-0.055972
323,57,-1.00593,-0.0553657
324,57,-1.00253,-0.0547605
325,57,-0.999171,-0.0540944
326,57,-0.995674,-0.0533948
327,57,-0.99223,-0.0527122
11,58,-2.41685,-0.184227
12,58,-2.41355,-0.185004
13,58,-2.40971,-0.184978
14,58,-2.40567,-0.184644
15,58,-2.40166,-0.184333
16,58,-2.39763,-0.183838
17,58,-2.39359,-0.183141
18,58,-2.38965,-0.182862
19,58,-2.38589,-0.182313
20,58,-2.38215,-0.182077
21,58,-2.37795,-0.181643
22,58,-2.37385,-0.180941
23,58,-2.37003,-0.180433
24,58,-2.36588,-0.180044
25,58,-2.36265,-0.179399
26,58,-2.35854,-0.179014
27,58,-2.35467,-0.178467
28,58,-2.3508,-0.178016
29,58,-2.34691,-0.177741
30,58,-2.34307,-0.177744
31,58,-2.33923,-0.177343
32,58,-2.33526,-0.176808
33,58,-2.33151,-0.176287
34,58,-2.32762,-0.176341
35,58,-2.32387,-0.176172
36,58,-2.31964,-0.175907
37,58,-2.31564,-0.175551
38,58,-2.31208,-0.175234
39,58,-2.30794,-0.17492
40,58,-2.304,-0.17504
41,58,-2.30042,-0.174747
42,58,-2.29652,-0.174668
43,58,-2.293,-0.174463
44,58,-2.2892,-0.174327
45,58,-2.28575,-0.174329
46,58,-2.28184,-0.174021
47,58,-2.27783,-0.174122
48,58,-2.27454,-0.174139
49,58,-2.27052,-0.174132
50,58,-2.26633,-0.173815
51,58,-2.26261,-0.173347
52,58,-2.25898,-0.17351
53,58,-2.25532,-0.173276
54,58,-2.25117,-0.172826
55,58,-2.24774,-0.172299
56,58,-2.24412,-0.172236
57,58,-2.24002,-0.172702
58,58,-2.23568,-0.172758
59,58,-2.23184,-0.172759
60,58,-2.22762,-0.172757
61,58,-2.22385,-0.172388
62,58,-2.21957,-0.172552
63,58,-2.21529,-0.172116
64,58,-2.21143,-0.172012
65,58,-2.20724,-0.172509
66,58,-2.20335,-0.17216
67,58,-2.19947,-0.171665
68,58,-2.19556,-0.171651
69,58,-2.19159,-0.17118
70,58,-2.18767,-0.170695
71,58,-2.18393,-0.170859
72,58,-2.18039,-0.170917
73,58,-2.17638,-0.170677
74,58,-2.17249,-0.170685
75,58,-2.16898,-0.170565
76,58,-2.16477,-0.169814
77,58,-2.16074,-0.169457
78,58,-2.15701,-0.169198
79,58,-2.15304,-0.169329
80,58,-2.1492,-0.16928
81,58,-2.14514,-0.169024
82,58,-2.14114,-0.16871
83,58,-2.13717,-0.168179
84,58,-2.13331,-0.167793
85,58,-2.1297,-0.168047
86,58,-2.12591,-0.168199
87,58,-2.12203,-0.167927
88,58,-2.11815,-0.167872
89,58,-2.11463,-0.167969
90,58,-2.11109,-0.168058
91,58,-2.10705,-0.168071
92,58,-2.10341,-0.167905
93,58,-2.0999,-0.167895
94,58,-2.09626,-0.168121
95,58,-2.09298,-0.168046
96,58,-2.08962,-0.168402
97,58,-2.08637,-0.168539
98,58,-2.08359,-0.1684
99,58,-2.08073,-0.168854
100,58,-2.07777,-0.168874
101,58,-2.07488,-0.168676
102,58,-2.07188,-0.168822
103,58,-2.06914,-0.169021
104,58,-2.06621,-0.169009
105,58,-2.06312,-0.168771
106,58,-2.06043,-0.168579
107,58,-2.05751,-0.168392
108,58,-2.05483,-0.168352
109,58,-2.05217,-0.168343
110,58,-2.0494,-0.168056
111,58,-2.04664,-0.167554
112,58,-2.04369,-0.167341
113,58,-2.04095,-0.1672
114,58,-2.0382,-0.166554
115,58,-2.03585,-0.165879
116,58,-2.03325,-0.165378
117,58,-2.03093,-0.16477
118,58,-2.02864,-0.164256
119,58,-2.0263,-0.16363
120,58,-2.02424,-0.163163
121,58,-2.02201,-0.162867
122,58,-2.01975,-0.161984
123,58,-2.01784,-0.16176
124,58,-2.01628,-0.161864
125,58,-2.01453,-0.161569
126,58,-2.01235,-0.161241
127,58,-2.01055,-0.160957
128,58,-2.00845,-0.160577
129,58,-2.00668,-0.160092
130,58,-2.00501,-0.159797
131,58,-2.00292,-0.15934
132,58,-2.00125,-0.158908
133,58,-1.99942,-0.158814
134,58,-1.99769,-0.158525
135,58,-1.99615,-0.158394
136,58,-1.9946,-0.158053
137,58,-1.99342,-0.15772
138,58,-1.99181,-0.157148
139,58,-1.99055,-0.156922
140,58,-1.98977,-0.156878
141,58,-1.98887,-0.156525
142,58,-1.98779,-0.156319
143,58,-1.98663,-0.155636
144,58,-1.98616,-0.155451
145,58,-1.98515,-0.154739
146,58,-1.98409,-0.153872
147,58,-1.9833,-0.153216
148,58,-1.98227,-0.152403
149,58,-1.98133,-0.151692
150,58,-1.98041,-0.150825
151,58,-1.98041,-0.1499
152,58,-1.97979,-0.148777
153,58,-1.97936,-0.146982
154,58,-1.97916,-0.145388
155,58,-1.97841,-0.14357
156,58,-1.97793,-0.140733
157,58,-1.97774,-0.137788
158,58,-1.97731,-0.134657
159,58,-1.97679,-0.13009
160,58,-1.97629,-0.125114
196,58,-1.32845,-0.101629
197,58,-1.32626,-0.105436
198,58,-1.32507,-0.10851
199,58,-1.32359,-0.11097
200,58,-1.32309,-0.113192
201,58,-1.32242,-0.115043
202,58,-1.3223,-0.115874
203,58,-1.32178,-0.116978
204,58,-1.32104,-0.117612
205,58,-1.32032,-0.117885
206,58,-1.31968,-0.117909
207,58,-1.31931,-0.117882
208,58,-1.31873,-0.117834
209,58,-1.31852,-0.11788
210,58,-1.31813,-0.117729
211,58,-1.31755,-0.117003
212,58,-1.31699,-0.116701
213,58,-1.31654,-0.11604
214,58,-1.31606,-0.11561
215,58,-1.31496,-0.115108
216,58,-1.31414,-0.114433
217,58,-1.3132,-0.113655
218,58,-1.31196,-0.112764
219,58,-1.31097,-0.112055
220,58,-1.31018,-0.111639
221,58,-1.30918,-0.110755
222,58,-1.30759,-0.110018
223,58,-1.30648,-0.109293
224,58,-1.30526,-0.108968
225,58,-1.30357,-0.108479
226,58,-1.30208,-0.107898
227,58,-1.30019,-0.107265
228,58,-1.2986,-0.10697
229,58,-1.29673,-0.106135
230,58,-1.29472,-0.105563
231,58,-1.29305,-0.104932
232,58,-1.29085,-0.104253
233,58,-1.28848,-0.103866
234,58,-1.28637,-0.103275
235,58,-1.28442,-0.102951
236,58,-1.28213,-0.102781
237,58,-1.28011,-0.102188
238,58,-1.27775,-0.101655
239,58,-1.27563,-0.101289
240,58,-1.27339,-0.100644
241,58,-1.27114,-0.100222
242,58,-1.26872,-0.100241
243,58,-1.26678,-0.0998888
244,58,-1.26479,-0.0994829
245,58,-1.26223,-0.0992027
246,58,-1.25979,-0.0989403
247,58,-1.25703,-0.0981336
248,58,-1.25443,-0.0975806
249,58,-1.25215,-0.0973288
250,58,-1.2498,-0.097078
251,58,-1.24718,-0.0968141
252,58,-1.24431,-0.0966323
253,58,-1.24139,-0.0959405
254,58,-1.23843,-0.0951591
255,58,-1.23577,-0.0949897
256,58,-1.23285,-0.0945933
257,58,-1.22947,-0.0942596
258,58,-1.22677,-0.0939551
259,58,-1.22345,-0.0933025
260,58,-1.22047,-0.09278
261,58,-1.21758,-0.0923109
262,58,-1.21439,-0.0917306
263,58,-1.21122,-0.0910969
264,58,-1.20785,-0.0908905
265,58,-1.20453,-0.0907542
266,58,-1.20129,-0.0902314
267,58,-1.1982,-0.0896933
268,58,-1.19461,-0.0886703
269,58,-1.19117,-0.0878321
270,58,-1.18793,-0.0872314
271,58,-1.18459,-0.0864669
272,58,-1.1812,-0.0859534
273,58,-1.17764,-0.085557
274,58,-1.17417,-0.0852279
275,58,-1.17134,-0.0847248
276,58,-1.1678,-0.0844063
277,58,-1.16451,-0.0835723
278,58,-1.16162,-0.0827454
279,58,-1.15833,-0.0822211
280,58,-1.15519,-0.0819729
281,58,-1.15155,-0.0815129
282,58,-1.14841,-0.0807296
283,58,-1.1452,-0.0803077
284,58,-1.14184,-0.0796125
285,58,-1.13853,-0.078825
286,58,-1.13515,-0.0779903
287,58,-1.13215,-0.0774517
288,58,-1.12872,-0.0769013
289,58,-1.12543,-0.0761278
290,58,-1.12224,-0.0753042
291,58,-1.11887,-0.074696
292,58,-1.1154,-0.0740347
293,58,-1.11192,-0.0736671
294,58,-1.10844,-0.0729803
295,58,-1.10528,-0.0721025
296,58,-1.10232,-0.0714162
297,58,-1.09902,-0.0706936
298,58,-1.09563,-0.0701688
299,58,-1.09218,-0.0696663
300,58,-1.08869,-0.0691007
301,58,-1.0853,-0.0685658
302,58,-1.08194,-0.0678366
303,58,-1.07835,-0.0670619
304,58,-1.07461,-0.0668092
305,58,-1.0713,-0.0666324
306,58,-1.0676,-0.0660517
307,58,-1.064,-0.065566
308,58,-1.06043,-0.0651977
309,58,-1.05703,-0.0644814
310,58,-1.05357,-0.0638933
311,58,-1.05009,-0.0635072
312,58,-1.04634,-0.0630449
313,58,-1.04229,-0.0623628
314,58,-1.03855,-0.0619291
315,58,-1.03497,-0.0615387
316,58,-1.03102,-0.0607427
317,58,-1.02738,-0.0599611
318,58,-1.02404,-0.0595161
319,58,-1.0206,-0.0590447
320,58,-1.01724,-0.0582654
321,58,-1.01365,-0.057505
322,58,-1.00981,-0.0569071
323,58,-1.00615,-0.0562438
324,58,-1.00277,-0.055439
325,58,-0.999259,-0.0546663
326,58,-0.995903,-0.0538299
327,58,-0.992364,-0.0531605
11,59,-2.41683,-0.185492
12,59,-2.41335,-0.185797
13,59,-2.40946,-0.185678
14,59,-2.40535,-0.185615
15,59,-2.40144,-0.185254
16,59,-2.3973,-0.184777
17,59,-2.39342,-0.184435
18,59,-2.38928,-0.183757
19,59,-2.38587,-0.183382
20,59,-2.38181,-0.182663
21,59,-2.37762,-0.182289
22,59,-2.37372,-0.181744
23,59,-2.36995,-0.180958
24,59,-2.36595,-0.180587
25,59,-2.36223,-0.180399
26,59,-2.35875,-0.179953
27,59,-2.35498,-0.179604
28,59,-2.35096,-0.178866
29,59,-2.34732,-0.178528
30,59,-2.34353,-0.178673
31,59,-2.33959,-0.178272
32,59,-2.33545,-0.177694
33,59,-2.33171,-0.177578
34,59,-2.32778,-0.1771
35,59,-2.32431,-0.176746
36,59,-2.32028,-0.176317
37,59,-2.31637,-0.175895
38,59,-2.31254,-0.175455
39,59,-2.30834,-0.175276
40,59,-2.30447,-0.175304
41,59,-2.30064,-0.175258
42,59,-2.29679,-0.175377
43,59,-2.29293,-0.175317
44,59,-2.28959,-0.175125
45,59,-2.2862,-0.175163
46,59,-2.28215,-0.1751
47,59,-2.27823,-0.174475
48,59,-2.27483,-0.174459
49,59,-2.27082,-0.174353
50,59,-2.26707,-0.174086
51,59,-2.26316,-0.174059
52,59,-2.25964,-0.173953
53,59,-2.25584,-0.173798
54,59,-2.25152,-0.173466
55,59,-2.24811,-0.173107
56,59,-2.24428,-0.173121
57,59,-2.24019,-0.173382
58,59,-2.23614,-0.173369
59,59,-2.23201,-0.173026
60,59,-2.22807,-0.173172
61,59,-2.22407,-0.173004
62,59,-2.21958,-0.172689
63,59,-2.21557,-0.172604
64,59,-2.21172,-0.172837
65,59,-2.20735,-0.17281
66,59,-2.2038,-0.172853
67,59,-2.19974,-0.172507
68,59,-2.19569,-0.172331
69,59,-2.19215,-0.172058
70,59,-2.18818,-0.171526
71,59,-2.18416,-0.171052
72,59,-2.18075,-0.17109
73,59,-2.17678,-0.171168
74,59,-2.17286,-0.171094
75,59,-2.16931,-0.170935
76,59,-2.16531,-0.170462
77,59,-2.16122,-0.169846
78,59,-2.15747,-0.169932
79,59,-2.15344,-0.169907
80,59,-2.15012,-0.169361
81,59,-2.146,-0.169206
82,59,-2.14174,-0.168977
83,59,-2.13799,-0.168611
84,59,-2.13401,-0.167942
85,59,-2.13056,-0.167926
86,59,-2.12705,-0.168446
87,59,-2.1231,-0.168289
88,59,-2.11941,-0.168135
89,59,-2.11598,-0.168408
90,59,-2.11225,-0.168726
91,59,-2.1084,-0.168261
92,59,-2.10473,-0.167972
93,59,-2.1011,-0.168186
94,59,-2.0974,-0.168124
95,59,-2.09393,-0.168307
96,59,-2.09053,-0.168542
97,59,-2.08731,-0.168614
98,59,-2.08477,-0.168776
99,59,-2.08184,-0.169047
100,59,-2.07871,-0.169049
101,59,-2.07609,-0.168888
102,59,-2.07314,-0.168902
103,59,-2.07004,-0.169108
104,59,-2.06719,-0.169316
105,59,-2.06439,-0.168911
106,59,-2.06151,-0.168422
107,59,-2.05872,-0.168527
108,59,-2.05595,-0.168611
109,59,-2.05343,-0.168475
110,59,-2.05056,-0.168292
111,59,-2.04752,-0.16777
112,59,-2.04473,-0.167373
113,59,-2.04196,-0.167267
114,59,-2.03939,-0.166691
115,59,-2.0368,-0.166106
116,59,-2.0343,-0.165654
117,59,-2.03221,-0.165087
118,59,-2.02973,-0.164599
119,59,-2.02746,-0.164213
120,59,-2.02546,-0.163836
121,59,-2.02339,-0.162962
122,59,-2.02123,-0.162231
123,59,-2.01934,-0.162059
124,59,-2.018,-0.161964
125,59,-2.01618,-0.16195
126,59,-2.01399,-0.161701
127,59,-2.01205,-0.16115
128,59,-2.01038,-0.160883
129,59,-2.00864,-0.160516
130,59,-2.0067,-0.160265
131,59,-2.00512,-0.159868
132,59,-2.00331,-0.159381
133,59,-2.00165,-0.159542
134,59,-2.00009,-0.159255
135,59,-1.9984,-0.158664
136,59,-1.99734,-0.158506
137,59,-1.99613,-0.158014
138,59,-1.9944,-0.15771
139,59,-1.99327,-0.15768
140,59,-1.99229,-0.157377
141,59,-1.99154,-0.157215
142,59,-1.99076,-0.157029
143,59,-1.98965,-0.156491
144,59,-1.98908,-0.156017
145,59,-1.9884,-0.155393
146,59,-1.98753,-0.154693
147,59,-1.98665,-0.153742
148,59,-1.98579,-0.153144
149,59,-1.98476,-0.152382
150,59,-1.98408,-0.151625
151,59,-1.98413,-0.150722
152,59,-1.98365,-0.1496
153,59,-1.98369,-0.148388
154,59,-1.98324,-0.147041
155,59,-1.98287,-0.145574
156,59,-1.98267,-0.143347
157,59,-1.98221,-0.140706
158,59,-1.98174,-0.137484
159,59,-1.98253,-0.134385
160,59,-1.98251,-0.13121
196,59,-1.3238,-0.105507
197,59,-1.32192,-0.108133
198,59,-1.32032,-0.110668
199,59,-1.31958,-0.113285
200,59,-1.31892,-0.1152
201,59,-1.31854,-0.116251
202,59,-1.31834,-0.117097
203,59,-1.31753,-0.118464
204,59,-1.31728,-0.119322
205,59,-1.31707,-0.11921
206,59,-1.3165,-0.119223
207,59,-1.31603,-0.119095
208,59,-1.31571,-0.119104
209,59,-1.31555,-0.118972
210,59,-1.31525,-0.118742
211,59,-1.31467,-0.118187
212,59,-1.31453,-0.117764
213,59,-1.31411,-0.116823
214,59,-1.31357,-0.116334
215,59,-1.31276,-0.115855
216,59,-1.31169,-0.114933
217,59,-1.31107,-0.11428
218,59,-1.31049,-0.113389
219,59,-1.30956,-0.112769
220,59,-1.30881,-0.112156
221,59,-1.30773,-0.111247
222,59,-1.30608,-0.110697
223,59,-1.30484,-0.110086
224,59,-1.30361,-0.109346
225,59,-1.3023,-0.108836
226,59,-1.3007,-0.108392
227,59,-1.29912,-0.10801
228,59,-1.29746,-0.107314
229,59,-1.29543,-0.106749
230,59,-1.29372,-0.10617
231,59,-1.2918,-0.105427
232,59,-1.29006,-0.105059
233,59,-1.28779,-0.104237
234,59,-1.28592,-0.103753
235,59,-1.28371,-0.103292
236,59,-1.28163,-0.102938
237,59,-1.27937,-0.102561
238,59,-1.2771,-0.102283
239,59,-1.27503,-0.101789
240,59,-1.27278,-0.101188
241,59,-1.27045,-0.100605
242,59,-1.26836,-0.100531
243,59,-1.26611,-0.100003
244,59,-1.26397,-0.099865
245,59,-1.26178,-0.0993295
246,59,-1.25949,-0.0990483
247,59,-1.25671,-0.0987175
248,59,-1.25403,-0.0983756
249,59,-1.25173,-0.0980127
250,59,-1.24937,-0.0977471
251,59,-1.2467,-0.0975994
252,59,-1.24383,-0.097082
253,59,-1.241,-0.0964886
254,59,-1.23841,-0.0960262
255,59,-1.23585,-0.0957058
256,59,-1.23318,-0.0952785
257,59,-1.22984,-0.0947602
258,59,-1.22654,-0.0940749
259,59,-1.22348,-0.0936032
260,59,-1.2205,-0.0930598
261,59,-1.2174,-0.0927635
262,59,-1.21444,-0.0924183
263,59,-1.21102,-0.0917337
264,59,-1.20786,-0.0914387
265,59,-1.20451,-0.0911078
266,59,-1.20099,-0.0908611
267,59,-1.19811,-0.0900789
268,59,-1.19443,-0.089093
269,59,-1.19096,-0.0881232
270,59,-1.18781,-0.087682
271,59,-1.18444,-0.0871386
272,59,-1.18105,-0.0862773
273,59,-1.17729,-0.0858338
274,59,-1.17407,-0.0853714
275,59,-1.17127,-0.0852285
276,59,-1.16786,-0.0846101
277,59,-1.16489,-0.0842024
278,59,-1.16159,-0.0836337
279,59,-1.15833,-0.0830539
280,59,-1.15511,-0.0825153
281,59,-1.15171,-0.0822425
282,59,-1.14846,-0.0818406
283,59,-1.14509,-0.0809614
284,59,-1.14181,-0.0803443
285,59,-1.13835,-0.0797772
286,59,-1.13523,-0.0792435
287,59,-1.13213,-0.0785329
288,59,-1.1289,-0.0778524
289,59,-1.12563,-0.0773284
290,59,-1.12226,-0.0764893
291,59,-1.1189,-0.0756926
292,59,-1.11549,-0.0748358
293,59,-1.11202,-0.0746316
294,59,-1.10825,-0.0736942
295,59,-1.10524,-0.0727354
296,59,-1.10208,-0.0720664
297,59,-1.09887,-0.0713264
298,59,-1.09581,-0.0705233
299,59,-1.09233,-0.0699771
300,59,-1.08908,-0.0696823
301,59,-1.08565,-0.0688752
302,59,-1.08202,-0.0679141
303,59,-1.07838,-0.0674923
304,59,-1.075,-0.0672115
305,59,-1.07148,-0.0669134
306,59,-1.06792,-0.0665975
307,59,-1.06411,-0.0660689
308,59,-1.06054,-0.0658286
309,59,-1.05708,-0.0654119
310,59,-1.05365,-0.0647078
311,59,-1.05017,-0.0639863
312,59,-1.04653,-0.0636535
313,59,-1.04261,-0.063111
314,59,-1.03856,-0.0628236
315,59,-1.03483,-0.0621732
316,59,-1.0313,-0.0617382
317,59,-1.02767,-0.060985
318,59,-1.02376,-0.0605467
319,59,-1.02051,-0.0601163
320,59,-1.01744,-0.0593233
321,59,-1.01376,-0.0583681
322,59,-1.01008,-0.0578647
323,59,-1.00631,-0.056939
324,59,-1.00277,-0.0560189
325,59,-0.99907,-0.0553125
326,59,-0.995721,-0.0545683
327,59,-0.99204,-0.0538125
11,60,-2.41639,-0.186685
12,60,-2.41306,-0.186321
13,60,-2.40929,-0.186479
14,60,-2.40533,-0.186487
15,60,-2.40109,-0.186147
16,60,-2.39707,-0.185441
17,60,-2.39307,-0.185359
18,60,-2.38924,-0.184515
19,60,-2.3854,-0.184187
20,60,-2.38155,-0.183564
21,60,-2.37744,-0.183208
22,60,-2.37346,-0.18254
23,60,-2.36959,-0.181934
24,60,-2.36572,-0.181568
25,60,-2.36198,-0.181339
26,60,-2.35864,-0.181259
27,60,-2.35487,-0.180582
28,60,-2.35126,-0.180003
29,60,-2.34765,-0.179538
30,60,-2.34369,-0.179472
31,60,-2.33981,-0.178994
32,60,-2.33566,-0.178549
33,60,-2.33218,-0.178475
34,60,-2.32841,-0.177932
35,60,-2.32469,-0.177488
36,60,-2.32102,-0.176944
37,60,-2.31702,-0.176154
38,60,-2.31282,-0.176014
39,60,-2.30879,-0.176042
40,60,-2.30454,-0.175893
41,60,-2.30086,-0.176128
42,60,-2.29718,-0.17627
43,60,-2.29358,-0.175943
44,60,-2.28986,-0.175793
45,60,-2.28621,-0.175753
46,60,-2.28237,-0.175504
47,60,-2.27857,-0.175181
48,60,-2.27513,-0.17498
49,60,-2.27133,-0.174818
50,60,-2.26765,-0.17445
51,60,-2.26374,-0.174565
52,60,-2.26024,-0.174322
53,60,-2.25644,-0.17451
54,60,-2.2523,-0.174701
55,60,-2.24841,-0.17389
56,60,-2.2443,-0.173934
57,60,-2.24037,-0.17396
58,60,-2.23653,-0.173962
59,60,-2.2327,-0.173827
60,60,-2.22855,-0.173692
61,60,-2.22421,-0.173581
62,60,-2.21975,-0.173183
63,60,-2.2159,-0.173365
64,60,-2.21176,-0.173189
65,60,-2.20785,-0.173286
66,60,-2.20408,-0.173364
67,60,-2.20002,-0.173081
68,60,-2.19617,-0.172873
69,60,-2.19249,-0.172177
70,60,-2.18804,-0.171974
71,60,-2.18434,-0.171502
72,60,-2.18103,-0.171371
73,60,-2.17727,-0.171271
74,60,-2.1734,-0.171137
75,60,-2.16976,-0.171338
76,60,-2.16632,-0.17092
77,60,-2.1621,-0.170317
78,60,-2.15769,-0.169979
79,60,-2.15386,-0.169803
80,60,-2.1501,-0.169253
81,60,-2.14631,-0.168715
82,60,-2.1425,-0.168495
83,60,-2.13861,-0.168385
84,60,-2.13502,-0.168122
85,60,-2.13136,-0.167807
86,60,-2.12793,-0.16798
87,60,-2.12423,-0.168233
88,60,-2.12059,-0.16848
89,60,-2.11691,-0.168616
90,60,-2.11314,-0.168692
91,60,-2.10966,-0.168494
92,60,-2.10607,-0.168289
93,60,-2.10238,-0.168554
94,60,-2.09862,-0.16896
95,60,-2.09513,-0.168934
96,60,-2.09168,-0.168719
97,60,-2.08855,-0.168877
98,60,-2.08578,-0.169277
99,60,-2.0832,-0.169287
100,60,-2.08017,-0.169175
101,60,-2.07702,-0.169095
102,60,-2.0741,-0.168992
103,60,-2.07086,-0.169164
104,60,-2.06807,-0.169183
105,60,-2.06538,-0.169029
106,60,-2.06244,-0.168549
107,60,-2.0596,-0.168509
108,60,-2.05692,-0.168611
109,60,-2.05431,-0.168467
110,60,-2.05132,-0.168159
111,60,-2.04818,-0.167628
112,60,-2.04547,-0.167419
113,60,-2.04283,-0.167291
114,60,-2.04034,-0.166738
115,60,-2.03764,-0.166139
116,60,-2.03487,-0.165786
117,60,-2.03285,-0.165401
118,60,-2.03076,-0.16494
119,60,-2.02857,-0.164533
120,60,-2.02666,-0.163871
121,60,-2.02477,-0.163096
122,60,-2.02267,-0.162586
123,60,-2.02094,-0.162329
124,60,-2.01928,-0.162177
125,60,-2.01755,-0.162217
126,60,-2.01542,-0.161803
127,60,-2.01366,-0.161582
128,60,-2.01189,-0.161282
129,60,-2.00996,-0.160782
130,60,-2.0083,-0.160525
131,60,-2.00677,-0.160062
132,60,-2.00507,-0.159842
133,60,-2.00363,-0.159856
134,60,-2.00204,-0.159629
135,60,-2.00053,-0.159079
136,60,-1.99923,-0.158744
137,60,-1.99795,-0.158372
138,60,-1.99639,-0.158058
139,60,-1.9958,-0.15783
140,60,-1.99495,-0.158009
141,60,-1.99372,-0.157762
142,60,-1.99299,-0.157301
143,60,-1.99213,-0.156874
144,60,-1.99128,-0.156522
145,60,-1.99032,-0.156006
146,60,-1.98972,-0.155236
147,60,-1.98896,-0.1548
148,60,-1.98837,-0.154033
149,60,-1.98786,-0.153271
150,60,-1.98746,-0.152585
151,60,-1.9872,-0.151803
152,60,-1.98701,-0.150817
153,60,-1.98696,-0.149874
154,60,-1.98666,-0.148875
155,60,-1.98654,-0.147549
156,60,-1.98632,-0.146292
157,60,-1.98611,-0.14415
158,60,-1.9862,-0.141238
159,60,-1.98599,-0.138678
197,60,-1.31862,-0.111782
198,60,-1.31774,-0.113989
199,60,-1.31658,-0.115914
200,60,-1.31596,-0.11726
201,60,-1.31547,-0.118234
202,60,-1.31487,-0.118832
203,60,-1.31448,-0.119644
204,60,-1.31438,-0.120377
205,60,-1.31421,-0.120436
206,60,-1.3142,-0.120408
207,60,-1.3139,-0.120399
208,60,-1.31338,-0.120155
209,60,-1.31333,-0.119926
210,60,-1.31305,-0.119381
211,60,-1.31266,-0.118718
212,60,-1.31239,-0.118139
213,60,-1.31186,-0.117485
214,60,-1.31142,-0.116852
215,60,-1.31104,-0.116463
216,60,-1.31012,-0.115498
217,60,-1.30952,-0.114775
218,60,-1.30903,-0.113995
219,60,-1.30813,-0.113164
220,60,-1.3074,-0.112838
221,60,-1.3061,-0.112085
222,60,-1.30517,-0.111382
223,60,-1.3036,-0.110643
224,60,-1.3025,-0.109802
225,60,-1.3011,-0.10941
226,60,-1.29978,-0.108879
227,60,-1.29823,-0.108322
228,60,-1.29686,-0.107871
229,60,-1.2953,-0.107224
230,60,-1.29346,-0.106438
231,60,-1.29123,-0.105959
232,60,-1.28952,-0.105503
233,60,-1.28751,-0.104919
234,60,-1.28537,-0.104223
235,60,-1.28332,-0.103861
236,60,-1.28113,-0.103241
237,60,-1.27895,-0.102862
238,60,-1.27681,-0.102092
239,60,-1.27451,-0.101787
240,60,-1.27224,-0.101426
241,60,-1.27,-0.101269
242,60,-1.2677,-0.101114
243,60,-1.26567,-0.100571
244,60,-1.26355,-0.10024
245,60,-1.26137,-0.0998819
246,60,-1.25898,-0.0996042
247,60,-1.2565,-0.0991274
248,60,-1.25375,-0.098686
249,60,-1.25134,-0.0986919
250,60,-1.2489,-0.0983016
251,60,-1.24651,-0.097942
252,60,-1.2439,-0.0974553
253,60,-1.24094,-0.0967626
254,60,-1.23823,-0.0963786
255,60,-1.23584,-0.0956372
256,60,-1.23308,-0.0954806
257,60,-1.23013,-0.0951698
258,60,-1.22672,-0.0947332
259,60,-1.22332,-0.0940719
260,60,-1.22039,-0.0935917
261,60,-1.21734,-0.0929635
262,60,-1.21407,-0.0926184
263,60,-1.2111,-0.0920041
264,60,-1.20806,-0.0915983
265,60,-1.20484,-0.0912238
266,60,-1.20148,-0.0909036
267,60,-1.19811,-0.0900462
268,60,-1.19469,-0.0891478
269,60,-1.19143,-0.0884682
270,60,-1.18787,-0.0879638
271,60,-1.18448,-0.0876252
272,60,-1.18115,-0.0870788
273,60,-1.17772,-0.0866172
274,60,-1.17443,-0.0863038
275,60,-1.17124,-0.0858747
276,60,-1.16802,-0.0854733
277,60,-1.16484,-0.0846797
278,60,-1.16178,-0.0844084
279,60,-1.15852,-0.0838114
280,60,-1.15503,-0.083404
281,60,-1.15198,-0.0827938
282,60,-1.1486,-0.082501
283,60,-1.14552,-0.0821146
284,60,-1.14204,-0.0811533
285,60,-1.13861,-0.0807632
286,60,-1.13533,-0.0800685
287,60,-1.13221,-0.0793121
288,60,-1.12898,-0.0787584
289,60,-1.1255,-0.0777835
290,60,-1.12226,-0.0769605
291,60,-1.11904,-0.0760734
292,60,-1.11553,-0.0755108
293,60,-1.11216,-0.0748026
294,60,-1.10875,-0.0743468
295,60,-1.10542,-0.0738102
296,60,-1.10207,-0.0729036
297,60,-1.09921,-0.0721832
298,60,-1.096,-0.0716368
299,60,-1.09256,-0.0708122
300,60,-1.08907,-0.0701593
301,60,-1.08585,-0.0692473
302,60,-1.08223,-0.0688847
303,60,-1.0786,-0.068278
304,60,-1.0753,-0.0679113
305,60,-1.07171,-0.0676371
306,60,-1.0681,-0.067183
307,60,-1.06467,-0.0669563
308,60,-1.06088,-0.0664906
309,60,-1.05721,-0.0659758
310,60,-1.05365,-0.0652305
311,60,-1.04994,-0.064692
312,60,-1.04647,-0.0644377
313,60,-1.04286,-0.0640352
314,60,-1.03873,-0.0634942
315,60,-1.03509,-0.0629586
316,60,-1.03157,-0.0623729
317,60,-1.02786,-0.0618507
318,60,-1.02433,-0.0613707
319,60,-1.02082,-0.0607545
320,60,-1.01728,-0.0599307
321,60,-1.01376,-0.0591646
322,60,-1.01004,-0.0585876
323,60,-1.00647,-0.0577913
324,60,-1.00311,-0.0568364
325,60,-0.999245,-0.0560874
326,60,-0.995629,-0.0550011
327,60,-0.992046,-0.0544822
11,61,-2.41634,-0.186788
12,61,-2.41271,-0.186688
13,61,-2.40899,-0.18688
14,61,-2.40491,-0.187127
15,61,-2.40079,-0.186801
16,61,-2.39677,-0.186519
17,61,-2.39289,-0.18592
18,61,-2.38909,-0.185536
19,61,-2.38508,-0.18525
20,61,-2.38141,-0.184824
21,61,-2.37722,-0.184466
22,61,-2.37331,-0.183391
23,61,-2.36955,-0.183026
24,61,-2.36535,-0.18269
25,61,-2.36161,-0.182265
26,61,-2.3584,-0.182068
27,61,-2.35512,-0.181644
28,61,-2.35184,-0.181199
29,61,-2.34784,-0.180411
30,61,-2.34376,-0.179971
31,61,-2.33962,-0.179538
32,61,-2.33595,-0.179172
33,61,-2.33236,-0.178887
34,61,-2.3286,-0.178669
35,61,-2.32502,-0.178227
36,61,-2.3213,-0.177691
37,61,-2.31703,-0.176972
38,61,-2.31322,-0.177061
39,61,-2.30907,-0.176783
40,61,-2.30494,-0.176878
41,61,-2.30137,-0.177057
42,61,-2.29755,-0.176865
43,61,-2.29373,-0.176744
44,61,-2.28982,-0.176501
45,61,-2.2863,-0.176327
46,61,-2.28255,-0.176101
47,61,-2.27892,-0.176065
48,61,-2.2752,-0.175941
49,61,-2.27156,-0.176041
50,61,-2.26773,-0.175919
51,61,-2.26411,-0.175569
52,61,-2.26037,-0.175429
53,61,-2.25673,-0.175425
54,61,-2.25284,-0.175223
55,61,-2.24863,-0.174798
56,61,-2.24441,-0.174784
57,61,-2.24033,-0.174889
58,61,-2.23654,-0.174765
59,61,-2.23269,-0.174643
60,61,-2.22857,-0.174257
61,61,-2.22459,-0.174109
62,61,-2.22034,-0.174067
63,61,-2.2162,-0.173967
64,61,-2.21228,-0.173814
65,61,-2.20851,-0.173771
66,61,-2.20457,-0.173682
67,61,-2.20043,-0.173391
68,61,-2.19646,-0.173027
69,61,-2.1929,-0.172688
70,61,-2.18883,-0.172534
71,61,-2.18472,-0.172465
72,61,-2.18138,-0.172217
73,61,-2.17752,-0.171732
74,61,-2.17369,-0.171148
75,61,-2.17007,-0.170927
76,61,-2.1662,-0.170666
77,61,-2.16225,-0.169938
78,61,-2.15796,-0.169623
79,61,-2.15389,-0.169408
80,61,-2.15036,-0.168953
81,61,-2.14683,-0.169034
82,61,-2.14297,-0.168916
83,61,-2.13935,-0.168737
84,61,-2.13577,-0.168821
85,61,-2.13232,-0.168541
86,61,-2.12892,-0.1683
87,61,-2.12508,-0.168414
88,61,-2.12169,-0.168545
89,61,-2.11766,-0.168717
90,61,-2.1139,-0.168956
91,61,-2.11066,-0.168976
92,61,-2.1068,-0.168846
93,61,-2.10303,-0.168982
94,61,-2.09956,-0.169282
95,61,-2.09606,-0.169167
96,61,-2.09247,-0.169243
97,61,-2.08926,-0.169427
98,61,-2.0867,-0.169605
99,61,-2.08418,-0.169821
100,61,-2.08101,-0.169604
101,61,-2.07806,-0.169348
102,61,-2.07489,-0.16937
103,61,-2.07179,-0.169291
104,61,-2.06887,-0.168991
105,61,-2.06588,-0.169068
106,61,-2.06325,-0.169004
107,61,-2.06042,-0.168668
108,61,-2.05769,-0.16855
109,61,-2.05481,-0.168567
110,61,-2.05179,-0.168347
111,61,-2.04891,-0.167926
112,61,-2.04598,-0.167546
113,61,-2.04348,-0.167398
114,61,-2.04099,-0.167205
115,61,-2.03814,-0.16659
116,61,-2.03594,-0.166131
117,61,-2.03393,-0.165874
118,61,-2.03188,-0.165516
119,61,-2.02963,-0.164957
120,61,-2.0276,-0.164235
121,61,-2.02576,-0.163559
122,61,-2.02381,-0.163078
123,61,-2.02218,-0.162812
124,61,-2.02044,-0.162557
125,61,-2.01877,-0.162511
126,61,-2.01683,-0.162149
127,61,-2.01482,-0.161798
128,61,-2.01287,-0.161501
129,61,-2.01107,-0.161217
130,61,-2.00942,-0.160848
131,61,-2.00802,-0.160493
132,61,-2.00661,-0.160144
133,61,-2.00495,-0.159946
134,61,-2.00351,-0.159741
135,61,-2.00223,-0.159515
136,61,-2.00056,-0.159446
137,61,-1.99941,-0.158752
138,61,-1.99854,-0.158602
139,61,-1.99754,-0.15856
140,61,-1.99669,-0.158448
141,61,-1.99575,-0.158265
142,61,-1.99484,-0.157734
143,61,-1.994,-0.157506
144,61,-1.99319,-0.157181
145,61,-1.99253,-0.156607
146,61,-1.99161,-0.155919
147,61,-1.99116,-0.155488
148,61,-1.99063,-0.155196
149,61,-1.98987,-0.154545
150,61,-1.98968,-0.15378
151,61,-1.98939,-0.153125
152,61,-1.98921,-0.15244
153,61,-1.98931,-0.151549
154,61,-1.98935,-0.150603
155,61,-1.98923,-0.149456
156,61,-1.98914,-0.147966
157,61,-1.98889,-0.146843
158,61,-1.98932,-0.145174
159,61,-1.98937,-0.142638
197,61,-1.31657,-0.115079
198,61,-1.31541,-0.11645
199,61,-1.31436,-0.117896
200,61,-1.31381,-0.118772
201,61,-1.3133,-0.119549
202,61,-1.31277,-0.1202
203,61,-1.31246,-0.12095
204,61,-1.31252,-0.121525
205,61,-1.3121,-0.121783
206,61,-1.31222,-0.121705
207,61,-1.31211,-0.121127
208,61,-1.312,-0.120827
209,61,-1.31191,-0.120345
210,61,-1.31175,-0.119714
211,61,-1.31131,-0.119382
212,61,-1.31097,-0.118832
213,61,-1.31064,-0.118182
214,61,-1.31012,-0.117408
215,61,-1.30972,-0.116952
216,61,-1.30886,-0.116105
217,61,-1.30815,-0.115339
218,61,-1.30755,-0.114518
219,61,-1.30669,-0.114049
220,61,-1.30601,-0.11368
221,61,-1.30514,-0.113016
222,61,-1.30398,-0.112374
223,61,-1.30288,-0.111672
224,61,-1.30152,-0.110733
225,61,-1.30037,-0.109984
226,61,-1.29923,-0.109468
227,61,-1.29753,-0.108773
228,61,-1.29605,-0.108123
229,61,-1.2944,-0.107319
230,61,-1.29298,-0.106713
231,61,-1.29075,-0.106287
232,61,-1.2888,-0.105953
233,61,-1.28688,-0.105505
234,61,-1.28515,-0.10511
235,61,-1.28313,-0.104445
236,61,-1.28112,-0.103736
237,61,-1.27902,-0.103232
238,61,-1.27668,-0.102422
239,61,-1.27415,-0.102132
240,61,-1.27187,-0.101578
241,61,-1.26972,-0.101387
242,61,-1.26758,-0.101523
243,61,-1.2654,-0.101083
244,61,-1.26305,-0.100779
245,61,-1.26078,-0.100707
246,61,-1.25872,-0.100017
247,61,-1.25625,-0.0996833
248,61,-1.2538,-0.0992382
249,61,-1.25157,-0.0990281
250,61,-1.24904,-0.0986355
251,61,-1.24613,-0.0980966
252,61,-1.24392,-0.0976772
253,61,-1.24134,-0.0972325
254,61,-1.23846,-0.096708
255,61,-1.2359,-0.0960939
256,61,-1.23319,-0.0956316
257,61,-1.23005,-0.0953484
258,61,-1.22678,-0.0948749
259,61,-1.22344,-0.0945395
260,61,-1.22066,-0.0940553
261,61,-1.21769,-0.0933625
262,61,-1.21437,-0.0931171
263,61,-1.21123,-0.0923826
264,61,-1.20843,-0.0920878
265,61,-1.20523,-0.0915201
266,61,-1.20166,-0.0910376
267,61,-1.19827,-0.0905252
268,61,-1.19479,-0.0894471
269,61,-1.19143,-0.0889936
270,61,-1.18794,-0.0886257
271,61,-1.18472,-0.0886246
272,61,-1.18117,-0.0876209
273,61,-1.1781,-0.0871379
274,61,-1.17457,-0.0866436
275,61,-1.17098,-0.0862162
276,61,-1.16789,-0.085781
277,61,-1.16464,-0.0855288
278,61,-1.16184,-0.085114
279,61,-1.15875,-0.0843429
280,61,-1.15516,-0.0839711
281,61,-1.15179,-0.0834234
282,61,-1.14869,-0.0829705
283,61,-1.14556,-0.0825324
284,61,-1.14206,-0.0820082
285,61,-1.13874,-0.0813074
286,61,-1.13564,-0.0806411
287,61,-1.13237,-0.0801141
288,61,-1.12896,-0.0793345
289,61,-1.12555,-0.0784536
290,61,-1.12252,-0.0777082
291,61,-1.11888,-0.0769241
292,61,-1.11583,-0.0762025
293,61,-1.11234,-0.0758663
294,61,-1.10891,-0.0751553
295,61,-1.10576,-0.0742954
296,61,-1.10233,-0.073676
297,61,-1.09948,-0.0729067
298,61,-1.09622,-0.0725122
299,61,-1.09273,-0.0714905
300,61,-1.08939,-0.0705861
301,61,-1.08582,-0.0700199
302,61,-1.0825,-0.0694575
303,61,-1.07893,-0.0690036
304,61,-1.07531,-0.0684348
305,61,-1.07173,-0.068042
306,61,-1.06817,-0.0674807
307,61,-1.06477,-0.0674701
308,61,-1.06092,-0.0669585
309,61,-1.05751,-0.0662831
310,61,-1.05361,-0.0657373
311,61,-1.05019,-0.0653188
312,61,-1.04655,-0.0648647
313,61,-1.04289,-0.064568
314,61,-1.03891,-0.0641806
315,61,-1.03544,-0.0636404
316,61,-1.03185,-0.0632268
317,61,-1.02832,-0.0624308
318,61,-1.02483,-0.0618522
319,61,-1.02114,-0.0614136
320,61,-1.01759,-0.0604973
321,61,-1.01407,-0.0597473
322,61,-1.01018,-0.0593124
323,61,-1.00659,-0.0586012
324,61,-1.00313,-0.0577792
325,61,-0.999531,-0.0572306
326,61,-0.996023,-0.0562818
327,61,-0.992197,-0.055427
11,62,-2.41648,-0.187748
12,62,-2.41271,-0.187783
13,62,-2.40908,-0.187829
14,62,-2.40465,-0.187836
15,62,-2.40047,-0.187492
16,62,-2.39687,-0.187249
17,62,-2.39297,-0.186809
18,62,-2.38905,-0.186234
19,62,-2.38511,-0.186111
20,62,-2.38135,-0.18589
21,62,-2.37744,-0.185201
22,62,-2.3734,-0.184824
23,62,-2.3695,-0.184169
24,62,-2.36546,-0.183578
25,62,-2.36134,-0.182974
26,62,-2.3582,-0.182831
27,62,-2.35519,-0.182675
28,62,-2.35172,-0.182185
29,62,-2.3479,-0.181419
30,62,-2.34437,-0.18092
31,62,-2.34018,-0.180706
32,62,-2.33617,-0.180148
33,62,-2.33238,-0.179656
34,62,-2.3288,-0.178955
35,62,-2.32522,-0.178904
36,62,-2.32159,-0.178397
37,62,-2.31782,-0.177927
38,62,-2.31357,-0.177753
39,62,-2.30963,-0.177633
40,62,-2.30548,-0.177743
41,62,-2.30157,-0.177561
42,62,-2.29744,-0.17745
43,62,-2.29378,-0.177377
44,62,-2.29031,-0.177091
45,62,-2.28651,-0.177279
46,62,-2.28277,-0.176958
47,62,-2.27948,-0.176599
48,62,-2.27561,-0.176667
49,62,-2.27159,-0.176849
50,62,-2.26786,-0.176535
51,62,-2.26425,-0.176359
52,62,-2.26075,-0.176164
53,62,-2.25678,-0.17608
54,62,-2.25287,-0.175717
55,62,-2.24874,-0.175167
56,62,-2.2447,-0.175463
57,62,-2.24048,-0.17591
58,62,-2.23654,-0.175831
59,62,-2.23273,-0.175413
60,62,-2.22869,-0.175113
61,62,-2.22483,-0.174796
62,62,-2.2206,-0.17448
63,62,-2.21669,-0.174533
64,62,-2.21285,-0.174426
65,62,-2.20905,-0.174034
66,62,-2.20532,-0.173616
67,62,-2.20108,-0.17373
68,62,-2.19703,-0.173594
69,62,-2.19349,-0.173078
70,62,-2.1895,-0.172762
71,62,-2.18535,-0.172692
72,62,-2.18121,-0.172535
73,62,-2.17726,-0.172196
74,62,-2.1739,-0.171423
75,62,-2.17032,-0.170973
76,62,-2.1664,-0.170717
77,62,-2.16233,-0.170178
78,62,-2.15837,-0.169846
79,62,-2.15444,-0.169804
80,62,-2.15097,-0.169644
81,62,-2.14725,-0.169312
82,62,-2.14333,-0.169074
83,62,-2.13977,-0.169159
84,62,-2.13635,-0.169112
85,62,-2.13294,-0.168837
86,62,-2.12948,-0.169025
87,62,-2.12577,-0.169034
88,62,-2.12208,-0.16893
89,62,-2.11824,-0.169231
90,62,-2.11469,-0.169569
91,62,-2.1114,-0.169378
92,62,-2.10743,-0.16913
93,62,-2.10375,-0.169291
94,62,-2.10031,-0.169549
95,62,-2.09702,-0.169626
96,62,-2.09375,-0.16961
97,62,-2.09056,-0.169483
98,62,-2.08762,-0.169711
99,62,-2.08475,-0.169958
100,62,-2.08182,-0.169785
101,62,-2.07852,-0.169831
102,62,-2.0755,-0.169789
103,62,-2.0727,-0.169593
104,62,-2.06949,-0.169359
105,62,-2.06645,-0.169218
106,62,-2.0638,-0.169071
107,62,-2.06091,-0.169006
108,62,-2.05807,-0.168984
109,62,-2.05519,-0.168804
110,62,-2.05216,-0.168798
111,62,-2.04931,-0.168615
112,62,-2.04655,-0.168123
113,62,-2.04392,-0.167811
114,62,-2.04151,-0.167576
115,62,-2.0389,-0.167211
116,62,-2.03688,-0.166538
117,62,-2.03478,-0.166086
118,62,-2.03276,-0.165818
119,62,-2.03076,-0.165328
120,62,-2.02866,-0.164622
121,62,-2.02679,-0.164147
122,62,-2.02471,-0.163572
123,62,-2.0228,-0.163393
124,62,-2.02143,-0.163353
125,62,-2.01964,-0.16304
126,62,-2.0176,-0.162681
127,62,-2.01579,-0.162515
128,62,-2.01407,-0.162176
129,62,-2.01212,-0.161902
130,62,-2.01043,-0.161481
131,62,-2.00887,-0.161129
132,62,-2.00723,-0.160811
133,62,-2.00595,-0.160576
134,62,-2.00457,-0.16031
135,62,-2.0034,-0.159893
136,62,-2.00214,-0.159628
137,62,-2.00074,-0.159245
138,62,-1.99988,-0.159101
139,62,-1.99869,-0.158909
140,62,-1.99803,-0.158986
141,62,-1.99677,-0.158801
142,62,-1.99604,-0.158266
143,62,-1.99504,-0.158056
144,62,-1.9943,-0.157818
145,62,-1.99417,-0.157224
146,62,-1.99357,-0.15651
147,62,-1.9929,-0.156247
148,62,-1.9924,-0.156068
149,62,-1.99143,-0.155638
150,62,-1.99129,-0.155132
151,62,-1.99133,-0.154371
152,62,-1.99108,-0.154165
153,62,-1.99104,-0.153217
154,62,-1.99088,-0.151992
155,62,-1.99064,-0.151502
156,62,-1.99042,-0.150518
157,62,-1.99006,-0.149365
158,62,-1.98991,-0.147452
159,62,-1.98977,-0.145532
197,62,-1.31473,-0.118956
198,62,-1.31388,-0.120142
199,62,-1.31309,-0.120381
200,62,-1.31251,-0.120958
201,62,-1.3121,-0.121692
202,62,-1.31151,-0.121855
203,62,-1.31125,-0.122255
204,62,-1.31091,-0.12285
205,62,-1.31058,-0.122712
206,62,-1.31106,-0.122537
207,62,-1.31094,-0.122227
208,62,-1.31094,-0.121494
209,62,-1.3105,-0.120998
210,62,-1.31011,-0.120563
211,62,-1.31002,-0.119845
212,62,-1.30967,-0.119392
213,62,-1.30922,-0.118872
214,62,-1.30904,-0.118233
215,62,-1.30841,-0.117737
216,62,-1.30817,-0.116775
217,62,-1.30735,-0.115981
218,62,-1.30656,-0.115663
219,62,-1.30585,-0.114999
220,62,-1.30475,-0.114156
221,62,-1.30389,-0.113653
222,62,-1.30331,-0.112864
223,62,-1.30232,-0.11218
224,62,-1.3011,-0.111553
225,62,-1.29959,-0.110818
226,62,-1.29825,-0.110506
227,62,-1.2971,-0.109672
228,62,-1.29588,-0.10865
229,62,-1.29412,-0.10777
230,62,-1.29242,-0.107057
231,62,-1.2904,-0.106594
232,62,-1.28828,-0.10635
233,62,-1.2866,-0.105977
234,62,-1.28494,-0.105496
235,62,-1.28282,-0.105026
236,62,-1.2811,-0.104179
237,62,-1.27934,-0.103809
238,62,-1.27681,-0.103022
239,62,-1.27417,-0.102812
240,62,-1.27186,-0.102038
241,62,-1.26958,-0.101932
242,62,-1.26731,-0.102151
243,62,-1.26509,-0.101676
244,62,-1.26286,-0.101305
245,62,-1.26066,-0.100932
246,62,-1.25873,-0.100347
247,62,-1.25645,-0.0999928
248,62,-1.25415,-0.0994812
249,62,-1.25164,-0.0991133
250,62,-1.2492,-0.0987887
251,62,-1.24658,-0.0983992
252,62,-1.24424,-0.0976891
253,62,-1.24123,-0.0973298
254,62,-1.23863,-0.0966167
255,62,-1.23622,-0.0964654
256,62,-1.23345,-0.0959948
257,62,-1.23061,-0.0957208
258,62,-1.22752,-0.0954067
259,62,-1.22418,-0.0950313
260,62,-1.22106,-0.0943639
261,62,-1.21814,-0.0940041
262,62,-1.21473,-0.0932948
263,62,-1.21179,-0.0926849
264,62,-1.20902,-0.0923223
265,62,-1.20543,-0.0917883
266,62,-1.20217,-0.0912599
267,62,-1.19884,-0.0907553
268,62,-1.19524,-0.0899169
269,62,-1.19166,-0.0895548
270,62,-1.18825,-0.0891531
271,62,-1.18478,-0.0889974
272,62,-1.18144,-0.0884725
273,62,-1.17819,-0.0880211
274,62,-1.17467,-0.087322
275,62,-1.1714,-0.0868501
276,62,-1.16808,-0.0865401
277,62,-1.16526,-0.0860952
278,62,-1.16212,-0.0856796
279,62,-1.15898,-0.0852221
280,62,-1.15546,-0.0846609
281,62,-1.1523,-0.0841444
282,62,-1.14898,-0.0836854
283,62,-1.14572,-0.0829952
284,62,-1.14253,-0.082489
285,62,-1.13912,-0.0820076
286,62,-1.13582,-0.081336
287,62,-1.1326,-0.0806806
288,62,-1.12921,-0.0800333
289,62,-1.12588,-0.0794107
290,62,-1.12255,-0.0785868
291,62,-1.11919,-0.0777413
292,62,-1.11595,-0.0772474
293,62,-1.11278,-0.0765511
294,62,-1.10931,-0.0757809
295,62,-1.10617,-0.0749734
296,62,-1.10293,-0.074017
297,62,-1.0996,-0.0734402
298,62,-1.09634,-0.0731134
299,62,-1.09288,-0.072154
300,62,-1.08931,-0.0713563
301,62,-1.08594,-0.0707172
302,62,-1.08255,-0.0703422
303,62,-1.07892,-0.0695738
304,62,-1.07539,-0.0689325
305,62,-1.07166,-0.0685294
306,62,-1.0683,-0.0680353
307,62,-1.06485,-0.0679025
308,62,-1.06098,-0.0673698
309,62,-1.05749,-0.0671633
310,62,-1.05405,-0.0666262
311,62,-1.05041,-0.0660984
312,62,-1.04681,-0.065638
313,62,-1.04336,-0.065267
314,62,-1.03957,-0.0649417
315,62,-1.0359,-0.0644998
316,62,-1.03198,-0.0639937
317,62,-1.02866,-0.0632994
318,62,-1.02506,-0.0624914
319,62,-1.0214,-0.0622332
320,62,-1.01779,-0.0614967
321,62,-1.01407,-0.0605397
322,62,-1.01022,-0.0599072
323,62,-1.00663,-0.0591763
324,62,-1.0032,-0.0582878
325,62,-0.99987,-0.0576229
326,62,-0.996421,-0.0566451
327,62,-0.992641,-0.0554505
11,63,-2.41597,-0.188406
12,63,-2.41225,-0.188383
13,63,-2.40857,-0.188357
14,63,-2.40462,-0.188321
15,63,-2.4004,-0.188153
16,63,-2.39662,-0.187653
17,63,-2.39279,-0.187277
18,63,-2.38882,-0.187017
19,63,-2.38522,-0.187046
20,63,-2.38117,-0.186547
21,63,-2.37727,-0.186142
22,63,-2.3731,-0.185798
23,63,-2.36928,-0.18513
24,63,-2.36546,-0.184602
25,63,-2.36184,-0.18396
26,63,-2.35844,-0.183458
27,63,-2.35508,-0.183014
28,63,-2.35164,-0.182584
29,63,-2.34805,-0.182077
30,63,-2.34421,-0.181914
31,63,-2.3402,-0.181627
32,63,-2.33653,-0.180873
33,63,-2.33283,-0.180204
34,63,-2.3292,-0.179962
35,63,-2.32543,-0.17956
36,63,-2.32156,-0.179087
37,63,-2.31798,-0.178764
38,63,-2.31373,-0.178679
39,63,-2.30985,-0.178571
40,63,-2.30568,-0.178478
41,63,-2.30169,-0.178315
42,63,-2.29789,-0.178351
43,63,-2.29402,-0.178256
44,63,-2.29064,-0.178138
45,63,-2.28701,-0.178
46,63,-2.2827,-0.177822
47,63,-2.27929,-0.177667
48,63,-2.2757,-0.177335
49,63,-2.27185,-0.177322
50,63,-2.26795,-0.177219
51,63,-2.26455,-0.177199
52,63,-2.26112,-0.176761
53,63,-2.25695,-0.176707
54,63,-2.25281,-0.176477
55,63,-2.24897,-0.175934
56,63,-2.2449,-0.176271
57,63,-2.24082,-0.176595
58,63,-2.2368,-0.176402
59,63,-2.23291,-0.17603
60,63,-2.22894,-0.175951
61,63,-2.22487,-0.1755
62,63,-2.22088,-0.175486
63,63,-2.21666,-0.175349
64,63,-2.21303,-0.175032
65,63,-2.20939,-0.175202
66,63,-2.20571,-0.174697
67,63,-2.20141,-0.17437
68,63,-2.19713,-0.174101
69,63,-2.19355,-0.173449
70,63,-2.18943,-0.173217
71,63,-2.18574,-0.172737
72,63,-2.18199,-0.172912
73,63,-2.17794,-0.172911
74,63,-2.17447,-0.172148
75,63,-2.17082,-0.171699
76,63,-2.16697,-0.171371
77,63,-2.16279,-0.170951
78,63,-2.1587,-0.170573
79,63,-2.15508,-0.170461
80,63,-2.15143,-0.170138
81,63,-2.14752,-0.169729
82,63,-2.14383,-0.169604
83,63,-2.14008,-0.169613
84,63,-2.13671,-0.169199
85,63,-2.13345,-0.169195
86,63,-2.13014,-0.169357
87,63,-2.12622,-0.169283
88,63,-2.12235,-0.169492
89,63,-2.11884,-0.169587
90,63,-2.11507,-0.169626
91,63,-2.11176,-0.169606
92,63,-2.10815,-0.169585
93,63,-2.10482,-0.169698
94,63,-2.10144,-0.169797
95,63,-2.09813,-0.170044
96,63,-2.09501,-0.170118
97,63,-2.0917,-0.170081
98,63,-2.08857,-0.170283
99,63,-2.08549,-0.170209
100,63,-2.08265,-0.170014
101,63,-2.07923,-0.170045
102,63,-2.07627,-0.169967
103,63,-2.07332,-0.169959
104,63,-2.07009,-0.169963
105,63,-2.0672,-0.169747
106,63,-2.0641,-0.169413
107,63,-2.06119,-0.169221
108,63,-2.05824,-0.169199
109,63,-2.05523,-0.169088
110,63,-2.05229,-0.169107
111,63,-2.04969,-0.168902
112,63,-2.04682,-0.168676
113,63,-2.04422,-0.16822
114,63,-2.0422,-0.167633
115,63,-2.03971,-0.167257
116,63,-2.03736,-0.166785
117,63,-2.03527,-0.16643
118,63,-2.03309,-0.165984
119,63,-2.031,-0.165414
120,63,-2.02931,-0.165032
121,63,-2.02727,-0.164669
122,63,-2.02493,-0.164394
123,63,-2.02315,-0.163989
124,63,-2.02154,-0.163575
125,63,-2.01969,-0.163415
126,63,-2.01781,-0.163328
127,63,-2.01618,-0.163047
128,63,-2.01475,-0.16269
129,63,-2.0128,-0.1626
130,63,-2.01099,-0.162175
131,63,-2.00956,-0.161859
132,63,-2.0081,-0.161313
133,63,-2.00677,-0.160943
134,63,-2.0056,-0.16083
135,63,-2.00429,-0.16051
136,63,-2.00271,-0.159873
137,63,-2.00165,-0.159826
138,63,-2.00096,-0.159822
139,63,-1.99999,-0.159449
140,63,-1.99899,-0.159487
141,63,-1.99773,-0.15929
142,63,-1.99682,-0.158896
143,63,-1.99604,-0.158491
144,63,-1.99531,-0.158364
145,63,-1.99509,-0.15803
146,63,-1.99447,-0.157285
147,63,-1.99393,-0.15725
148,63,-1.99322,-0.15695
149,63,-1.99258,-0.156671
150,63,-1.99236,-0.156457
151,63,-1.99236,-0.155896
152,63,-1.9921,-0.155205
153,63,-1.99203,-0.154758
154,63,-1.99154,-0.154132
155,63,-1.99097,-0.153528
156,63,-1.99053,-0.15309
157,63,-1.99082,-0.15235
158,63,-1.99116,-0.151444
159,63,-1.99099,-0.151165
197,63,-1.31416,-0.122762
198,63,-1.31323,-0.123291
199,63,-1.31224,-0.12299
200,63,-1.31158,-0.123452
201,63,-1.31151,-0.123433
202,63,-1.31117,-0.123724
203,63,-1.31091,-0.123845
204,63,-1.31048,-0.123948
205,63,-1.30991,-0.124129
206,63,-1.30985,-0.12363
207,63,-1.31004,-0.123147
208,63,-1.30965,-0.122481
209,63,-1.30943,-0.12202
210,63,-1.30945,-0.121506
211,63,-1.30913,-0.120912
212,63,-1.30897,-0.120126
213,63,-1.30866,-0.11946
214,63,-1.30803,-0.118762
215,63,-1.30757,-0.118183
216,63,-1.30727,-0.117639
217,63,-1.30669,-0.117021
218,63,-1.30588,-0.116505
219,63,-1.3051,-0.115696
220,63,-1.30429,-0.114867
221,63,-1.30341,-0.114208
222,63,-1.30272,-0.113348
223,63,-1.30168,-0.11282
224,63,-1.30064,-0.11191
225,63,-1.29941,-0.111372
226,63,-1.29815,-0.110514
227,63,-1.2968,-0.109914
228,63,-1.29555,-0.109261
229,63,-1.29407,-0.108324
230,63,-1.29244,-0.107492
231,63,-1.29065,-0.107
232,63,-1.28869,-0.106527
233,63,-1.28689,-0.106235
234,63,-1.28499,-0.105992
235,63,-1.2831,-0.10546
236,63,-1.2809,-0.104896
237,63,-1.27884,-0.104339
238,63,-1.27662,-0.10367
239,63,-1.27403,-0.103194
240,63,-1.27185,-0.102542
241,63,-1.26966,-0.10241
242,63,-1.26741,-0.102898
243,63,-1.26502,-0.102541
244,63,-1.26301,-0.101679
245,63,-1.26095,-0.101006
246,63,-1.25891,-0.100642
247,63,-1.25686,-0.100078
248,63,-1.2546,-0.0995487
249,63,-1.25208,-0.09927
250,63,-1.24973,-0.0990117
251,63,-1.24678,-0.0984857
252,63,-1.24455,-0.0978303
253,63,-1.24161,-0.0972022
254,63,-1.23906,-0.0966276
255,63,-1.23627,-0.0964882
256,63,-1.23332,-0.0961664
257,63,-1.23058,-0.0958661
258,63,-1.22751,-0.0952694
259,63,-1.2243,-0.0950654
260,63,-1.22146,-0.0945301
261,63,-1.21865,-0.0941828
262,63,-1.21562,-0.0937391
263,63,-1.21251,-0.0931901
264,63,-1.20941,-0.0927644
265,63,-1.20606,-0.0924091
266,63,-1.20275,-0.0918892
267,63,-1.19917,-0.0911102
268,63,-1.19588,-0.0900481
269,63,-1.19224,-0.0898239
270,63,-1.18896,-0.0896294
271,63,-1.18545,-0.0892789
272,63,-1.18196,-0.0890143
273,63,-1.17858,-0.0886886
274,63,-1.17515,-0.0880033
275,63,-1.17182,-0.08761
276,63,-1.16843,-0.0868982
277,63,-1.16556,-0.0866737
278,63,-1.16247,-0.0860597
279,63,-1.15959,-0.0859057
280,63,-1.15594,-0.0856681
281,63,-1.15253,-0.0851158
282,63,-1.14937,-0.0845027
283,63,-1.14622,-0.0838852
284,63,-1.14267,-0.083124
285,63,-1.13972,-0.0824593
286,63,-1.13614,-0.0819359
287,63,-1.13269,-0.0814346
288,63,-1.12951,-0.0806346
289,63,-1.12614,-0.0800386
290,63,-1.12253,-0.0793366
291,63,-1.11918,-0.078461
292,63,-1.1161,-0.0778023
293,63,-1.11311,-0.0771351
294,63,-1.10975,-0.0764261
295,63,-1.1066,-0.0755921
296,63,-1.1031,-0.0749654
297,63,-1.0998,-0.0741149
298,63,-1.09628,-0.0736964
299,63,-1.09295,-0.0730549
300,63,-1.08918,-0.0722059
301,63,-1.08606,-0.0714911
302,63,-1.08259,-0.071107
303,63,-1.07897,-0.0702702
304,63,-1.07546,-0.0697177
305,63,-1.07175,-0.0691968
306,63,-1.06855,-0.0686522
307,63,-1.06511,-0.0684526
308,63,-1.06141,-0.0681039
309,63,-1.05797,-0.067821
310,63,-1.05428,-0.0672876
311,63,-1.05069,-0.0668187
312,63,-1.04682,-0.0664331
313,63,-1.04345,-0.066122
314,63,-1.03984,-0.0656714
315,63,-1.03604,-0.0651483
316,63,-1.0322,-0.0646121
317,63,-1.02857,-0.0638513
318,63,-1.02515,-0.0631396
319,63,-1.02154,-0.0628822
320,63,-1.01802,-0.0622051
321,63,-1.01445,-0.0613774
322,63,-1.01064,-0.060526
323,63,-1.00713,-0.0596326
324,63,-1.00347,-0.0589084
325,63,-1.00017,-0.0580516
326,63,-0.996778,-0.0571051
327,63,-0.993027,-0.0558289
11,64,-2.41535,-0.188692
12,64,-2.41175,-0.188921
13,64,-2.40801,-0.189027
14,64,-2.40415,-0.189001
15,64,-2.39991,-0.188733
16,64,-2.3962,-0.188351
17,64,-2.39228,-0.188044
18,64,-2.38853,-0.187733
19,64,-2.3845,-0.187828
20,64,-2.38094,-0.187623
21,64,-2.37708,-0.186738
22,64,-2.37305,-0.18618
23,64,-2.36922,-0.185719
24,64,-2.36518,-0.185457
25,64,-2.36196,-0.18487
26,64,-2.35859,-0.184228
27,64,-2.35512,-0.183758
28,64,-2.35192,-0.183304
29,64,-2.3477,-0.182709
30,64,-2.34403,-0.18238
31,64,-2.3402,-0.181935
32,64,-2.33658,-0.181501
33,64,-2.33308,-0.180967
34,64,-2.32944,-0.180568
35,64,-2.3257,-0.180382
36,64,-2.3215,-0.180004
37,64,-2.31809,-0.179712
38,64,-2.31429,-0.179365
39,64,-2.30991,-0.17934
40,64,-2.30589,-0.179232
41,64,-2.30168,-0.179154
42,64,-2.29799,-0.179109
43,64,-2.29409,-0.179154
44,64,-2.29069,-0.179021
45,64,-2.28719,-0.178613
46,64,-2.28324,-0.17859
47,64,-2.27934,-0.178522
48,64,-2.27576,-0.178089
49,64,-2.2722,-0.17788
50,64,-2.26826,-0.177945
51,64,-2.26507,-0.177906
52,64,-2.26128,-0.177625
53,64,-2.25743,-0.177485
54,64,-2.25305,-0.176961
55,64,-2.24939,-0.176995
56,64,-2.24546,-0.176994
57,64,-2.24124,-0.176738
58,64,-2.23722,-0.176461
59,64,-2.23341,-0.176564
60,64,-2.22899,-0.176278
61,64,-2.22512,-0.175778
62,64,-2.22107,-0.176112
63,64,-2.21711,-0.175731
64,64,-2.21321,-0.175428
65,64,-2.20983,-0.175748
66,64,-2.20596,-0.175438
67,64,-2.20173,-0.175309
68,64,-2.19758,-0.174807
69,64,-2.194,-0.174122
70,64,-2.19009,-0.173651
71,64,-2.186,-0.173101
72,64,-2.18223,-0.17316
73,64,-2.17837,-0.172982
74,64,-2.17496,-0.172434
75,64,-2.1713,-0.172153
76,64,-2.16717,-0.171618
77,64,-2.16322,-0.171579
78,64,-2.15932,-0.171137
79,64,-2.15526,-0.170768
80,64,-2.15158,-0.170591
81,64,-2.14821,-0.170163
82,64,-2.14437,-0.169925
83,64,-2.14039,-0.169901
84,64,-2.13714,-0.169782
85,64,-2.13398,-0.169295
86,64,-2.1304,-0.169323
87,64,-2.12669,-0.169649
88,64,-2.1229,-0.16975
89,64,-2.11955,-0.170068
90,64,-2.11601,-0.17022
91,64,-2.11249,-0.169933
92,64,-2.10911,-0.169992
93,64,-2.10555,-0.170193
94,64,-2.1026,-0.170172
95,64,-2.09943,-0.170279
96,64,-2.09572,-0.170629
97,64,-2.0926,-0.170818
98,64,-2.08929,-0.170899
99,64,-2.08606,-0.170817
100,64,-2.08307,-0.170636
101,64,-2.07982,-0.17078
102,64,-2.07644,-0.170607
103,64,-2.07338,-0.170372
104,64,-2.07059,-0.170315
105,64,-2.06741,-0.170073
106,64,-2.06454,-0.169869
107,64,-2.06151,-0.169615
108,64,-2.05851,-0.169315
109,64,-2.05555,-0.169292
110,64,-2.05252,-0.169431
111,64,-2.04992,-0.169057
112,64,-2.04751,-0.16853
113,64,-2.04477,-0.168321
114,64,-2.0423,-0.168011
115,64,-2.03984,-0.167405
116,64,-2.03751,-0.166915
117,64,-2.03525,-0.166824
118,64,-2.03301,-0.166264
119,64,-2.03114,-0.165789
120,64,-2.02916,-0.165597
121,64,-2.02715,-0.164988
122,64,-2.02515,-0.164808
123,64,-2.02338,-0.164709
124,64,-2.02164,-0.164241
125,64,-2.01933,-0.164048
126,64,-2.01778,-0.163792
127,64,-2.01609,-0.163376
128,64,-2.01467,-0.162881
129,64,-2.01274,-0.162888
130,64,-2.01092,-0.162408
131,64,-2.00932,-0.16193
132,64,-2.00793,-0.161472
133,64,-2.00693,-0.161397
134,64,-2.00567,-0.161244
135,64,-2.00435,-0.160798
136,64,-2.00309,-0.160326
137,64,-2.00195,-0.160022
138,64,-2.00122,-0.159916
139,64,-2.00065,-0.159938
140,64,-1.99963,-0.159713
141,64,-1.99848,-0.15943
142,64,-1.99762,-0.159261
143,64,-1.99659,-0.159144
144,64,-1.99594,-0.158665
145,64,-1.9955,-0.158358
146,64,-1.99478,-0.158314
147,64,-1.99433,-0.157938
148,64,-1.99362,-0.157843
149,64,-1.99302,-0.157596
150,64,-1.99297,-0.157453
151,64,-1.99269,-0.156935
152,64,-1.99244,-0.156455
153,64,-1.99207,-0.155991
154,64,-1.9919,-0.155967
155,64,-1.99204,-0.156014
156,64,-1.99207,-0.155673
157,64,-1.99213,-0.155789
158,64,-1.99213,-0.155957
159,64,-1.9914,-0.156011
197,64,-1.31501,-0.126779
198,64,-1.31343,-0.126417
199,64,-1.31229,-0.125967
200,64,-1.31205,-0.125626
201,64,-1.31153,-0.125461
202,64,-1.31125,-0.125295
203,64,-1.31092,-0.125309
204,64,-1.31069,-0.125252
205,64,-1.31037,-0.125294
206,64,-1.31009,-0.124875
207,64,-1.30976,-0.124092
208,64,-1.30971,-0.123556
209,64,-1.30968,-0.122912
210,64,-1.30922,-0.122218
211,64,-1.309,-0.121898
212,64,-1.30899,-0.120966
213,64,-1.30838,-0.120189
214,64,-1.30774,-0.119283
215,64,-1.30737,-0.11907
216,64,-1.30703,-0.118492
217,64,-1.30643,-0.117765
218,64,-1.30601,-0.117004
219,64,-1.30505,-0.116477
220,64,-1.30402,-0.115782
221,64,-1.30329,-0.114747
222,64,-1.30292,-0.114196
223,64,-1.30182,-0.113469
224,64,-1.30069,-0.112534
225,64,-1.29914,-0.11181
226,64,-1.298,-0.110803
227,64,-1.29668,-0.110118
228,64,-1.29514,-0.109347
229,64,-1.29405,-0.108996
230,64,-1.29249,-0.108058
231,64,-1.2908,-0.107598
232,64,-1.2887,-0.107038
233,64,-1.28696,-0.106525
234,64,-1.28519,-0.105975
235,64,-1.28315,-0.105497
236,64,-1.28113,-0.105219
237,64,-1.27904,-0.10469
238,64,-1.27699,-0.104123
239,64,-1.27447,-0.103726
240,64,-1.27213,-0.103301
241,64,-1.27001,-0.102936
242,64,-1.26788,-0.103053
243,64,-1.26576,-0.102732
244,64,-1.2636,-0.102137
245,64,-1.26137,-0.101228
246,64,-1.2593,-0.100791
247,64,-1.25735,-0.100603
248,64,-1.25506,-0.100076
249,64,-1.25239,-0.0997614
250,64,-1.25002,-0.0996791
251,64,-1.24724,-0.0990684
252,64,-1.24486,-0.0982119
253,64,-1.24211,-0.0973606
254,64,-1.2393,-0.0970729
255,64,-1.23645,-0.096836
256,64,-1.23353,-0.0964473
257,64,-1.23075,-0.0960069
258,64,-1.22774,-0.0955499
259,64,-1.22497,-0.0953884
260,64,-1.22179,-0.0949812
261,64,-1.21885,-0.0944896
262,64,-1.21612,-0.094294
263,64,-1.21306,-0.0935388
264,64,-1.20978,-0.0931601
265,64,-1.20642,-0.092809
266,64,-1.20304,-0.0922443
267,64,-1.19961,-0.0913886
268,64,-1.19629,-0.0907092
269,64,-1.19298,-0.0903316
270,64,-1.18953,-0.0903268
271,64,-1.1863,-0.0899245
272,64,-1.18245,-0.089632
273,64,-1.17894,-0.0890412
274,64,-1.17568,-0.088444
275,64,-1.17211,-0.0879946
276,64,-1.16894,-0.0874132
277,64,-1.16586,-0.0871738
278,64,-1.16325,-0.0869183
279,64,-1.15998,-0.0865765
280,64,-1.15669,-0.086223
281,64,-1.15318,-0.0859192
282,64,-1.14976,-0.085051
283,64,-1.14667,-0.0843898
284,64,-1.14329,-0.0838534
285,64,-1.14006,-0.0832199
286,64,-1.1365,-0.0826126
287,64,-1.13306,-0.0818498
288,64,-1.12951,-0.0810757
289,64,-1.1263,-0.0805531
290,64,-1.12283,-0.0798542
291,64,-1.11946,-0.0791528
292,64,-1.11652,-0.0784398
293,64,-1.11325,-0.0775694
294,64,-1.11023,-0.0769217
295,64,-1.10695,-0.0760292
296,64,-1.10352,-0.0751278
297,64,-1.10023,-0.074559
298,64,-1.09684,-0.0742455
299,64,-1.09334,-0.0736476
300,64,-1.08994,-0.0729209
301,64,-1.08642,-0.0721925
302,64,-1.0828,-0.0715664
303,64,-1.07921,-0.071173
304,64,-1.07559,-0.070566
305,64,-1.07205,-0.0699034
306,64,-1.06891,-0.0693539
307,64,-1.06539,-0.0693007
308,64,-1.06153,-0.0689369
309,64,-1.05816,-0.0685693
310,64,-1.05473,-0.0680755
311,64,-1.05102,-0.0674833
312,64,-1.0473,-0.0669784
313,64,-1.04374,-0.0664967
314,64,-1.04012,-0.0662941
315,64,-1.03623,-0.0656558
316,64,-1.03253,-0.0650369
317,64,-1.02898,-0.0643939
318,64,-1.02549,-0.0637168
319,64,-1.02184,-0.0632546
320,64,-1.01844,-0.0628795
321,64,-1.01462,-0.0623407
322,64,-1.0109,-0.061195
323,64,-1.00746,-0.0602341
324,64,-1.00416,-0.059424
325,64,-1.0005,-0.0586312
326,64,-0.996991,-0.0576408
327,64,-0.993073,-0.0558977
11,65,-2.41505,-0.189984
12,65,-2.41148,-0.189686
13,65,-2.40767,-0.189602
14,65,-2.40387,-0.189567
15,65,-2.3996,-0.189068
16,65,-2.39588,-0.188893
17,65,-2.39195,-0.188772
18,65,-2.38799,-0.188438
19,65,-2.3842,-0.18837
20,65,-2.38061,-0.187917
21,65,-2.37686,-0.187403
22,65,-2.37286,-0.187005
23,65,-2.36922,-0.186614
24,65,-2.36489,-0.186164
25,65,-2.36152,-0.185456
26,65,-2.35839,-0.184818
27,65,-2.35489,-0.18439
28,65,-2.35162,-0.184038
29,65,-2.34805,-0.183551
30,65,-2.34439,-0.183284
31,65,-2.34052,-0.183093
32,65,-2.33698,-0.182628
33,65,-2.33332,-0.181935
34,65,-2.3298,-0.181646
35,65,-2.32603,-0.181362
36,65,-2.32192,-0.181172
37,65,-2.31847,-0.180837
38,65,-2.3145,-0.180656
39,65,-2.31032,-0.180444
40,65,-2.30626,-0.180585
41,65,-2.30194,-0.180445
42,65,-2.29806,-0.180155
43,65,-2.29433,-0.179839
44,65,-2.29089,-0.179724
45,65,-2.28729,-0.179371
46,65,-2.28367,-0.179154
47,65,-2.27959,-0.178998
48,65,-2.27577,-0.178953
49,65,-2.27225,-0.178793
50,65,-2.26848,-0.178869
51,65,-2.26494,-0.178473
52,65,-2.2613,-0.178645
53,65,-2.25712,-0.178293
54,65,-2.25337,-0.177676
55,65,-2.24943,-0.17774
56,65,-2.24567,-0.177782
57,65,-2.24163,-0.177688
58,65,-2.23772,-0.17734
59,65,-2.23405,-0.177018
60,65,-2.22982,-0.176551
61,65,-2.2257,-0.176442
62,65,-2.22143,-0.176633
63,65,-2.21729,-0.176247
64,65,-2.21318,-0.176161
65,65,-2.20975,-0.176117
66,65,-2.20594,-0.175788
67,65,-2.20178,-0.175616
68,65,-2.19776,-0.175382
69,65,-2.19371,-0.174412
70,65,-2.18997,-0.173872
71,65,-2.18627,-0.173848
72,65,-2.18227,-0.173544
73,65,-2.17845,-0.17321
74,65,-2.17511,-0.173052
75,65,-2.17129,-0.172423
76,65,-2.16718,-0.171877
77,65,-2.16334,-0.171929
78,65,-2.15912,-0.171507
79,65,-2.15534,-0.171396
80,65,-2.15171,-0.170959
81,65,-2.14802,-0.170538
82,65,-2.14448,-0.170348
83,65,-2.14064,-0.170134
84,65,-2.13745,-0.170313
85,65,-2.13419,-0.169895
86,65,-2.13055,-0.16953
87,65,-2.12692,-0.169753
88,65,-2.12353,-0.169886
89,65,-2.12031,-0.170032
90,65,-2.11661,-0.170072
91,65,-2.11309,-0.17012
92,65,-2.1098,-0.170345
93,65,-2.10636,-0.170501
94,65,-2.1034,-0.170769
95,65,-2.10005,-0.170901
96,65,-2.09635,-0.171292
97,65,-2.09309,-0.17136
98,65,-2.08967,-0.17138
99,65,-2.08645,-0.1714
100,65,-2.08339,-0.170859
101,65,-2.08012,-0.170723
102,65,-2.07704,-0.170674
103,65,-2.07391,-0.170676
104,65,-2.07076,-0.170528
105,65,-2.06811,-0.170306
106,65,-2.0651,-0.170084
107,65,-2.06185,-0.169789
108,65,-2.05878,-0.169372
109,65,-2.05586,-0.169291
110,65,-2.05299,-0.169544
111,65,-2.05012,-0.169278
112,65,-2.0477,-0.168911
113,65,-2.04498,-0.168412
114,65,-2.04225,-0.168134
115,65,-2.03979,-0.167948
116,65,-2.03719,-0.167284
117,65,-2.03525,-0.166931
118,65,-2.03321,-0.166528
119,65,-2.03085,-0.165899
120,65,-2.02888,-0.165595
121,65,-2.0269,-0.165104
122,65,-2.02512,-0.165042
123,65,-2.02333,-0.165069
124,65,-2.0214,-0.164707
125,65,-2.01922,-0.16438
126,65,-2.0174,-0.164025
127,65,-2.01585,-0.163633
128,65,-2.01422,-0.16323
129,65,-2.0124,-0.163046
130,65,-2.01076,-0.162707
131,65,-2.00933,-0.162342
132,65,-2.00775,-0.16188
133,65,-2.0064,-0.161829
134,65,-2.00502,-0.161566
135,65,-2.00388,-0.1612
136,65,-2.00308,-0.160711
137,65,-2.00178,-0.160388
138,65,-2.00078,-0.160277
139,65,-2.00035,-0.160363
140,65,-1.99949,-0.160315
141,65,-1.99848,-0.160107
142,65,-1.99766,-0.159714
143,65,-1.99674,-0.159577
144,65,-1.99581,-0.159268
145,65,-1.9953,-0.158931
146,65,-1.9947,-0.158766
147,65,-1.99428,-0.158668
148,65,-1.99334,-0.158451
149,65,-1.99292,-0.158324
150,65,-1.99282,-0.158234
151,65,-1.99229,-0.157686
152,65,-1.99236,-0.157596
153,65,-1.99223,-0.157498
154,65,-1.99206,-0.157814
155,65,-1.9924,-0.15833
156,65,-1.99231,-0.15856
157,65,-1.99202,-0.158877
158,65,-1.99207,-0.159524
159,65,-1.9917,-0.16034
197,65,-1.3153,-0.131338
198,65,-1.31443,-0.130366
199,65,-1.31332,-0.129668
200,65,-1.31277,-0.128847
201,65,-1.31234,-0.127981
202,65,-1.31203,-0.127262
203,65,-1.31166,-0.126738
204,65,-1.31144,-0.126425
205,65,-1.31088,-0.126235
206,65,-1.31078,-0.125781
207,65,-1.31032,-0.125319
208,65,-1.31017,-0.124687
209,65,-1.30997,-0.124037
210,65,-1.30987,-0.123285
211,65,-1.3095,-0.122519
212,65,-1.30908,-0.121438
213,65,-1.3083,-0.121068
214,65,-1.30824,-0.12019
215,65,-1.30771,-0.119767
216,65,-1.30713,-0.119112
217,65,-1.30689,-0.118404
218,65,-1.30632,-0.117717
219,65,-1.30534,-0.117156
220,65,-1.30414,-0.116307
221,65,-1.30337,-0.115367
222,65,-1.30279,-0.115034
223,65,-1.30203,-0.113614
224,65,-1.30116,-0.112978
225,65,-1.29937,-0.112283
226,65,-1.29814,-0.111188
227,65,-1.29687,-0.110329
228,65,-1.29557,-0.10932
229,65,-1.29427,-0.108923
230,65,-1.29261,-0.108172
231,65,-1.29096,-0.107628
232,65,-1.28937,-0.107106
233,65,-1.28735,-0.106747
234,65,-1.28589,-0.105942
235,65,-1.28368,-0.105748
236,65,-1.2815,-0.105402
237,65,-1.27932,-0.104974
238,65,-1.27722,-0.104637
239,65,-1.27485,-0.10422
240,65,-1.27277,-0.103922
241,65,-1.27086,-0.103518
242,65,-1.2686,-0.103104
243,65,-1.26651,-0.102738
244,65,-1.26421,-0.102101
245,65,-1.26222,-0.101709
246,65,-1.26029,-0.101458
247,65,-1.25798,-0.101028
248,65,-1.25578,-0.100699
249,65,-1.25309,-0.100392
250,65,-1.25068,-0.0997867
251,65,-1.24787,-0.0990897
252,65,-1.2451,-0.0983992
253,65,-1.24258,-0.0979872
254,65,-1.2397,-0.0973635
255,65,-1.23693,-0.0969942
256,65,-1.23418,-0.0965924
257,65,-1.23139,-0.096297
258,65,-1.22843,-0.0960539
259,65,-1.22526,-0.0953953
260,65,-1.22237,-0.0951815
261,65,-1.21935,-0.0949093
262,65,-1.21673,-0.0945493
263,65,-1.21365,-0.0942439
264,65,-1.21051,-0.0936987
265,65,-1.20682,-0.0930566
266,65,-1.20348,-0.0923392
267,65,-1.20029,-0.0918315
268,65,-1.19677,-0.0915741
269,65,-1.19345,-0.0911306
270,65,-1.19022,-0.0905104
271,65,-1.18665,-0.0902242
272,65,-1.18292,-0.0897533
273,65,-1.17938,-0.0894698
274,65,-1.17616,-0.0891045
275,65,-1.17287,-0.0887945
276,65,-1.16949,-0.0884467
277,65,-1.16638,-0.0882
278,65,-1.16329,-0.0875434
279,65,-1.16049,-0.0872446
280,65,-1.15711,-0.0868082
281,65,-1.15362,-0.0863083
282,65,-1.15011,-0.0855512
283,65,-1.14703,-0.0850626
284,65,-1.14365,-0.0844653
285,65,-1.14056,-0.0837728
286,65,-1.13687,-0.083229
287,65,-1.13334,-0.0826222
288,65,-1.12995,-0.0820892
289,65,-1.12649,-0.0811339
290,65,-1.12296,-0.0802831
291,65,-1.12006,-0.0798504
292,65,-1.11694,-0.0789655
293,65,-1.11386,-0.0782094
294,65,-1.11057,-0.0774337
295,65,-1.10751,-0.0766998
296,65,-1.10403,-0.0761597
297,65,-1.10063,-0.0755138
298,65,-1.09724,-0.0746801
299,65,-1.09364,-0.0743968
300,65,-1.09032,-0.0738047
301,65,-1.08686,-0.0730511
302,65,-1.08339,-0.0725404
303,65,-1.07965,-0.0721024
304,65,-1.07622,-0.0712095
305,65,-1.07275,-0.0705611
306,65,-1.06929,-0.0700008
307,65,-1.06567,-0.069799
308,65,-1.06216,-0.0694654
309,65,-1.05856,-0.0689885
310,65,-1.05524,-0.0685929
311,65,-1.05135,-0.068245
312,65,-1.04759,-0.0675635
313,65,-1.04406,-0.067131
314,65,-1.04028,-0.0665193
315,65,-1.03662,-0.0662655
316,65,-1.03285,-0.0657317
317,65,-1.02929,-0.0651075
318,65,-1.02577,-0.064377
319,65,-1.02212,-0.0634821
320,65,-1.01864,-0.0632208
321,65,-1.01482,-0.0623404
322,65,-1.01112,-0.0615752
323,65,-1.00771,-0.0609176
324,65,-1.00445,-0.0601371
325,65,-1.00089,-0.059507
326,65,-0.99765,-0.0583241
327,65,-0.994008,-0.0571189
11,66,-2.41494,-0.190478
12,66,-2.411,-0.189879
13,66,-2.40721,-0.189891
14,66,-2.40321,-0.189959
15,66,-2.39948,-0.189877
16,66,-2.39532,-0.189733
17,66,-2.3916,-0.189618
18,66,-2.38793,-0.189178
19,66,-2.3842,-0.188903
20,66,-2.38052,-0.188388
21,66,-2.3769,-0.188264
22,66,-2.37303,-0.187715
23,66,-2.36937,-0.187194
24,66,-2.36543,-0.186717
25,66,-2.36178,-0.185978
26,66,-2.35844,-0.185727
27,66,-2.35502,-0.185276
28,66,-2.35153,-0.18483
29,66,-2.34805,-0.184663
30,66,-2.34418,-0.184668
31,66,-2.34071,-0.184235
32,66,-2.33731,-0.183957
33,66,-2.33339,-0.183131
34,66,-2.33017,-0.183054
35,66,-2.32622,-0.182696
36,66,-2.32248,-0.182406
37,66,-2.31878,-0.182218
38,66,-2.3147,-0.182173
39,66,-2.3106,-0.181716
40,66,-2.30654,-0.181578
41,66,-2.30248,-0.181598
42,66,-2.29846,-0.180874
43,66,-2.29474,-0.180601
44,66,-2.29122,-0.180403
45,66,-2.28728,-0.180191
46,66,-2.28357,-0.179827
47,66,-2.27934,-0.179973
48,66,-2.27579,-0.179446
49,66,-2.27233,-0.179181
50,66,-2.26866,-0.179357
51,66,-2.26472,-0.178757
52,66,-2.26142,-0.178949
53,66,-2.25714,-0.178795
54,66,-2.25345,-0.17836
55,66,-2.24949,-0.178399
56,66,-2.24579,-0.178588
57,66,-2.24172,-0.178447
58,66,-2.23813,-0.178375
59,66,-2.23419,-0.177743
60,66,-2.23026,-0.177248
61,66,-2.22585,-0.176971
62,66,-2.2216,-0.176882
63,66,-2.21772,-0.176773
64,66,-2.21363,-0.176753
65,66,-2.20954,-0.176486
66,66,-2.20579,-0.176215
67,66,-2.20186,-0.176069
68,66,-2.19796,-0.175472
69,66,-2.19379,-0.17503
70,66,-2.18985,-0.174633
71,66,-2.18629,-0.174364
72,66,-2.18243,-0.174151
73,66,-2.17861,-0.173638
74,66,-2.1747,-0.17329
75,66,-2.17082,-0.172677
76,66,-2.16711,-0.172379
77,66,-2.16316,-0.172331
78,66,-2.15903,-0.172034
79,66,-2.15546,-0.171685
80,66,-2.15172,-0.171315
81,66,-2.14791,-0.171128
82,66,-2.14444,-0.171189
83,66,-2.14107,-0.170865
84,66,-2.13766,-0.170552
85,66,-2.13416,-0.170254
86,66,-2.13069,-0.170035
87,66,-2.12715,-0.170037
88,66,-2.12386,-0.169924
89,66,-2.12043,-0.169879
90,66,-2.11703,-0.169952
91,66,-2.11348,-0.170305
92,66,-2.11003,-0.170705
93,66,-2.10687,-0.170825
94,66,-2.1036,-0.171047
95,66,-2.10023,-0.171249
96,66,-2.0969,-0.171475
97,66,-2.09329,-0.171646
98,66,-2.0898,-0.171804
99,66,-2.08675,-0.171646
100,66,-2.08353,-0.171129
101,66,-2.08034,-0.170855
102,66,-2.0772,-0.170824
103,66,-2.07419,-0.170713
104,66,-2.07098,-0.170646
105,66,-2.06808,-0.170749
106,66,-2.06519,-0.170402
107,66,-2.06194,-0.170186
108,66,-2.05882,-0.169936
109,66,-2.05584,-0.16955
110,66,-2.05314,-0.169384
111,66,-2.05045,-0.169447
112,66,-2.04783,-0.169362
113,66,-2.0452,-0.168975
114,66,-2.04233,-0.168738
115,66,-2.03961,-0.168374
116,66,-2.03713,-0.167697
117,66,-2.03495,-0.167193
118,66,-2.03274,-0.166784
119,66,-2.03031,-0.166469
120,66,-2.02841,-0.166138
121,66,-2.02677,-0.165553
122,66,-2.0248,-0.165368
123,66,-2.02266,-0.165262
124,66,-2.02078,-0.165088
125,66,-2.01901,-0.16502
126,66,-2.01712,-0.164543
127,66,-2.01537,-0.164132
128,66,-2.01387,-0.164024
129,66,-2.0121,-0.16368
130,66,-2.01013,-0.16327
131,66,-2.00882,-0.162799
132,66,-2.00704,-0.162418
133,66,-2.00541,-0.162185
134,66,-2.00407,-0.161999
135,66,-2.00318,-0.161723
136,66,-2.0024,-0.161175
137,66,-2.00122,-0.160795
138,66,-2.00041,-0.160782
139,66,-1.99958,-0.160815
140,66,-1.99877,-0.160883
141,66,-1.99772,-0.160685
142,66,-1.99715,-0.160514
143,66,-1.99665,-0.160306
144,66,-1.99546,-0.159917
145,66,-1.99442,-0.159714
146,66,-1.99382,-0.159344
147,66,-1.99329,-0.159334
148,66,-1.99261,-0.159271
149,66,-1.99227,-0.159462
150,66,-1.99212,-0.159319
151,66,-1.99179,-0.158932
152,66,-1.99187,-0.159054
153,66,-1.99205,-0.159156
154,66,-1.99191,-0.159642
155,66,-1.99144,-0.160572
156,66,-1.99118,-0.161404
157,66,-1.99083,-0.162853
158,66,-1.99066,-0.164675
159,66,-1.99022,-0.166024
197,66,-1.31756,-0.137206
198,66,-1.31687,-0.135428
199,66,-1.31557,-0.133313
200,66,-1.31457,-0.131768
201,66,-1.31435,-0.130308
202,66,-1.31373,-0.129465
203,66,-1.31355,-0.128508
204,66,-1.3132,-0.127701
205,66,-1.31281,-0.127242
206,66,-1.31238,-0.126801
207,66,-1.31181,-0.126413
208,66,-1.31156,-0.125654
209,66,-1.31136,-0.124753
210,66,-1.31091,-0.123925
211,66,-1.31053,-0.123333
212,66,-1.30995,-0.122394
213,66,-1.30907,-0.121609
214,66,-1.30892,-0.120846
215,66,-1.30861,-0.120126
216,66,-1.30814,-0.119597
217,66,-1.30784,-0.118879
218,66,-1.30706,-0.118162
219,66,-1.30606,-0.117669
220,66,-1.30507,-0.116638
221,66,-1.30406,-0.115892
222,66,-1.30332,-0.115211
223,66,-1.30241,-0.114183
224,66,-1.30141,-0.113251
225,66,-1.30008,-0.11256
226,66,-1.29898,-0.11145
227,66,-1.29767,-0.110567
228,66,-1.29622,-0.109821
229,66,-1.2947,-0.109029
230,66,-1.29313,-0.10845
231,66,-1.29138,-0.107863
232,66,-1.28977,-0.10719
233,66,-1.28829,-0.10696
234,66,-1.28609,-0.106322
235,66,-1.28419,-0.106273
236,66,-1.28209,-0.105745
237,66,-1.27995,-0.105229
238,66,-1.27801,-0.104988
239,66,-1.27553,-0.104566
240,66,-1.27349,-0.104255
241,66,-1.27172,-0.10397
242,66,-1.26954,-0.103696
243,66,-1.26755,-0.103397
244,66,-1.26515,-0.102775
245,66,-1.2629,-0.102157
246,66,-1.26067,-0.101648
247,66,-1.2586,-0.101415
248,66,-1.25623,-0.101248
249,66,-1.2538,-0.100662
250,66,-1.25099,-0.10004
251,66,-1.24835,-0.0993087
252,66,-1.24561,-0.0987558
253,66,-1.24274,-0.0981513
254,66,-1.23996,-0.0979024
255,66,-1.23739,-0.0972775
256,66,-1.23468,-0.0970642
257,66,-1.23183,-0.0966796
258,66,-1.22911,-0.0965765
259,66,-1.22584,-0.0958081
260,66,-1.22314,-0.0952765
261,66,-1.22019,-0.0947571
262,66,-1.21719,-0.0945526
263,66,-1.21447,-0.0945248
264,66,-1.21131,-0.0940776
265,66,-1.20789,-0.093506
266,66,-1.2044,-0.0927463
267,66,-1.20107,-0.0923861
268,66,-1.19789,-0.0920519
269,66,-1.19451,-0.0914943
270,66,-1.19086,-0.0911031
271,66,-1.18734,-0.0908082
272,66,-1.18363,-0.0904456
273,66,-1.18018,-0.0900393
274,66,-1.17699,-0.089734
275,66,-1.17353,-0.0892667
276,66,-1.17049,-0.089311
277,66,-1.16741,-0.0886131
278,66,-1.16408,-0.0883114
279,66,-1.16117,-0.0878855
280,66,-1.15752,-0.0872009
281,66,-1.15437,-0.0866523
282,66,-1.15071,-0.0861565
283,66,-1.1476,-0.0855588
284,66,-1.14434,-0.0850184
285,66,-1.14093,-0.084462
286,66,-1.13727,-0.0837949
287,66,-1.13377,-0.0830769
288,66,-1.12994,-0.0826884
289,66,-1.12681,-0.081863
290,66,-1.12359,-0.0812436
291,66,-1.12053,-0.0806533
292,66,-1.11741,-0.0798416
293,66,-1.11437,-0.0788583
294,66,-1.11129,-0.0781641
295,66,-1.1079,-0.0771694
296,66,-1.10446,-0.0768426
297,66,-1.10111,-0.0763628
298,66,-1.09762,-0.0755919
299,66,-1.0942,-0.0751248
300,66,-1.0906,-0.0746355
301,66,-1.0869,-0.0739076
302,66,-1.08378,-0.0732649
303,66,-1.08045,-0.0727679
304,66,-1.0767,-0.0719832
305,66,-1.07297,-0.0712535
306,66,-1.06944,-0.0707904
307,66,-1.0658,-0.0701177
308,66,-1.06235,-0.0701415
309,66,-1.05862,-0.0696261
310,66,-1.0551,-0.0690328
311,66,-1.05145,-0.0686462
312,66,-1.04771,-0.068041
313,66,-1.04432,-0.0678875
314,66,-1.04058,-0.0673564
315,66,-1.03679,-0.0672233
316,66,-1.03312,-0.0665521
317,66,-1.02967,-0.0658124
318,66,-1.0258,-0.0651601
319,66,-1.02194,-0.0642676
320,66,-1.01847,-0.063552
321,66,-1.01487,-0.0628406
322,66,-1.01143,-0.0621658
323,66,-1.00803,-0.0613703
324,66,-1.00464,-0.060758
325,66,-1.00117,-0.0600103
326,66,-0.997795,-0.0588679
327,66,-0.994355,-0.0574845
11,67,-2.41511,-0.190743
12,67,-2.41119,-0.190621
13,67,-2.40747,-0.190535
14,67,-2.40333,-0.190752
15,67,-2.39954,-0.190783
16,67,-2.39515,-0.190467
17,67,-2.39129,-0.190278
18,67,-2.38755,-0.189915
19,67,-2.38386,-0.189306
20,67,-2.38032,-0.188978
21,67,-2.37678,-0.188641
22,67,-2.37323,-0.188389
23,67,-2.36955,-0.18821
24,67,-2.3658,-0.187463
25,67,-2.36174,-0.18678
26,67,-2.35815,-0.186523
27,67,-2.3548,-0.186312
28,67,-2.35111,-0.186128
29,67,-2.34771,-0.185953
30,67,-2.34409,-0.185263
31,67,-2.3405,-0.184743
32,67,-2.33668,-0.184787
33,67,-2.33311,-0.183994
34,67,-2.32981,-0.184048
35,67,-2.32624,-0.183506
36,67,-2.32276,-0.183415
37,67,-2.31885,-0.183406
38,67,-2.31515,-0.183182
39,67,-2.31086,-0.182746
40,67,-2.30685,-0.182514
41,67,-2.30284,-0.182206
42,67,-2.2986,-0.181811
43,67,-2.29502,-0.181323
44,67,-2.29144,-0.181085
45,67,-2.28748,-0.180987
46,67,-2.28348,-0.180886
47,67,-2.27948,-0.180484
48,67,-2.27588,-0.180238
49,67,-2.27233,-0.18017
50,67,-2.26867,-0.179556
51,67,-2.26483,-0.179542
52,67,-2.26124,-0.1794
53,67,-2.2575,-0.178936
54,67,-2.25369,-0.1793
55,67,-2.24991,-0.178946
56,67,-2.24623,-0.178924
57,67,-2.24199,-0.178901
58,67,-2.23808,-0.178674
59,67,-2.23433,-0.178354
60,67,-2.23049,-0.178102
61,67,-2.22634,-0.177495
62,67,-2.22221,-0.177231
63,67,-2.21827,-0.177287
64,67,-2.21408,-0.177261
65,67,-2.20967,-0.17724
66,67,-2.20562,-0.176908
67,67,-2.20206,-0.176441
68,67,-2.19795,-0.175895
69,67,-2.19392,-0.175341
70,67,-2.19018,-0.175351
71,67,-2.18636,-0.175121
72,67,-2.1823,-0.17468
73,67,-2.17865,-0.174344
74,67,-2.17466,-0.173902
75,67,-2.17062,-0.173384
76,67,-2.1666,-0.173067
77,67,-2.16268,-0.172752
78,67,-2.15937,-0.172211
79,67,-2.1555,-0.171959
80,67,-2.15162,-0.171894
81,67,-2.14792,-0.171769
82,67,-2.14431,-0.171716
83,67,-2.14078,-0.171415
84,67,-2.13753,-0.170924
85,67,-2.13421,-0.170792
86,67,-2.13058,-0.170622
87,67,-2.12701,-0.17075
88,67,-2.12379,-0.170586
89,67,-2.12048,-0.170202
90,67,-2.11712,-0.170252
91,67,-2.11381,-0.170684
92,67,-2.11019,-0.170923
93,67,-2.10696,-0.170723
94,67,-2.10367,-0.170978
95,67,-2.10014,-0.171442
96,67,-2.09698,-0.171744
97,67,-2.09342,-0.171826
98,67,-2.08988,-0.171631
99,67,-2.08671,-0.171564
100,67,-2.08354,-0.171566
101,67,-2.0804,-0.170956
102,67,-2.07735,-0.170644
103,67,-2.0743,-0.170836
104,67,-2.07102,-0.170657
105,67,-2.06789,-0.170607
106,67,-2.06495,-0.170744
107,67,-2.06179,-0.170502
108,67,-2.05868,-0.170173
109,67,-2.05601,-0.16982
110,67,-2.05306,-0.169449
111,67,-2.05041,-0.169444
112,67,-2.048,-0.169558
113,67,-2.0451,-0.169528
114,67,-2.04241,-0.169127
115,67,-2.03975,-0.168774
116,67,-2.03706,-0.168296
117,67,-2.0346,-0.167754
118,67,-2.03222,-0.167548
119,67,-2.0299,-0.167272
120,67,-2.02781,-0.16681
121,67,-2.02607,-0.166323
122,67,-2.02401,-0.165993
123,67,-2.02172,-0.165562
124,67,-2.01994,-0.165368
125,67,-2.01811,-0.16549
126,67,-2.01634,-0.165283
127,67,-2.01462,-0.164761
128,67,-2.0129,-0.164642
129,67,-2.01118,-0.164265
130,67,-2.00922,-0.163627
131,67,-2.00759,-0.163039
132,67,-2.006,-0.162725
133,67,-2.00455,-0.162409
134,67,-2.00334,-0.162048
135,67,-2.00245,-0.161595
136,67,-2.00169,-0.161254
137,67,-2.00059,-0.161456
138,67,-1.99944,-0.161283
139,67,-1.99874,-0.161369
140,67,-1.99779,-0.161026
141,67,-1.99696,-0.160822
142,67,-1.99609,-0.160992
143,67,-1.99532,-0.16098
144,67,-1.99436,-0.160617
145,67,-1.99357,-0.160479
146,67,-1.99289,-0.160421
147,67,-1.99228,-0.160294
148,67,-1.99135,-0.16044
149,67,-1.9911,-0.160625
150,67,-1.99095,-0.160756
151,67,-1.99072,-0.160536
152,67,-1.99037,-0.160463
153,67,-1.99036,-0.16125
154,67,-1.99015,-0.162134
155,67,-1.98983,-0.163272
156,67,-1.9892,-0.164885
157,67,-1.98858,-0.166706
158,67,-1.98801,-0.168597
159,67,-1.98711,-0.170456
197,67,-1.32047,-0.141295
198,67,-1.31928,-0.13881
199,67,-1.31844,-0.136396
200,67,-1.31782,-0.134592
201,67,-1.3168,-0.133261
202,67,-1.31598,-0.131692
203,67,-1.31539,-0.130176
204,67,-1.31454,-0.12928
205,67,-1.31423,-0.12848
206,67,-1.31399,-0.12762
207,67,-1.3135,-0.127092
208,67,-1.3134,-0.126537
209,67,-1.31293,-0.125448
210,67,-1.31239,-0.124534
211,67,-1.31165,-0.123877
212,67,-1.31134,-0.122897
213,67,-1.31066,-0.122172
214,67,-1.31055,-0.121265
215,67,-1.30979,-0.120874
216,67,-1.30931,-0.120119
217,67,-1.30897,-0.119399
218,67,-1.30811,-0.11862
219,67,-1.3074,-0.117813
220,67,-1.30651,-0.116931
221,67,-1.30532,-0.116215
222,67,-1.3042,-0.115534
223,67,-1.30348,-0.114507
224,67,-1.30223,-0.113872
225,67,-1.30067,-0.113004
226,67,-1.2998,-0.112051
227,67,-1.2988,-0.111043
228,67,-1.29716,-0.110332
229,67,-1.29566,-0.109832
230,67,-1.29388,-0.109144
231,67,-1.29212,-0.10845
232,67,-1.29075,-0.107957
233,67,-1.28874,-0.107481
234,67,-1.28697,-0.106992
235,67,-1.28503,-0.106752
236,67,-1.28309,-0.10637
237,67,-1.28097,-0.105684
238,67,-1.27924,-0.105293
239,67,-1.27702,-0.104932
240,67,-1.27477,-0.104581
241,67,-1.27254,-0.104287
242,67,-1.27042,-0.104274
243,67,-1.26835,-0.103727
244,67,-1.26617,-0.103559
245,67,-1.26375,-0.103033
246,67,-1.26135,-0.102569
247,67,-1.25905,-0.102058
248,67,-1.25677,-0.101427
249,67,-1.2542,-0.101098
250,67,-1.25158,-0.100325
251,67,-1.24919,-0.0998534
252,67,-1.24636,-0.0991569
253,67,-1.24403,-0.0984639
254,67,-1.24103,-0.097962
255,67,-1.23822,-0.0974947
256,67,-1.23506,-0.0973564
257,67,-1.23268,-0.0970435
258,67,-1.22972,-0.0965611
259,67,-1.2269,-0.0961662
260,67,-1.22389,-0.095265
261,67,-1.22095,-0.095095
262,67,-1.21817,-0.0948997
263,67,-1.21543,-0.0944352
264,67,-1.21206,-0.0941393
265,67,-1.20881,-0.0935361
266,67,-1.20527,-0.0931155
267,67,-1.20193,-0.0925932
268,67,-1.19852,-0.0923662
269,67,-1.19546,-0.09232
270,67,-1.19166,-0.0918959
271,67,-1.18819,-0.0913868
272,67,-1.1846,-0.0912058
273,67,-1.18093,-0.0908881
274,67,-1.17776,-0.0903749
275,67,-1.17454,-0.0898549
276,67,-1.17116,-0.0896495
277,67,-1.16793,-0.0892679
278,67,-1.16457,-0.0887449
279,67,-1.16131,-0.0882257
280,67,-1.15799,-0.0875975
281,67,-1.15472,-0.0867511
282,67,-1.15131,-0.0865704
283,67,-1.14839,-0.0860404
284,67,-1.14499,-0.0854303
285,67,-1.14152,-0.0848508
286,67,-1.13783,-0.0842993
287,67,-1.13431,-0.0839325
288,67,-1.13078,-0.0833076
289,67,-1.12722,-0.0826247
290,67,-1.12398,-0.0818902
291,67,-1.12081,-0.0812249
292,67,-1.11787,-0.0805613
293,67,-1.11468,-0.0797561
294,67,-1.1117,-0.0789857
295,67,-1.10838,-0.0782589
296,67,-1.10492,-0.0773491
297,67,-1.10139,-0.0770511
298,67,-1.09811,-0.0764947
299,67,-1.09429,-0.0759261
300,67,-1.09109,-0.0755232
301,67,-1.08771,-0.0749584
302,67,-1.08424,-0.0740901
303,67,-1.08092,-0.07326
304,67,-1.07719,-0.0727983
305,67,-1.07349,-0.0720385
306,67,-1.06987,-0.0713353
307,67,-1.06642,-0.0709099
308,67,-1.06244,-0.0706633
309,67,-1.05877,-0.0701893
310,67,-1.05524,-0.069834
311,67,-1.05157,-0.069201
312,67,-1.04795,-0.068683
313,67,-1.04436,-0.0682492
314,67,-1.04039,-0.0675229
315,67,-1.03682,-0.0670734
316,67,-1.03349,-0.0669816
317,67,-1.02977,-0.0662067
318,67,-1.02567,-0.0655571
319,67,-1.0221,-0.06483
320,67,-1.01855,-0.0641121
321,67,-1.01493,-0.0632836
322,67,-1.01158,-0.0624943
323,67,-1.00822,-0.061781
324,67,-1.00485,-0.061133
325,67,-1.00136,-0.0604572
326,67,-0.99802,-0.0594232
327,67,-0.994157,-0.0578831
11,68,-2.41517,-0.191307
12,68,-2.41128,-0.190968
13,68,-2.40729,-0.190958
14,68,-2.40337,-0.191073
15,68,-2.39918,-0.191191
16,68,-2.39512,-0.190897
17,68,-2.39121,-0.190764
18,68,-2.38727,-0.190605
19,68,-2.38395,-0.190019
20,68,-2.3799,-0.189751
21,68,-2.37647,-0.189376
22,68,-2.37317,-0.188974
23,68,-2.36941,-0.188767
24,68,-2.3658,-0.18804
25,68,-2.36186,-0.18741
26,68,-2.35827,-0.187403
27,68,-2.35471,-0.187162
28,68,-2.35114,-0.187015
29,68,-2.34777,-0.186904
30,68,-2.34412,-0.186195
31,68,-2.34047,-0.185955
32,68,-2.33671,-0.185516
33,68,-2.33314,-0.18492
34,68,-2.32969,-0.184682
35,68,-2.32627,-0.184108
36,68,-2.32244,-0.183965
37,68,-2.3187,-0.183761
38,68,-2.31491,-0.183799
39,68,-2.31082,-0.183173
40,68,-2.30709,-0.183211
41,68,-2.30326,-0.183024
42,68,-2.29943,-0.182814
43,68,-2.29544,-0.182396
44,68,-2.29175,-0.182003
45,68,-2.28787,-0.181567
46,68,-2.2839,-0.181528
47,68,-2.27996,-0.181132
48,68,-2.27615,-0.18082
49,68,-2.27235,-0.180659
50,68,-2.26889,-0.180224
51,68,-2.2651,-0.179884
52,68,-2.26131,-0.180078
53,68,-2.25768,-0.179856
54,68,-2.25408,-0.17976
55,68,-2.25015,-0.179424
56,68,-2.24638,-0.179619
57,68,-2.24202,-0.179484
58,68,-2.23824,-0.178986
59,68,-2.23428,-0.178842
60,68,-2.23055,-0.178177
61,68,-2.22686,-0.17832
62,68,-2.22233,-0.178216
63,68,-2.21823,-0.177901
64,68,-2.21422,-0.177796
65,68,-2.20999,-0.177493
66,68,-2.20586,-0.17728
67,68,-2.20208,-0.177017
68,68,-2.19789,-0.176887
69,68,-2.19403,-0.176013
70,68,-2.19017,-0.175412
71,68,-2.18624,-0.17553
72,68,-2.18227,-0.17515
73,68,-2.17845,-0.174891
74,68,-2.17449,-0.174628
75,68,-2.17038,-0.174414
76,68,-2.16645,-0.173819
77,68,-2.16239,-0.173247
78,68,-2.15904,-0.1728
79,68,-2.15525,-0.172487
80,68,-2.15129,-0.172339
81,68,-2.14771,-0.172051
82,68,-2.14417,-0.171931
83,68,-2.14053,-0.17181
84,68,-2.13731,-0.171445
85,68,-2.13431,-0.171169
86,68,-2.13065,-0.17109
87,68,-2.1269,-0.171055
88,68,-2.12349,-0.171197
89,68,-2.12008,-0.170818
90,68,-2.1167,-0.170728
91,68,-2.11365,-0.171017
92,68,-2.11033,-0.171096
93,68,-2.10693,-0.171229
94,68,-2.1036,-0.171479
95,68,-2.10037,-0.17161
96,68,-2.09701,-0.171856
97,68,-2.09324,-0.172016
98,68,-2.0899,-0.171759
99,68,-2.08674,-0.171698
100,68,-2.08355,-0.171599
101,68,-2.08019,-0.171235
102,68,-2.07683,-0.171036
103,68,-2.07379,-0.170803
104,68,-2.07055,-0.170679
105,68,-2.06751,-0.170805
106,68,-2.06448,-0.170607
107,68,-2.06132,-0.170383
108,68,-2.05841,-0.170245
109,68,-2.05555,-0.170078
110,68,-2.05297,-0.169787
111,68,-2.05035,-0.16972
112,68,-2.04763,-0.169878
113,68,-2.04506,-0.169897
114,68,-2.04213,-0.169491
115,68,-2.03929,-0.169406
116,68,-2.03656,-0.168916
117,68,-2.03395,-0.168327
118,68,-2.03159,-0.168167
119,68,-2.02922,-0.16775
120,68,-2.02714,-0.167352
121,68,-2.02512,-0.167063
122,68,-2.02303,-0.166738
123,68,-2.02078,-0.166347
124,68,-2.01899,-0.166208
125,68,-2.01723,-0.166
126,68,-2.01523,-0.165933
127,68,-2.01372,-0.165628
128,68,-2.01206,-0.165253
129,68,-2.01029,-0.164682
130,68,-2.00848,-0.163908
131,68,-2.00684,-0.163661
132,68,-2.00551,-0.163414
133,68,-2.00374,-0.162946
134,68,-2.00244,-0.162428
135,68,-2.0016,-0.161895
136,68,-2.00051,-0.161774
137,68,-1.99934,-0.161737
138,68,-1.99826,-0.161752
139,68,-1.99736,-0.16177
140,68,-1.99627,-0.161617
141,68,-1.99528,-0.161582
142,68,-1.99438,-0.161381
143,68,-1.99361,-0.161304
144,68,-1.99279,-0.161167
145,68,-1.99202,-0.161133
146,68,-1.99115,-0.161114
147,68,-1.99072,-0.161304
148,68,-1.99017,-0.161305
149,68,-1.98955,-0.161338
150,68,-1.98924,-0.161569
151,68,-1.98887,-0.161901
152,68,-1.98846,-0.16239
153,68,-1.98824,-0.163358
154,68,-1.98771,-0.164473
155,68,-1.9875,-0.166051
156,68,-1.98708,-0.167956
157,68,-1.98659,-0.170098
158,68,-1.98561,-0.172461
159,68,-1.98487,-0.17509
197,68,-1.32352,-0.146294
198,68,-1.32192,-0.143222
199,68,-1.32088,-0.140475
200,68,-1.3203,-0.137452
201,68,-1.31974,-0.135414
202,68,-1.31896,-0.133458
203,68,-1.31847,-0.131651
204,68,-1.31738,-0.130577
205,68,-1.31663,-0.129734
206,68,-1.31629,-0.128869
207,68,-1.3156,-0.128058
208,68,-1.31533,-0.127082
209,68,-1.31481,-0.126372
210,68,-1.31442,-0.125303
211,68,-1.31375,-0.124479
212,68,-1.3133,-0.123652
213,68,-1.31273,-0.123071
214,68,-1.31238,-0.122401
215,68,-1.3115,-0.12167
216,68,-1.31085,-0.120798
217,68,-1.31035,-0.119979
218,68,-1.30958,-0.118989
219,68,-1.30879,-0.118248
220,68,-1.30815,-0.117414
221,68,-1.30715,-0.116637
222,68,-1.30625,-0.115993
223,68,-1.30469,-0.114919
224,68,-1.30381,-0.114291
225,68,-1.30244,-0.113465
226,68,-1.30109,-0.112453
227,68,-1.29975,-0.111456
228,68,-1.29819,-0.110825
229,68,-1.29653,-0.110425
230,68,-1.29493,-0.109574
231,68,-1.29321,-0.108937
232,68,-1.2919,-0.108259
233,68,-1.28995,-0.107808
234,68,-1.28799,-0.107288
235,68,-1.28592,-0.107266
236,68,-1.28403,-0.10698
237,68,-1.28228,-0.106276
238,68,-1.28035,-0.105879
239,68,-1.27811,-0.105393
240,68,-1.2758,-0.105218
241,68,-1.27381,-0.104751
242,68,-1.27162,-0.104229
243,68,-1.26949,-0.104062
244,68,-1.26739,-0.103653
245,68,-1.26495,-0.103216
246,68,-1.2626,-0.102813
247,68,-1.26027,-0.102352
248,68,-1.25778,-0.101525
249,68,-1.255,-0.100903
250,68,-1.25239,-0.100401
251,68,-1.25004,-0.10006
252,68,-1.24779,-0.0998064
253,68,-1.24495,-0.0991527
254,68,-1.24225,-0.0984118
255,68,-1.23938,-0.0979872
256,68,-1.23655,-0.0979172
257,68,-1.23346,-0.0973626
258,68,-1.23064,-0.0969681
259,68,-1.22796,-0.0962161
260,68,-1.22508,-0.0956815
261,68,-1.22199,-0.095553
262,68,-1.21931,-0.0952183
263,68,-1.21641,-0.095021
264,68,-1.21308,-0.0945597
265,68,-1.20974,-0.0941243
266,68,-1.20625,-0.0938217
267,68,-1.20295,-0.0930374
268,68,-1.19963,-0.0928652
269,68,-1.19653,-0.0926494
270,68,-1.19266,-0.0925243
271,68,-1.18923,-0.0920754
272,68,-1.18556,-0.0919419
273,68,-1.1821,-0.0916668
274,68,-1.17868,-0.091046
275,68,-1.17523,-0.090495
276,68,-1.17196,-0.089983
277,68,-1.16863,-0.0896168
278,68,-1.16549,-0.0894037
279,68,-1.16204,-0.088613
280,68,-1.1586,-0.088133
281,68,-1.1555,-0.0876182
282,68,-1.15209,-0.0870814
283,68,-1.14878,-0.0863156
284,68,-1.14557,-0.0856924
285,68,-1.14221,-0.0852258
286,68,-1.1388,-0.0847431
287,68,-1.13509,-0.0843518
288,68,-1.13143,-0.0838786
289,68,-1.12778,-0.083032
290,68,-1.12472,-0.082474
291,68,-1.12147,-0.0818033
292,68,-1.11821,-0.081194
293,68,-1.11509,-0.0805564
294,68,-1.11193,-0.0797475
295,68,-1.1088,-0.0793542
296,68,-1.10527,-0.0783354
297,68,-1.10195,-0.0779025
298,68,-1.09834,-0.0773226
299,68,-1.09489,-0.076833
300,68,-1.09138,-0.0764875
301,68,-1.0881,-0.0758465
302,68,-1.08484,-0.0751104
303,68,-1.08132,-0.0742785
304,68,-1.07756,-0.0737974
305,68,-1.07404,-0.0728772
306,68,-1.07051,-0.0724084
307,68,-1.06669,-0.071831
308,68,-1.06286,-0.0710875
309,68,-1.05939,-0.0707223
310,68,-1.05574,-0.0703718
311,68,-1.05218,-0.0699085
312,68,-1.04824,-0.0691448
313,68,-1.04437,-0.0685431
314,68,-1.04044,-0.0680873
315,68,-1.03706,-0.0676557
316,68,-1.03345,-0.0673475
317,68,-1.02992,-0.0668253
318,68,-1.0262,-0.0659575
319,68,-1.02256,-0.0650278
320,68,-1.01887,-0.06453
321,68,-1.0154,-0.0637563
322,68,-1.01204,-0.0630013
323,68,-1.00839,-0.0623947
324,68,-1.00491,-0.0616455
325,68,-1.00172,-0.0611672
326,68,-0.998406,-0.0601925
327,68,-0.995178,-0.0591503
11,69,-2.41405,-0.192104
12,69,-2.41045,-0.191687
13,69,-2.40694,-0.191649
14,69,-2.40321,-0.191711
15,69,-2.39913,-0.191528
16,69,-2.39519,-0.191442
17,69,-2.39126,-0.191375
18,69,-2.38743,-0.191117
19,69,-2.38376,-0.19061
20,69,-2.37995,-0.190516
21,69,-2.37637,-0.190105
22,69,-2.37318,-0.189829
23,69,-2.36917,-0.189515
24,69,-2.36565,-0.189054
25,69,-2.36223,-0.18854
26,69,-2.35843,-0.188321
27,69,-2.35472,-0.187991
28,69,-2.35102,-0.187839
29,69,-2.34746,-0.187535
30,69,-2.34408,-0.187212
31,69,-2.34026,-0.18672
32,69,-2.33668,-0.186451
33,69,-2.33339,-0.185985
34,69,-2.32981,-0.185274
35,69,-2.32622,-0.185148
36,69,-2.32237,-0.184742
37,69,-2.31847,-0.1844
38,69,-2.31468,-0.184293
39,69,-2.31105,-0.184118
40,69,-2.30739,-0.184082
41,69,-2.30365,-0.184052
42,69,-2.29966,-0.183474
43,69,-2.29563,-0.183349
44,69,-2.29183,-0.182989
45,69,-2.28796,-0.1824
46,69,-2.28401,-0.181914
47,69,-2.28026,-0.18181
48,69,-2.27636,-0.181515
49,69,-2.27252,-0.18137
50,69,-2.26886,-0.180934
51,69,-2.26535,-0.180777
52,69,-2.26157,-0.180449
53,69,-2.25792,-0.180451
54,69,-2.25413,-0.180261
55,69,-2.25014,-0.179929
56,69,-2.24636,-0.180316
57,69,-2.2422,-0.180386
58,69,-2.23852,-0.180003
59,69,-2.23437,-0.179435
60,69,-2.23078,-0.179155
61,69,-2.22686,-0.179026
62,69,-2.22236,-0.179092
63,69,-2.21847,-0.178851
64,69,-2.21445,-0.178504
65,69,-2.21015,-0.17814
66,69,-2.20612,-0.177935
67,69,-2.20203,-0.177792
68,69,-2.1979,-0.177309
69,69,-2.19372,-0.176756
70,69,-2.18993,-0.176609
71,69,-2.18575,-0.176326
72,69,-2.18203,-0.175839
73,69,-2.17835,-0.175502
74,69,-2.17401,-0.174991
75,69,-2.17002,-0.174452
76,69,-2.16645,-0.174258
77,69,-2.16278,-0.17381
78,69,-2.15882,-0.173385
79,69,-2.15474,-0.173201
80,69,-2.15115,-0.17296
81,69,-2.14772,-0.172634
82,69,-2.14415,-0.172516
83,69,-2.14073,-0.17253
84,69,-2.13733,-0.172035
85,69,-2.13402,-0.171733
86,69,-2.13031,-0.171676
87,69,-2.12673,-0.171695
88,69,-2.12319,-0.171864
89,69,-2.11959,-0.171482
90,69,-2.11668,-0.171103
91,69,-2.11343,-0.171146
92,69,-2.11014,-0.171275
93,69,-2.10703,-0.17144
94,69,-2.10373,-0.171643
95,69,-2.1004,-0.171705
96,69,-2.0967,-0.172004
97,69,-2.09309,-0.172383
98,69,-2.08992,-0.172306
99,69,-2.08663,-0.172008
100,69,-2.08314,-0.17164
101,69,-2.07993,-0.171335
102,69,-2.07659,-0.171288
103,69,-2.07331,-0.171034
104,69,-2.0701,-0.170913
105,69,-2.06703,-0.170816
106,69,-2.06402,-0.170561
107,69,-2.0611,-0.17062
108,69,-2.05827,-0.170511
109,69,-2.05535,-0.17043
110,69,-2.05283,-0.170193
111,69,-2.04994,-0.17014
112,69,-2.04705,-0.170112
113,69,-2.04434,-0.17015
114,69,-2.0415,-0.170013
115,69,-2.03857,-0.169854
116,69,-2.03582,-0.169527
117,69,-2.03312,-0.16892
118,69,-2.03062,-0.168765
119,69,-2.02829,-0.168234
120,69,-2.0263,-0.168035
121,69,-2.0241,-0.16797
122,69,-2.02184,-0.167424
123,69,-2.01969,-0.167101
124,69,-2.01752,-0.167097
125,69,-2.01594,-0.166768
126,69,-2.01426,-0.16656
127,69,-2.01261,-0.166353
128,69,-2.01118,-0.165673
129,69,-2.00936,-0.165184
130,69,-2.00737,-0.16463
131,69,-2.00601,-0.164276
132,69,-2.00449,-0.163913
133,69,-2.00287,-0.163528
134,69,-2.00113,-0.163135
135,69,-1.99986,-0.162699
136,69,-1.99878,-0.1626
137,69,-1.9974,-0.162237
138,69,-1.99641,-0.162033
139,69,-1.99528,-0.162446
140,69,-1.99436,-0.162257
141,69,-1.99358,-0.162027
142,69,-1.99256,-0.161624
143,69,-1.99163,-0.161706
144,69,-1.99072,-0.162082
145,69,-1.98983,-0.161892
146,69,-1.98884,-0.161831
147,69,-1.9883,-0.162071
148,69,-1.98759,-0.162221
149,69,-1.98698,-0.162387
150,69,-1.98668,-0.162896
151,69,-1.98582,-0.163225
152,69,-1.98533,-0.163792
153,69,-1.98499,-0.164878
154,69,-1.98451,-0.166335
155,69,-1.98426,-0.168179
156,69,-1.98349,-0.170256
157,69,-1.98306,-0.172676
158,69,-1.98239,-0.175862
159,69,-1.98206,-0.179476
160,69,-1.98108,-0.182824
196,69,-1.32717,-0.154784
197,69,-1.32729,-0.150474
198,69,-1.32637,-0.146779
199,69,-1.32549,-0.142739
200,69,-1.32426,-0.140361
201,69,-1.32328,-0.137607
202,69,-1.32238,-0.135377
203,69,-1.32194,-0.133192
204,69,-1.32121,-0.131923
205,69,-1.32048,-0.13079
206,69,-1.31933,-0.129934
207,69,-1.31894,-0.128764
208,69,-1.31837,-0.127763
209,69,-1.31757,-0.127083
210,69,-1.31701,-0.126121
211,69,-1.31624,-0.12528
212,69,-1.31573,-0.124428
213,69,-1.31529,-0.123734
214,69,-1.31466,-0.123278
215,69,-1.31386,-0.122264
216,69,-1.31346,-0.121572
217,69,-1.31256,-0.120661
218,69,-1.31175,-0.119708
219,69,-1.3109,-0.118983
220,69,-1.31017,-0.118204
221,69,-1.3093,-0.117133
222,69,-1.30818,-0.116438
223,69,-1.30666,-0.115551
224,69,-1.30534,-0.114816
225,69,-1.30388,-0.113974
226,69,-1.30263,-0.112959
227,69,-1.30108,-0.111928
228,69,-1.2997,-0.111436
229,69,-1.29805,-0.110697
230,69,-1.29632,-0.110064
231,69,-1.29462,-0.10922
232,69,-1.29303,-0.108775
233,69,-1.29119,-0.108353
234,69,-1.28897,-0.107762
235,69,-1.28741,-0.107626
236,69,-1.28542,-0.107143
237,69,-1.2834,-0.106593
238,69,-1.28164,-0.10631
239,69,-1.27937,-0.105992
240,69,-1.27718,-0.105861
241,69,-1.27497,-0.1053
242,69,-1.27281,-0.10498
243,69,-1.27047,-0.104477
244,69,-1.26839,-0.103993
245,69,-1.26615,-0.103786
246,69,-1.26388,-0.10318
247,69,-1.26151,-0.102652
248,69,-1.25914,-0.101691
249,69,-1.25644,-0.101244
250,69,-1.2535,-0.100671
251,69,-1.25132,-0.100378
252,69,-1.24846,-0.0998276
253,69,-1.24605,-0.0992866
254,69,-1.24335,-0.0987826
255,69,-1.24041,-0.0983837
256,69,-1.23743,-0.0981616
257,69,-1.23475,-0.0978689
258,69,-1.23222,-0.0972817
259,69,-1.22911,-0.0967263
260,69,-1.2265,-0.0958625
261,69,-1.22361,-0.0957278
262,69,-1.22046,-0.0956009
263,69,-1.2177,-0.0953963
264,69,-1.21428,-0.0948811
265,69,-1.21093,-0.0945359
266,69,-1.20751,-0.0941439
267,69,-1.20396,-0.0934786
268,69,-1.20058,-0.0931345
269,69,-1.19756,-0.0929358
270,69,-1.1937,-0.0930103
271,69,-1.18998,-0.0926752
272,69,-1.18657,-0.0925277
273,69,-1.1828,-0.0920017
274,69,-1.17951,-0.0914276
275,69,-1.17625,-0.0912438
276,69,-1.17265,-0.0905712
277,69,-1.16944,-0.0902516
278,69,-1.166,-0.0899279
279,69,-1.1629,-0.089454
280,69,-1.15948,-0.0887174
281,69,-1.15625,-0.0883897
282,69,-1.15258,-0.087716
283,69,-1.14948,-0.087127
284,69,-1.14596,-0.0865503
285,69,-1.14233,-0.0860933
286,69,-1.13899,-0.0853805
287,69,-1.13556,-0.0846431
288,69,-1.13195,-0.0841174
289,69,-1.12851,-0.0834734
290,69,-1.12528,-0.0828439
291,69,-1.12186,-0.0823368
292,69,-1.1184,-0.0817272
293,69,-1.11521,-0.0811341
294,69,-1.11237,-0.0807778
295,69,-1.10913,-0.0799132
296,69,-1.10589,-0.0791732
297,69,-1.10233,-0.0786607
298,69,-1.09877,-0.078249
299,69,-1.0954,-0.0777124
300,69,-1.09215,-0.077375
301,69,-1.08866,-0.0768176
302,69,-1.08524,-0.0758803
303,69,-1.08151,-0.0752415
304,69,-1.07798,-0.0744712
305,69,-1.07436,-0.0737605
306,69,-1.07054,-0.0736717
307,69,-1.06692,-0.0728791
308,69,-1.06334,-0.0720808
309,69,-1.06006,-0.0715606
310,69,-1.05643,-0.0709855
311,69,-1.05251,-0.0705719
312,69,-1.04869,-0.0698595
313,69,-1.0448,-0.0692338
314,69,-1.04098,-0.0687434
315,69,-1.0371,-0.0682862
316,69,-1.03394,-0.0677339
317,69,-1.03021,-0.0673225
318,69,-1.02643,-0.066731
319,69,-1.02283,-0.0658872
320,69,-1.01926,-0.0651714
321,69,-1.01602,-0.0642892
322,69,-1.01235,-0.0636486
323,69,-1.00853,-0.0630625
324,69,-1.00493,-0.0624367
325,69,-1.0016,-0.0619112
326,69,-0.998662,-0.0612398
327,69,-0.995467,-0.0601676
11,70,-2.41303,-0.192524
12,70,-2.40969,-0.192082
13,70,-2.40612,-0.192037
14,70,-2.40259,-0.192219
15,70,-2.39882,-0.192216
16,70,-2.39507,-0.192236
17,70,-2.39121,-0.19223
18,70,-2.38757,-0.191871
19,70,-2.384,-0.191471
20,70,-2.38018,-0.191183
21,70,-2.37653,-0.190691
22,70,-2.37325,-0.190609
23,70,-2.36941,-0.190595
24,70,-2.36589,-0.189986
25,70,-2.36214,-0.189447
26,70,-2.35833,-0.189235
27,70,-2.35476,-0.1891
28,70,-2.3512,-0.188621
29,70,-2.34754,-0.188163
30,70,-2.34403,-0.188044
31,70,-2.34023,-0.187463
32,70,-2.33646,-0.187292
33,70,-2.33316,-0.18675
34,70,-2.32962,-0.186281
35,70,-2.32606,-0.185988
36,70,-2.32241,-0.185452
37,70,-2.31864,-0.185411
38,70,-2.31488,-0.185333
39,70,-2.31125,-0.185149
40,70,-2.3073,-0.184633
41,70,-2.30364,-0.184604
42,70,-2.29965,-0.184234
43,70,-2.29582,-0.183961
44,70,-2.29187,-0.183973
45,70,-2.28814,-0.183579
46,70,-2.28438,-0.183327
47,70,-2.2805,-0.182985
48,70,-2.27666,-0.182397
49,70,-2.27268,-0.182015
50,70,-2.26872,-0.181612
51,70,-2.26504,-0.181459
52,70,-2.26149,-0.181314
53,70,-2.25785,-0.181184
54,70,-2.25412,-0.181037
55,70,-2.25054,-0.180779
56,70,-2.24671,-0.180809
57,70,-2.24274,-0.180702
58,70,-2.23844,-0.180231
59,70,-2.23469,-0.180281
60,70,-2.23075,-0.180048
61,70,-2.22678,-0.179753
62,70,-2.22257,-0.179623
63,70,-2.21854,-0.179484
64,70,-2.21459,-0.179044
65,70,-2.21044,-0.178564
66,70,-2.2063,-0.178466
67,70,-2.20213,-0.178319
68,70,-2.19778,-0.177702
69,70,-2.19364,-0.177232
70,70,-2.18988,-0.177426
71,70,-2.18577,-0.176837
72,70,-2.18186,-0.17623
73,70,-2.17797,-0.17614
74,70,-2.17427,-0.175806
75,70,-2.17026,-0.175256
76,70,-2.16603,-0.174825
77,70,-2.16235,-0.174449
78,70,-2.15876,-0.174118
79,70,-2.15489,-0.173661
80,70,-2.15118,-0.173408
81,70,-2.14755,-0.173353
82,70,-2.14389,-0.173161
83,70,-2.14064,-0.173005
84,70,-2.13724,-0.172703
85,70,-2.13367,-0.172383
86,70,-2.12989,-0.17225
87,70,-2.12631,-0.172301
88,70,-2.12307,-0.172106
89,70,-2.11975,-0.172047
90,70,-2.11651,-0.171825
91,70,-2.11317,-0.171528
92,70,-2.1099,-0.171616
93,70,-2.10684,-0.171553
94,70,-2.10344,-0.171856
95,70,-2.09993,-0.172153
96,70,-2.09629,-0.172325
97,70,-2.09286,-0.172494
98,70,-2.08985,-0.172499
99,70,-2.0866,-0.172309
100,70,-2.08303,-0.172046
101,70,-2.07962,-0.171562
102,70,-2.07638,-0.171337
103,70,-2.07298,-0.171123
104,70,-2.06978,-0.171014
105,70,-2.06665,-0.171106
106,70,-2.0636,-0.17096
107,70,-2.06074,-0.171087
108,70,-2.05776,-0.17076
109,70,-2.05481,-0.170806
110,70,-2.05216,-0.170777
111,70,-2.04927,-0.170568
112,70,-2.04641,-0.170714
113,70,-2.04354,-0.17063
114,70,-2.04045,-0.170269
115,70,-2.03749,-0.170184
116,70,-2.03471,-0.170128
117,70,-2.03217,-0.16966
118,70,-2.02959,-0.169236
119,70,-2.02729,-0.168847
120,70,-2.02517,-0.168599
121,70,-2.02297,-0.168503
122,70,-2.02081,-0.167963
123,70,-2.01863,-0.167777
124,70,-2.01636,-0.16757
125,70,-2.01456,-0.167115
126,70,-2.01293,-0.167023
127,70,-2.01136,-0.167054
128,70,-2.0094,-0.166501
129,70,-2.00757,-0.165954
130,70,-2.00594,-0.165548
131,70,-2.0042,-0.165078
132,70,-2.00249,-0.164811
133,70,-2.00079,-0.164367
134,70,-1.99902,-0.163974
135,70,-1.99797,-0.163534
136,70,-1.99668,-0.163387
137,70,-1.99544,-0.162958
138,70,-1.99429,-0.162578
139,70,-1.99313,-0.162732
140,70,-1.992,-0.162666
141,70,-1.99095,-0.162478
142,70,-1.99005,-0.162673
143,70,-1.98896,-0.162845
144,70,-1.98782,-0.162909
145,70,-1.98694,-0.162873
146,70,-1.98603,-0.163098
147,70,-1.98507,-0.163126
148,70,-1.98414,-0.16323
149,70,-1.98359,-0.163336
150,70,-1.98319,-0.163982
151,70,-1.98235,-0.164566
152,70,-1.98168,-0.165294
153,70,-1.98104,-0.166533
154,70,-1.98029,-0.168243
155,70,-1.9797,-0.170128
156,70,-1.97953,-0.172363
157,70,-1.97896,-0.175199
158,70,-1.97794,-0.178298
159,70,-1.97661,-0.182294
160,70,-1.97513,-0.186779
196,70,-1.33331,-0.157474
197,70,-1.33214,-0.153118
198,70,-1.33086,-0.149077
199,70,-1.33021,-0.145597
200,70,-1.32895,-0.142135
201,70,-1.32793,-0.139433
202,70,-1.32712,-0.137038
203,70,-1.32623,-0.134925
204,70,-1.32561,-0.133325
205,70,-1.32478,-0.132398
206,70,-1.32352,-0.131262
207,70,-1.32292,-0.13005
208,70,-1.32187,-0.128852
209,70,-1.32104,-0.128013
210,70,-1.3204,-0.127078
211,70,-1.31919,-0.126327
212,70,-1.31905,-0.125202
213,70,-1.31851,-0.124443
214,70,-1.31755,-0.123789
215,70,-1.31674,-0.123049
216,70,-1.31597,-0.122346
217,70,-1.31523,-0.121356
218,70,-1.31435,-0.120417
219,70,-1.31318,-0.119264
220,70,-1.31237,-0.118636
221,70,-1.3113,-0.11751
222,70,-1.31035,-0.116624
223,70,-1.30889,-0.115981
224,70,-1.30771,-0.115265
225,70,-1.30597,-0.114385
226,70,-1.30463,-0.113561
227,70,-1.30268,-0.112653
228,70,-1.30136,-0.111905
229,70,-1.29988,-0.110821
230,70,-1.29807,-0.110166
231,70,-1.29647,-0.109558
232,70,-1.2945,-0.109188
233,70,-1.29275,-0.108423
234,70,-1.29058,-0.108255
235,70,-1.28899,-0.108085
236,70,-1.28695,-0.107739
237,70,-1.28506,-0.10714
238,70,-1.2832,-0.106886
239,70,-1.28089,-0.106476
240,70,-1.27861,-0.105739
241,70,-1.27627,-0.105778
242,70,-1.27415,-0.105384
243,70,-1.27197,-0.104925
244,70,-1.26992,-0.104605
245,70,-1.26776,-0.103809
246,70,-1.26533,-0.103422
247,70,-1.26294,-0.10282
248,70,-1.26054,-0.101655
249,70,-1.25796,-0.101256
250,70,-1.25484,-0.101113
251,70,-1.25234,-0.100322
252,70,-1.24979,-0.100033
253,70,-1.24712,-0.0996604
254,70,-1.2444,-0.0994671
255,70,-1.24153,-0.0990342
256,70,-1.23883,-0.0985062
257,70,-1.23604,-0.0980515
258,70,-1.23321,-0.0976144
259,70,-1.23045,-0.0972773
260,70,-1.2277,-0.0966469
261,70,-1.22485,-0.0962832
262,70,-1.22183,-0.0961461
263,70,-1.21871,-0.0958076
264,70,-1.21535,-0.0956742
265,70,-1.21197,-0.0949668
266,70,-1.20875,-0.0945706
267,70,-1.20526,-0.0943284
268,70,-1.20184,-0.0938385
269,70,-1.19818,-0.0934885
270,70,-1.19479,-0.0931311
271,70,-1.19112,-0.0931246
272,70,-1.18753,-0.0927507
273,70,-1.18402,-0.0925649
274,70,-1.18057,-0.0920436
275,70,-1.17724,-0.0914281
276,70,-1.17386,-0.0912352
277,70,-1.17035,-0.0908402
278,70,-1.1669,-0.0902418
279,70,-1.1634,-0.0897541
280,70,-1.16005,-0.0895363
281,70,-1.15631,-0.0889744
282,70,-1.15281,-0.0881949
283,70,-1.14962,-0.0876868
284,70,-1.14642,-0.0873123
285,70,-1.14291,-0.086501
286,70,-1.13966,-0.0859373
287,70,-1.13631,-0.0853707
288,70,-1.13258,-0.0848633
289,70,-1.12911,-0.0841447
290,70,-1.12586,-0.0836658
291,70,-1.12252,-0.0828771
292,70,-1.11919,-0.0823381
293,70,-1.11608,-0.0819448
294,70,-1.11267,-0.0815164
295,70,-1.10936,-0.0806018
296,70,-1.1061,-0.0801884
297,70,-1.1027,-0.0794639
298,70,-1.09934,-0.0788813
299,70,-1.09599,-0.0783244
300,70,-1.09256,-0.0777479
301,70,-1.08905,-0.077179
302,70,-1.08576,-0.0767665
303,70,-1.08214,-0.0759556
304,70,-1.07879,-0.0751577
305,70,-1.075,-0.0748508
306,70,-1.07093,-0.0744246
307,70,-1.06766,-0.0737373
308,70,-1.06385,-0.0730858
309,70,-1.0603,-0.0723034
310,70,-1.05639,-0.0717061
311,70,-1.05299,-0.0711028
312,70,-1.04909,-0.070595
313,70,-1.04519,-0.0699176
314,70,-1.04133,-0.0695174
315,70,-1.03751,-0.0689267
316,70,-1.0341,-0.0683298
317,70,-1.03025,-0.0679036
318,70,-1.02685,-0.0676436
319,70,-1.02323,-0.06686
320,70,-1.0194,-0.0659299
321,70,-1.01634,-0.0651195
322,70,-1.01257,-0.0644465
323,70,-1.00886,-0.0638731
324,70,-1.00525,-0.0633119
325,70,-1.00192,-0.0627879
326,70,-0.998854,-0.0621002
327,70,-0.995869,-0.0614091
11,71,-2.413,-0.192759
12,71,-2.40904,-0.192902
13,71,-2.40584,-0.192744
14,71,-2.40235,-0.19271
15,71,-2.3988,-0.192864
16,71,-2.39514,-0.192765
17,71,-2.39137,-0.192597
18,71,-2.38782,-0.192697
19,71,-2.38434,-0.191952
20,71,-2.38036,-0.19153
21,71,-2.37674,-0.191218
22,71,-2.37314,-0.190967
23,71,-2.36954,-0.191338
24,71,-2.36576,-0.190762
25,71,-2.36211,-0.190242
26,71,-2.35826,-0.190143
27,71,-2.3547,-0.189881
28,71,-2.35135,-0.189174
29,71,-2.34769,-0.18871
30,71,-2.34407,-0.188613
31,71,-2.3405,-0.187991
32,71,-2.33663,-0.187911
33,71,-2.33341,-0.187475
34,71,-2.32956,-0.187305
35,71,-2.32582,-0.186726
36,71,-2.32224,-0.186313
37,71,-2.31882,-0.186445
38,71,-2.31503,-0.18645
39,71,-2.31112,-0.186392
40,71,-2.30732,-0.185732
41,71,-2.30345,-0.185338
42,71,-2.29985,-0.18526
43,71,-2.29576,-0.185031
44,71,-2.29203,-0.184837
45,71,-2.2888,-0.184665
46,71,-2.28497,-0.184444
47,71,-2.28088,-0.18378
48,71,-2.2768,-0.183205
49,71,-2.27266,-0.182663
50,71,-2.2688,-0.182178
51,71,-2.26513,-0.182172
52,71,-2.26155,-0.181992
53,71,-2.25798,-0.181902
54,71,-2.25432,-0.181689
55,71,-2.25039,-0.181539
56,71,-2.2467,-0.181584
57,71,-2.24286,-0.18135
58,71,-2.23853,-0.181511
59,71,-2.23496,-0.181243
60,71,-2.23085,-0.180713
61,71,-2.22685,-0.180345
62,71,-2.22286,-0.180041
63,71,-2.21876,-0.179677
64,71,-2.21461,-0.179548
65,71,-2.21058,-0.178835
66,71,-2.20625,-0.178703
67,71,-2.20205,-0.178748
68,71,-2.19799,-0.178506
69,71,-2.19398,-0.17809
70,71,-2.18982,-0.177564
71,71,-2.18598,-0.177479
72,71,-2.18176,-0.177032
73,71,-2.17776,-0.176314
74,71,-2.17404,-0.17643
75,71,-2.17,-0.175901
76,71,-2.16591,-0.175306
77,71,-2.1622,-0.174911
78,71,-2.15845,-0.174647
79,71,-2.15474,-0.174308
80,71,-2.15092,-0.174157
81,71,-2.14726,-0.174091
82,71,-2.14396,-0.173632
83,71,-2.14042,-0.173623
84,71,-2.13703,-0.173326
85,71,-2.13341,-0.173062
86,71,-2.12969,-0.173089
87,71,-2.12625,-0.172636
88,71,-2.12283,-0.172431
89,71,-2.11965,-0.172733
90,71,-2.11593,-0.172534
91,71,-2.11257,-0.172045
92,71,-2.1095,-0.171969
93,71,-2.1061,-0.172195
94,71,-2.10279,-0.172299
95,71,-2.09937,-0.172393
96,71,-2.096,-0.172477
97,71,-2.09248,-0.172504
98,71,-2.0893,-0.172551
99,71,-2.08641,-0.172406
100,71,-2.08283,-0.172156
101,71,-2.07922,-0.171848
102,71,-2.0759,-0.171781
103,71,-2.0726,-0.171525
104,71,-2.0693,-0.171326
105,71,-2.06599,-0.171571
106,71,-2.0629,-0.171428
107,71,-2.05983,-0.171317
108,71,-2.05704,-0.171218
109,71,-2.0541,-0.170977
110,71,-2.0512,-0.171034
111,71,-2.04826,-0.171033
112,71,-2.04528,-0.17101
113,71,-2.04249,-0.170709
114,71,-2.03944,-0.170469
115,71,-2.03655,-0.170416
116,71,-2.03365,-0.170362
117,71,-2.03085,-0.170138
118,71,-2.02843,-0.169579
119,71,-2.02608,-0.169345
120,71,-2.02387,-0.169106
121,71,-2.02175,-0.168666
122,71,-2.01942,-0.168309
123,71,-2.01703,-0.167953
124,71,-2.01492,-0.16756
125,71,-2.01331,-0.167639
126,71,-2.01147,-0.167472
127,71,-2.00942,-0.167281
128,71,-2.00769,-0.166831
129,71,-2.0056,-0.166539
130,71,-2.00366,-0.166307
131,71,-2.00219,-0.165994
132,71,-2.00056,-0.165855
133,71,-1.99853,-0.165463
134,71,-1.9968,-0.164868
135,71,-1.99534,-0.164506
136,71,-1.99394,-0.164222
137,71,-1.99286,-0.163848
138,71,-1.99138,-0.163644
139,71,-1.99025,-0.163317
140,71,-1.98876,-0.163074
141,71,-1.98752,-0.163417
142,71,-1.98673,-0.163701
143,71,-1.98537,-0.163811
144,71,-1.98442,-0.163703
145,71,-1.98334,-0.163592
146,71,-1.98224,-0.163916
147,71,-1.98146,-0.164017
148,71,-1.98056,-0.164218
149,71,-1.97976,-0.164593
150,71,-1.97914,-0.164886
151,71,-1.97842,-0.165815
152,71,-1.97748,-0.167042
153,71,-1.97651,-0.168566
154,71,-1.97582,-0.170089
155,71,-1.97478,-0.172006
156,71,-1.9738,-0.174125
157,71,-1.97244,-0.176825
158,71,-1.97086,-0.180556
159,71,-1.9691,-0.184991
160,71,-1.96737,-0.190054
196,71,-1.33865,-0.160059
197,71,-1.33837,-0.155421
198,71,-1.3366,-0.151346
199,71,-1.33515,-0.147611
200,71,-1.33385,-0.144413
201,71,-1.33318,-0.141244
202,71,-1.33206,-0.138512
203,71,-1.33149,-0.136434
204,71,-1.33091,-0.134653
205,71,-1.32998,-0.133158
206,71,-1.32876,-0.132135
207,71,-1.32753,-0.131138
208,71,-1.32668,-0.130088
209,71,-1.32526,-0.129098
210,71,-1.32458,-0.127991
211,71,-1.32316,-0.127152
212,71,-1.32265,-0.126312
213,71,-1.32221,-0.125119
214,71,-1.32113,-0.124445
215,71,-1.31994,-0.123676
216,71,-1.31899,-0.122578
217,71,-1.31798,-0.121989
218,71,-1.31709,-0.121105
219,71,-1.31615,-0.120073
220,71,-1.315,-0.119026
221,71,-1.31377,-0.118074
222,71,-1.31255,-0.117352
223,71,-1.31137,-0.116563
224,71,-1.31018,-0.116031
225,71,-1.30846,-0.115036
226,71,-1.30665,-0.113956
227,71,-1.30524,-0.113232
228,71,-1.30352,-0.112103
229,71,-1.30174,-0.111269
230,71,-1.30009,-0.110626
231,71,-1.29843,-0.110205
232,71,-1.2965,-0.109657
233,71,-1.2948,-0.108944
234,71,-1.2926,-0.108643
235,71,-1.29076,-0.10839
236,71,-1.28863,-0.108352
237,71,-1.28704,-0.107786
238,71,-1.28515,-0.107409
239,71,-1.28293,-0.106942
240,71,-1.28045,-0.106219
241,71,-1.27795,-0.106151
242,71,-1.27592,-0.105471
243,71,-1.2736,-0.105037
244,71,-1.27153,-0.104663
245,71,-1.26916,-0.103965
246,71,-1.26692,-0.103733
247,71,-1.26452,-0.103141
248,71,-1.26202,-0.102317
249,71,-1.25957,-0.101587
250,71,-1.2566,-0.100875
251,71,-1.2538,-0.10045
252,71,-1.25122,-0.10001
253,71,-1.24802,-0.0995488
254,71,-1.24555,-0.0995785
255,71,-1.243,-0.0992953
256,71,-1.23998,-0.0987243
257,71,-1.237,-0.0983226
258,71,-1.23441,-0.0977157
259,71,-1.23159,-0.097755
260,71,-1.2288,-0.0975449
261,71,-1.22596,-0.0971112
262,71,-1.22295,-0.0965864
263,71,-1.21999,-0.0963551
264,71,-1.21645,-0.0958248
265,71,-1.21346,-0.0952993
266,71,-1.21012,-0.094916
267,71,-1.20701,-0.0948014
268,71,-1.20326,-0.0942286
269,71,-1.19927,-0.0941329
270,71,-1.19575,-0.0938633
271,71,-1.19245,-0.0936258
272,71,-1.18882,-0.0932682
273,71,-1.18545,-0.0928989
274,71,-1.18188,-0.0923062
275,71,-1.17868,-0.0921223
276,71,-1.17524,-0.0916142
277,71,-1.17152,-0.0913675
278,71,-1.16774,-0.0910416
279,71,-1.16409,-0.0904722
280,71,-1.16069,-0.0900788
281,71,-1.15724,-0.0894572
282,71,-1.15347,-0.0888336
283,71,-1.15027,-0.088228
284,71,-1.14674,-0.0879087
285,71,-1.14327,-0.0870498
286,71,-1.13991,-0.0867559
287,71,-1.1363,-0.086164
288,71,-1.13306,-0.0857368
289,71,-1.12966,-0.0850318
290,71,-1.12631,-0.0844396
291,71,-1.12319,-0.0837129
292,71,-1.11969,-0.0831441
293,71,-1.11667,-0.0829343
294,71,-1.11315,-0.0823335
295,71,-1.10986,-0.0814826
296,71,-1.10641,-0.0810316
297,71,-1.10329,-0.0801688
298,71,-1.09997,-0.0796174
299,71,-1.09667,-0.0792772
300,71,-1.0932,-0.0785615
301,71,-1.09007,-0.077984
302,71,-1.08655,-0.0775078
303,71,-1.08268,-0.0769299
304,71,-1.0792,-0.0763395
305,71,-1.07554,-0.0755541
306,71,-1.07166,-0.0749954
307,71,-1.06793,-0.0745443
308,71,-1.06404,-0.0740153
309,71,-1.06053,-0.0730592
310,71,-1.05686,-0.0724469
311,71,-1.05304,-0.071842
312,71,-1.04944,-0.0716633
313,71,-1.04584,-0.0710844
314,71,-1.04203,-0.0703582
315,71,-1.0381,-0.0697597
316,71,-1.03448,-0.0691754
317,71,-1.03091,-0.0685176
318,71,-1.02741,-0.0677744
319,71,-1.02369,-0.0670283
320,71,-1.01998,-0.066469
321,71,-1.0163,-0.0656178
322,71,-1.01274,-0.0651265
323,71,-1.00933,-0.0645596
324,71,-1.00583,-0.0638107
325,71,-1.00242,-0.063244
326,71,-0.999152,-0.0626943
327,71,-0.995826,-0.0619841
11,72,-2.41361,-0.193568
12,72,-2.40954,-0.193421
13,72,-2.40631,-0.193233
14,72,-2.40279,-0.193127
15,72,-2.39929,-0.193177
16,72,-2.39555,-0.193275
17,72,-2.39189,-0.192936
18,72,-2.38834,-0.192633
19,72,-2.38454,-0.192449
20,72,-2.38093,-0.191801
21,72,-2.37709,-0.191588
22,72,-2.37335,-0.191791
23,72,-2.36967,-0.19179
24,72,-2.36573,-0.191738
25,72,-2.3621,-0.191187
26,72,-2.35816,-0.19074
27,72,-2.35464,-0.190314
28,72,-2.35105,-0.189894
29,72,-2.34764,-0.189186
30,72,-2.34437,-0.189145
31,72,-2.34025,-0.188774
32,72,-2.33679,-0.188613
33,72,-2.33332,-0.188269
34,72,-2.32938,-0.188261
35,72,-2.3256,-0.187722
36,72,-2.32231,-0.187498
37,72,-2.31865,-0.187584
38,72,-2.31503,-0.18751
39,72,-2.31084,-0.186897
40,72,-2.30708,-0.186627
41,72,-2.30341,-0.186106
42,72,-2.29956,-0.186153
43,72,-2.29549,-0.185911
44,72,-2.29219,-0.185685
45,72,-2.28866,-0.185359
46,72,-2.28476,-0.184964
47,72,-2.28089,-0.184467
48,72,-2.2766,-0.183855
49,72,-2.27278,-0.183281
50,72,-2.26903,-0.183135
51,72,-2.2652,-0.182856
52,72,-2.26156,-0.182859
53,72,-2.25815,-0.182641
54,72,-2.25412,-0.18243
55,72,-2.2504,-0.182247
56,72,-2.24655,-0.182125
57,72,-2.24262,-0.182062
58,72,-2.23902,-0.182044
59,72,-2.23504,-0.181794
60,72,-2.23072,-0.181731
61,72,-2.22684,-0.181275
62,72,-2.22294,-0.181122
63,72,-2.21901,-0.180635
64,72,-2.21471,-0.179991
65,72,-2.21076,-0.179442
66,72,-2.20628,-0.179425
67,72,-2.20213,-0.1793
68,72,-2.19809,-0.178943
69,72,-2.19398,-0.178701
70,72,-2.18972,-0.177971
71,72,-2.18561,-0.177897
72,72,-2.18157,-0.177361
73,72,-2.17759,-0.176959
74,72,-2.17335,-0.176986
75,72,-2.16957,-0.176491
76,72,-2.16583,-0.176177
77,72,-2.1621,-0.175489
78,72,-2.15828,-0.175347
79,72,-2.15438,-0.175083
80,72,-2.15084,-0.174961
81,72,-2.1471,-0.17487
82,72,-2.14356,-0.174259
83,72,-2.13982,-0.174145
84,72,-2.13624,-0.174064
85,72,-2.13288,-0.173737
86,72,-2.12929,-0.173513
87,72,-2.12605,-0.1731
88,72,-2.12254,-0.172725
89,72,-2.11892,-0.173
90,72,-2.11532,-0.173159
91,72,-2.11214,-0.172854
92,72,-2.10897,-0.172648
93,72,-2.10552,-0.172697
94,72,-2.10228,-0.172788
95,72,-2.09893,-0.172553
96,72,-2.09561,-0.172454
97,72,-2.09215,-0.172804
98,72,-2.08876,-0.172578
99,72,-2.08565,-0.172557
100,72,-2.08237,-0.172531
101,72,-2.07868,-0.172319
102,72,-2.07522,-0.172288
103,72,-2.07203,-0.171911
104,72,-2.06843,-0.171814
105,72,-2.06508,-0.171955
106,72,-2.06202,-0.171798
107,72,-2.05902,-0.171303
108,72,-2.05617,-0.171221
109,72,-2.05318,-0.171257
110,72,-2.05026,-0.171247
111,72,-2.04743,-0.171223
112,72,-2.04455,-0.171093
113,72,-2.04151,-0.170843
114,72,-2.03838,-0.170827
115,72,-2.03541,-0.170942
116,72,-2.03276,-0.170912
117,72,-2.02992,-0.170651
118,72,-2.02712,-0.170387
119,72,-2.02455,-0.169917
120,72,-2.02235,-0.169314
121,72,-2.02053,-0.168996
122,72,-2.01808,-0.168652
123,72,-2.01546,-0.16813
124,72,-2.0132,-0.167992
125,72,-2.01116,-0.167909
126,72,-2.00933,-0.167735
127,72,-2.00735,-0.167782
128,72,-2.00553,-0.167374
129,72,-2.00322,-0.166868
130,72,-2.00142,-0.166632
131,72,-1.99958,-0.166507
132,72,-1.99772,-0.166434
133,72,-1.996,-0.165921
134,72,-1.99397,-0.165268
135,72,-1.99221,-0.165049
136,72,-1.99092,-0.164898
137,72,-1.98942,-0.1646
138,72,-1.98815,-0.164544
139,72,-1.98699,-0.164211
140,72,-1.98558,-0.163947
141,72,-1.98401,-0.164294
142,72,-1.98299,-0.164431
143,72,-1.98173,-0.164603
144,72,-1.98029,-0.164657
145,72,-1.97913,-0.164448
146,72,-1.97814,-0.164738
147,72,-1.97734,-0.164848
148,72,-1.97656,-0.165262
149,72,-1.97576,-0.165891
150,72,-1.97456,-0.166445
151,72,-1.97314,-0.167272
152,72,-1.97198,-0.168423
153,72,-1.9709,-0.169929
154,72,-1.97009,-0.17182
155,72,-1.96861,-0.17375
156,72,-1.96689,-0.175909
157,72,-1.96533,-0.178882
158,72,-1.96367,-0.182953
159,72,-1.96206,-0.187666
160,72,-1.96018,-0.192348
161,72,-1.95786,-0.19782
195,72,-1.34702,-0.16964
196,72,-1.34593,-0.162656
197,72,-1.34467,-0.15751
198,72,-1.3439,-0.153147
199,72,-1.34198,-0.149376
200,72,-1.34035,-0.146365
201,72,-1.33951,-0.143017
202,72,-1.33848,-0.140086
203,72,-1.33777,-0.137848
204,72,-1.3368,-0.136171
205,72,-1.33548,-0.13416
206,72,-1.33408,-0.133119
207,72,-1.33282,-0.132224
208,72,-1.33208,-0.131087
209,72,-1.33063,-0.13017
210,72,-1.32943,-0.129156
211,72,-1.32797,-0.127937
212,72,-1.32666,-0.126945
213,72,-1.3261,-0.126009
214,72,-1.3246,-0.12517
215,72,-1.32347,-0.124366
216,72,-1.32266,-0.123448
217,72,-1.3213,-0.122822
218,72,-1.32052,-0.121794
219,72,-1.3192,-0.120818
220,72,-1.31809,-0.119618
221,72,-1.31685,-0.118765
222,72,-1.31554,-0.117978
223,72,-1.31413,-0.117414
224,72,-1.31259,-0.11657
225,72,-1.31119,-0.115512
226,72,-1.30937,-0.114429
227,72,-1.30778,-0.113463
228,72,-1.30586,-0.112545
229,72,-1.30424,-0.111808
230,72,-1.30246,-0.111027
231,72,-1.30042,-0.110495
232,72,-1.29852,-0.110069
233,72,-1.29639,-0.109671
234,72,-1.29481,-0.109217
235,72,-1.29302,-0.109135
236,72,-1.29115,-0.108712
237,72,-1.28916,-0.108278
238,72,-1.28736,-0.107641
239,72,-1.28481,-0.107315
240,72,-1.28251,-0.106797
241,72,-1.28015,-0.106398
242,72,-1.2779,-0.106003
243,72,-1.2757,-0.105839
244,72,-1.2733,-0.105078
245,72,-1.27108,-0.104558
246,72,-1.26864,-0.103841
247,72,-1.26638,-0.103139
248,72,-1.2636,-0.102633
249,72,-1.26107,-0.102056
250,72,-1.25819,-0.101618
251,72,-1.25556,-0.100897
252,72,-1.2525,-0.100144
253,72,-1.24977,-0.099772
254,72,-1.2472,-0.099607
255,72,-1.24418,-0.0993231
256,72,-1.24156,-0.0988966
257,72,-1.23841,-0.0985443
258,72,-1.23554,-0.0985929
259,72,-1.23278,-0.0982877
260,72,-1.22965,-0.0979911
261,72,-1.22706,-0.0977189
262,72,-1.22398,-0.0973553
263,72,-1.22099,-0.0968607
264,72,-1.21776,-0.0960871
265,72,-1.21452,-0.0957338
266,72,-1.21137,-0.095633
267,72,-1.20789,-0.0951752
268,72,-1.20434,-0.094553
269,72,-1.20078,-0.0943141
270,72,-1.19715,-0.0942551
271,72,-1.19375,-0.0942244
272,72,-1.19028,-0.0939911
273,72,-1.18682,-0.0935959
274,72,-1.18322,-0.093122
275,72,-1.17994,-0.0927077
276,72,-1.17622,-0.0924714
277,72,-1.17256,-0.0919892
278,72,-1.16906,-0.0913894
279,72,-1.16523,-0.0911403
280,72,-1.16152,-0.0905958
281,72,-1.158,-0.0900292
282,72,-1.15444,-0.0895233
283,72,-1.15102,-0.0890873
284,72,-1.14739,-0.0886213
285,72,-1.14394,-0.0878518
286,72,-1.14031,-0.0872794
287,72,-1.13695,-0.0870107
288,72,-1.13358,-0.0864922
289,72,-1.13049,-0.0857496
290,72,-1.12698,-0.0852432
291,72,-1.12359,-0.0848437
292,72,-1.12061,-0.0842971
293,72,-1.1173,-0.0837512
294,72,-1.11408,-0.0828923
295,72,-1.11028,-0.082406
296,72,-1.10711,-0.0817156
297,72,-1.10365,-0.0810988
298,72,-1.1005,-0.0804833
299,72,-1.09753,-0.0799568
300,72,-1.0939,-0.0794037
301,72,-1.09043,-0.078919
302,72,-1.08667,-0.0783627
303,72,-1.08305,-0.0777154
304,72,-1.07937,-0.0769412
305,72,-1.07581,-0.076327
306,72,-1.07195,-0.0758407
307,72,-1.0684,-0.0752549
308,72,-1.06461,-0.0747642
309,72,-1.06082,-0.073893
310,72,-1.05715,-0.0732551
311,72,-1.05354,-0.072825
312,72,-1.04986,-0.0725305
313,72,-1.04626,-0.0719088
314,72,-1.04254,-0.0708675
315,72,-1.03847,-0.0702872
316,72,-1.03484,-0.0696844
317,72,-1.03139,-0.0692721
318,72,-1.02784,-0.0684783
319,72,-1.02436,-0.0676058
320,72,-1.02073,-0.0672598
321,72,-1.0169,-0.0668434
322,72,-1.01331,-0.0660838
323,72,-1.00958,-0.0653744
324,72,-1.00617,-0.0647609
325,72,-1.00282,-0.0640394
326,72,-0.999542,-0.0635673
327,72,-0.996203,-0.0630666
11,73,-2.41425,-0.194346
12,73,-2.41019,-0.193728
13,73,-2.4066,-0.193611
14,73,-2.40307,-0.193687
15,73,-2.39963,-0.193857
16,73,-2.39582,-0.193648
17,73,-2.39233,-0.193651
18,73,-2.38892,-0.193263
19,73,-2.38521,-0.192985
20,73,-2.38145,-0.19261
21,73,-2.37758,-0.192228
22,73,-2.37372,-0.192194
23,73,-2.36977,-0.192286
24,73,-2.36572,-0.192064
25,73,-2.36201,-0.191942
26,73,-2.35833,-0.191627
27,73,-2.35471,-0.191185
28,73,-2.35094,-0.190628
29,73,-2.34755,-0.190239
30,73,-2.34433,-0.19013
31,73,-2.34038,-0.189869
32,73,-2.33674,-0.189776
33,73,-2.33306,-0.189549
34,73,-2.32906,-0.189071
35,73,-2.3255,-0.188604
36,73,-2.32171,-0.188765
37,73,-2.31826,-0.188394
38,73,-2.31482,-0.188192
39,73,-2.31074,-0.187751
40,73,-2.30695,-0.187606
41,73,-2.30349,-0.186974
42,73,-2.29942,-0.186912
43,73,-2.29544,-0.186371
44,73,-2.29175,-0.186359
45,73,-2.28841,-0.186036
46,73,-2.28455,-0.185516
47,73,-2.28075,-0.185153
48,73,-2.27675,-0.184696
49,73,-2.27262,-0.184195
50,73,-2.26896,-0.184005
51,73,-2.26493,-0.183674
52,73,-2.26116,-0.183147
53,73,-2.25774,-0.183211
54,73,-2.25402,-0.182983
55,73,-2.25017,-0.182611
56,73,-2.2464,-0.182294
57,73,-2.24234,-0.182224
58,73,-2.23861,-0.182364
59,73,-2.23462,-0.182208
60,73,-2.2305,-0.182241
61,73,-2.22654,-0.181642
62,73,-2.22252,-0.18157
63,73,-2.21877,-0.18126
64,73,-2.21482,-0.180292
65,73,-2.21063,-0.180282
66,73,-2.20621,-0.180265
67,73,-2.20194,-0.17966
68,73,-2.1977,-0.179457
69,73,-2.19363,-0.179268
70,73,-2.1896,-0.178807
71,73,-2.18548,-0.178387
72,73,-2.18147,-0.177984
73,73,-2.17749,-0.177897
74,73,-2.17312,-0.177566
75,73,-2.16922,-0.177165
76,73,-2.16567,-0.177121
77,73,-2.16188,-0.176587
78,73,-2.15811,-0.176392
79,73,-2.15426,-0.175935
80,73,-2.15066,-0.175644
81,73,-2.14703,-0.175518
82,73,-2.14317,-0.175048
83,73,-2.13969,-0.174699
84,73,-2.1359,-0.174454
85,73,-2.13251,-0.174173
86,73,-2.12921,-0.173867
87,73,-2.12562,-0.173513
88,73,-2.12202,-0.173103
89,73,-2.11826,-0.173114
90,73,-2.11478,-0.173484
91,73,-2.11162,-0.173479
92,73,-2.10853,-0.173257
93,73,-2.10518,-0.173006
94,73,-2.10171,-0.17276
95,73,-2.09806,-0.17288
96,73,-2.09488,-0.172715
97,73,-2.09159,-0.172768
98,73,-2.08815,-0.172892
99,73,-2.08493,-0.172896
100,73,-2.08175,-0.172909
101,73,-2.07818,-0.172635
102,73,-2.0746,-0.172275
103,73,-2.07106,-0.171957
104,73,-2.06746,-0.172003
105,73,-2.06426,-0.172237
106,73,-2.06114,-0.17215
107,73,-2.05826,-0.171959
108,73,-2.05483,-0.171769
109,73,-2.052,-0.171659
110,73,-2.04928,-0.171778
111,73,-2.04626,-0.171623
112,73,-2.04343,-0.171436
113,73,-2.04033,-0.171263
114,73,-2.03741,-0.171154
115,73,-2.03442,-0.171084
116,73,-2.03148,-0.171121
117,73,-2.02864,-0.170596
118,73,-2.02567,-0.170551
119,73,-2.02318,-0.170091
120,73,-2.02065,-0.169614
121,73,-2.01855,-0.169528
122,73,-2.01632,-0.169318
123,73,-2.01354,-0.169063
124,73,-2.01118,-0.168634
125,73,-2.00917,-0.168113
126,73,-2.00697,-0.167942
127,73,-2.00493,-0.167868
128,73,-2.00304,-0.167898
129,73,-2.0008,-0.167556
130,73,-1.99884,-0.167412
131,73,-1.99702,-0.167261
132,73,-1.99483,-0.167055
133,73,-1.993,-0.166651
134,73,-1.99105,-0.165917
135,73,-1.98907,-0.165937
136,73,-1.98752,-0.165746
137,73,-1.986,-0.16553
138,73,-1.98457,-0.165326
139,73,-1.98315,-0.165189
140,73,-1.98157,-0.165004
141,73,-1.98013,-0.165176
142,73,-1.97865,-0.165614
143,73,-1.97725,-0.165435
144,73,-1.97615,-0.165315
145,73,-1.975,-0.165454
146,73,-1.9735,-0.165775
147,73,-1.97235,-0.165983
148,73,-1.97119,-0.166175
149,73,-1.96996,-0.166858
150,73,-1.96835,-0.167563
151,73,-1.96673,-0.168283
152,73,-1.96508,-0.169869
153,73,-1.96382,-0.171386
154,73,-1.96241,-0.173166
155,73,-1.96108,-0.175098
156,73,-1.95972,-0.177486
157,73,-1.95795,-0.180747
158,73,-1.95637,-0.18474
159,73,-1.95447,-0.189608
160,73,-1.95232,-0.194302
161,73,-1.95005,-0.200329
195,73,-1.35494,-0.171002
196,73,-1.35452,-0.165327
197,73,-1.35277,-0.159612
198,73,-1.35123,-0.154753
199,73,-1.34994,-0.1511
200,73,-1.34796,-0.147929
201,73,-1.34683,-0.144751
202,73,-1.34591,-0.141384
203,73,-1.34452,-0.139401
204,73,-1.34314,-0.137802
205,73,-1.34166,-0.135996
206,73,-1.34008,-0.134551
207,73,-1.33886,-0.133558
208,73,-1.33756,-0.132447
209,73,-1.33608,-0.131269
210,73,-1.33492,-0.130256
211,73,-1.3334,-0.12904
212,73,-1.33159,-0.128117
213,73,-1.33068,-0.12703
214,73,-1.32901,-0.126085
215,73,-1.32773,-0.125146
216,73,-1.32684,-0.124109
217,73,-1.32548,-0.123103
218,73,-1.32433,-0.122174
219,73,-1.32316,-0.121158
220,73,-1.32144,-0.120253
221,73,-1.32015,-0.119509
222,73,-1.31904,-0.118476
223,73,-1.31764,-0.118086
224,73,-1.31571,-0.117265
225,73,-1.31414,-0.115971
226,73,-1.31216,-0.115062
227,73,-1.31043,-0.114136
228,73,-1.30886,-0.113468
229,73,-1.30672,-0.112735
230,73,-1.30472,-0.111869
231,73,-1.30274,-0.111206
232,73,-1.30076,-0.110864
233,73,-1.29858,-0.110292
234,73,-1.29698,-0.109949
235,73,-1.29529,-0.109551
236,73,-1.29341,-0.109181
237,73,-1.29163,-0.108742
238,73,-1.28937,-0.108256
239,73,-1.28688,-0.107871
240,73,-1.28465,-0.107163
241,73,-1.28235,-0.106722
242,73,-1.28025,-0.106494
243,73,-1.27782,-0.105789
244,73,-1.27534,-0.105262
245,73,-1.27315,-0.104723
246,73,-1.27069,-0.104018
247,73,-1.26824,-0.10328
248,73,-1.26537,-0.10288
249,73,-1.26265,-0.102416
250,73,-1.25991,-0.101986
251,73,-1.25694,-0.101403
252,73,-1.25419,-0.100927
253,73,-1.25145,-0.10088
254,73,-1.24841,-0.100244
255,73,-1.24571,-0.0997043
256,73,-1.24288,-0.0995512
257,73,-1.2396,-0.0995049
258,73,-1.23693,-0.0988788
259,73,-1.23412,-0.0984635
260,73,-1.23127,-0.0982275
261,73,-1.2284,-0.0982072
262,73,-1.22536,-0.0981599
263,73,-1.22229,-0.0976103
264,73,-1.21917,-0.0971647
265,73,-1.21576,-0.0965033
266,73,-1.21255,-0.0963752
267,73,-1.20918,-0.0957066
268,73,-1.20569,-0.0952305
269,73,-1.20213,-0.095032
270,73,-1.1984,-0.0949834
271,73,-1.19484,-0.0948831
272,73,-1.19126,-0.0944424
273,73,-1.18801,-0.0939219
274,73,-1.18449,-0.0936361
275,73,-1.18109,-0.0933364
276,73,-1.17726,-0.0930654
277,73,-1.17349,-0.0925784
278,73,-1.16991,-0.0922903
279,73,-1.16603,-0.0915635
280,73,-1.16237,-0.0912061
281,73,-1.15885,-0.0904449
282,73,-1.15525,-0.0901895
283,73,-1.15198,-0.0897284
284,73,-1.14828,-0.0891698
285,73,-1.14467,-0.0886931
286,73,-1.14105,-0.088155
287,73,-1.13789,-0.0876397
288,73,-1.13435,-0.0871778
289,73,-1.13128,-0.0865446
290,73,-1.128,-0.0861958
291,73,-1.12443,-0.0857031
292,73,-1.12136,-0.0851644
293,73,-1.11803,-0.084593
294,73,-1.11481,-0.0840566
295,73,-1.11108,-0.0833375
296,73,-1.10757,-0.0825637
297,73,-1.10405,-0.0821387
298,73,-1.10129,-0.0815334
299,73,-1.09805,-0.0808379
300,73,-1.09446,-0.0802774
301,73,-1.09138,-0.0797082
302,73,-1.08739,-0.0790362
303,73,-1.08364,-0.0784587
304,73,-1.08012,-0.0773614
305,73,-1.07614,-0.076883
306,73,-1.0726,-0.0766004
307,73,-1.06897,-0.0759395
308,73,-1.06523,-0.0754736
309,73,-1.06132,-0.0748898
310,73,-1.05774,-0.0744776
311,73,-1.05417,-0.0739812
312,73,-1.05058,-0.0735668
313,73,-1.0469,-0.0724672
314,73,-1.04299,-0.0715594
315,73,-1.03899,-0.0713589
316,73,-1.03491,-0.0705669
317,73,-1.03143,-0.0700536
318,73,-1.02823,-0.0696632
319,73,-1.02465,-0.0688535
320,73,-1.02103,-0.0680635
321,73,-1.01733,-0.0673012
322,73,-1.01369,-0.0668434
323,73,-1.01006,-0.0662765
324,73,-1.00654,-0.0655606
325,73,-1.00331,-0.0651019
326,73,-1.00012,-0.0644474
327,73,-0.997075,-0.0637229
11,74,-2.41409,-0.195199
12,74,-2.40985,-0.194817
13,74,-2.40649,-0.194484
14,74,-2.40302,-0.194267
15,74,-2.39954,-0.193979
16,74,-2.39585,-0.19393
17,74,-2.39234,-0.193833
18,74,-2.38874,-0.193556
19,74,-2.38501,-0.193557
20,74,-2.38138,-0.193333
21,74,-2.37745,-0.193047
22,74,-2.3735,-0.19294
23,74,-2.36989,-0.192793
24,74,-2.36573,-0.192315
25,74,-2.3619,-0.192207
26,74,-2.35815,-0.192256
27,74,-2.35462,-0.192106
28,74,-2.35112,-0.191553
29,74,-2.34747,-0.191294
30,74,-2.34397,-0.191324
31,74,-2.34059,-0.190858
32,74,-2.33658,-0.190589
33,74,-2.33293,-0.190437
34,74,-2.32918,-0.190327
35,74,-2.32533,-0.189846
36,74,-2.32181,-0.189775
37,74,-2.31814,-0.189392
38,74,-2.31486,-0.188926
39,74,-2.3109,-0.188919
40,74,-2.30718,-0.188325
41,74,-2.30343,-0.187979
42,74,-2.29951,-0.187706
43,74,-2.29557,-0.187262
44,74,-2.29188,-0.187295
45,74,-2.28813,-0.187019
46,74,-2.28444,-0.186444
47,74,-2.28097,-0.185808
48,74,-2.27697,-0.185708
49,74,-2.27261,-0.185012
50,74,-2.26888,-0.18463
51,74,-2.26494,-0.184289
52,74,-2.26123,-0.184111
53,74,-2.25783,-0.184021
54,74,-2.25401,-0.183959
55,74,-2.25023,-0.183456
56,74,-2.24629,-0.183113
57,74,-2.24229,-0.182994
58,74,-2.23836,-0.182885
59,74,-2.23433,-0.182692
60,74,-2.2304,-0.182511
61,74,-2.22645,-0.182035
62,74,-2.22233,-0.182025
63,74,-2.21832,-0.181583
64,74,-2.21455,-0.181029
65,74,-2.21027,-0.180967
66,74,-2.20583,-0.18078
67,74,-2.20162,-0.180323
68,74,-2.19751,-0.180234
69,74,-2.19324,-0.179826
70,74,-2.18932,-0.179472
71,74,-2.18532,-0.179194
72,74,-2.18115,-0.17888
73,74,-2.17714,-0.178612
74,74,-2.17317,-0.178209
75,74,-2.16914,-0.177872
76,74,-2.16541,-0.17765
77,74,-2.16164,-0.177381
78,74,-2.15769,-0.177129
79,74,-2.154,-0.176912
80,74,-2.15054,-0.176645
81,74,-2.14685,-0.175979
82,74,-2.14305,-0.175507
83,74,-2.13912,-0.175504
84,74,-2.13577,-0.174843
85,74,-2.13208,-0.17435
86,74,-2.12863,-0.174231
87,74,-2.12524,-0.173749
88,74,-2.12144,-0.17358
89,74,-2.11799,-0.173588
90,74,-2.11464,-0.173755
91,74,-2.11141,-0.173871
92,74,-2.10811,-0.173445
93,74,-2.10473,-0.173148
94,74,-2.10115,-0.173
95,74,-2.09777,-0.172841
96,74,-2.09449,-0.172543
97,74,-2.09093,-0.172647
98,74,-2.08764,-0.173068
99,74,-2.08431,-0.173332
100,74,-2.08079,-0.173482
101,74,-2.0773,-0.173039
102,74,-2.07363,-0.172646
103,74,-2.0701,-0.172558
104,74,-2.06659,-0.172585
105,74,-2.06348,-0.172499
106,74,-2.06037,-0.172426
107,74,-2.05712,-0.172443
108,74,-2.05389,-0.17212
109,74,-2.05096,-0.172079
110,74,-2.04802,-0.172117
111,74,-2.04477,-0.17187
112,74,-2.04203,-0.171847
113,74,-2.03901,-0.171848
114,74,-2.03613,-0.171509
115,74,-2.03332,-0.171381
116,74,-2.03007,-0.171171
117,74,-2.02702,-0.170608
118,74,-2.02428,-0.170774
119,74,-2.02143,-0.170293
120,74,-2.01867,-0.169824
121,74,-2.01635,-0.17006
122,74,-2.01404,-0.169727
123,74,-2.01141,-0.169373
124,74,-2.00905,-0.169217
125,74,-2.00664,-0.168764
126,74,-2.00447,-0.168408
127,74,-2.00226,-0.168435
128,74,-2.00021,-0.16826
129,74,-1.99808,-0.168179
130,74,-1.99609,-0.168205
131,74,-1.9941,-0.168065
132,74,-1.99181,-0.167776
133,74,-1.9897,-0.167575
134,74,-1.98755,-0.166795
135,74,-1.98538,-0.166788
136,74,-1.98387,-0.166471
137,74,-1.98204,-0.166261
138,74,-1.98037,-0.166387
139,74,-1.97896,-0.1659
140,74,-1.97721,-0.166037
141,74,-1.97587,-0.1662
142,74,-1.97428,-0.166073
143,74,-1.97259,-0.166347
144,74,-1.97137,-0.166555
145,74,-1.96979,-0.166543
146,74,-1.96799,-0.166891
147,74,-1.96635,-0.167197
148,74,-1.96498,-0.167424
149,74,-1.96311,-0.167899
150,74,-1.96098,-0.168623
151,74,-1.95933,-0.169611
152,74,-1.95756,-0.171105
153,74,-1.95573,-0.172805
154,74,-1.95422,-0.174769
155,74,-1.95314,-0.176914
156,74,-1.95126,-0.179485
157,74,-1.94941,-0.182634
158,74,-1.948,-0.187028
159,74,-1.94653,-0.191984
160,74,-1.94433,-0.197356
161,74,-1.9419,-0.203694
162,74,-1.93914,-0.210319
194,74,-1.36748,-0.180627
195,74,-1.36529,-0.17325
196,74,-1.36332,-0.167005
197,74,-1.36186,-0.16131
198,74,-1.36032,-0.156534
199,74,-1.35871,-0.152865
200,74,-1.35633,-0.149635
201,74,-1.35484,-0.146335
202,74,-1.35372,-0.14298
203,74,-1.35204,-0.140915
204,74,-1.35052,-0.13902
205,74,-1.34854,-0.137375
206,74,-1.34694,-0.13589
207,74,-1.34527,-0.134517
208,74,-1.34374,-0.133595
209,74,-1.34212,-0.132651
210,74,-1.34063,-0.131503
211,74,-1.33898,-0.130391
212,74,-1.33739,-0.129071
213,74,-1.33589,-0.128022
214,74,-1.33439,-0.127031
215,74,-1.33291,-0.125966
216,74,-1.33159,-0.12507
217,74,-1.3299,-0.123981
218,74,-1.32846,-0.122994
219,74,-1.32716,-0.121995
220,74,-1.32554,-0.120778
221,74,-1.32382,-0.11989
222,74,-1.3228,-0.119238
223,74,-1.32115,-0.11865
224,74,-1.31929,-0.117701
225,74,-1.31738,-0.116538
226,74,-1.31515,-0.115748
227,74,-1.31358,-0.115003
228,74,-1.31186,-0.113965
229,74,-1.3099,-0.113237
230,74,-1.30793,-0.112575
231,74,-1.30563,-0.111947
232,74,-1.30344,-0.11133
233,74,-1.30143,-0.110881
234,74,-1.29947,-0.11048
235,74,-1.29783,-0.109912
236,74,-1.2958,-0.109573
237,74,-1.29386,-0.109432
238,74,-1.29181,-0.108783
239,74,-1.28923,-0.108558
240,74,-1.28695,-0.107727
241,74,-1.28459,-0.107311
242,74,-1.28214,-0.106871
243,74,-1.27965,-0.106293
244,74,-1.2776,-0.105588
245,74,-1.27526,-0.105101
246,74,-1.27274,-0.104589
247,74,-1.2701,-0.103688
248,74,-1.2674,-0.103361
249,74,-1.26465,-0.103275
250,74,-1.26177,-0.10227
251,74,-1.25851,-0.102
252,74,-1.25569,-0.101608
253,74,-1.25267,-0.101343
254,74,-1.25003,-0.100714
255,74,-1.24739,-0.100442
256,74,-1.24455,-0.100337
257,74,-1.24142,-0.0998443
258,74,-1.23857,-0.0993935
259,74,-1.2358,-0.0991397
260,74,-1.23283,-0.0990018
261,74,-1.22997,-0.0989396
262,74,-1.22669,-0.0985625
263,74,-1.22363,-0.098078
264,74,-1.22064,-0.09755
265,74,-1.21731,-0.0971506
266,74,-1.21378,-0.0968647
267,74,-1.21042,-0.096223
268,74,-1.20685,-0.0956848
269,74,-1.20344,-0.0955247
270,74,-1.19965,-0.0956205
271,74,-1.19599,-0.0952606
272,74,-1.19253,-0.0949026
273,74,-1.18887,-0.0943587
274,74,-1.18559,-0.0940286
275,74,-1.18229,-0.093946
276,74,-1.17874,-0.0933651
277,74,-1.17474,-0.0929738
278,74,-1.17068,-0.0924708
279,74,-1.16683,-0.0919723
280,74,-1.16331,-0.091739
281,74,-1.1598,-0.0913064
282,74,-1.15632,-0.0907
283,74,-1.15273,-0.0900577
284,74,-1.14895,-0.0900023
285,74,-1.14546,-0.0893908
286,74,-1.14195,-0.0889341
287,74,-1.13866,-0.0881565
288,74,-1.13527,-0.0878519
289,74,-1.13174,-0.0873342
290,74,-1.1286,-0.0868678
291,74,-1.12526,-0.0864568
292,74,-1.12211,-0.0858335
293,74,-1.11848,-0.0852541
294,74,-1.11505,-0.0848708
295,74,-1.11178,-0.084361
296,74,-1.10846,-0.0836182
297,74,-1.10507,-0.0829652
298,74,-1.10189,-0.0823998
299,74,-1.09887,-0.0816536
300,74,-1.095,-0.0810537
301,74,-1.09192,-0.0806452
302,74,-1.08796,-0.0798471
303,74,-1.08447,-0.0791403
304,74,-1.08063,-0.0785793
305,74,-1.07677,-0.0776914
306,74,-1.07326,-0.0771907
307,74,-1.06937,-0.0767929
308,74,-1.0657,-0.0764967
309,74,-1.06208,-0.0759591
310,74,-1.05841,-0.0752741
311,74,-1.05482,-0.0746842
312,74,-1.05116,-0.0737877
313,74,-1.04742,-0.0731827
314,74,-1.04331,-0.0725564
315,74,-1.03956,-0.0718044
316,74,-1.03576,-0.0710898
317,74,-1.03241,-0.0708686
318,74,-1.02868,-0.0704709
319,74,-1.02523,-0.0696677
320,74,-1.02151,-0.0688728
321,74,-1.01776,-0.0679671
322,74,-1.01384,-0.0675939
323,74,-1.01026,-0.0672914
324,74,-1.00685,-0.0665466
325,74,-1.00331,-0.0658781
326,74,-0.999997,-0.0653328
327,74,-0.996406,-0.0646451
11,75,-2.4137,-0.195302
12,75,-2.40983,-0.194994
13,75,-2.40628,-0.194708
14,75,-2.4031,-0.194766
15,75,-2.39946,-0.194558
16,75,-2.39605,-0.194476
17,75,-2.39247,-0.194405
18,75,-2.38878,-0.194144
19,75,-2.38481,-0.194141
20,75,-2.38119,-0.193901
21,75,-2.37742,-0.193855
22,75,-2.37367,-0.193861
23,75,-2.36976,-0.193625
24,75,-2.36594,-0.193278
25,75,-2.36199,-0.193281
26,75,-2.35829,-0.19313
27,75,-2.35493,-0.192751
28,75,-2.35099,-0.192512
29,75,-2.34731,-0.192154
30,75,-2.34376,-0.192107
31,75,-2.34005,-0.191907
32,75,-2.33637,-0.191752
33,75,-2.33271,-0.191599
34,75,-2.32928,-0.191321
35,75,-2.32553,-0.191002
36,75,-2.32201,-0.190606
37,75,-2.31827,-0.190288
38,75,-2.31474,-0.1901
39,75,-2.31104,-0.189583
40,75,-2.30718,-0.189189
41,75,-2.30355,-0.188864
42,75,-2.29936,-0.188603
43,75,-2.29581,-0.188267
44,75,-2.29209,-0.18806
45,75,-2.28817,-0.187706
46,75,-2.28427,-0.187101
47,75,-2.2806,-0.186574
48,75,-2.27685,-0.186391
49,75,-2.27284,-0.185831
50,75,-2.26895,-0.185517
51,75,-2.26484,-0.185284
52,75,-2.26132,-0.185207
53,75,-2.25758,-0.185128
54,75,-2.25425,-0.184938
55,75,-2.25017,-0.184425
56,75,-2.24618,-0.183848
57,75,-2.242,-0.183632
58,75,-2.23798,-0.183503
59,75,-2.23409,-0.183527
60,75,-2.23008,-0.183108
61,75,-2.22595,-0.18282
62,75,-2.22214,-0.182618
63,75,-2.21773,-0.182116
64,75,-2.21394,-0.181879
65,75,-2.20999,-0.181787
66,75,-2.20552,-0.181676
67,75,-2.20116,-0.181027
68,75,-2.19699,-0.180796
69,75,-2.19283,-0.180603
70,75,-2.18882,-0.180049
71,75,-2.18474,-0.179873
72,75,-2.18055,-0.179393
73,75,-2.17662,-0.178959
74,75,-2.17264,-0.178753
75,75,-2.16863,-0.178561
76,75,-2.16493,-0.178276
77,75,-2.16116,-0.178051
78,75,-2.15712,-0.177948
79,75,-2.15348,-0.177639
80,75,-2.1499,-0.177319
81,75,-2.14608,-0.176793
82,75,-2.14235,-0.176158
83,75,-2.13856,-0.175688
84,75,-2.13516,-0.175159
85,75,-2.13134,-0.174729
86,75,-2.12799,-0.174585
87,75,-2.12471,-0.174209
88,75,-2.12109,-0.173967
89,75,-2.11764,-0.174121
90,75,-2.11422,-0.174475
91,75,-2.11114,-0.174235
92,75,-2.10757,-0.173678
93,75,-2.10393,-0.173621
94,75,-2.10055,-0.17341
95,75,-2.09725,-0.173022
96,75,-2.09381,-0.173032
97,75,-2.09027,-0.173219
98,75,-2.08708,-0.173141
99,75,-2.08341,-0.173369
100,75,-2.07974,-0.173696
101,75,-2.07649,-0.173199
102,75,-2.0728,-0.1726
103,75,-2.06926,-0.172596
104,75,-2.06586,-0.172596
105,75,-2.06274,-0.172404
106,75,-2.05956,-0.172469
107,75,-2.05626,-0.172397
108,75,-2.05265,-0.17248
109,75,-2.04951,-0.172603
110,75,-2.04679,-0.172089
111,75,-2.04347,-0.172055
112,75,-2.0407,-0.17215
113,75,-2.03759,-0.172301
114,75,-2.0346,-0.172308
115,75,-2.03163,-0.171922
116,75,-2.02855,-0.171439
117,75,-2.02542,-0.171017
118,75,-2.02238,-0.171093
119,75,-2.01965,-0.170864
120,75,-2.0169,-0.170329
121,75,-2.01425,-0.170357
122,75,-2.01157,-0.170064
123,75,-2.00904,-0.169765
124,75,-2.00661,-0.169545
125,75,-2.00381,-0.169235
126,75,-2.00145,-0.169061
127,75,-1.99935,-0.169166
128,75,-1.99692,-0.168755
129,75,-1.9948,-0.168738
130,75,-1.99295,-0.168936
131,75,-1.99063,-0.168609
132,75,-1.98828,-0.168433
133,75,-1.98635,-0.168159
134,75,-1.9841,-0.167789
135,75,-1.98182,-0.167518
136,75,-1.98003,-0.167458
137,75,-1.97793,-0.167413
138,75,-1.97608,-0.167191
139,75,-1.97444,-0.16674
140,75,-1.97261,-0.166757
141,75,-1.97093,-0.167101
142,75,-1.96924,-0.167177
143,75,-1.96742,-0.167453
144,75,-1.96567,-0.167491
145,75,-1.96386,-0.167834
146,75,-1.96174,-0.168396
147,75,-1.95945,-0.16865
148,75,-1.95759,-0.168874
149,75,-1.95555,-0.169327
150,75,-1.95361,-0.170066
151,75,-1.95176,-0.171143
152,75,-1.94979,-0.172616
153,75,-1.94818,-0.174297
154,75,-1.94647,-0.176291
155,75,-1.94478,-0.178604
156,75,-1.943,-0.181154
157,75,-1.94121,-0.184554
158,75,-1.93916,-0.188935
159,75,-1.93738,-0.19386
160,75,-1.93478,-0.199561
161,75,-1.93222,-0.205698
162,75,-1.92955,-0.211654
194,75,-1.37964,-0.18169
195,75,-1.37725,-0.175296
196,75,-1.37493,-0.16897
197,75,-1.37261,-0.163163
198,75,-1.37044,-0.158188
199,75,-1.36839,-0.154344
200,75,-1.36646,-0.15086
201,75,-1.3645,-0.147227
202,75,-1.36212,-0.144407
203,75,-1.36054,-0.142303
204,75,-1.35841,-0.139896
205,75,-1.35579,-0.138541
206,75,-1.35415,-0.137222
207,75,-1.3524,-0.135771
208,75,-1.35026,-0.134717
209,75,-1.34876,-0.133537
210,75,-1.34714,-0.132399
211,75,-1.34563,-0.1313
212,75,-1.34363,-0.130171
213,75,-1.3418,-0.128846
214,75,-1.34018,-0.12768
215,75,-1.33824,-0.126647
216,75,-1.33629,-0.125831
217,75,-1.33481,-0.124753
218,75,-1.33311,-0.123645
219,75,-1.33158,-0.12273
220,75,-1.33005,-0.121674
221,75,-1.32826,-0.120873
222,75,-1.32672,-0.119836
223,75,-1.32477,-0.119082
224,75,-1.32268,-0.118017
225,75,-1.32091,-0.117022
226,75,-1.319,-0.116039
227,75,-1.31704,-0.115466
228,75,-1.31466,-0.114845
229,75,-1.31289,-0.113963
230,75,-1.31093,-0.113542
231,75,-1.30877,-0.112735
232,75,-1.30648,-0.111976
233,75,-1.30443,-0.111523
234,75,-1.30245,-0.111103
235,75,-1.3004,-0.110733
236,75,-1.29833,-0.11021
237,75,-1.29609,-0.109649
238,75,-1.29385,-0.109408
239,75,-1.29191,-0.108868
240,75,-1.28935,-0.108196
241,75,-1.28695,-0.107507
242,75,-1.28438,-0.10682
243,75,-1.28195,-0.106538
244,75,-1.27997,-0.105782
245,75,-1.27758,-0.105433
246,75,-1.27477,-0.105081
247,75,-1.27206,-0.104214
248,75,-1.26928,-0.103738
249,75,-1.26631,-0.10352
250,75,-1.26326,-0.102944
251,75,-1.26032,-0.102825
252,75,-1.25743,-0.102478
253,75,-1.25468,-0.102043
254,75,-1.25202,-0.101433
255,75,-1.24908,-0.101147
256,75,-1.24626,-0.100806
257,75,-1.24324,-0.100375
258,75,-1.24031,-0.100015
259,75,-1.23751,-0.0997458
260,75,-1.23453,-0.0996689
261,75,-1.23131,-0.0993136
262,75,-1.22832,-0.0986923
263,75,-1.22507,-0.0986473
264,75,-1.22185,-0.0981924
265,75,-1.21831,-0.09796
266,75,-1.21506,-0.0973528
267,75,-1.21175,-0.0967585
268,75,-1.20818,-0.0962839
269,75,-1.20493,-0.0957949
270,75,-1.20111,-0.0960101
271,75,-1.19743,-0.0958875
272,75,-1.19365,-0.0950748
273,75,-1.18991,-0.0947767
274,75,-1.18669,-0.0942877
275,75,-1.18319,-0.0941996
276,75,-1.17936,-0.0937314
277,75,-1.17561,-0.0933657
278,75,-1.17177,-0.0927675
279,75,-1.16797,-0.0924394
280,75,-1.1642,-0.0921636
281,75,-1.16082,-0.0916194
282,75,-1.15712,-0.0911467
283,75,-1.15341,-0.090697
284,75,-1.14992,-0.0903031
285,75,-1.14633,-0.0900539
286,75,-1.14278,-0.0896186
287,75,-1.13925,-0.0890399
288,75,-1.13575,-0.088532
289,75,-1.13259,-0.0879347
290,75,-1.1294,-0.0875226
291,75,-1.12592,-0.0871333
292,75,-1.12257,-0.0865652
293,75,-1.11905,-0.0860587
294,75,-1.11582,-0.0856017
295,75,-1.11238,-0.0847873
296,75,-1.10885,-0.0841177
297,75,-1.10576,-0.0837118
298,75,-1.1026,-0.0829727
299,75,-1.09933,-0.082247
300,75,-1.09572,-0.081864
301,75,-1.09192,-0.0814193
302,75,-1.08821,-0.080777
303,75,-1.08487,-0.0800448
304,75,-1.08105,-0.0793237
305,75,-1.07741,-0.0788089
306,75,-1.07382,-0.0778307
307,75,-1.06993,-0.0774372
308,75,-1.0665,-0.0772421
309,75,-1.06288,-0.0766274
310,75,-1.05949,-0.076023
311,75,-1.0556,-0.0752951
312,75,-1.05143,-0.0747637
313,75,-1.04799,-0.0740538
314,75,-1.04419,-0.0732571
315,75,-1.04041,-0.0724437
316,75,-1.03679,-0.072056
317,75,-1.03302,-0.0716646
318,75,-1.02918,-0.071073
319,75,-1.0254,-0.0704242
320,75,-1.02189,-0.0695855
321,75,-1.01821,-0.0691239
322,75,-1.01464,-0.0685114
323,75,-1.01123,-0.0679871
324,75,-1.00727,-0.067314
325,75,-1.00359,-0.0665145
326,75,-1.00039,-0.0661287
327,75,-0.996986,-0.0649237
11,76,-2.41405,-0.19615
12,76,-2.41069,-0.195572
13,76,-2.4071,-0.195616
14,76,-2.40367,-0.195379
15,76,-2.4,-0.195432
16,76,-2.39654,-0.195361
17,76,-2.39274,-0.19521
18,76,-2.38901,-0.194979
19,76,-2.38522,-0.194752
20,76,-2.38128,-0.194688
21,76,-2.37769,-0.194418
22,76,-2.37395,-0.19431
23,76,-2.37005,-0.194281
24,76,-2.36616,-0.194285
25,76,-2.36237,-0.194175
26,76,-2.35849,-0.194204
27,76,-2.35512,-0.193782
28,76,-2.35104,-0.19326
29,76,-2.34712,-0.192932
30,76,-2.34363,-0.192735
31,76,-2.34016,-0.192877
32,76,-2.3364,-0.192847
33,76,-2.33268,-0.192562
34,76,-2.32908,-0.192064
35,76,-2.32551,-0.191538
36,76,-2.32193,-0.191441
37,76,-2.31831,-0.191066
38,76,-2.3145,-0.190666
39,76,-2.31098,-0.190183
40,76,-2.30729,-0.189974
41,76,-2.30378,-0.189574
42,76,-2.29967,-0.189205
43,76,-2.29579,-0.188939
44,76,-2.29211,-0.188815
45,76,-2.28838,-0.188296
46,76,-2.28433,-0.18769
47,76,-2.28062,-0.187311
48,76,-2.27697,-0.187087
49,76,-2.27271,-0.186611
50,76,-2.2689,-0.186476
51,76,-2.26485,-0.186231
52,76,-2.261,-0.186085
53,76,-2.25731,-0.186123
54,76,-2.25364,-0.185768
55,76,-2.2502,-0.185362
56,76,-2.24581,-0.184897
57,76,-2.24187,-0.184731
58,76,-2.23758,-0.184287
59,76,-2.23341,-0.18415
60,76,-2.22982,-0.184086
61,76,-2.22552,-0.183451
62,76,-2.22148,-0.183143
63,76,-2.2173,-0.182839
64,76,-2.21341,-0.182475
65,76,-2.20935,-0.18232
66,76,-2.20514,-0.182153
67,76,-2.20078,-0.181625
68,76,-2.19661,-0.181467
69,76,-2.19239,-0.181365
70,76,-2.18843,-0.180773
71,76,-2.18406,-0.180423
72,76,-2.17991,-0.180035
73,76,-2.17626,-0.179565
74,76,-2.17245,-0.179448
75,76,-2.16809,-0.179054
76,76,-2.16421,-0.178835
77,76,-2.16048,-0.178472
78,76,-2.15658,-0.178055
79,76,-2.15261,-0.17784
80,76,-2.14887,-0.17749
81,76,-2.14542,-0.177178
82,76,-2.14185,-0.176765
83,76,-2.13834,-0.176344
84,76,-2.13448,-0.175771
85,76,-2.13099,-0.175507
86,76,-2.12758,-0.175223
87,76,-2.12374,-0.174782
88,76,-2.12037,-0.17469
89,76,-2.11724,-0.174704
90,76,-2.11382,-0.174852
91,76,-2.1104,-0.174867
92,76,-2.10686,-0.17466
93,76,-2.10328,-0.174325
94,76,-2.09977,-0.174006
95,76,-2.09637,-0.173754
96,76,-2.09303,-0.17367
97,76,-2.08957,-0.17374
98,76,-2.0861,-0.173481
99,76,-2.08245,-0.173292
100,76,-2.07909,-0.173355
101,76,-2.07558,-0.173345
102,76,-2.07177,-0.173123
103,76,-2.0683,-0.172779
104,76,-2.06495,-0.172445
105,76,-2.06182,-0.172373
106,76,-2.05869,-0.172616
107,76,-2.0553,-0.172676
108,76,-2.05172,-0.172859
109,76,-2.04829,-0.173047
110,76,-2.04528,-0.172778
111,76,-2.04231,-0.172484
112,76,-2.03937,-0.172562
113,76,-2.03614,-0.172772
114,76,-2.03284,-0.172863
115,76,-2.02988,-0.172514
116,76,-2.02666,-0.172116
117,76,-2.02356,-0.171918
118,76,-2.02051,-0.171627
119,76,-2.01763,-0.171326
120,76,-2.01465,-0.171069
121,76,-2.01177,-0.170811
122,76,-2.0093,-0.170441
123,76,-2.00645,-0.170237
124,76,-2.00384,-0.170289
125,76,-2.00128,-0.170353
126,76,-1.99877,-0.170128
127,76,-1.99683,-0.169845
128,76,-1.99406,-0.16969
129,76,-1.99147,-0.169772
130,76,-1.98934,-0.169566
131,76,-1.98666,-0.169385
132,76,-1.98454,-0.16961
133,76,-1.98255,-0.169096
134,76,-1.98016,-0.16896
135,76,-1.9777,-0.168693
136,76,-1.97546,-0.168317
137,76,-1.97331,-0.168134
138,76,-1.9712,-0.167955
139,76,-1.9693,-0.167788
140,76,-1.96719,-0.16795
141,76,-1.96519,-0.168132
142,76,-1.96301,-0.168379
143,76,-1.9612,-0.168525
144,76,-1.95931,-0.168527
145,76,-1.95758,-0.169211
146,76,-1.95473,-0.169802
147,76,-1.95238,-0.170115
148,76,-1.95024,-0.170686
149,76,-1.94772,-0.171047
150,76,-1.94564,-0.171715
151,76,-1.94365,-0.172825
152,76,-1.94158,-0.174378
153,76,-1.9398,-0.175745
154,76,-1.93793,-0.177873
155,76,-1.93573,-0.18024
156,76,-1.93359,-0.183195
157,76,-1.93186,-0.186906
158,76,-1.92936,-0.190682
159,76,-1.92645,-0.195733
160,76,-1.92355,-0.201487
161,76,-1.92071,-0.207113
162,76,-1.91742,-0.212986
163,76,-1.91367,-0.217948
193,76,-1.39448,-0.190423
194,76,-1.39233,-0.183111
195,76,-1.38989,-0.176578
196,76,-1.38776,-0.170781
197,76,-1.38487,-0.165428
198,76,-1.38208,-0.160011
199,76,-1.37941,-0.155997
200,76,-1.37705,-0.152189
201,76,-1.37452,-0.148529
202,76,-1.37196,-0.145583
203,76,-1.36983,-0.143092
204,76,-1.36701,-0.141213
205,76,-1.36452,-0.139511
206,76,-1.36196,-0.13839
207,76,-1.3598,-0.137151
208,76,-1.35764,-0.135643
209,76,-1.35556,-0.134678
210,76,-1.35392,-0.13346
211,76,-1.35211,-0.132246
212,76,-1.35032,-0.130929
213,76,-1.34843,-0.129757
214,76,-1.3464,-0.128693
215,76,-1.34411,-0.127755
216,76,-1.34228,-0.126638
217,76,-1.3404,-0.125867
218,76,-1.33865,-0.124817
219,76,-1.33649,-0.123826
220,76,-1.33473,-0.122808
221,76,-1.33291,-0.121862
222,76,-1.33094,-0.120939
223,76,-1.32879,-0.119722
224,76,-1.32664,-0.118552
225,76,-1.32433,-0.117557
226,76,-1.32268,-0.116813
227,76,-1.32058,-0.116159
228,76,-1.3183,-0.115459
229,76,-1.316,-0.114871
230,76,-1.31405,-0.114321
231,76,-1.31205,-0.113462
232,76,-1.30998,-0.112947
233,76,-1.30766,-0.112094
234,76,-1.3056,-0.11133
235,76,-1.30311,-0.11096
236,76,-1.30108,-0.110549
237,76,-1.29873,-0.11023
238,76,-1.29658,-0.109898
239,76,-1.29445,-0.108992
240,76,-1.29206,-0.108512
241,76,-1.28955,-0.107784
242,76,-1.28685,-0.107042
243,76,-1.2843,-0.106753
244,76,-1.28177,-0.106327
245,76,-1.27937,-0.105822
246,76,-1.27662,-0.105239
247,76,-1.27422,-0.104851
248,76,-1.27117,-0.104429
249,76,-1.2682,-0.104123
250,76,-1.26501,-0.103693
251,76,-1.2623,-0.1034
252,76,-1.25941,-0.102903
253,76,-1.25678,-0.102373
254,76,-1.25409,-0.101962
255,76,-1.25136,-0.101548
256,76,-1.24843,-0.10097
257,76,-1.24529,-0.10094
258,76,-1.24209,-0.100874
259,76,-1.23936,-0.100657
260,76,-1.23626,-0.100228
261,76,-1.23316,-0.0996294
262,76,-1.22976,-0.0991684
263,76,-1.22646,-0.0989937
264,76,-1.22316,-0.0986013
265,76,-1.21979,-0.0981792
266,76,-1.21685,-0.0982148
267,76,-1.21313,-0.0975592
268,76,-1.20942,-0.0969231
269,76,-1.20627,-0.0968157
270,76,-1.20272,-0.0964744
271,76,-1.19879,-0.0962646
272,76,-1.19484,-0.0957949
273,76,-1.19123,-0.0952517
274,76,-1.18789,-0.0948983
275,76,-1.1843,-0.0945993
276,76,-1.18051,-0.0941494
277,76,-1.17664,-0.0938224
278,76,-1.17278,-0.0935886
279,76,-1.16893,-0.0929649
280,76,-1.16525,-0.0927851
281,76,-1.16168,-0.0917756
282,76,-1.15823,-0.0912931
283,76,-1.15425,-0.0909674
284,76,-1.15074,-0.0906142
285,76,-1.14723,-0.0905042
286,76,-1.14352,-0.0899104
287,76,-1.1401,-0.0896615
288,76,-1.13657,-0.0893029
289,76,-1.13359,-0.0888234
290,76,-1.13012,-0.0884088
291,76,-1.1268,-0.0879104
292,76,-1.12322,-0.0874403
293,76,-1.12002,-0.0870931
294,76,-1.11659,-0.0862303
295,76,-1.11306,-0.0855234
296,76,-1.10972,-0.0849517
297,76,-1.10605,-0.0843697
298,76,-1.10307,-0.0838549
299,76,-1.09972,-0.0832748
300,76,-1.09588,-0.0823801
301,76,-1.09273,-0.0820718
302,76,-1.08889,-0.0817748
303,76,-1.08553,-0.0806724
304,76,-1.08197,-0.0800603
305,76,-1.07793,-0.0795951
306,76,-1.07443,-0.0787386
307,76,-1.0708,-0.0781387
308,76,-1.06723,-0.0778736
309,76,-1.06363,-0.0774148
310,76,-1.06001,-0.0767397
311,76,-1.05626,-0.0760048
312,76,-1.0522,-0.0755085
313,76,-1.04871,-0.0748397
314,76,-1.04519,-0.0741026
315,76,-1.04138,-0.0735694
316,76,-1.03749,-0.0732794
317,76,-1.03388,-0.072686
318,76,-1.03026,-0.0722077
319,76,-1.02618,-0.0712631
320,76,-1.02251,-0.0704684
321,76,-1.01887,-0.0698896
322,76,-1.01548,-0.0692547
323,76,-1.01181,-0.0686367
324,76,-1.00787,-0.0680913
325,76,-1.004,-0.0677055
326,76,-1.00067,-0.0675623
327,76,-0.996979,-0.0667209
11,77,-2.4145,-0.196586
12,77,-2.41153,-0.195965
13,77,-2.40781,-0.195973
14,77,-2.40417,-0.195582
15,77,-2.4004,-0.195767
16,77,-2.39661,-0.195939
17,77,-2.39313,-0.196112
18,77,-2.38946,-0.195742
19,77,-2.38551,-0.19565
20,77,-2.38169,-0.195411
21,77,-2.37778,-0.195317
22,77,-2.37397,-0.195099
23,77,-2.37018,-0.194931
24,77,-2.36642,-0.195028
25,77,-2.36232,-0.194715
26,77,-2.35845,-0.19477
27,77,-2.35492,-0.194391
28,77,-2.35087,-0.194072
29,77,-2.34721,-0.193842
30,77,-2.34354,-0.193481
31,77,-2.34006,-0.193734
32,77,-2.33649,-0.193606
33,77,-2.33266,-0.193366
34,77,-2.32901,-0.192694
35,77,-2.32533,-0.191999
36,77,-2.32173,-0.191748
37,77,-2.31803,-0.191463
38,77,-2.31458,-0.191079
39,77,-2.31106,-0.190595
40,77,-2.30723,-0.190381
41,77,-2.30354,-0.190316
42,77,-2.29962,-0.189837
43,77,-2.2957,-0.18981
44,77,-2.29193,-0.189466
45,77,-2.28815,-0.189043
46,77,-2.28428,-0.188549
47,77,-2.28048,-0.188252
48,77,-2.27648,-0.188184
49,77,-2.27275,-0.18785
50,77,-2.26884,-0.187378
51,77,-2.2648,-0.187118
52,77,-2.26063,-0.186665
53,77,-2.25716,-0.186514
54,77,-2.25329,-0.186474
55,77,-2.24968,-0.186205
56,77,-2.24556,-0.185919
57,77,-2.24139,-0.185458
58,77,-2.23737,-0.185199
59,77,-2.23315,-0.184997
60,77,-2.22916,-0.185008
61,77,-2.22508,-0.184679
62,77,-2.22097,-0.184221
63,77,-2.21704,-0.183701
64,77,-2.21298,-0.183016
65,77,-2.20878,-0.182703
66,77,-2.20468,-0.182509
67,77,-2.20036,-0.182318
68,77,-2.1963,-0.181955
69,77,-2.19222,-0.181846
70,77,-2.18776,-0.181496
71,77,-2.18368,-0.181073
72,77,-2.1798,-0.180655
73,77,-2.17582,-0.180178
74,77,-2.17182,-0.179961
75,77,-2.16762,-0.179733
76,77,-2.16367,-0.179517
77,77,-2.15981,-0.178973
78,77,-2.15589,-0.178218
79,77,-2.15211,-0.178086
80,77,-2.14839,-0.177817
81,77,-2.14485,-0.177401
82,77,-2.14124,-0.177104
83,77,-2.13767,-0.176871
84,77,-2.13408,-0.176464
85,77,-2.13041,-0.176217
86,77,-2.12686,-0.176036
87,77,-2.12296,-0.17565
88,77,-2.11943,-0.175377
89,77,-2.11622,-0.175208
90,77,-2.11308,-0.175407
91,77,-2.10982,-0.175402
92,77,-2.10618,-0.175105
93,77,-2.10268,-0.174723
94,77,-2.09911,-0.174502
95,77,-2.09566,-0.174195
96,77,-2.09238,-0.173858
97,77,-2.08881,-0.173992
98,77,-2.08519,-0.174051
99,77,-2.08157,-0.173793
100,77,-2.07786,-0.173466
101,77,-2.07449,-0.173325
102,77,-2.07073,-0.173416
103,77,-2.06706,-0.173405
104,77,-2.06392,-0.17292
105,77,-2.06072,-0.172736
106,77,-2.05765,-0.172942
107,77,-2.05398,-0.173261
108,77,-2.0502,-0.173475
109,77,-2.04693,-0.173488
110,77,-2.04372,-0.173496
111,77,-2.04056,-0.173175
112,77,-2.0375,-0.172953
113,77,-2.03442,-0.173159
114,77,-2.031,-0.173313
115,77,-2.02789,-0.17296
116,77,-2.02487,-0.172868
117,77,-2.02174,-0.172668
118,77,-2.01845,-0.17207
119,77,-2.01543,-0.171784
120,77,-2.01229,-0.171541
121,77,-2.00928,-0.17117
122,77,-2.00668,-0.170911
123,77,-2.00397,-0.170629
124,77,-2.00119,-0.170851
125,77,-1.99861,-0.171212
126,77,-1.99597,-0.170892
127,77,-1.99339,-0.170656
128,77,-1.9907,-0.170641
129,77,-1.98841,-0.170685
130,77,-1.98562,-0.170466
131,77,-1.98318,-0.170317
132,77,-1.98085,-0.170634
133,77,-1.97823,-0.17038
134,77,-1.9759,-0.170277
135,77,-1.97352,-0.170037
136,77,-1.97096,-0.169698
137,77,-1.96838,-0.16908
138,77,-1.96612,-0.168845
139,77,-1.96393,-0.16915
140,77,-1.96134,-0.169283
141,77,-1.95937,-0.169009
142,77,-1.95669,-0.169317
143,77,-1.95459,-0.169732
144,77,-1.95275,-0.169709
145,77,-1.95,-0.170284
146,77,-1.94745,-0.171151
147,77,-1.94475,-0.171487
148,77,-1.94236,-0.171936
149,77,-1.93986,-0.172373
150,77,-1.93752,-0.173097
151,77,-1.9352,-0.174124
152,77,-1.93276,-0.175504
153,77,-1.93038,-0.177239
154,77,-1.92821,-0.179454
155,77,-1.92588,-0.181892
156,77,-1.9238,-0.185094
157,77,-1.92119,-0.188703
158,77,-1.91782,-0.192935
159,77,-1.91476,-0.197792
160,77,-1.91127,-0.203259
161,77,-1.90813,-0.208908
162,77,-1.90473,-0.214166
163,77,-1.90069,-0.219627
164,77,-1.89547,-0.224321
192,77,-1.41171,-0.198301
193,77,-1.40938,-0.191224
194,77,-1.40716,-0.183854
195,77,-1.40368,-0.177486
196,77,-1.40048,-0.171984
197,77,-1.39737,-0.166694
198,77,-1.39416,-0.162042
199,77,-1.39122,-0.157488
200,77,-1.38863,-0.153341
201,77,-1.38569,-0.150014
202,77,-1.38267,-0.147081
203,77,-1.38008,-0.144779
204,77,-1.37692,-0.142607
205,77,-1.37381,-0.140685
206,77,-1.37103,-0.139642
207,77,-1.3683,-0.138415
208,77,-1.36563,-0.137189
209,77,-1.36312,-0.13592
210,77,-1.36103,-0.134812
211,77,-1.35883,-0.133783
212,77,-1.35702,-0.131988
213,77,-1.35497,-0.130749
214,77,-1.35294,-0.12972
215,77,-1.35019,-0.128484
216,77,-1.34819,-0.127569
217,77,-1.34604,-0.126598
218,77,-1.34413,-0.125764
219,77,-1.34182,-0.124813
220,77,-1.33971,-0.123528
221,77,-1.33773,-0.122558
222,77,-1.33546,-0.121731
223,77,-1.33323,-0.120696
224,77,-1.331,-0.119385
225,77,-1.32889,-0.118194
226,77,-1.32683,-0.117542
227,77,-1.32437,-0.116932
228,77,-1.32203,-0.116081
229,77,-1.3198,-0.11543
230,77,-1.31748,-0.114703
231,77,-1.31543,-0.114141
232,77,-1.31322,-0.113643
233,77,-1.31105,-0.112655
234,77,-1.30848,-0.112362
235,77,-1.30613,-0.111671
236,77,-1.30373,-0.111279
237,77,-1.30141,-0.110927
238,77,-1.29924,-0.110423
239,77,-1.29696,-0.109917
240,77,-1.29459,-0.109275
241,77,-1.29201,-0.108378
242,77,-1.28911,-0.107566
243,77,-1.28655,-0.10721
244,77,-1.28384,-0.106998
245,77,-1.28145,-0.106362
246,77,-1.2788,-0.105987
247,77,-1.27615,-0.105183
248,77,-1.27304,-0.104584
249,77,-1.27014,-0.104444
250,77,-1.26698,-0.104072
251,77,-1.26407,-0.103454
252,77,-1.26163,-0.103258
253,77,-1.2589,-0.10257
254,77,-1.25594,-0.102424
255,77,-1.25351,-0.102017
256,77,-1.25049,-0.101661
257,77,-1.24756,-0.101379
258,77,-1.24434,-0.10148
259,77,-1.2415,-0.101143
260,77,-1.23836,-0.100572
261,77,-1.23468,-0.100117
262,77,-1.23096,-0.0999371
263,77,-1.22795,-0.0996093
264,77,-1.22479,-0.0993814
265,77,-1.22157,-0.0990396
266,77,-1.21832,-0.0988261
267,77,-1.21483,-0.098223
268,77,-1.21126,-0.0976646
269,77,-1.20747,-0.0974684
270,77,-1.20397,-0.0967932
271,77,-1.20008,-0.096326
272,77,-1.19643,-0.0961118
273,77,-1.19252,-0.0957641
274,77,-1.1891,-0.0955253
275,77,-1.1855,-0.0952349
276,77,-1.18183,-0.0948416
277,77,-1.17797,-0.0946415
278,77,-1.17396,-0.0942874
279,77,-1.17003,-0.0937171
280,77,-1.1662,-0.093107
281,77,-1.1627,-0.0923753
282,77,-1.15919,-0.0919898
283,77,-1.15544,-0.0915676
284,77,-1.15156,-0.0915143
285,77,-1.14823,-0.0911357
286,77,-1.14431,-0.0907599
287,77,-1.14102,-0.0902789
288,77,-1.13782,-0.089837
289,77,-1.13457,-0.0893888
290,77,-1.13148,-0.0891217
291,77,-1.12786,-0.0885348
292,77,-1.12428,-0.0882014
293,77,-1.12076,-0.0876358
294,77,-1.11748,-0.0870447
295,77,-1.11379,-0.0863869
296,77,-1.11052,-0.0857093
297,77,-1.10676,-0.0853363
298,77,-1.1037,-0.0850802
299,77,-1.10034,-0.0842768
300,77,-1.09669,-0.0834246
301,77,-1.09297,-0.0827707
302,77,-1.08942,-0.0823654
303,77,-1.08619,-0.0817286
304,77,-1.08273,-0.0807303
305,77,-1.07904,-0.080226
306,77,-1.07531,-0.0795738
307,77,-1.07158,-0.0788236
308,77,-1.06811,-0.078689
309,77,-1.06404,-0.0785582
310,77,-1.0604,-0.0777609
311,77,-1.05658,-0.0768954
312,77,-1.05285,-0.0764754
313,77,-1.0494,-0.0758182
314,77,-1.04585,-0.0753864
315,77,-1.042,-0.074918
316,77,-1.03813,-0.0741572
317,77,-1.0346,-0.0733116
318,77,-1.03045,-0.07281
319,77,-1.02654,-0.0721371
320,77,-1.02319,-0.0714023
321,77,-1.01947,-0.0707094
322,77,-1.01565,-0.0698624
323,77,-1.01202,-0.0694022
324,77,-1.00837,-0.0688949
325,77,-1.00475,-0.0683433
326,77,-1.00137,-0.0679977
327,77,-0.997826,-0.0674541
11,78,-2.41573,-0.196432
12,78,-2.41205,-0.196476
13,78,-2.40823,-0.19625
14,78,-2.40445,-0.196153
15,78,-2.40054,-0.196248
16,78,-2.39687,-0.196273
17,78,-2.39322,-0.196673
18,78,-2.38947,-0.196773
19,78,-2.38562,-0.19626
20,78,-2.3817,-0.196046
21,78,-2.37789,-0.196033
22,78,-2.37414,-0.196152
23,78,-2.37014,-0.195931
24,78,-2.3666,-0.195725
25,78,-2.36261,-0.195577
26,78,-2.35842,-0.195666
27,78,-2.35498,-0.195158
28,78,-2.35076,-0.195045
29,78,-2.34725,-0.194835
30,78,-2.34372,-0.194637
31,78,-2.33998,-0.194577
32,78,-2.33639,-0.194181
33,78,-2.33262,-0.193567
34,78,-2.32909,-0.193058
35,78,-2.32523,-0.192434
36,78,-2.32177,-0.1923
37,78,-2.31797,-0.19211
38,78,-2.31451,-0.191444
39,78,-2.31099,-0.191518
40,78,-2.3071,-0.191371
41,78,-2.30332,-0.190852
42,78,-2.29938,-0.190482
43,78,-2.29557,-0.190717
44,78,-2.29174,-0.190392
45,78,-2.28824,-0.190166
46,78,-2.28413,-0.189527
47,78,-2.28001,-0.189489
48,78,-2.27636,-0.18901
49,78,-2.27259,-0.188525
50,78,-2.26884,-0.188202
51,78,-2.2651,-0.188064
52,78,-2.26082,-0.1876
53,78,-2.25693,-0.187108
54,78,-2.25348,-0.186955
55,78,-2.24953,-0.186974
56,78,-2.24532,-0.186519
57,78,-2.24116,-0.186241
58,78,-2.23702,-0.185768
59,78,-2.23312,-0.185708
60,78,-2.22873,-0.185448
61,78,-2.22463,-0.185181
62,78,-2.22038,-0.185102
63,78,-2.21668,-0.184443
64,78,-2.21285,-0.183802
65,78,-2.20868,-0.183547
66,78,-2.20435,-0.182959
67,78,-2.2004,-0.182793
68,78,-2.19606,-0.182919
69,78,-2.19198,-0.182554
70,78,-2.1875,-0.182247
71,78,-2.18338,-0.181898
72,78,-2.17949,-0.181327
73,78,-2.17564,-0.180773
74,78,-2.17147,-0.180399
75,78,-2.16726,-0.180081
76,78,-2.16313,-0.179826
77,78,-2.15921,-0.179376
78,78,-2.15527,-0.178582
79,78,-2.15158,-0.178264
80,78,-2.14797,-0.178038
81,78,-2.14442,-0.177987
82,78,-2.14087,-0.177778
83,78,-2.1371,-0.177359
84,78,-2.13358,-0.177115
85,78,-2.12956,-0.17694
86,78,-2.12599,-0.176755
87,78,-2.12242,-0.176207
88,78,-2.11861,-0.175797
89,78,-2.11534,-0.175915
90,78,-2.11207,-0.17571
91,78,-2.10897,-0.175497
92,78,-2.10565,-0.175384
93,78,-2.10198,-0.175078
94,78,-2.09844,-0.174875
95,78,-2.09517,-0.174614
96,78,-2.09181,-0.174335
97,78,-2.08797,-0.174256
98,78,-2.08449,-0.174491
99,78,-2.08071,-0.174406
100,78,-2.0768,-0.174272
101,78,-2.07337,-0.174151
102,78,-2.06957,-0.174063
103,78,-2.06575,-0.173948
104,78,-2.06227,-0.173657
105,78,-2.05921,-0.173699
106,78,-2.05605,-0.173598
107,78,-2.05241,-0.173688
108,78,-2.04867,-0.173873
109,78,-2.04517,-0.173771
110,78,-2.04185,-0.173857
111,78,-2.03883,-0.173672
112,78,-2.03567,-0.173466
113,78,-2.03263,-0.173663
114,78,-2.0293,-0.173491
115,78,-2.02599,-0.173436
116,78,-2.0229,-0.173426
117,78,-2.01966,-0.17337
118,78,-2.01623,-0.172931
119,78,-2.0131,-0.172373
120,78,-2.01003,-0.172059
121,78,-2.00692,-0.171345
122,78,-2.00389,-0.17162
123,78,-2.00115,-0.171779
124,78,-1.99834,-0.171419
125,78,-1.99537,-0.17167
126,78,-1.99266,-0.171572
127,78,-1.99001,-0.171747
128,78,-1.98686,-0.171708
129,78,-1.98452,-0.17182
130,78,-1.98176,-0.171422
131,78,-1.97893,-0.171228
132,78,-1.97662,-0.171447
133,78,-1.97386,-0.171275
134,78,-1.97145,-0.171279
135,78,-1.96892,-0.171103
136,78,-1.96634,-0.170989
137,78,-1.96343,-0.170525
138,78,-1.96086,-0.170375
139,78,-1.95822,-0.170318
140,78,-1.95559,-0.170041
141,78,-1.95321,-0.170179
142,78,-1.9507,-0.17038
143,78,-1.94819,-0.170538
144,78,-1.94567,-0.170884
145,78,-1.94291,-0.171268
146,78,-1.94022,-0.171969
147,78,-1.93743,-0.17286
148,78,-1.93452,-0.173222
149,78,-1.93171,-0.173614
150,78,-1.92908,-0.174296
151,78,-1.92631,-0.175544
152,78,-1.92373,-0.176883
153,78,-1.9211,-0.178377
154,78,-1.91844,-0.181097
155,78,-1.91557,-0.183694
156,78,-1.91225,-0.186599
157,78,-1.90867,-0.190544
158,78,-1.9053,-0.195099
159,78,-1.90223,-0.200323
160,78,-1.89858,-0.205282
161,78,-1.89528,-0.210718
162,78,-1.89099,-0.215388
163,78,-1.88532,-0.220397
164,78,-1.8797,-0.225273
165,78,-1.87485,-0.230362
191,78,-1.43264,-0.207174
192,78,-1.42918,-0.199352
193,78,-1.42427,-0.192386
194,78,-1.42112,-0.185841
195,78,-1.41799,-0.179316
196,78,-1.41446,-0.173488
197,78,-1.4106,-0.168447
198,78,-1.4071,-0.163463
199,78,-1.4036,-0.159067
200,78,-1.40015,-0.154994
201,78,-1.39678,-0.15161
202,78,-1.39377,-0.148871
203,78,-1.39034,-0.146388
204,78,-1.38727,-0.144053
205,78,-1.38376,-0.142252
206,78,-1.38018,-0.140746
207,78,-1.37737,-0.139418
208,78,-1.37458,-0.138364
209,78,-1.37144,-0.137159
210,78,-1.36862,-0.13581
211,78,-1.36641,-0.134443
212,78,-1.36367,-0.13315
213,78,-1.36156,-0.131901
214,78,-1.3591,-0.130818
215,78,-1.35644,-0.129537
216,78,-1.35426,-0.128333
217,78,-1.35181,-0.127673
218,78,-1.34967,-0.126968
219,78,-1.34754,-0.126125
220,78,-1.34531,-0.125169
221,78,-1.34315,-0.123547
222,78,-1.34079,-0.12254
223,78,-1.33833,-0.121597
224,78,-1.33576,-0.120472
225,78,-1.33325,-0.119121
226,78,-1.33101,-0.118224
227,78,-1.32834,-0.117663
228,78,-1.32593,-0.116924
229,78,-1.32356,-0.116297
230,78,-1.32133,-0.11576
231,78,-1.31906,-0.114936
232,78,-1.3163,-0.114288
233,78,-1.31388,-0.113521
234,78,-1.31187,-0.113054
235,78,-1.30931,-0.112526
236,78,-1.30693,-0.112005
237,78,-1.30431,-0.111333
238,78,-1.30197,-0.111085
239,78,-1.2997,-0.110501
240,78,-1.29723,-0.109965
241,78,-1.29476,-0.109073
242,78,-1.29201,-0.108215
243,78,-1.28895,-0.107943
244,78,-1.28619,-0.10713
245,78,-1.28353,-0.106636
246,78,-1.28091,-0.106379
247,78,-1.27816,-0.105893
248,78,-1.27517,-0.10531
249,78,-1.27224,-0.104755
250,78,-1.26926,-0.104391
251,78,-1.26643,-0.104295
252,78,-1.26368,-0.10365
253,78,-1.26083,-0.103268
254,78,-1.25808,-0.103327
255,78,-1.25538,-0.103077
256,78,-1.25237,-0.102597
257,78,-1.24934,-0.102237
258,78,-1.24637,-0.102108
259,78,-1.24312,-0.101506
260,78,-1.24002,-0.101274
261,78,-1.23627,-0.100799
262,78,-1.23299,-0.100075
263,78,-1.22969,-0.10013
264,78,-1.22628,-0.0995605
265,78,-1.22304,-0.0993506
266,78,-1.21968,-0.0990392
267,78,-1.21652,-0.0986325
268,78,-1.2127,-0.09837
269,78,-1.20881,-0.0976631
270,78,-1.20515,-0.0975098
271,78,-1.2014,-0.0971062
272,78,-1.19785,-0.0964914
273,78,-1.19397,-0.0964116
274,78,-1.1904,-0.0960835
275,78,-1.18682,-0.0957726
276,78,-1.18271,-0.0953928
277,78,-1.17891,-0.095093
278,78,-1.17484,-0.0944263
279,78,-1.17118,-0.0941521
280,78,-1.16755,-0.0936354
281,78,-1.16355,-0.0931387
282,78,-1.16028,-0.0927845
283,78,-1.15664,-0.0925644
284,78,-1.1529,-0.0921355
285,78,-1.14934,-0.0915274
286,78,-1.14553,-0.091104
287,78,-1.14197,-0.0905509
288,78,-1.1386,-0.0901844
289,78,-1.1356,-0.0898091
290,78,-1.13223,-0.0894575
291,78,-1.12886,-0.0892594
292,78,-1.12532,-0.0887688
293,78,-1.12168,-0.0882516
294,78,-1.11803,-0.0878647
295,78,-1.11448,-0.0873532
296,78,-1.11124,-0.0867227
297,78,-1.1079,-0.0862617
298,78,-1.10434,-0.0857824
299,78,-1.10074,-0.0851305
300,78,-1.09704,-0.0845354
301,78,-1.09369,-0.0839164
302,78,-1.08993,-0.0833644
303,78,-1.08686,-0.0822296
304,78,-1.08322,-0.0816223
305,78,-1.07992,-0.0810759
306,78,-1.07596,-0.0806933
307,78,-1.07246,-0.0799852
308,78,-1.06872,-0.0796989
309,78,-1.06498,-0.0793478
310,78,-1.061,-0.078708
311,78,-1.05727,-0.0778516
312,78,-1.05367,-0.0773821
313,78,-1.04992,-0.0768633
314,78,-1.04642,-0.0763567
315,78,-1.04298,-0.0757062
316,78,-1.0391,-0.0752918
317,78,-1.03521,-0.0743805
318,78,-1.03113,-0.0737744
319,78,-1.02716,-0.0732534
320,78,-1.02352,-0.0726239
321,78,-1.01986,-0.0718697
322,78,-1.01619,-0.0710303
323,78,-1.01252,-0.07025
324,78,-1.00883,-0.0696925
325,78,-1.00523,-0.0693759
326,78,-1.00184,-0.0687538
327,78,-0.997991,-0.068648
11,79,-2.41574,-0.196906
12,79,-2.41208,-0.196823
13,79,-2.40841,-0.196724
14,79,-2.40468,-0.196666
15,79,-2.40109,-0.196812
16,79,-2.39737,-0.196891
17,79,-2.39346,-0.197243
18,79,-2.38951,-0.197268
19,79,-2.38554,-0.196734
20,79,-2.38166,-0.196524
21,79,-2.37797,-0.196703
22,79,-2.37418,-0.196908
23,79,-2.37029,-0.196592
24,79,-2.36652,-0.196528
25,79,-2.36257,-0.19635
26,79,-2.35864,-0.196254
27,79,-2.35491,-0.196115
28,79,-2.351,-0.19596
29,79,-2.34726,-0.195502
30,79,-2.34399,-0.194894
31,79,-2.34051,-0.194988
32,79,-2.3366,-0.194695
33,79,-2.33272,-0.194049
34,79,-2.3289,-0.19354
35,79,-2.32518,-0.19305
36,79,-2.32146,-0.192875
37,79,-2.31813,-0.192574
38,79,-2.31453,-0.192439
39,79,-2.31077,-0.191985
40,79,-2.30711,-0.192222
41,79,-2.30319,-0.192014
42,79,-2.29927,-0.191484
43,79,-2.29548,-0.19128
44,79,-2.29154,-0.191095
45,79,-2.28803,-0.190991
46,79,-2.28382,-0.191001
47,79,-2.28,-0.190572
48,79,-2.27626,-0.190063
49,79,-2.27223,-0.189499
50,79,-2.26836,-0.189242
51,79,-2.26453,-0.188979
52,79,-2.26047,-0.188182
53,79,-2.25669,-0.187987
54,79,-2.25317,-0.187838
55,79,-2.24919,-0.187329
56,79,-2.24507,-0.187091
57,79,-2.24115,-0.186784
58,79,-2.23681,-0.186298
59,79,-2.23275,-0.185992
60,79,-2.22889,-0.186033
61,79,-2.22465,-0.185672
62,79,-2.22021,-0.185387
63,79,-2.21642,-0.18508
64,79,-2.2123,-0.184829
65,79,-2.20795,-0.184543
66,79,-2.20408,-0.183989
67,79,-2.1999,-0.183725
68,79,-2.19541,-0.183392
69,79,-2.19118,-0.183005
70,79,-2.18706,-0.18251
71,79,-2.1832,-0.182234
72,79,-2.17931,-0.181904
73,79,-2.17525,-0.181505
74,79,-2.17093,-0.181
75,79,-2.16669,-0.180497
76,79,-2.16228,-0.180267
77,79,-2.15822,-0.179619
78,79,-2.15457,-0.178796
79,79,-2.15096,-0.178639
80,79,-2.14744,-0.178359
81,79,-2.14381,-0.178125
82,79,-2.14038,-0.177914
83,79,-2.13641,-0.177821
84,79,-2.13256,-0.177757
85,79,-2.12878,-0.177268
86,79,-2.12512,-0.177036
87,79,-2.12193,-0.176744
88,79,-2.11814,-0.17644
89,79,-2.11461,-0.176365
90,79,-2.11167,-0.176111
91,79,-2.10815,-0.176107
92,79,-2.1046,-0.175804
93,79,-2.10124,-0.175533
94,79,-2.09779,-0.175456
95,79,-2.09446,-0.175208
96,79,-2.09095,-0.17508
97,79,-2.08719,-0.174898
98,79,-2.08353,-0.174984
99,79,-2.07988,-0.175146
100,79,-2.07609,-0.175061
101,79,-2.07235,-0.174737
102,79,-2.0683,-0.17463
103,79,-2.06452,-0.174404
104,79,-2.06111,-0.174119
105,79,-2.05763,-0.174122
106,79,-2.05416,-0.174043
107,79,-2.05071,-0.1739
108,79,-2.04709,-0.174112
109,79,-2.04334,-0.174332
110,79,-2.03988,-0.174371
111,79,-2.03662,-0.174266
112,79,-2.03351,-0.173886
113,79,-2.0303,-0.174149
114,79,-2.02717,-0.174159
115,79,-2.0241,-0.17388
116,79,-2.02087,-0.173755
117,79,-2.01753,-0.17377
118,79,-2.01419,-0.173398
119,79,-2.01074,-0.172903
120,79,-2.00743,-0.172656
121,79,-2.0044,-0.172115
122,79,-2.0011,-0.172081
123,79,-1.99834,-0.172209
124,79,-1.99557,-0.172169
125,79,-1.99212,-0.172207
126,79,-1.98932,-0.17199
127,79,-1.98652,-0.172318
128,79,-1.9832,-0.172391
129,79,-1.98042,-0.1725
130,79,-1.97789,-0.172375
131,79,-1.97439,-0.172263
132,79,-1.97178,-0.172414
133,79,-1.9692,-0.172132
134,79,-1.9667,-0.172128
135,79,-1.9641,-0.171841
136,79,-1.9612,-0.171986
137,79,-1.95847,-0.172073
138,79,-1.95549,-0.171698
139,79,-1.95211,-0.171528
140,79,-1.94956,-0.171411
141,79,-1.94698,-0.171333
142,79,-1.94406,-0.17158
143,79,-1.94132,-0.171904
144,79,-1.93855,-0.172186
145,79,-1.93578,-0.172334
146,79,-1.93295,-0.173171
147,79,-1.93035,-0.173755
148,79,-1.9268,-0.174254
149,79,-1.92356,-0.174896
150,79,-1.92041,-0.175616
151,79,-1.91736,-0.177074
152,79,-1.91446,-0.178373
153,79,-1.91118,-0.180203
154,79,-1.90849,-0.182694
155,79,-1.90471,-0.185361
156,79,-1.90018,-0.188442
157,79,-1.897,-0.192861
158,79,-1.89358,-0.197266
159,79,-1.8894,-0.202425
160,79,-1.88582,-0.20706
161,79,-1.88219,-0.211891
162,79,-1.87658,-0.2168
163,79,-1.87042,-0.221575
164,79,-1.86507,-0.226555
165,79,-1.85954,-0.230979
166,79,-1.85473,-0.23651
167,79,-1.85001,-0.240477
189,79,-1.46371,-0.21873
190,79,-1.4559,-0.213277
191,79,-1.4499,-0.207146
192,79,-1.44512,-0.200534
193,79,-1.44036,-0.193695
194,79,-1.43548,-0.187001
195,79,-1.43194,-0.181118
196,79,-1.42785,-0.174953
197,79,-1.42384,-0.169642
198,79,-1.42008,-0.164983
199,79,-1.41644,-0.160539
200,79,-1.4129,-0.156596
201,79,-1.40838,-0.153177
202,79,-1.4046,-0.150347
203,79,-1.40084,-0.147929
204,79,-1.39728,-0.145718
205,79,-1.39364,-0.143617
206,79,-1.38966,-0.142059
207,79,-1.3863,-0.140896
208,79,-1.38322,-0.139458
209,79,-1.38025,-0.138255
210,79,-1.37701,-0.136958
211,79,-1.37404,-0.135658
212,79,-1.37119,-0.134498
213,79,-1.36841,-0.133147
214,79,-1.3656,-0.132052
215,79,-1.36322,-0.130841
216,79,-1.3605,-0.129894
217,79,-1.35796,-0.128853
218,79,-1.35554,-0.127905
219,79,-1.35323,-0.127084
220,79,-1.35092,-0.126142
221,79,-1.34865,-0.124716
222,79,-1.34593,-0.123598
223,79,-1.34359,-0.12252
224,79,-1.34076,-0.121388
225,79,-1.33794,-0.120294
226,79,-1.33533,-0.119308
227,79,-1.33271,-0.118593
228,79,-1.33009,-0.117712
229,79,-1.32741,-0.117058
230,79,-1.32501,-0.116188
231,79,-1.32255,-0.115227
232,79,-1.32014,-0.114995
233,79,-1.3175,-0.114268
234,79,-1.31501,-0.113636
235,79,-1.31251,-0.112928
236,79,-1.31007,-0.112466
237,79,-1.30751,-0.11214
238,79,-1.30487,-0.111826
239,79,-1.30265,-0.110914
240,79,-1.30028,-0.110218
241,79,-1.29746,-0.109524
242,79,-1.29477,-0.108666
243,79,-1.29189,-0.108487
244,79,-1.28898,-0.107706
245,79,-1.28615,-0.107004
246,79,-1.28335,-0.106619
247,79,-1.28039,-0.106207
248,79,-1.27757,-0.105681
249,79,-1.27475,-0.105425
250,79,-1.27213,-0.104679
251,79,-1.26914,-0.104324
252,79,-1.266,-0.104304
253,79,-1.26339,-0.103722
254,79,-1.26046,-0.103641
255,79,-1.25752,-0.103572
256,79,-1.25443,-0.103407
257,79,-1.25135,-0.103139
258,79,-1.24848,-0.102614
259,79,-1.24509,-0.102263
260,79,-1.24183,-0.101741
261,79,-1.23852,-0.101456
262,79,-1.23482,-0.10095
263,79,-1.23163,-0.100666
264,79,-1.22817,-0.10036
265,79,-1.22459,-0.0999206
266,79,-1.22101,-0.0995585
267,79,-1.21786,-0.0990178
268,79,-1.2141,-0.0985288
269,79,-1.21026,-0.0980088
270,79,-1.2066,-0.0978753
271,79,-1.203,-0.0977004
272,79,-1.1992,-0.097418
273,79,-1.19534,-0.0967903
274,79,-1.19156,-0.0966392
275,79,-1.18799,-0.0964407
276,79,-1.18402,-0.0961881
277,79,-1.18025,-0.0956083
278,79,-1.17602,-0.0948737
279,79,-1.17226,-0.0946737
280,79,-1.1686,-0.0945062
281,79,-1.1647,-0.0938327
282,79,-1.16123,-0.0936642
283,79,-1.15787,-0.0932244
284,79,-1.1543,-0.0928968
285,79,-1.15079,-0.0921455
286,79,-1.147,-0.0916465
287,79,-1.14337,-0.0913637
288,79,-1.13996,-0.0908769
289,79,-1.13649,-0.0905176
290,79,-1.13312,-0.0900983
291,79,-1.1299,-0.089963
292,79,-1.1262,-0.0896592
293,79,-1.1225,-0.0890632
294,79,-1.11908,-0.0886228
295,79,-1.11555,-0.0880205
296,79,-1.11188,-0.0872758
297,79,-1.10852,-0.0866945
298,79,-1.10487,-0.0863986
299,79,-1.10114,-0.0856456
300,79,-1.09776,-0.0852224
301,79,-1.09442,-0.0847695
302,79,-1.09078,-0.0840506
303,79,-1.08742,-0.0830215
304,79,-1.08397,-0.0823914
305,79,-1.08047,-0.0819952
306,79,-1.07681,-0.08137
307,79,-1.07318,-0.0812945
308,79,-1.06939,-0.0808787
309,79,-1.06572,-0.0802536
310,79,-1.06181,-0.0795687
311,79,-1.05821,-0.0787055
312,79,-1.05466,-0.0784989
313,79,-1.05097,-0.077852
314,79,-1.0473,-0.0772177
315,79,-1.04347,-0.0766822
316,79,-1.03991,-0.0762515
317,79,-1.03586,-0.0754379
318,79,-1.03208,-0.0746132
319,79,-1.0283,-0.0741066
320,79,-1.02452,-0.0737411
321,79,-1.02069,-0.0726228
322,79,-1.01709,-0.0720013
323,79,-1.01335,-0.0715288
324,79,-1.00951,-0.0707554
325,79,-1.00602,-0.0703634
326,79,-1.00204,-0.0699126
327,79,-0.998301,-0.0695814
11,80,-2.41616,-0.197515
12,80,-2.41258,-0.196908
13,80,-2.40898,-0.197151
14,80,-2.40523,-0.197304
15,80,-2.40149,-0.197358
16,80,-2.39784,-0.197619
17,80,-2.39388,-0.197618
18,80,-2.38996,-0.197471
19,80,-2.38577,-0.197467
20,80,-2.38176,-0.197287
21,80,-2.37802,-0.197256
22,80,-2.37426,-0.197272
23,80,-2.37052,-0.197201
24,80,-2.36647,-0.197044
25,80,-2.36275,-0.196801
26,80,-2.35919,-0.196742
27,80,-2.35506,-0.196606
28,80,-2.35131,-0.196234
29,80,-2.34759,-0.195923
30,80,-2.3443,-0.195508
31,80,-2.3407,-0.195552
32,80,-2.33679,-0.195062
33,80,-2.33309,-0.194588
34,80,-2.32951,-0.194378
35,80,-2.32547,-0.194018
36,80,-2.32171,-0.193729
37,80,-2.31792,-0.193305
38,80,-2.31446,-0.193114
39,80,-2.31065,-0.19294
40,80,-2.30698,-0.192799
41,80,-2.30317,-0.192741
42,80,-2.29908,-0.192383
43,80,-2.29524,-0.192135
44,80,-2.29138,-0.191702
45,80,-2.28748,-0.191691
46,80,-2.2839,-0.191424
47,80,-2.27963,-0.19067
48,80,-2.27581,-0.190494
49,80,-2.27205,-0.190196
50,80,-2.26813,-0.190002
51,80,-2.26416,-0.189681
52,80,-2.26028,-0.189301
53,80,-2.25639,-0.188966
54,80,-2.25265,-0.188666
55,80,-2.24865,-0.188111
56,80,-2.24469,-0.187557
57,80,-2.24077,-0.187185
58,80,-2.23638,-0.186802
59,80,-2.23235,-0.186686
60,80,-2.22878,-0.186372
61,80,-2.22422,-0.186006
62,80,-2.21982,-0.185973
63,80,-2.21585,-0.18571
64,80,-2.21161,-0.185429
65,80,-2.20747,-0.184832
66,80,-2.20336,-0.184258
67,80,-2.19942,-0.184063
68,80,-2.19519,-0.183699
69,80,-2.19078,-0.18343
70,80,-2.18653,-0.183021
71,80,-2.18262,-0.182407
72,80,-2.17865,-0.182039
73,80,-2.17455,-0.181691
74,80,-2.17028,-0.181409
75,80,-2.16607,-0.181184
76,80,-2.16173,-0.180891
77,80,-2.15779,-0.180251
78,80,-2.15416,-0.179522
79,80,-2.15024,-0.178944
80,80,-2.14677,-0.178509
81,80,-2.1432,-0.178089
82,80,-2.13951,-0.178084
83,80,-2.13579,-0.178189
84,80,-2.13212,-0.177939
85,80,-2.1281,-0.177671
86,80,-2.12459,-0.177398
87,80,-2.12138,-0.177368
88,80,-2.11764,-0.177228
89,80,-2.11409,-0.176863
90,80,-2.11086,-0.176721
91,80,-2.10745,-0.176677
92,80,-2.10382,-0.176549
93,80,-2.10026,-0.176352
94,80,-2.09718,-0.176023
95,80,-2.09399,-0.17584
96,80,-2.09023,-0.175853
97,80,-2.08633,-0.175595
98,80,-2.08232,-0.175558
99,80,-2.07857,-0.17587
100,80,-2.07492,-0.175598
101,80,-2.07118,-0.17533
102,80,-2.06696,-0.175226
103,80,-2.06331,-0.1749
104,80,-2.05992,-0.17486
105,80,-2.05626,-0.174661
106,80,-2.05261,-0.174732
107,80,-2.04881,-0.174718
108,80,-2.04519,-0.174618
109,80,-2.04131,-0.174879
110,80,-2.03767,-0.175032
111,80,-2.0343,-0.175011
112,80,-2.03117,-0.17469
113,80,-2.02783,-0.17477
114,80,-2.02467,-0.174777
115,80,-2.02181,-0.174659
116,80,-2.01835,-0.174438
117,80,-2.01504,-0.174189
118,80,-2.01169,-0.17374
119,80,-2.00822,-0.173408
120,80,-2.00524,-0.172944
121,80,-2.00199,-0.172644
122,80,-1.99844,-0.1726
123,80,-1.99542,-0.172761
124,80,-1.99245,-0.173071
125,80,-1.98915,-0.17274
126,80,-1.98609,-0.172698
127,80,-1.98274,-0.172758
128,80,-1.97949,-0.172901
129,80,-1.9766,-0.173092
130,80,-1.97338,-0.173255
131,80,-1.97056,-0.173447
132,80,-1.9678,-0.173465
133,80,-1.96491,-0.173415
134,80,-1.9617,-0.173218
135,80,-1.95898,-0.172906
136,80,-1.9561,-0.17285
137,80,-1.95312,-0.172891
138,80,-1.94956,-0.172865
139,80,-1.9466,-0.173005
140,80,-1.94356,-0.172998
141,80,-1.9404,-0.172898
142,80,-1.93735,-0.17296
143,80,-1.93439,-0.173094
144,80,-1.93136,-0.173431
145,80,-1.9282,-0.173718
146,80,-1.92557,-0.174157
147,80,-1.92232,-0.174751
148,80,-1.91843,-0.175549
149,80,-1.91523,-0.176342
150,80,-1.91169,-0.177287
151,80,-1.90851,-0.178466
152,80,-1.90478,-0.18009
153,80,-1.90154,-0.18218
154,80,-1.89784,-0.184501
155,80,-1.89321,-0.18697
156,80,-1.88907,-0.190875
157,80,-1.88584,-0.194758
158,80,-1.88184,-0.199269
159,80,-1.87741,-0.203839
160,80,-1.87323,-0.208582
161,80,-1.86836,-0.213473
162,80,-1.86225,-0.218271
163,80,-1.85603,-0.222915
164,80,-1.84964,-0.227148
165,80,-1.84266,-0.232035
166,80,-1.83647,-0.23696
167,80,-1.83086,-0.240416
168,80,-1.82307,-0.241816
188,80,-1.48856,-0.2229
189,80,-1.48216,-0.218808
190,80,-1.47373,-0.213508
191,80,-1.46655,-0.207694
192,80,-1.46083,-0.201658
193,80,-1.4556,-0.194577
194,80,-1.45032,-0.188303
195,80,-1.44556,-0.182636
196,80,-1.44122,-0.176779
197,80,-1.43683,-0.171396
198,80,-1.43266,-0.166375
199,80,-1.42892,-0.161929
200,80,-1.42514,-0.158301
201,80,-1.42071,-0.154945
202,80,-1.41639,-0.152139
203,80,-1.41244,-0.149706
204,80,-1.4082,-0.147611
205,80,-1.4037,-0.145699
206,80,-1.39969,-0.143731
207,80,-1.39605,-0.141968
208,80,-1.39226,-0.140785
209,80,-1.38878,-0.139364
210,80,-1.38528,-0.137998
211,80,-1.38192,-0.136803
212,80,-1.37893,-0.135435
213,80,-1.37562,-0.134553
214,80,-1.37259,-0.1334
215,80,-1.36971,-0.132154
216,80,-1.367,-0.130925
217,80,-1.36442,-0.129881
218,80,-1.36171,-0.128925
219,80,-1.3588,-0.128064
220,80,-1.35653,-0.127161
221,80,-1.35417,-0.125867
222,80,-1.35118,-0.12457
223,80,-1.34861,-0.123624
224,80,-1.34582,-0.12256
225,80,-1.34268,-0.121405
226,80,-1.33971,-0.120197
227,80,-1.33714,-0.119337
228,80,-1.33453,-0.118634
229,80,-1.33154,-0.117803
230,80,-1.32933,-0.117027
231,80,-1.3264,-0.11635
232,80,-1.32362,-0.115609
233,80,-1.32117,-0.114896
234,80,-1.31859,-0.114052
235,80,-1.31587,-0.113499
236,80,-1.3132,-0.113037
237,80,-1.31064,-0.112513
238,80,-1.30837,-0.112312
239,80,-1.30556,-0.111323
240,80,-1.30284,-0.11074
241,80,-1.30019,-0.110132
242,80,-1.29745,-0.109323
243,80,-1.29454,-0.108849
244,80,-1.29159,-0.108355
245,80,-1.2887,-0.107573
246,80,-1.28581,-0.106927
247,80,-1.28287,-0.106508
248,80,-1.27995,-0.106196
249,80,-1.27761,-0.105741
250,80,-1.27463,-0.10524
251,80,-1.27139,-0.104971
252,80,-1.26813,-0.104716
253,80,-1.26527,-0.104627
254,80,-1.26216,-0.104684
255,80,-1.25964,-0.10427
256,80,-1.25669,-0.104005
257,80,-1.25347,-0.103969
258,80,-1.25004,-0.103251
259,80,-1.24684,-0.102852
260,80,-1.24384,-0.102396
261,80,-1.24054,-0.10207
262,80,-1.23664,-0.101755
263,80,-1.23361,-0.10107
264,80,-1.22971,-0.100735
265,80,-1.22617,-0.100233
266,80,-1.22282,-0.100037
267,80,-1.21933,-0.0993889
268,80,-1.21578,-0.0989019
269,80,-1.21206,-0.0984691
270,80,-1.20801,-0.0984949
271,80,-1.20458,-0.0983345
272,80,-1.20066,-0.0977182
273,80,-1.19688,-0.0975594
274,80,-1.19324,-0.0975138
275,80,-1.18922,-0.0972854
276,80,-1.18555,-0.0971197
277,80,-1.1815,-0.0964562
278,80,-1.17784,-0.0958976
279,80,-1.1739,-0.0955506
280,80,-1.17023,-0.0953196
281,80,-1.16604,-0.0949627
282,80,-1.16217,-0.0944989
283,80,-1.15873,-0.0940909
284,80,-1.15549,-0.0937247
285,80,-1.152,-0.0929283
286,80,-1.14826,-0.0923214
287,80,-1.14462,-0.0921048
288,80,-1.1412,-0.0915201
289,80,-1.13761,-0.0912065
290,80,-1.13431,-0.0908712
291,80,-1.13076,-0.090744
292,80,-1.12717,-0.0904522
293,80,-1.12358,-0.0894597
294,80,-1.12011,-0.0889978
295,80,-1.11648,-0.088357
296,80,-1.1127,-0.0878693
297,80,-1.10943,-0.0872173
298,80,-1.10568,-0.0867902
299,80,-1.10221,-0.0862421
300,80,-1.09882,-0.0856612
301,80,-1.09497,-0.0853815
302,80,-1.09157,-0.0846941
303,80,-1.08806,-0.0840346
304,80,-1.08484,-0.0831147
305,80,-1.0813,-0.0826428
306,80,-1.07764,-0.0822143
307,80,-1.07377,-0.0822965
308,80,-1.06991,-0.08204
309,80,-1.06618,-0.0812216
310,80,-1.06251,-0.0803622
311,80,-1.05894,-0.0800522
312,80,-1.0556,-0.0790836
313,80,-1.05185,-0.0784674
314,80,-1.04789,-0.0781086
315,80,-1.04398,-0.0777678
316,80,-1.04036,-0.0772188
317,80,-1.03677,-0.0763774
318,80,-1.03274,-0.0759108
319,80,-1.02922,-0.0751525
320,80,-1.02544,-0.0745321
321,80,-1.02131,-0.0736681
322,80,-1.01753,-0.073031
323,80,-1.0136,-0.072508
324,80,-1.00986,-0.0721193
325,80,-1.00601,-0.0720217
326,80,-1.00205,-0.0715119
327,80,-0.997776,-0.0713086
11,81,-2.41632,-0.197869
12,81,-2.41296,-0.197417
13,81,-2.40941,-0.197533
14,81,-2.40544,-0.197535
15,81,-2.40177,-0.197694
16,81,-2.39817,-0.197966
17,81,-2.39416,-0.198161
18,81,-2.39033,-0.198184
19,81,-2.38597,-0.198186
20,81,-2.38203,-0.198085
21,81,-2.37811,-0.19805
22,81,-2.3743,-0.198159
23,81,-2.3708,-0.197905
24,81,-2.3668,-0.197614
25,81,-2.36325,-0.197591
26,81,-2.35932,-0.197213
27,81,-2.35527,-0.197248
28,81,-2.35129,-0.196616
29,81,-2.34767,-0.196592
30,81,-2.34419,-0.196365
31,81,-2.34045,-0.196038
32,81,-2.33706,-0.195772
33,81,-2.33327,-0.195339
34,81,-2.32957,-0.195277
35,81,-2.3256,-0.194718
36,81,-2.32166,-0.194589
37,81,-2.31787,-0.194244
38,81,-2.31404,-0.193839
39,81,-2.31056,-0.193582
40,81,-2.30659,-0.193418
41,81,-2.30304,-0.193438
42,81,-2.29892,-0.193159
43,81,-2.29472,-0.192811
44,81,-2.29117,-0.192331
45,81,-2.28749,-0.192087
46,81,-2.28384,-0.191725
47,81,-2.27947,-0.19109
48,81,-2.27557,-0.190943
49,81,-2.27199,-0.190754
50,81,-2.26809,-0.190427
51,81,-2.26427,-0.190081
52,81,-2.26021,-0.189798
53,81,-2.25592,-0.189523
54,81,-2.25205,-0.189342
55,81,-2.24829,-0.188786
56,81,-2.24442,-0.188181
57,81,-2.24022,-0.188134
58,81,-2.23617,-0.187651
59,81,-2.232,-0.187365
60,81,-2.22805,-0.186948
61,81,-2.22351,-0.187015
62,81,-2.219,-0.186705
63,81,-2.21521,-0.186134
64,81,-2.21129,-0.185812
65,81,-2.20704,-0.185061
66,81,-2.20303,-0.184642
67,81,-2.19911,-0.184352
68,81,-2.19487,-0.18429
69,81,-2.19074,-0.183845
70,81,-2.18627,-0.183288
71,81,-2.18189,-0.183032
72,81,-2.17796,-0.182601
73,81,-2.17367,-0.182308
74,81,-2.16967,-0.182024
75,81,-2.16565,-0.18163
76,81,-2.16145,-0.181165
77,81,-2.15744,-0.180682
78,81,-2.15355,-0.180159
79,81,-2.14993,-0.179462
80,81,-2.1463,-0.178889
81,81,-2.14257,-0.178499
82,81,-2.13876,-0.178529
83,81,-2.135,-0.178295
84,81,-2.13148,-0.178146
85,81,-2.12784,-0.178298
86,81,-2.12406,-0.178244
87,81,-2.12033,-0.178097
88,81,-2.11687,-0.177788
89,81,-2.11348,-0.177621
90,81,-2.10989,-0.177113
91,81,-2.10647,-0.176863
92,81,-2.10281,-0.177066
93,81,-2.0993,-0.176622
94,81,-2.09626,-0.176494
95,81,-2.09285,-0.176626
96,81,-2.08919,-0.176642
97,81,-2.08514,-0.176376
98,81,-2.08133,-0.176182
99,81,-2.07773,-0.176444
100,81,-2.0737,-0.176076
101,81,-2.06987,-0.175687
102,81,-2.06592,-0.175587
103,81,-2.06199,-0.175702
104,81,-2.05819,-0.17567
105,81,-2.05476,-0.175419
106,81,-2.05091,-0.175452
107,81,-2.04682,-0.175561
108,81,-2.04325,-0.17547
109,81,-2.03941,-0.175255
110,81,-2.03595,-0.175333
111,81,-2.03251,-0.175302
112,81,-2.02905,-0.175295
113,81,-2.02556,-0.175354
114,81,-2.02238,-0.175131
115,81,-2.0192,-0.17508
116,81,-2.01585,-0.175125
117,81,-2.01277,-0.174717
118,81,-2.0091,-0.174447
119,81,-2.00603,-0.174156
120,81,-2.00292,-0.173713
121,81,-1.99921,-0.173682
122,81,-1.99589,-0.173583
123,81,-1.99258,-0.173519
124,81,-1.98948,-0.173622
125,81,-1.98595,-0.173355
126,81,-1.98261,-0.173217
127,81,-1.97921,-0.173393
128,81,-1.97575,-0.173444
129,81,-1.9726,-0.173845
130,81,-1.96918,-0.174015
131,81,-1.96637,-0.17416
132,81,-1.96332,-0.174492
133,81,-1.96018,-0.174582
134,81,-1.95705,-0.174274
135,81,-1.95427,-0.174104
136,81,-1.9508,-0.174249
137,81,-1.94751,-0.174064
138,81,-1.94412,-0.174197
139,81,-1.94081,-0.17441
140,81,-1.93762,-0.174331
141,81,-1.93391,-0.17425
142,81,-1.93084,-0.174349
143,81,-1.92744,-0.174948
144,81,-1.92432,-0.17505
145,81,-1.92075,-0.17523
146,81,-1.91788,-0.175656
147,81,-1.91404,-0.176622
148,81,-1.9103,-0.17737
149,81,-1.90706,-0.177954
150,81,-1.90302,-0.178806
151,81,-1.89954,-0.180295
152,81,-1.89595,-0.182249
153,81,-1.8918,-0.183956
154,81,-1.88762,-0.18644
155,81,-1.88248,-0.189308
156,81,-1.87761,-0.192935
157,81,-1.87381,-0.196843
158,81,-1.86969,-0.200981
159,81,-1.86482,-0.205257
160,81,-1.86034,-0.209908
161,81,-1.8557,-0.214615
162,81,-1.84895,-0.219417
163,81,-1.84217,-0.223953
164,81,-1.83466,-0.228239
165,81,-1.82729,-0.232851
166,81,-1.8205,-0.237277
167,81,-1.81318,-0.240477
168,81,-1.80361,-0.243598
169,81,-1.79372,-0.246107
170,81,-1.78275,-0.24756
185,81,-1.53225,-0.234949
186,81,-1.5229,-0.232366
187,81,-1.51512,-0.22864
188,81,-1.50653,-0.223962
189,81,-1.49877,-0.219502
190,81,-1.49032,-0.214218
191,81,-1.48239,-0.208898
192,81,-1.47604,-0.203008
193,81,-1.46985,-0.196571
194,81,-1.46444,-0.190055
195,81,-1.45932,-0.184015
196,81,-1.45492,-0.178643
197,81,-1.45025,-0.173219
198,81,-1.44562,-0.16796
199,81,-1.44126,-0.163769
200,81,-1.43702,-0.160237
201,81,-1.43232,-0.157058
202,81,-1.42747,-0.154113
203,81,-1.42324,-0.151467
204,81,-1.41887,-0.149178
205,81,-1.41393,-0.146965
206,81,-1.40949,-0.144995
207,81,-1.40541,-0.143617
208,81,-1.40115,-0.142222
209,81,-1.39734,-0.140731
210,81,-1.39326,-0.13912
211,81,-1.39001,-0.138012
212,81,-1.38619,-0.136584
213,81,-1.3826,-0.135349
214,81,-1.37966,-0.134176
215,81,-1.37649,-0.132855
216,81,-1.37381,-0.131851
217,81,-1.37086,-0.130844
218,81,-1.36754,-0.129639
219,81,-1.36455,-0.128882
220,81,-1.36205,-0.127965
221,81,-1.35944,-0.127048
222,81,-1.35644,-0.125522
223,81,-1.35341,-0.124468
224,81,-1.35039,-0.123284
225,81,-1.34761,-0.122479
226,81,-1.34438,-0.121414
227,81,-1.34162,-0.120666
228,81,-1.33871,-0.119947
229,81,-1.33598,-0.118948
230,81,-1.33332,-0.118177
231,81,-1.33084,-0.117426
232,81,-1.3281,-0.116293
233,81,-1.32506,-0.115438
234,81,-1.32222,-0.114836
235,81,-1.31949,-0.114486
236,81,-1.31676,-0.113889
237,81,-1.31425,-0.113443
238,81,-1.31167,-0.112961
239,81,-1.30891,-0.112097
240,81,-1.30595,-0.111479
241,81,-1.30331,-0.110616
242,81,-1.3004,-0.110037
243,81,-1.29684,-0.109558
244,81,-1.29388,-0.108956
245,81,-1.2912,-0.108581
246,81,-1.28832,-0.107753
247,81,-1.2856,-0.107357
248,81,-1.28254,-0.106982
249,81,-1.28005,-0.106593
250,81,-1.27699,-0.105753
251,81,-1.27359,-0.105477
252,81,-1.27045,-0.105115
253,81,-1.26764,-0.104996
254,81,-1.26424,-0.105046
255,81,-1.26148,-0.104921
256,81,-1.25853,-0.104474
257,81,-1.25533,-0.104256
258,81,-1.25186,-0.104013
259,81,-1.24877,-0.103464
260,81,-1.24547,-0.102812
261,81,-1.24207,-0.102611
262,81,-1.239,-0.102373
263,81,-1.23552,-0.101861
264,81,-1.23194,-0.101283
265,81,-1.22799,-0.10114
266,81,-1.22444,-0.100493
267,81,-1.22093,-0.0999088
268,81,-1.21698,-0.0995267
269,81,-1.21337,-0.0990548
270,81,-1.20971,-0.0990572
271,81,-1.20592,-0.0987537
272,81,-1.2023,-0.0986058
273,81,-1.1986,-0.0982831
274,81,-1.19475,-0.0980956
275,81,-1.19083,-0.0976983
276,81,-1.1871,-0.0973785
277,81,-1.18328,-0.0971068
278,81,-1.17925,-0.0968215
279,81,-1.17556,-0.0963637
280,81,-1.1714,-0.0958344
281,81,-1.16736,-0.0954804
282,81,-1.16337,-0.0950409
283,81,-1.16001,-0.0947695
284,81,-1.15633,-0.0943143
285,81,-1.15301,-0.0934842
286,81,-1.1493,-0.0930689
287,81,-1.14579,-0.0928318
288,81,-1.14238,-0.0924214
289,81,-1.13869,-0.0920382
290,81,-1.13506,-0.0915086
291,81,-1.13147,-0.0916176
292,81,-1.12789,-0.0909753
293,81,-1.12448,-0.0902544
294,81,-1.12104,-0.0896304
295,81,-1.11746,-0.0888784
296,81,-1.11389,-0.0883452
297,81,-1.11029,-0.0877185
298,81,-1.10673,-0.087494
299,81,-1.10305,-0.0871968
300,81,-1.09929,-0.0862879
301,81,-1.09615,-0.0857364
302,81,-1.09264,-0.0853111
303,81,-1.08907,-0.0845465
304,81,-1.08554,-0.0840249
305,81,-1.08215,-0.0839192
306,81,-1.07843,-0.0835781
307,81,-1.0746,-0.0830205
308,81,-1.07099,-0.0822374
309,81,-1.06697,-0.0818078
310,81,-1.06329,-0.0816135
311,81,-1.05952,-0.0808574
312,81,-1.05619,-0.0799933
313,81,-1.05239,-0.0791836
314,81,-1.04884,-0.0789491
315,81,-1.04519,-0.0783668
316,81,-1.04127,-0.0778267
317,81,-1.03747,-0.0772791
318,81,-1.03379,-0.076434
319,81,-1.0302,-0.0761381
320,81,-1.02603,-0.0755425
321,81,-1.02205,-0.0748401
322,81,-1.01827,-0.0742906
323,81,-1.014,-0.0738436
324,81,-1.00992,-0.0736443
325,81,-1.0063,-0.072983
326,81,-1.00244,-0.0722316
327,81,-0.998805,-0.0718603
11,82,-2.41604,-0.197876
12,82,-2.41262,-0.197822
13,82,-2.40924,-0.197569
14,82,-2.40567,-0.197652
15,82,-2.40201,-0.19784
16,82,-2.39804,-0.198171
17,82,-2.39429,-0.198557
18,82,-2.39072,-0.198977
19,82,-2.38661,-0.198815
20,82,-2.38234,-0.19887
21,82,-2.37833,-0.198821
22,82,-2.37454,-0.199109
23,82,-2.37107,-0.198672
24,82,-2.36726,-0.198271
25,82,-2.36354,-0.19843
26,82,-2.35968,-0.198104
27,82,-2.35549,-0.197546
28,82,-2.35144,-0.197243
29,82,-2.34775,-0.197042
30,82,-2.34429,-0.197034
31,82,-2.34044,-0.196831
32,82,-2.33673,-0.196352
33,82,-2.33327,-0.196066
34,82,-2.32933,-0.196007
35,82,-2.3256,-0.195589
36,82,-2.32165,-0.195305
37,82,-2.31794,-0.195063
38,82,-2.31388,-0.194714
39,82,-2.31015,-0.194137
40,82,-2.30622,-0.19412
41,82,-2.30234,-0.194108
42,82,-2.29845,-0.193668
43,82,-2.29472,-0.1933
44,82,-2.29098,-0.193002
45,82,-2.28714,-0.193007
46,82,-2.28347,-0.19287
47,82,-2.27949,-0.192282
48,82,-2.27554,-0.191931
49,82,-2.27168,-0.191588
50,82,-2.26747,-0.191115
51,82,-2.26355,-0.190746
52,82,-2.25997,-0.19047
53,82,-2.25578,-0.190208
54,82,-2.25155,-0.190294
55,82,-2.24789,-0.189632
56,82,-2.2437,-0.189063
57,82,-2.23968,-0.188659
58,82,-2.23566,-0.188273
59,82,-2.23144,-0.187991
60,82,-2.22728,-0.187776
61,82,-2.22287,-0.187612
62,82,-2.21851,-0.187063
63,82,-2.21482,-0.186469
64,82,-2.21113,-0.186038
65,82,-2.20698,-0.18556
66,82,-2.20288,-0.184987
67,82,-2.19879,-0.184668
68,82,-2.19488,-0.184268
69,82,-2.1905,-0.183962
70,82,-2.18622,-0.18348
71,82,-2.18161,-0.183187
72,82,-2.17711,-0.183055
73,82,-2.17302,-0.182765
74,82,-2.16932,-0.182531
75,82,-2.16541,-0.181994
76,82,-2.1611,-0.18153
77,82,-2.15692,-0.180903
78,82,-2.15286,-0.180425
79,82,-2.14897,-0.179911
80,82,-2.14532,-0.179579
81,82,-2.14172,-0.1794
82,82,-2.13809,-0.178966
83,82,-2.13441,-0.178953
84,82,-2.13046,-0.179011
85,82,-2.12698,-0.179019
86,82,-2.12337,-0.178857
87,82,-2.11958,-0.178717
88,82,-2.11622,-0.178668
89,82,-2.11281,-0.178294
90,82,-2.10922,-0.178161
91,82,-2.10583,-0.178115
92,82,-2.10207,-0.177871
93,82,-2.09834,-0.177684
94,82,-2.09478,-0.177452
95,82,-2.09131,-0.177281
96,82,-2.08796,-0.17738
97,82,-2.08422,-0.177192
98,82,-2.08057,-0.176905
99,82,-2.07675,-0.176917
100,82,-2.07262,-0.176512
101,82,-2.06864,-0.176
102,82,-2.06475,-0.176039
103,82,-2.06081,-0.176408
104,82,-2.05686,-0.176538
105,82,-2.05298,-0.176179
106,82,-2.04899,-0.176175
107,82,-2.04491,-0.176127
108,82,-2.04136,-0.176206
109,82,-2.03762,-0.176559
110,82,-2.03399,-0.176154
111,82,-2.03048,-0.17592
112,82,-2.02688,-0.175805
113,82,-2.02332,-0.175764
114,82,-2.02,-0.175568
115,82,-2.01661,-0.175542
116,82,-2.01312,-0.175829
117,82,-2.00991,-0.175424
118,82,-2.00675,-0.174828
119,82,-2.00333,-0.17497
120,82,-2.00021,-0.174528
121,82,-1.99673,-0.174518
122,82,-1.99301,-0.17449
123,82,-1.98952,-0.174346
124,82,-1.9858,-0.17411
125,82,-1.98245,-0.174107
126,82,-1.97882,-0.173914
127,82,-1.97519,-0.174386
128,82,-1.97183,-0.174391
129,82,-1.96857,-0.174592
130,82,-1.96517,-0.174897
131,82,-1.96188,-0.175288
132,82,-1.95854,-0.175359
133,82,-1.95547,-0.175427
134,82,-1.95228,-0.175193
135,82,-1.94887,-0.175139
136,82,-1.94585,-0.175497
137,82,-1.94226,-0.175381
138,82,-1.93838,-0.175307
139,82,-1.93532,-0.175558
140,82,-1.93178,-0.175714
141,82,-1.92774,-0.175668
142,82,-1.92419,-0.176017
143,82,-1.92085,-0.17652
144,82,-1.91726,-0.176478
145,82,-1.91336,-0.176605
146,82,-1.90976,-0.177511
147,82,-1.9062,-0.178093
148,82,-1.90253,-0.178835
149,82,-1.89905,-0.179682
150,82,-1.89537,-0.180786
151,82,-1.8911,-0.182232
152,82,-1.88717,-0.184086
153,82,-1.88268,-0.185998
154,82,-1.87785,-0.188167
155,82,-1.87256,-0.191205
156,82,-1.86716,-0.195048
157,82,-1.86258,-0.199012
158,82,-1.85767,-0.202848
159,82,-1.85251,-0.206866
160,82,-1.84788,-0.210978
161,82,-1.84286,-0.215973
162,82,-1.83596,-0.220773
163,82,-1.8289,-0.224836
164,82,-1.82159,-0.22978
165,82,-1.81417,-0.234045
166,82,-1.80638,-0.237692
167,82,-1.79832,-0.240817
168,82,-1.78879,-0.244463
169,82,-1.77913,-0.246615
170,82,-1.76838,-0.249106
171,82,-1.75668,-0.250222
172,82,-1.74663,-0.251134
173,82,-1.73295,-0.251122
174,82,-1.71935,-0.253034
181,82,-1.60432,-0.246515
182,82,-1.58761,-0.24625
183,82,-1.57506,-0.243144
184,82,-1.56119,-0.239433
185,82,-1.54944,-0.236541
186,82,-1.53963,-0.232973
187,82,-1.53031,-0.229694
188,82,-1.52236,-0.225342
189,82,-1.51414,-0.220563
190,82,-1.50536,-0.215547
191,82,-1.4974,-0.2099
192,82,-1.49073,-0.204249
193,82,-1.48429,-0.198331
194,82,-1.47821,-0.191715
195,82,-1.47292,-0.185678
196,82,-1.46811,-0.180472
197,82,-1.46315,-0.175092
198,82,-1.45816,-0.170069
199,82,-1.45287,-0.165898
200,82,-1.44847,-0.162125
201,82,-1.44396,-0.158611
202,82,-1.43867,-0.155494
203,82,-1.43376,-0.152985
204,82,-1.42888,-0.150959
205,82,-1.42391,-0.148651
206,82,-1.41891,-0.14651
207,82,-1.41389,-0.144987
208,82,-1.40931,-0.143386
209,82,-1.40524,-0.141736
210,82,-1.40131,-0.140587
211,82,-1.39741,-0.139253
212,82,-1.39345,-0.137638
213,82,-1.39026,-0.136425
214,82,-1.38681,-0.135365
215,82,-1.38349,-0.134038
216,82,-1.38018,-0.132798
217,82,-1.37711,-0.131825
218,82,-1.37387,-0.130693
219,82,-1.37057,-0.129476
220,82,-1.36754,-0.128664
221,82,-1.36488,-0.127671
222,82,-1.36177,-0.1267
223,82,-1.35879,-0.125536
224,82,-1.35552,-0.124593
225,82,-1.35234,-0.123661
226,82,-1.34922,-0.122537
227,82,-1.34618,-0.121663
228,82,-1.34333,-0.12064
229,82,-1.34059,-0.119874
230,82,-1.33792,-0.118965
231,82,-1.33515,-0.11823
232,82,-1.33228,-0.117061
233,82,-1.32935,-0.116005
234,82,-1.32595,-0.115672
235,82,-1.32338,-0.115136
236,82,-1.32051,-0.114617
237,82,-1.3177,-0.113929
238,82,-1.31489,-0.113117
239,82,-1.31195,-0.112671
240,82,-1.30921,-0.111978
241,82,-1.30616,-0.11122
242,82,-1.30322,-0.110451
243,82,-1.29985,-0.110264
244,82,-1.29682,-0.109783
245,82,-1.29401,-0.109452
246,82,-1.29077,-0.108637
247,82,-1.28787,-0.108198
248,82,-1.28528,-0.107537
249,82,-1.28237,-0.10705
250,82,-1.27909,-0.106474
251,82,-1.27586,-0.106117
252,82,-1.27291,-0.105774
253,82,-1.2699,-0.105924
254,82,-1.26676,-0.105615
255,82,-1.26364,-0.105646
256,82,-1.26067,-0.105319
257,82,-1.25732,-0.105206
258,82,-1.25386,-0.104962
259,82,-1.25044,-0.104164
260,82,-1.24745,-0.103718
261,82,-1.24427,-0.103286
262,82,-1.241,-0.102684
263,82,-1.23752,-0.102534
264,82,-1.23364,-0.101965
265,82,-1.22973,-0.101679
266,82,-1.22624,-0.100984
267,82,-1.22214,-0.100514
268,82,-1.21859,-0.100053
269,82,-1.21542,-0.0999332
270,82,-1.2115,-0.0994681
271,82,-1.20765,-0.0990063
272,82,-1.20374,-0.0990579
273,82,-1.19982,-0.0992535
274,82,-1.19628,-0.0985962
275,82,-1.19247,-0.0983146
276,82,-1.18849,-0.0978343
277,82,-1.18486,-0.0977545
278,82,-1.18068,-0.0971867
279,82,-1.17638,-0.0969745
280,82,-1.17246,-0.0966809
281,82,-1.16864,-0.0963136
282,82,-1.16481,-0.095669
283,82,-1.16067,-0.0952289
284,82,-1.15746,-0.0948802
285,82,-1.15405,-0.0943317
286,82,-1.15071,-0.0936315
287,82,-1.14692,-0.0932818
288,82,-1.14352,-0.0927309
289,82,-1.13983,-0.0923367
290,82,-1.13634,-0.0918417
291,82,-1.13288,-0.0918538
292,82,-1.12908,-0.0915592
293,82,-1.12544,-0.0909823
294,82,-1.12197,-0.0900401
295,82,-1.11844,-0.089494
296,82,-1.11487,-0.0888118
297,82,-1.11097,-0.0881922
298,82,-1.10735,-0.0880767
299,82,-1.10366,-0.0877976
300,82,-1.09996,-0.0871253
301,82,-1.09672,-0.0863874
302,82,-1.09319,-0.0859082
303,82,-1.08975,-0.085573
304,82,-1.08638,-0.0852484
305,82,-1.08295,-0.084596
306,82,-1.07933,-0.0844917
307,82,-1.07569,-0.0836242
308,82,-1.07179,-0.0831312
309,82,-1.0678,-0.0826369
310,82,-1.06396,-0.0822175
311,82,-1.06063,-0.081838
312,82,-1.05685,-0.0810465
313,82,-1.05334,-0.0801974
314,82,-1.04986,-0.079706
315,82,-1.04608,-0.0793703
316,82,-1.04207,-0.0786651
317,82,-1.03844,-0.0781063
318,82,-1.03467,-0.0776254
319,82,-1.03105,-0.0768762
320,82,-1.02702,-0.0763857
321,82,-1.02265,-0.0758662
322,82,-1.01868,-0.0753096
323,82,-1.015,-0.0747171
324,82,-1.01124,-0.0741772
325,82,-1.00713,-0.0736752
326,82,-1.00325,-0.0729442
327,82,-0.999547,-0.0724686
11,83,-2.41705,-0.197294
12,83,-2.41351,-0.197422
13,83,-2.40977,-0.197481
14,83,-2.40614,-0.197888
15,83,-2.40227,-0.198295
16,83,-2.39845,-0.198704
17,83,-2.39457,-0.19898
18,83,-2.39091,-0.199046
19,83,-2.38693,-0.199091
20,83,-2.38269,-0.199432
21,83,-2.3787,-0.199244
22,83,-2.37492,-0.199437
23,83,-2.37117,-0.199125
24,83,-2.36726,-0.199009
25,83,-2.36338,-0.19889
26,83,-2.35961,-0.198716
27,83,-2.3557,-0.198233
28,83,-2.35168,-0.197951
29,83,-2.34778,-0.197911
30,83,-2.34424,-0.197681
31,83,-2.34055,-0.197295
32,83,-2.33671,-0.197337
33,83,-2.33307,-0.197122
34,83,-2.32928,-0.19691
35,83,-2.32556,-0.19647
36,83,-2.32149,-0.196221
37,83,-2.31791,-0.19588
38,83,-2.314,-0.195493
39,83,-2.30982,-0.195006
40,83,-2.30611,-0.194958
41,83,-2.30217,-0.19478
42,83,-2.29816,-0.194067
43,83,-2.29462,-0.193943
44,83,-2.29067,-0.193687
45,83,-2.28699,-0.193506
46,83,-2.28312,-0.19342
47,83,-2.27898,-0.193091
48,83,-2.27515,-0.192595
49,83,-2.27139,-0.192384
50,83,-2.26729,-0.192072
51,83,-2.26342,-0.191709
52,83,-2.2597,-0.191701
53,83,-2.25591,-0.191072
54,83,-2.25164,-0.191147
55,83,-2.24778,-0.190539
56,83,-2.24305,-0.189956
57,83,-2.23909,-0.189453
58,83,-2.23504,-0.188831
59,83,-2.23084,-0.188846
60,83,-2.22679,-0.188522
61,83,-2.2225,-0.187742
62,83,-2.21845,-0.187389
63,83,-2.21464,-0.18693
64,83,-2.21057,-0.186598
65,83,-2.20661,-0.186384
66,83,-2.20256,-0.185492
67,83,-2.19829,-0.184896
68,83,-2.19455,-0.184788
69,83,-2.1899,-0.184658
70,83,-2.18558,-0.18405
71,83,-2.18098,-0.183723
72,83,-2.17624,-0.183564
73,83,-2.17229,-0.183156
74,83,-2.16837,-0.182628
75,83,-2.16435,-0.182293
76,83,-2.16021,-0.181997
77,83,-2.15623,-0.181452
78,83,-2.15219,-0.180992
79,83,-2.14827,-0.180543
80,83,-2.1445,-0.18021
81,83,-2.14072,-0.180069
82,83,-2.13705,-0.179893
83,83,-2.13379,-0.179825
84,83,-2.12989,-0.179903
85,83,-2.12578,-0.179738
86,83,-2.12237,-0.179502
87,83,-2.11895,-0.179195
88,83,-2.11543,-0.179157
89,83,-2.112,-0.179129
90,83,-2.10855,-0.178904
91,83,-2.10518,-0.178731
92,83,-2.10132,-0.178405
93,83,-2.09742,-0.178436
94,83,-2.09397,-0.17821
95,83,-2.09047,-0.177987
96,83,-2.087,-0.177905
97,83,-2.08332,-0.177447
98,83,-2.07951,-0.177196
99,83,-2.07564,-0.177167
100,83,-2.0715,-0.176856
101,83,-2.06718,-0.176685
102,83,-2.06335,-0.176899
103,83,-2.05955,-0.177199
104,83,-2.05535,-0.177233
105,83,-2.05094,-0.177048
106,83,-2.04709,-0.177157
107,83,-2.04332,-0.176702
108,83,-2.03932,-0.176776
109,83,-2.03583,-0.177107
110,83,-2.03222,-0.176571
111,83,-2.02863,-0.176409
112,83,-2.02497,-0.176552
113,83,-2.02134,-0.17638
114,83,-2.01771,-0.176363
115,83,-2.01431,-0.176475
116,83,-2.01041,-0.176575
117,83,-2.00666,-0.176141
118,83,-2.00365,-0.175825
119,83,-2.00045,-0.175972
120,83,-1.9971,-0.1756
121,83,-1.99377,-0.175384
122,83,-1.99021,-0.175299
123,83,-1.98663,-0.17515
124,83,-1.98238,-0.175018
125,83,-1.97879,-0.17502
126,83,-1.97492,-0.175012
127,83,-1.97151,-0.175402
128,83,-1.96778,-0.175495
129,83,-1.9643,-0.175592
130,83,-1.96091,-0.175694
131,83,-1.95725,-0.176149
132,83,-1.9541,-0.176279
133,83,-1.95074,-0.17653
134,83,-1.94753,-0.176347
135,83,-1.94404,-0.176111
136,83,-1.94023,-0.176565
137,83,-1.93691,-0.176391
138,83,-1.933,-0.176611
139,83,-1.92933,-0.176673
140,83,-1.92596,-0.176956
141,83,-1.92181,-0.177175
142,83,-1.91816,-0.177536
143,83,-1.91464,-0.177538
144,83,-1.91061,-0.177798
145,83,-1.90672,-0.178112
146,83,-1.90255,-0.178759
147,83,-1.89858,-0.179377
148,83,-1.89481,-0.180432
149,83,-1.89102,-0.181475
150,83,-1.88667,-0.182783
151,83,-1.88255,-0.183837
152,83,-1.87815,-0.186047
153,83,-1.87323,-0.187991
154,83,-1.86781,-0.190107
155,83,-1.86263,-0.193279
156,83,-1.85772,-0.1972
157,83,-1.85263,-0.200581
158,83,-1.84713,-0.204474
159,83,-1.84155,-0.208452
160,83,-1.83634,-0.212486
161,83,-1.83075,-0.217368
162,83,-1.82382,-0.221719
163,83,-1.81646,-0.225826
164,83,-1.80916,-0.230465
165,83,-1.80175,-0.234216
166,83,-1.79364,-0.238019
167,83,-1.78521,-0.241945
168,83,-1.77643,-0.245464
169,83,-1.76704,-0.248008
170,83,-1.75669,-0.250061
171,83,-1.7464,-0.251361
172,83,-1.7361,-0.252693
173,83,-1.72237,-0.254589
174,83,-1.7104,-0.255104
175,83,-1.69718,-0.254952
176,83,-1.68339,-0.254194
177,83,-1.66768,-0.252365
178,83,-1.65277,-0.251334
179,83,-1.64109,-0.249911
180,83,-1.62952,-0.249375
181,83,-1.61458,-0.248655
182,83,-1.59875,-0.246163
183,83,-1.58639,-0.24442
184,83,-1.57477,-0.241163
185,83,-1.56276,-0.237391
186,83,-1.5524,-0.234124
187,83,-1.54334,-0.23018
188,83,-1.53551,-0.226163
189,83,-1.52779,-0.221624
190,83,-1.51902,-0.216428
191,83,-1.511,-0.210912
192,83,-1.50384,-0.205334
193,83,-1.49769,-0.19957
194,83,-1.49205,-0.19312
195,83,-1.48632,-0.187238
196,83,-1.48111,-0.182024
197,83,-1.47581,-0.17656
198,83,-1.47059,-0.17173
199,83,-1.46517,-0.167578
200,83,-1.45964,-0.164157
201,83,-1.45407,-0.160577
202,83,-1.44863,-0.157386
203,83,-1.44319,-0.154662
204,83,-1.43804,-0.15237
205,83,-1.43287,-0.150652
206,83,-1.42745,-0.147964
207,83,-1.42243,-0.145909
208,83,-1.41759,-0.144141
209,83,-1.41342,-0.142865
210,83,-1.40942,-0.141535
211,83,-1.40515,-0.139937
212,83,-1.40126,-0.138769
213,83,-1.3977,-0.137601
214,83,-1.39395,-0.136556
215,83,-1.39053,-0.135139
216,83,-1.3868,-0.134062
217,83,-1.38364,-0.133057
218,83,-1.38017,-0.131698
219,83,-1.37686,-0.130752
220,83,-1.37341,-0.129734
221,83,-1.37013,-0.128507
222,83,-1.36698,-0.127514
223,83,-1.36344,-0.126621
224,83,-1.36027,-0.125798
225,83,-1.35689,-0.124546
226,83,-1.3539,-0.123442
227,83,-1.35076,-0.122294
228,83,-1.34768,-0.121199
229,83,-1.34484,-0.120491
230,83,-1.34223,-0.119961
231,83,-1.33932,-0.119128
232,83,-1.33624,-0.11786
233,83,-1.33323,-0.117167
234,83,-1.33003,-0.116602
235,83,-1.32707,-0.115696
236,83,-1.32405,-0.115301
237,83,-1.3211,-0.114696
238,83,-1.3184,-0.114051
239,83,-1.31538,-0.113331
240,83,-1.31212,-0.112433
241,83,-1.30942,-0.111766
242,83,-1.3064,-0.111098
243,83,-1.30259,-0.110718
244,83,-1.29965,-0.110537
245,83,-1.29656,-0.110372
246,83,-1.29374,-0.109334
247,83,-1.29098,-0.108782
248,83,-1.28781,-0.108242
249,83,-1.28481,-0.107905
250,83,-1.28165,-0.10779
251,83,-1.27854,-0.107198
252,83,-1.27552,-0.10685
253,83,-1.2725,-0.106467
254,83,-1.26909,-0.106368
255,83,-1.26562,-0.106162
256,83,-1.26283,-0.10561
257,83,-1.25942,-0.105708
258,83,-1.25607,-0.105393
259,83,-1.25256,-0.105118
260,83,-1.24921,-0.104602
261,83,-1.246,-0.103873
262,83,-1.24281,-0.103353
263,83,-1.23946,-0.103114
264,83,-1.23528,-0.102839
265,83,-1.23171,-0.102327
266,83,-1.22796,-0.101601
267,83,-1.2241,-0.101386
268,83,-1.22025,-0.100842
269,83,-1.21701,-0.100477
270,83,-1.21326,-0.100278
271,83,-1.20911,-0.100226
272,83,-1.20527,-0.100008
273,83,-1.20139,-0.0998293
274,83,-1.19777,-0.0993255
275,83,-1.19376,-0.0991006
276,83,-1.18991,-0.0987191
277,83,-1.18621,-0.0984761
278,83,-1.18208,-0.0981408
279,83,-1.17791,-0.0979481
280,83,-1.17391,-0.0973416
281,83,-1.17034,-0.0968151
282,83,-1.16631,-0.0966887
283,83,-1.16252,-0.0959824
284,83,-1.15891,-0.0953763
285,83,-1.15535,-0.0950142
286,83,-1.15171,-0.0943162
287,83,-1.14785,-0.0938196
288,83,-1.14446,-0.0933776
289,83,-1.141,-0.0932762
290,83,-1.13739,-0.0925634
291,83,-1.13381,-0.0922065
292,83,-1.12983,-0.0919099
293,83,-1.12661,-0.0914305
294,83,-1.12298,-0.0907403
295,83,-1.11939,-0.0901195
296,83,-1.1157,-0.0895088
297,83,-1.11199,-0.0889833
298,83,-1.10826,-0.088886
299,83,-1.10457,-0.0881538
300,83,-1.10066,-0.0877466
301,83,-1.09718,-0.0872046
302,83,-1.09416,-0.0867724
303,83,-1.09046,-0.0865381
304,83,-1.087,-0.0860752
305,83,-1.08359,-0.085366
306,83,-1.07989,-0.0851579
307,83,-1.07612,-0.0843594
308,83,-1.07241,-0.0840772
309,83,-1.06875,-0.0835659
310,83,-1.06466,-0.0829849
311,83,-1.0614,-0.0825588
312,83,-1.05771,-0.0816372
313,83,-1.05406,-0.0812604
314,83,-1.05035,-0.0808209
315,83,-1.04654,-0.0801392
316,83,-1.04284,-0.0798527
317,83,-1.03932,-0.0791561
318,83,-1.03567,-0.0784769
319,83,-1.03184,-0.0776362
320,83,-1.02758,-0.0771012
321,83,-1.02343,-0.076934
322,83,-1.01948,-0.0764627
323,83,-1.01572,-0.0758353
324,83,-1.01195,-0.0750149
325,83,-1.00771,-0.0740314
326,83,-1.00373,-0.073158
327,83,-0.999629,-0.0727283
11,84,-2.41793,-0.197336
12,84,-2.41388,-0.197669
13,84,-2.41026,-0.197856
14,84,-2.40638,-0.198143
15,84,-2.40261,-0.19856
16,84,-2.39892,-0.199053
17,84,-2.39498,-0.199405
18,84,-2.39105,-0.199615
19,84,-2.38723,-0.199766
20,84,-2.38313,-0.199833
21,84,-2.3791,-0.199744
22,84,-2.37521,-0.199616
23,84,-2.3715,-0.199686
24,84,-2.36779,-0.199629
25,84,-2.36356,-0.19956
26,84,-2.35966,-0.199183
27,84,-2.35596,-0.199072
28,84,-2.35178,-0.198692
29,84,-2.34807,-0.198465
30,84,-2.34419,-0.198247
31,84,-2.34053,-0.198225
32,84,-2.33681,-0.197788
33,84,-2.33279,-0.197546
34,84,-2.32912,-0.197319
35,84,-2.32506,-0.197071
36,84,-2.32129,-0.196844
37,84,-2.31765,-0.196529
38,84,-2.31363,-0.196138
39,84,-2.30955,-0.195641
40,84,-2.30577,-0.195481
41,84,-2.30192,-0.195268
42,84,-2.29807,-0.194803
43,84,-2.29422,-0.194532
44,84,-2.29034,-0.194485
45,84,-2.28655,-0.194283
46,84,-2.28255,-0.194012
47,84,-2.27856,-0.193619
48,84,-2.27483,-0.193458
49,84,-2.27097,-0.192854
50,84,-2.26708,-0.192611
51,84,-2.26318,-0.192437
52,84,-2.25924,-0.19235
53,84,-2.2557,-0.192182
54,84,-2.25139,-0.191782
55,84,-2.24729,-0.191321
56,84,-2.24282,-0.190814
57,84,-2.23862,-0.190453
58,84,-2.23494,-0.189785
59,84,-2.23071,-0.189157
60,84,-2.22658,-0.188806
61,84,-2.22251,-0.188588
62,84,-2.21825,-0.188096
63,84,-2.21438,-0.187738
64,84,-2.20978,-0.187597
65,84,-2.20605,-0.187159
66,84,-2.20216,-0.186204
67,84,-2.19773,-0.185628
68,84,-2.19354,-0.185491
69,84,-2.18916,-0.185131
70,84,-2.18478,-0.184499
71,84,-2.18035,-0.183883
72,84,-2.17605,-0.183625
73,84,-2.17182,-0.183532
74,84,-2.16754,-0.182971
75,84,-2.1634,-0.182644
76,84,-2.15939,-0.182191
77,84,-2.15541,-0.181808
78,84,-2.15141,-0.181641
79,84,-2.14761,-0.181337
80,84,-2.14379,-0.180892
81,84,-2.13968,-0.180705
82,84,-2.13599,-0.180829
83,84,-2.13245,-0.180736
84,84,-2.12888,-0.180439
85,84,-2.12501,-0.18019
86,84,-2.12139,-0.180238
87,84,-2.11817,-0.180135
88,84,-2.11483,-0.179641
89,84,-2.11133,-0.179549
90,84,-2.10766,-0.179486
91,84,-2.10407,-0.179332
92,84,-2.10041,-0.179223
93,84,-2.09666,-0.178971
94,84,-2.09328,-0.17901
95,84,-2.08984,-0.178782
96,84,-2.08599,-0.178562
97,84,-2.08252,-0.178329
98,84,-2.07846,-0.177623
99,84,-2.07436,-0.177285
100,84,-2.07038,-0.177437
101,84,-2.06577,-0.177369
102,84,-2.06159,-0.177374
103,84,-2.05784,-0.177647
104,84,-2.05395,-0.177494
105,84,-2.04944,-0.177635
106,84,-2.04523,-0.177734
107,84,-2.0414,-0.177298
108,84,-2.03755,-0.177223
109,84,-2.03402,-0.177378
110,84,-2.03028,-0.177497
111,84,-2.02647,-0.177433
112,84,-2.02292,-0.177395
113,84,-2.01926,-0.17739
114,84,-2.01554,-0.177298
115,84,-2.01176,-0.177131
116,84,-2.00788,-0.176989
117,84,-2.00401,-0.177013
118,84,-2.00073,-0.176958
119,84,-1.99759,-0.17694
120,84,-1.99411,-0.176762
121,84,-1.99075,-0.176415
122,84,-1.98692,-0.176316
123,84,-1.98344,-0.17616
124,84,-1.97935,-0.17587
125,84,-1.97519,-0.175861
126,84,-1.9712,-0.175976
127,84,-1.96752,-0.176209
128,84,-1.96394,-0.176374
129,84,-1.96038,-0.176595
130,84,-1.95667,-0.176798
131,84,-1.95329,-0.17673
132,84,-1.94946,-0.177142
133,84,-1.94585,-0.177501
134,84,-1.94254,-0.177505
135,84,-1.93894,-0.177129
136,84,-1.93544,-0.177537
137,84,-1.93199,-0.177808
138,84,-1.92821,-0.177829
139,84,-1.92401,-0.177823
140,84,-1.92027,-0.178485
141,84,-1.91641,-0.178903
142,84,-1.91196,-0.17893
143,84,-1.9081,-0.179081
144,84,-1.90389,-0.179263
145,84,-1.89999,-0.179714
146,84,-1.89592,-0.180234
147,84,-1.8917,-0.181164
148,84,-1.88738,-0.182252
149,84,-1.88324,-0.183137
150,84,-1.87885,-0.184709
151,84,-1.8743,-0.185967
152,84,-1.86936,-0.187955
153,84,-1.86474,-0.189938
154,84,-1.85918,-0.192489
155,84,-1.85368,-0.19523
156,84,-1.84812,-0.198779
157,84,-1.84271,-0.202266
158,84,-1.83718,-0.206139
159,84,-1.83167,-0.20992
160,84,-1.82577,-0.214364
161,84,-1.81992,-0.21867
162,84,-1.81295,-0.22315
163,84,-1.80579,-0.227339
164,84,-1.79811,-0.231
165,84,-1.791,-0.235609
166,84,-1.78301,-0.239288
167,84,-1.77515,-0.242933
168,84,-1.76641,-0.246608
169,84,-1.75672,-0.248949
170,84,-1.74728,-0.250352
171,84,-1.73802,-0.252385
172,84,-1.72703,-0.254053
173,84,-1.71612,-0.255202
174,84,-1.70551,-0.256022
175,84,-1.69279,-0.256693
176,84,-1.68021,-0.254593
177,84,-1.66805,-0.25392
178,84,-1.65509,-0.252909
179,84,-1.64439,-0.251067
180,84,-1.63325,-0.250287
181,84,-1.6217,-0.248618
182,84,-1.60749,-0.246653
183,84,-1.59517,-0.244792
184,84,-1.58441,-0.241416
185,84,-1.57385,-0.238055
186,84,-1.56428,-0.235337
187,84,-1.55486,-0.231427
188,84,-1.54682,-0.227139
189,84,-1.53905,-0.222442
190,84,-1.5308,-0.217342
191,84,-1.52292,-0.211906
192,84,-1.5163,-0.206345
193,84,-1.50984,-0.200498
194,84,-1.504,-0.194281
195,84,-1.49852,-0.188879
196,84,-1.49269,-0.183655
197,84,-1.4869,-0.178298
198,84,-1.48095,-0.173571
199,84,-1.47537,-0.1696
200,84,-1.46941,-0.165997
201,84,-1.46348,-0.162496
202,84,-1.45773,-0.159187
203,84,-1.45202,-0.156435
204,84,-1.44655,-0.15435
205,84,-1.44122,-0.152089
206,84,-1.43584,-0.149826
207,84,-1.43041,-0.147787
208,84,-1.4259,-0.145635
209,84,-1.42163,-0.144128
210,84,-1.41723,-0.14298
211,84,-1.41283,-0.141559
212,84,-1.40852,-0.139999
213,84,-1.40458,-0.138908
214,84,-1.40095,-0.137892
215,84,-1.39723,-0.136773
216,84,-1.39316,-0.135251
217,84,-1.3896,-0.133906
218,84,-1.38598,-0.132727
219,84,-1.3824,-0.131697
220,84,-1.37864,-0.130762
221,84,-1.37514,-0.129616
222,84,-1.37199,-0.128605
223,84,-1.36835,-0.12778
224,84,-1.36486,-0.126592
225,84,-1.36164,-0.125323
226,84,-1.35865,-0.12426
227,84,-1.35529,-0.123158
228,84,-1.35212,-0.122184
229,84,-1.34894,-0.121784
230,84,-1.34589,-0.121114
231,84,-1.34287,-0.120159
232,84,-1.34022,-0.119018
233,84,-1.33706,-0.118159
234,84,-1.33372,-0.117395
235,84,-1.33059,-0.116664
236,84,-1.32762,-0.11602
237,84,-1.32454,-0.115264
238,84,-1.32174,-0.114627
239,84,-1.31838,-0.113931
240,84,-1.31556,-0.113207
241,84,-1.31244,-0.1127
242,84,-1.3092,-0.112044
243,84,-1.30601,-0.11153
244,84,-1.3027,-0.111205
245,84,-1.29973,-0.110761
246,84,-1.29646,-0.109849
247,84,-1.29327,-0.109448
248,84,-1.29034,-0.108911
249,84,-1.2871,-0.108979
250,84,-1.28416,-0.108561
251,84,-1.28107,-0.108442
252,84,-1.278,-0.107933
253,84,-1.27468,-0.107438
254,84,-1.27119,-0.107033
255,84,-1.26816,-0.106588
256,84,-1.26485,-0.106502
257,84,-1.26146,-0.106398
258,84,-1.2583,-0.106049
259,84,-1.25492,-0.105954
260,84,-1.25146,-0.105011
261,84,-1.24801,-0.104619
262,84,-1.24486,-0.104404
263,84,-1.24114,-0.103939
264,84,-1.23746,-0.10344
265,84,-1.23391,-0.103145
266,84,-1.22995,-0.102724
267,84,-1.2263,-0.102027
268,84,-1.22227,-0.101553
269,84,-1.21857,-0.101061
270,84,-1.21484,-0.101003
271,84,-1.21068,-0.100882
272,84,-1.20682,-0.100757
273,84,-1.20298,-0.100284
274,84,-1.19926,-0.100154
275,84,-1.19527,-0.0997501
276,84,-1.19135,-0.0994344
277,84,-1.18767,-0.0991275
278,84,-1.18357,-0.0987127
279,84,-1.1794,-0.0982266
280,84,-1.17543,-0.0978651
281,84,-1.1719,-0.0978271
282,84,-1.16783,-0.0972203
283,84,-1.16379,-0.0968863
284,84,-1.16022,-0.096104
285,84,-1.15663,-0.0957203
286,84,-1.15304,-0.0947184
287,84,-1.14937,-0.0943031
288,84,-1.14572,-0.0940822
289,84,-1.14212,-0.0937613
290,84,-1.13851,-0.0929622
291,84,-1.13468,-0.0927177
292,84,-1.13116,-0.0924691
293,84,-1.12766,-0.091941
294,84,-1.12367,-0.091508
295,84,-1.1201,-0.0908672
296,84,-1.11673,-0.0904669
297,84,-1.11285,-0.0900894
298,84,-1.10918,-0.0893932
299,84,-1.10536,-0.0888602
300,84,-1.10176,-0.0885445
301,84,-1.09803,-0.0880949
302,84,-1.09479,-0.0879369
303,84,-1.09147,-0.087369
304,84,-1.08783,-0.0869689
305,84,-1.08437,-0.0865761
306,84,-1.0804,-0.0861241
307,84,-1.07676,-0.0856179
308,84,-1.0731,-0.0850155
309,84,-1.0692,-0.0847092
310,84,-1.06579,-0.0841926
311,84,-1.06205,-0.0835635
312,84,-1.05881,-0.0831049
313,84,-1.05503,-0.0820867
314,84,-1.05121,-0.0815056
315,84,-1.04699,-0.0811745
316,84,-1.04344,-0.0803235
317,84,-1.03973,-0.0797762
318,84,-1.0359,-0.0792841
319,84,-1.03205,-0.0786871
320,84,-1.02822,-0.0781774
321,84,-1.02436,-0.0777048
322,84,-1.02026,-0.0771254
323,84,-1.01634,-0.076364
324,84,-1.01236,-0.0757076
325,84,-1.00845,-0.0749661
326,84,-1.00468,-0.0744748
327,84,-1.00103,-0.0743444
11,85,-2.41837,-0.198241
12,85,-2.41431,-0.198365
13,85,-2.41058,-0.19854
14,85,-2.40681,-0.198773
15,85,-2.403,-0.199166
16,85,-2.39917,-0.199403
17,85,-2.39528,-0.199972
18,85,-2.39128,-0.200212
19,85,-2.38744,-0.200109
20,85,-2.38329,-0.199961
21,85,-2.37911,-0.200075
22,85,-2.3754,-0.199986
23,85,-2.37174,-0.200158
24,85,-2.3678,-0.199981
25,85,-2.36383,-0.199877
26,85,-2.35999,-0.199488
27,85,-2.35598,-0.199353
28,85,-2.35198,-0.199347
29,85,-2.34833,-0.198957
30,85,-2.34461,-0.198838
31,85,-2.34067,-0.19858
32,85,-2.33655,-0.19844
33,85,-2.33281,-0.19794
34,85,-2.32876,-0.197709
35,85,-2.32475,-0.19765
36,85,-2.32107,-0.197442
37,85,-2.31721,-0.19704
38,85,-2.31333,-0.196716
39,85,-2.30935,-0.196324
40,85,-2.30544,-0.19597
41,85,-2.30173,-0.195598
42,85,-2.29766,-0.195704
43,85,-2.29414,-0.195541
44,85,-2.29026,-0.195324
45,85,-2.28597,-0.195145
46,85,-2.28223,-0.194759
47,85,-2.27842,-0.19422
48,85,-2.27464,-0.193883
49,85,-2.27086,-0.193492
50,85,-2.26675,-0.193334
51,85,-2.26299,-0.193012
52,85,-2.25928,-0.192733
53,85,-2.25517,-0.192801
54,85,-2.25147,-0.192707
55,85,-2.2469,-0.192347
56,85,-2.24246,-0.19173
57,85,-2.23844,-0.190955
58,85,-2.23467,-0.190426
59,85,-2.23079,-0.189851
60,85,-2.22657,-0.189665
61,85,-2.2224,-0.189217
62,85,-2.21796,-0.188858
63,85,-2.21401,-0.188615
64,85,-2.20956,-0.187885
65,85,-2.20536,-0.187548
66,85,-2.20086,-0.186959
67,85,-2.19674,-0.186326
68,85,-2.19266,-0.185922
69,85,-2.18841,-0.185514
70,85,-2.18399,-0.185122
71,85,-2.17961,-0.184608
72,85,-2.17566,-0.184007
73,85,-2.17148,-0.183775
74,85,-2.16702,-0.183475
75,85,-2.16276,-0.183271
76,85,-2.15839,-0.182797
77,85,-2.15444,-0.182442
78,85,-2.15048,-0.182246
79,85,-2.14663,-0.181942
80,85,-2.14298,-0.181453
81,85,-2.13905,-0.181285
82,85,-2.13524,-0.181598
83,85,-2.13162,-0.181638
84,85,-2.12796,-0.180981
85,85,-2.12448,-0.180825
86,85,-2.12095,-0.180788
87,85,-2.11747,-0.180603
88,85,-2.11394,-0.180144
89,85,-2.11046,-0.180097
90,85,-2.10681,-0.180387
91,85,-2.10273,-0.180202
92,85,-2.09925,-0.180077
93,85,-2.09584,-0.179749
94,85,-2.0925,-0.179666
95,85,-2.08899,-0.179583
96,85,-2.08498,-0.179132
97,85,-2.08125,-0.17903
98,85,-2.07727,-0.178697
99,85,-2.07313,-0.178183
100,85,-2.06877,-0.178208
101,85,-2.06443,-0.178059
102,85,-2.0602,-0.178276
103,85,-2.05621,-0.178474
104,85,-2.05237,-0.178516
105,85,-2.04794,-0.178409
106,85,-2.04365,-0.178248
107,85,-2.03951,-0.178262
108,85,-2.03592,-0.178111
109,85,-2.03237,-0.178154
110,85,-2.02852,-0.178318
111,85,-2.02464,-0.178483
112,85,-2.02095,-0.178294
113,85,-2.01717,-0.178387
114,85,-2.01306,-0.178242
115,85,-2.00918,-0.177943
116,85,-2.00503,-0.177837
117,85,-2.00131,-0.177346
118,85,-1.99836,-0.177431
119,85,-1.99483,-0.177596
120,85,-1.99145,-0.177562
121,85,-1.98773,-0.177403
122,85,-1.98373,-0.177249
123,85,-1.97999,-0.177079
124,85,-1.97602,-0.17705
125,85,-1.9718,-0.17711
126,85,-1.96806,-0.177022
127,85,-1.96427,-0.177303
128,85,-1.96027,-0.177439
129,85,-1.95636,-0.177605
130,85,-1.95274,-0.177928
131,85,-1.949,-0.178162
132,85,-1.94538,-0.17832
133,85,-1.94161,-0.178607
134,85,-1.93787,-0.178647
135,85,-1.93425,-0.178707
136,85,-1.93027,-0.17884
137,85,-1.92671,-0.179029
138,85,-1.92291,-0.179356
139,85,-1.91897,-0.179386
140,85,-1.91486,-0.179816
141,85,-1.91065,-0.180221
142,85,-1.90649,-0.180353
143,85,-1.90254,-0.180369
144,85,-1.89794,-0.180581
145,85,-1.89359,-0.181216
146,85,-1.88944,-0.18211
147,85,-1.88527,-0.182794
148,85,-1.88057,-0.184063
149,85,-1.87602,-0.185116
150,85,-1.87178,-0.186235
151,85,-1.86678,-0.18799
152,85,-1.86154,-0.189821
153,85,-1.8569,-0.19199
154,85,-1.85142,-0.194479
155,85,-1.84576,-0.197585
156,85,-1.84015,-0.200787
157,85,-1.83406,-0.204441
158,85,-1.82762,-0.207759
159,85,-1.82179,-0.211569
160,85,-1.81594,-0.216127
161,85,-1.80972,-0.220636
162,85,-1.80323,-0.225297
163,85,-1.79623,-0.22906
164,85,-1.78898,-0.233252
165,85,-1.78174,-0.236901
166,85,-1.77435,-0.240578
167,85,-1.76702,-0.244179
168,85,-1.75805,-0.247831
169,85,-1.7487,-0.249492
170,85,-1.7398,-0.251696
171,85,-1.7305,-0.253997
172,85,-1.72043,-0.255659
173,85,-1.71101,-0.25655
174,85,-1.7006,-0.257003
175,85,-1.68944,-0.256639
176,85,-1.67824,-0.255396
177,85,-1.66735,-0.254796
178,85,-1.65759,-0.253554
179,85,-1.64674,-0.252119
180,85,-1.63658,-0.251184
181,85,-1.62653,-0.249903
182,85,-1.615,-0.247921
183,85,-1.60334,-0.245119
184,85,-1.59232,-0.242445
185,85,-1.58277,-0.239433
186,85,-1.57398,-0.235922
187,85,-1.56485,-0.232183
188,85,-1.55672,-0.22788
189,85,-1.54903,-0.223014
190,85,-1.5413,-0.218154
191,85,-1.53418,-0.212544
192,85,-1.5279,-0.207046
193,85,-1.5211,-0.201284
194,85,-1.51466,-0.195655
195,85,-1.50853,-0.190728
196,85,-1.50244,-0.185274
197,85,-1.49671,-0.180045
198,85,-1.49079,-0.175729
199,85,-1.48471,-0.171519
200,85,-1.47829,-0.167585
201,85,-1.47205,-0.164245
202,85,-1.46568,-0.160695
203,85,-1.46012,-0.158154
204,85,-1.45495,-0.155899
205,85,-1.44931,-0.153391
206,85,-1.44395,-0.151445
207,85,-1.43873,-0.149323
208,85,-1.43382,-0.147218
209,85,-1.4289,-0.145637
210,85,-1.42427,-0.144509
211,85,-1.41997,-0.143011
212,85,-1.4152,-0.141356
213,85,-1.4114,-0.140311
214,85,-1.40769,-0.139316
215,85,-1.40345,-0.137634
216,85,-1.39917,-0.136239
217,85,-1.39497,-0.135082
218,85,-1.39131,-0.133976
219,85,-1.38762,-0.133051
220,85,-1.38427,-0.13213
221,85,-1.38068,-0.130942
222,85,-1.37688,-0.129626
223,85,-1.37306,-0.128551
224,85,-1.36962,-0.127408
225,85,-1.36642,-0.126426
226,85,-1.36331,-0.125128
227,85,-1.35974,-0.124168
228,85,-1.35645,-0.1234
229,85,-1.35334,-0.12259
230,85,-1.35003,-0.121821
231,85,-1.34691,-0.120711
232,85,-1.34387,-0.119792
233,85,-1.341,-0.118994
234,85,-1.33758,-0.118235
235,85,-1.33435,-0.117618
236,85,-1.33145,-0.11698
237,85,-1.32821,-0.11608
238,85,-1.32477,-0.115519
239,85,-1.32141,-0.114879
240,85,-1.31856,-0.114161
241,85,-1.31547,-0.113847
242,85,-1.31178,-0.113011
243,85,-1.30883,-0.112631
244,85,-1.30611,-0.112071
245,85,-1.30278,-0.111471
246,85,-1.29937,-0.111072
247,85,-1.29632,-0.110528
248,85,-1.29305,-0.109882
249,85,-1.28995,-0.109642
250,85,-1.28686,-0.109374
251,85,-1.28368,-0.109146
252,85,-1.28072,-0.108764
253,85,-1.27704,-0.108419
254,85,-1.27364,-0.107985
255,85,-1.27049,-0.107471
256,85,-1.26712,-0.107108
257,85,-1.26393,-0.106907
258,85,-1.26043,-0.106814
259,85,-1.25725,-0.106538
260,85,-1.25394,-0.105957
261,85,-1.25011,-0.105734
262,85,-1.24655,-0.10523
263,85,-1.24316,-0.104722
264,85,-1.23923,-0.103989
265,85,-1.23526,-0.103717
266,85,-1.2318,-0.103242
267,85,-1.22822,-0.102704
268,85,-1.22451,-0.102049
269,85,-1.22054,-0.101957
270,85,-1.21679,-0.101712
271,85,-1.21263,-0.101765
272,85,-1.20862,-0.101484
273,85,-1.20464,-0.101289
274,85,-1.20097,-0.100712
275,85,-1.19691,-0.100099
276,85,-1.19304,-0.100202
277,85,-1.18899,-0.0996881
278,85,-1.1848,-0.0992089
279,85,-1.18084,-0.0987114
280,85,-1.17685,-0.0983955
281,85,-1.17319,-0.0984023
282,85,-1.16928,-0.0976183
283,85,-1.16524,-0.0971497
284,85,-1.1615,-0.096754
285,85,-1.15788,-0.0961881
286,85,-1.15413,-0.0956772
287,85,-1.15078,-0.0954473
288,85,-1.14704,-0.0947965
289,85,-1.14317,-0.0942354
290,85,-1.13933,-0.0940072
291,85,-1.13564,-0.0934595
292,85,-1.13198,-0.0930324
293,85,-1.12831,-0.0928016
294,85,-1.12464,-0.092089
295,85,-1.12104,-0.0916082
296,85,-1.1177,-0.0913013
297,85,-1.11394,-0.0907802
298,85,-1.11018,-0.0903647
299,85,-1.10624,-0.089723
300,85,-1.10243,-0.0892309
301,85,-1.09895,-0.0890532
302,85,-1.09569,-0.0886549
303,85,-1.09231,-0.0881945
304,85,-1.08868,-0.0878695
305,85,-1.08519,-0.0874367
306,85,-1.08111,-0.0870927
307,85,-1.07753,-0.0864293
308,85,-1.07382,-0.0856365
309,85,-1.07001,-0.085305
310,85,-1.06659,-0.0848306
311,85,-1.06305,-0.0843763
312,85,-1.05961,-0.0838272
313,85,-1.05601,-0.0832091
314,85,-1.05204,-0.0825843
315,85,-1.048,-0.082172
316,85,-1.04387,-0.0817407
317,85,-1.04009,-0.0810219
318,85,-1.03623,-0.0804122
319,85,-1.03257,-0.0796832
320,85,-1.02873,-0.0789111
321,85,-1.02502,-0.0784447
322,85,-1.02068,-0.0778664
323,85,-1.01648,-0.0773162
324,85,-1.01272,-0.0767162
325,85,-1.00897,-0.0758699
326,85,-1.005,-0.0753878
327,85,-1.00133,-0.0750171
11,86,-2.41927,-0.198688
12,86,-2.41504,-0.198932
13,86,-2.41125,-0.199424
14,86,-2.4071,-0.19923
15,86,-2.40339,-0.199811
16,86,-2.39968,-0.200127
17,86,-2.39564,-0.200218
18,86,-2.39152,-0.200172
19,86,-2.38776,-0.200271
20,86,-2.38373,-0.200592
21,86,-2.37959,-0.200404
22,86,-2.37549,-0.200744
23,86,-2.37184,-0.200496
24,86,-2.36785,-0.200234
25,86,-2.36403,-0.199835
26,86,-2.36022,-0.20009
27,86,-2.35602,-0.199839
28,86,-2.35233,-0.199577
29,86,-2.34848,-0.19925
30,86,-2.34459,-0.199268
31,86,-2.34058,-0.198897
32,86,-2.33647,-0.198648
33,86,-2.33264,-0.198058
34,86,-2.32896,-0.198256
35,86,-2.32489,-0.198284
36,86,-2.32091,-0.198118
37,86,-2.31689,-0.197669
38,86,-2.31287,-0.197175
39,86,-2.30925,-0.196834
40,86,-2.30535,-0.196681
41,86,-2.30143,-0.196546
42,86,-2.29751,-0.19634
43,86,-2.29388,-0.196203
44,86,-2.28996,-0.19616
45,86,-2.28586,-0.196083
46,86,-2.28171,-0.195334
47,86,-2.27799,-0.195089
48,86,-2.27404,-0.194854
49,86,-2.27015,-0.194322
50,86,-2.26642,-0.194048
51,86,-2.26273,-0.193863
52,86,-2.25864,-0.193331
53,86,-2.2548,-0.193157
54,86,-2.25106,-0.193239
55,86,-2.24632,-0.19277
56,86,-2.24225,-0.192144
57,86,-2.23817,-0.191416
58,86,-2.23411,-0.19096
59,86,-2.23023,-0.190635
60,86,-2.22629,-0.190214
61,86,-2.22203,-0.189754
62,86,-2.21765,-0.18959
63,86,-2.21351,-0.189296
64,86,-2.20934,-0.188688
65,86,-2.20492,-0.187852
66,86,-2.20033,-0.187505
67,86,-2.19635,-0.186911
68,86,-2.19194,-0.186291
69,86,-2.1876,-0.186112
70,86,-2.18326,-0.185971
71,86,-2.17884,-0.185546
72,86,-2.17473,-0.184939
73,86,-2.17042,-0.184477
74,86,-2.1662,-0.18377
75,86,-2.16198,-0.183352
76,86,-2.15729,-0.183303
77,86,-2.15343,-0.18335
78,86,-2.14988,-0.183101
79,86,-2.14599,-0.182842
80,86,-2.1424,-0.18251
81,86,-2.13834,-0.182237
82,86,-2.13465,-0.182396
83,86,-2.13121,-0.182046
84,86,-2.12736,-0.181369
85,86,-2.12372,-0.181364
86,86,-2.12015,-0.181305
87,86,-2.11656,-0.181167
88,86,-2.11282,-0.180964
89,86,-2.10934,-0.181053
90,86,-2.10595,-0.181131
91,86,-2.10209,-0.181024
92,86,-2.09843,-0.180777
93,86,-2.09502,-0.180474
94,86,-2.09148,-0.180356
95,86,-2.08772,-0.180142
96,86,-2.08371,-0.179856
97,86,-2.07979,-0.179668
98,86,-2.07592,-0.179603
99,86,-2.07176,-0.17928
100,86,-2.06747,-0.179069
101,86,-2.06312,-0.179018
102,86,-2.05893,-0.179151
103,86,-2.05498,-0.179153
104,86,-2.05099,-0.179146
105,86,-2.0466,-0.179102
106,86,-2.04244,-0.179097
107,86,-2.03829,-0.178881
108,86,-2.03413,-0.178604
109,86,-2.03078,-0.178741
110,86,-2.02687,-0.179128
111,86,-2.02272,-0.179265
112,86,-2.01894,-0.179214
113,86,-2.01516,-0.17928
114,86,-2.01067,-0.179076
115,86,-2.00658,-0.17884
116,86,-2.00256,-0.178562
117,86,-1.99868,-0.178361
118,86,-1.99588,-0.178246
119,86,-1.99196,-0.178286
120,86,-1.98818,-0.178118
121,86,-1.98476,-0.178307
122,86,-1.98075,-0.178231
123,86,-1.97696,-0.177956
124,86,-1.97293,-0.178117
125,86,-1.96881,-0.178259
126,86,-1.9647,-0.178296
127,86,-1.96082,-0.178398
128,86,-1.95665,-0.178539
129,86,-1.95281,-0.178752
130,86,-1.94911,-0.17902
131,86,-1.94512,-0.179247
132,86,-1.94135,-0.179272
133,86,-1.9375,-0.17957
134,86,-1.93349,-0.179521
135,86,-1.92967,-0.18001
136,86,-1.92539,-0.179978
137,86,-1.92141,-0.179993
138,86,-1.91794,-0.180245
139,86,-1.91373,-0.180545
140,86,-1.90936,-0.180827
141,86,-1.9049,-0.181266
142,86,-1.90066,-0.1813
143,86,-1.89645,-0.181654
144,86,-1.89199,-0.182148
145,86,-1.88763,-0.182756
146,86,-1.8833,-0.184001
147,86,-1.87866,-0.185234
148,86,-1.87436,-0.185617
149,86,-1.86947,-0.186948
150,86,-1.86509,-0.188423
151,86,-1.85978,-0.190085
152,86,-1.85487,-0.19199
153,86,-1.84978,-0.194506
154,86,-1.84416,-0.196806
155,86,-1.83884,-0.199665
156,86,-1.83245,-0.202937
157,86,-1.82661,-0.206359
158,86,-1.82031,-0.209865
159,86,-1.81374,-0.213399
160,86,-1.80737,-0.217671
161,86,-1.80089,-0.222602
162,86,-1.79439,-0.226991
163,86,-1.78678,-0.230479
164,86,-1.77953,-0.234767
165,86,-1.77268,-0.238298
166,86,-1.76586,-0.241832
167,86,-1.7585,-0.245692
168,86,-1.75014,-0.24916
169,86,-1.74172,-0.250744
170,86,-1.73287,-0.253367
171,86,-1.72452,-0.255271
172,86,-1.71598,-0.256482
173,86,-1.7065,-0.256878
174,86,-1.69637,-0.257123
175,86,-1.68612,-0.25665
176,86,-1.67712,-0.256357
177,86,-1.66762,-0.255622
178,86,-1.65834,-0.254396
179,86,-1.64877,-0.253132
180,86,-1.6389,-0.251926
181,86,-1.62901,-0.250071
182,86,-1.62005,-0.248002
183,86,-1.61079,-0.245766
184,86,-1.6002,-0.243143
185,86,-1.59048,-0.240206
186,86,-1.58187,-0.237008
187,86,-1.57365,-0.23333
188,86,-1.56561,-0.228598
189,86,-1.55765,-0.22368
190,86,-1.5505,-0.218841
191,86,-1.54393,-0.213316
192,86,-1.53738,-0.208022
193,86,-1.53078,-0.20253
194,86,-1.52429,-0.197233
195,86,-1.51767,-0.19199
196,86,-1.51124,-0.186568
197,86,-1.50516,-0.181542
198,86,-1.4989,-0.177048
199,86,-1.49242,-0.173047
200,86,-1.48602,-0.169538
201,86,-1.4796,-0.166245
202,86,-1.47342,-0.162897
203,86,-1.46764,-0.160186
204,86,-1.46238,-0.157813
205,86,-1.45734,-0.155279
206,86,-1.45167,-0.152974
207,86,-1.44599,-0.150917
208,86,-1.44093,-0.148776
209,86,-1.43615,-0.147076
210,86,-1.43141,-0.145613
211,86,-1.42693,-0.144433
212,86,-1.4221,-0.143081
213,86,-1.41808,-0.141807
214,86,-1.41395,-0.140382
215,86,-1.40928,-0.138925
216,86,-1.40497,-0.137635
217,86,-1.40074,-0.136267
218,86,-1.39676,-0.135075
219,86,-1.39295,-0.134078
220,86,-1.38926,-0.133082
221,86,-1.38547,-0.13172
222,86,-1.38157,-0.130584
223,86,-1.37778,-0.1296
224,86,-1.37452,-0.128197
225,86,-1.37132,-0.127297
226,86,-1.36781,-0.126319
227,86,-1.36417,-0.125272
228,86,-1.36079,-0.124239
229,86,-1.35759,-0.123113
230,86,-1.35417,-0.12219
231,86,-1.35103,-0.121406
232,86,-1.34812,-0.120516
233,86,-1.34483,-0.119534
234,86,-1.3416,-0.119303
235,86,-1.3383,-0.118465
236,86,-1.33506,-0.11771
237,86,-1.33164,-0.117049
238,86,-1.3282,-0.116386
239,86,-1.32455,-0.115885
240,86,-1.3215,-0.115123
241,86,-1.31865,-0.11464
242,86,-1.31521,-0.113826
243,86,-1.3118,-0.113364
244,86,-1.30874,-0.112943
245,86,-1.30562,-0.112209
246,86,-1.30275,-0.111729
247,86,-1.29924,-0.111286
248,86,-1.29594,-0.110925
249,86,-1.29262,-0.110492
250,86,-1.28943,-0.1102
251,86,-1.28642,-0.11002
252,86,-1.28294,-0.109608
253,86,-1.27957,-0.109243
254,86,-1.27583,-0.10867
255,86,-1.27234,-0.108291
256,86,-1.26921,-0.107971
257,86,-1.26593,-0.107772
258,86,-1.26276,-0.107512
259,86,-1.25928,-0.107088
260,86,-1.2557,-0.106625
261,86,-1.25204,-0.106449
262,86,-1.2484,-0.106061
263,86,-1.2447,-0.105355
264,86,-1.2411,-0.104835
265,86,-1.23712,-0.10419
266,86,-1.23366,-0.103949
267,86,-1.23007,-0.103158
268,86,-1.22636,-0.102836
269,86,-1.22233,-0.102668
270,86,-1.21841,-0.102642
271,86,-1.21445,-0.102484
272,86,-1.21044,-0.102291
273,86,-1.20668,-0.101778
274,86,-1.20287,-0.10121
275,86,-1.19862,-0.100882
276,86,-1.19463,-0.100887
277,86,-1.19069,-0.100393
278,86,-1.18646,-0.0999317
279,86,-1.18227,-0.0995333
280,86,-1.17826,-0.0992631
281,86,-1.17433,-0.0988899
282,86,-1.17042,-0.0985634
283,86,-1.16643,-0.0980159
284,86,-1.16248,-0.097458
285,86,-1.15932,-0.096921
286,86,-1.15537,-0.0964017
287,86,-1.15177,-0.0960263
288,86,-1.14798,-0.0956706
289,86,-1.14441,-0.0949832
290,86,-1.14014,-0.0946195
291,86,-1.13646,-0.0942064
292,86,-1.13281,-0.0937439
293,86,-1.12914,-0.0933805
294,86,-1.12557,-0.0927921
295,86,-1.12217,-0.092353
296,86,-1.11865,-0.0918291
297,86,-1.11526,-0.0912173
298,86,-1.1115,-0.0907779
299,86,-1.10739,-0.0903825
300,86,-1.10318,-0.0901791
301,86,-1.09984,-0.0897995
302,86,-1.09605,-0.0894168
303,86,-1.09287,-0.0892083
304,86,-1.08921,-0.088298
305,86,-1.08564,-0.0881554
306,86,-1.08199,-0.0874846
307,86,-1.07831,-0.0871022
308,86,-1.07458,-0.086703
309,86,-1.07076,-0.086213
310,86,-1.06723,-0.0859106
311,86,-1.06349,-0.0851342
312,86,-1.06019,-0.0845515
313,86,-1.05633,-0.0841386
314,86,-1.0523,-0.0838895
315,86,-1.04851,-0.0830001
316,86,-1.04443,-0.0825634
317,86,-1.04029,-0.0818118
318,86,-1.03671,-0.0812436
319,86,-1.03305,-0.0802883
320,86,-1.02929,-0.079666
321,86,-1.02555,-0.0793012
322,86,-1.02159,-0.0786499
323,86,-1.01743,-0.077777
324,86,-1.01316,-0.0770996
325,86,-1.00922,-0.0766066
326,86,-1.00525,-0.0764153
327,86,-1.001,-0.0761842
11,87,-2.42056,-0.199123
12,87,-2.41623,-0.199452
13,87,-2.41183,-0.199909
14,87,-2.40818,-0.200014
15,87,-2.40424,-0.200381
16,87,-2.40006,-0.200645
17,87,-2.39606,-0.20061
18,87,-2.39194,-0.200639
19,87,-2.38801,-0.200695
20,87,-2.38393,-0.201097
21,87,-2.37994,-0.201272
22,87,-2.37603,-0.201202
23,87,-2.37211,-0.20113
24,87,-2.36809,-0.200429
25,87,-2.36464,-0.200299
26,87,-2.3604,-0.200377
27,87,-2.35633,-0.200322
28,87,-2.35267,-0.199901
29,87,-2.34867,-0.199818
30,87,-2.34443,-0.199879
31,87,-2.34051,-0.199591
32,87,-2.3365,-0.199216
33,87,-2.33253,-0.198923
34,87,-2.32923,-0.198869
35,87,-2.32512,-0.19862
36,87,-2.32079,-0.198724
37,87,-2.31664,-0.198418
38,87,-2.31249,-0.197963
39,87,-2.30904,-0.197506
40,87,-2.30519,-0.197177
41,87,-2.30127,-0.19738
42,87,-2.2975,-0.196792
43,87,-2.29377,-0.196662
44,87,-2.28983,-0.196565
45,87,-2.28584,-0.196174
46,87,-2.28158,-0.19591
47,87,-2.27766,-0.195386
48,87,-2.27375,-0.195224
49,87,-2.2696,-0.194968
50,87,-2.2657,-0.194365
51,87,-2.26183,-0.194571
52,87,-2.25801,-0.19382
53,87,-2.25421,-0.193211
54,87,-2.25031,-0.19326
55,87,-2.24632,-0.193116
56,87,-2.24171,-0.192397
57,87,-2.2375,-0.191572
58,87,-2.23339,-0.19121
59,87,-2.2295,-0.190926
60,87,-2.22578,-0.19051
61,87,-2.2215,-0.190229
62,87,-2.21717,-0.190107
63,87,-2.21314,-0.189738
64,87,-2.20893,-0.189393
65,87,-2.20466,-0.188862
66,87,-2.20007,-0.188251
67,87,-2.1958,-0.187545
68,87,-2.19169,-0.187109
69,87,-2.18709,-0.186609
70,87,-2.18272,-0.18653
71,87,-2.17822,-0.186029
72,87,-2.17413,-0.185509
73,87,-2.16967,-0.184855
74,87,-2.16522,-0.184194
75,87,-2.1611,-0.184004
76,87,-2.15688,-0.183758
77,87,-2.15297,-0.183809
78,87,-2.14922,-0.18369
79,87,-2.1456,-0.183508
80,87,-2.14201,-0.183486
81,87,-2.13816,-0.183355
82,87,-2.13414,-0.183206
83,87,-2.13034,-0.182758
84,87,-2.12677,-0.182046
85,87,-2.12304,-0.1819
86,87,-2.11919,-0.181968
87,87,-2.11572,-0.181813
88,87,-2.11222,-0.181909
89,87,-2.10868,-0.181931
90,87,-2.10525,-0.181623
91,87,-2.10148,-0.181509
92,87,-2.09754,-0.181363
93,87,-2.09391,-0.181173
94,87,-2.09059,-0.180857
95,87,-2.08678,-0.180792
96,87,-2.0825,-0.180859
97,87,-2.07844,-0.180401
98,87,-2.07465,-0.18019
99,87,-2.07075,-0.180024
100,87,-2.06624,-0.179954
101,87,-2.0619,-0.179917
102,87,-2.05791,-0.179438
103,87,-2.05377,-0.179512
104,87,-2.04956,-0.179909
105,87,-2.0452,-0.179862
106,87,-2.04099,-0.179922
107,87,-2.03667,-0.179602
108,87,-2.03251,-0.179278
109,87,-2.02878,-0.179526
110,87,-2.02486,-0.179843
111,87,-2.02071,-0.180023
112,87,-2.01681,-0.180049
113,87,-2.0128,-0.179872
114,87,-2.00835,-0.179704
115,87,-2.00422,-0.179533
116,87,-2.00043,-0.179198
117,87,-1.99651,-0.179149
118,87,-1.99328,-0.179321
119,87,-1.98962,-0.179338
120,87,-1.98577,-0.179293
121,87,-1.98213,-0.179355
122,87,-1.97758,-0.179145
123,87,-1.97383,-0.179305
124,87,-1.96989,-0.179186
125,87,-1.96543,-0.178829
126,87,-1.9612,-0.178922
127,87,-1.95724,-0.179282
128,87,-1.95334,-0.17918
129,87,-1.9495,-0.179536
130,87,-1.94542,-0.179915
131,87,-1.94148,-0.180044
132,87,-1.9376,-0.180149
133,87,-1.93338,-0.180273
134,87,-1.92908,-0.180403
135,87,-1.9251,-0.180951
136,87,-1.92143,-0.181331
137,87,-1.91702,-0.181441
138,87,-1.91354,-0.181559
139,87,-1.90909,-0.181667
140,87,-1.90457,-0.18216
141,87,-1.90036,-0.182474
142,87,-1.8959,-0.182877
143,87,-1.89158,-0.183226
144,87,-1.88715,-0.183508
145,87,-1.88225,-0.184356
146,87,-1.87776,-0.185527
147,87,-1.87245,-0.186731
148,87,-1.86811,-0.187704
149,87,-1.86338,-0.188843
150,87,-1.85818,-0.190521
151,87,-1.85287,-0.192554
152,87,-1.848,-0.194264
153,87,-1.8429,-0.196413
154,87,-1.8372,-0.198673
155,87,-1.83178,-0.201703
156,87,-1.82558,-0.205208
157,87,-1.81936,-0.208493
158,87,-1.81298,-0.212093
159,87,-1.80692,-0.215586
160,87,-1.80065,-0.21936
161,87,-1.7937,-0.223875
162,87,-1.78682,-0.227829
163,87,-1.77909,-0.23161
164,87,-1.77225,-0.235483
165,87,-1.7648,-0.23934
166,87,-1.75723,-0.24283
167,87,-1.75026,-0.246555
168,87,-1.74307,-0.249575
169,87,-1.7352,-0.251418
170,87,-1.72764,-0.253282
171,87,-1.71969,-0.254921
172,87,-1.71075,-0.256548
173,87,-1.70229,-0.256994
174,87,-1.69313,-0.257249
175,87,-1.6847,-0.256854
176,87,-1.67626,-0.256923
177,87,-1.6677,-0.256414
178,87,-1.65892,-0.254947
179,87,-1.65017,-0.254059
180,87,-1.64073,-0.252292
181,87,-1.63201,-0.250631
182,87,-1.62339,-0.248847
183,87,-1.6148,-0.246409
184,87,-1.60617,-0.243978
185,87,-1.59766,-0.240948
186,87,-1.58954,-0.237722
187,87,-1.5818,-0.234143
188,87,-1.57444,-0.229775
189,87,-1.56656,-0.225079
190,87,-1.55919,-0.220053
191,87,-1.55219,-0.214851
192,87,-1.54529,-0.209469
193,87,-1.53877,-0.20402
194,87,-1.53184,-0.198901
195,87,-1.52506,-0.193719
196,87,-1.51838,-0.188446
197,87,-1.5118,-0.1833
198,87,-1.50561,-0.178779
199,87,-1.49915,-0.174856
200,87,-1.4932,-0.171419
201,87,-1.48733,-0.168264
202,87,-1.48101,-0.164986
203,87,-1.47531,-0.162185
204,87,-1.46993,-0.159667
205,87,-1.46446,-0.157087
206,87,-1.45859,-0.155001
207,87,-1.45315,-0.152827
208,87,-1.44833,-0.150462
209,87,-1.4434,-0.148668
210,87,-1.43822,-0.147115
211,87,-1.43303,-0.145677
212,87,-1.42852,-0.144211
213,87,-1.42394,-0.142842
214,87,-1.41966,-0.141596
215,87,-1.41518,-0.140261
216,87,-1.41053,-0.138793
217,87,-1.40633,-0.137581
218,87,-1.40216,-0.136338
219,87,-1.39809,-0.13515
220,87,-1.39424,-0.134118
221,87,-1.39044,-0.1331
222,87,-1.38632,-0.131986
223,87,-1.38265,-0.130637
224,87,-1.37888,-0.12946
225,87,-1.37559,-0.128389
226,87,-1.37194,-0.127042
227,87,-1.36828,-0.126505
228,87,-1.365,-0.125429
229,87,-1.3616,-0.124237
230,87,-1.35811,-0.12325
231,87,-1.35482,-0.122468
232,87,-1.35161,-0.121684
233,87,-1.34847,-0.120593
234,87,-1.34543,-0.120171
235,87,-1.34202,-0.119438
236,87,-1.33855,-0.118622
237,87,-1.335,-0.118016
238,87,-1.3317,-0.117154
239,87,-1.32824,-0.116558
240,87,-1.32504,-0.11584
241,87,-1.32169,-0.115329
242,87,-1.31834,-0.114614
243,87,-1.31536,-0.114049
244,87,-1.31181,-0.113806
245,87,-1.30866,-0.112999
246,87,-1.30545,-0.112414
247,87,-1.30189,-0.111994
248,87,-1.2986,-0.111632
249,87,-1.29549,-0.111276
250,87,-1.29189,-0.110617
251,87,-1.28883,-0.11089
252,87,-1.28556,-0.110534
253,87,-1.28189,-0.11028
254,87,-1.27852,-0.109786
255,87,-1.27506,-0.109095
256,87,-1.2716,-0.108687
257,87,-1.26815,-0.108607
258,87,-1.26453,-0.108215
259,87,-1.26083,-0.107976
260,87,-1.25719,-0.107378
261,87,-1.25377,-0.106996
262,87,-1.25045,-0.106439
263,87,-1.24673,-0.10616
264,87,-1.24281,-0.105493
265,87,-1.23902,-0.104763
266,87,-1.2353,-0.104514
267,87,-1.23149,-0.104024
268,87,-1.22815,-0.103629
269,87,-1.22427,-0.103708
270,87,-1.2204,-0.103429
271,87,-1.21647,-0.103387
272,87,-1.21214,-0.102958
273,87,-1.20843,-0.10232
274,87,-1.20454,-0.101939
275,87,-1.20024,-0.101866
276,87,-1.19618,-0.101606
277,87,-1.19225,-0.101233
278,87,-1.18849,-0.100798
279,87,-1.18423,-0.100377
280,87,-1.18013,-0.100075
281,87,-1.17581,-0.0993617
282,87,-1.17189,-0.099
283,87,-1.16792,-0.0987333
284,87,-1.16421,-0.0983038
285,87,-1.16041,-0.0978883
286,87,-1.1565,-0.0975157
287,87,-1.1529,-0.0970755
288,87,-1.14933,-0.0964752
289,87,-1.14507,-0.0959258
290,87,-1.14147,-0.0952729
291,87,-1.13761,-0.0948469
292,87,-1.1341,-0.0945048
293,87,-1.13051,-0.0940456
294,87,-1.12684,-0.0934191
295,87,-1.12306,-0.0931141
296,87,-1.11958,-0.0925362
297,87,-1.11596,-0.0918507
298,87,-1.11222,-0.0914691
299,87,-1.10828,-0.0912978
300,87,-1.10405,-0.0908684
301,87,-1.10054,-0.0906653
302,87,-1.09692,-0.0904017
303,87,-1.09354,-0.0897267
304,87,-1.09008,-0.089134
305,87,-1.08628,-0.0885053
306,87,-1.08265,-0.0878325
307,87,-1.07908,-0.0875813
308,87,-1.07521,-0.0872364
309,87,-1.07143,-0.0869297
310,87,-1.06793,-0.086539
311,87,-1.06442,-0.0858998
312,87,-1.06075,-0.0854381
313,87,-1.05689,-0.0849215
314,87,-1.05281,-0.0841908
315,87,-1.049,-0.0837644
316,87,-1.04482,-0.0830168
317,87,-1.04065,-0.0823996
318,87,-1.03716,-0.081653
319,87,-1.03341,-0.0810256
320,87,-1.02958,-0.0807011
321,87,-1.02578,-0.079918
322,87,-1.02199,-0.079284
323,87,-1.01807,-0.0785928
324,87,-1.01428,-0.0779091
325,87,-1.01062,-0.0774011
326,87,-1.00675,-0.0769502
327,87,-1.00261,-0.076838
11,88,-2.4212,-0.199197
12,88,-2.41691,-0.199857
13,88,-2.41233,-0.200091
14,88,-2.4085,-0.200303
15,88,-2.40445,-0.200642
16,88,-2.40057,-0.200875
17,88,-2.3963,-0.200861
18,88,-2.39214,-0.201122
19,88,-2.38836,-0.20118
20,88,-2.38411,-0.201277
21,88,-2.3801,-0.201414
22,88,-2.37632,-0.201344
23,88,-2.37241,-0.201162
24,88,-2.36848,-0.201061
25,88,-2.36482,-0.201133
26,88,-2.3606,-0.200983
27,88,-2.35665,-0.20082
28,88,-2.35265,-0.20051
29,88,-2.34855,-0.200215
30,88,-2.3444,-0.200208
31,88,-2.34054,-0.199923
32,88,-2.33658,-0.199811
33,88,-2.33282,-0.199579
34,88,-2.32897,-0.199344
35,88,-2.32471,-0.199388
36,88,-2.32072,-0.199406
37,88,-2.31643,-0.199369
38,88,-2.31263,-0.19873
39,88,-2.30877,-0.198515
40,88,-2.30506,-0.198432
41,88,-2.30116,-0.19812
42,88,-2.29714,-0.197718
43,88,-2.29339,-0.197446
44,88,-2.28958,-0.196992
45,88,-2.28557,-0.196728
46,88,-2.2818,-0.1964
47,88,-2.27778,-0.196069
48,88,-2.27369,-0.195499
49,88,-2.26924,-0.19544
50,88,-2.26523,-0.195101
51,88,-2.26153,-0.194899
52,88,-2.25757,-0.194252
53,88,-2.25371,-0.193866
54,88,-2.24995,-0.193733
55,88,-2.24599,-0.193315
56,88,-2.24137,-0.192768
57,88,-2.23702,-0.192312
58,88,-2.23286,-0.191804
59,88,-2.22862,-0.191432
60,88,-2.22518,-0.191474
61,88,-2.22111,-0.191175
62,88,-2.21676,-0.19067
63,88,-2.21271,-0.190301
64,88,-2.20831,-0.189703
65,88,-2.20396,-0.189487
66,88,-2.19968,-0.188742
67,88,-2.19526,-0.188008
68,88,-2.19102,-0.18771
69,88,-2.18653,-0.187405
70,88,-2.18183,-0.187088
71,88,-2.17779,-0.186763
72,88,-2.17372,-0.18626
73,88,-2.16901,-0.185573
74,88,-2.16472,-0.184977
75,88,-2.16048,-0.18453
76,88,-2.15639,-0.184382
77,88,-2.15243,-0.184219
78,88,-2.14894,-0.184176
79,88,-2.14529,-0.18413
80,88,-2.14146,-0.184028
81,88,-2.13776,-0.183872
82,88,-2.13374,-0.183718
83,88,-2.12989,-0.183619
84,88,-2.12606,-0.183081
85,88,-2.12223,-0.182648
86,88,-2.11852,-0.182597
87,88,-2.11472,-0.182611
88,88,-2.11123,-0.182567
89,88,-2.108,-0.182465
90,88,-2.10455,-0.182379
91,88,-2.10054,-0.182129
92,88,-2.09671,-0.182267
93,88,-2.09346,-0.182063
94,88,-2.0899,-0.18151
95,88,-2.08587,-0.181573
96,88,-2.0819,-0.181432
97,88,-2.07778,-0.181346
98,88,-2.07364,-0.181002
99,88,-2.06968,-0.180772
100,88,-2.06533,-0.181064
101,88,-2.06102,-0.180984
102,88,-2.05687,-0.180612
103,88,-2.05245,-0.180458
104,88,-2.04828,-0.180868
105,88,-2.04406,-0.180874
106,88,-2.0394,-0.180685
107,88,-2.03505,-0.180518
108,88,-2.03089,-0.180231
109,88,-2.02689,-0.180288
110,88,-2.02277,-0.18048
111,88,-2.01867,-0.180688
112,88,-2.01465,-0.180876
113,88,-2.01077,-0.180856
114,88,-2.0065,-0.180668
115,88,-2.00212,-0.180292
116,88,-1.99819,-0.18025
117,88,-1.99428,-0.180271
118,88,-1.99068,-0.180015
119,88,-1.98705,-0.180124
120,88,-1.98326,-0.180078
121,88,-1.97928,-0.179994
122,88,-1.97476,-0.180226
123,88,-1.97092,-0.180162
124,88,-1.96672,-0.179878
125,88,-1.96232,-0.179846
126,88,-1.95819,-0.179608
127,88,-1.95437,-0.179675
128,88,-1.95036,-0.180044
129,88,-1.9465,-0.180141
130,88,-1.94218,-0.180834
131,88,-1.93778,-0.18071
132,88,-1.93375,-0.180862
133,88,-1.92938,-0.181039
134,88,-1.92536,-0.181277
135,88,-1.92102,-0.181814
136,88,-1.91692,-0.18247
137,88,-1.91273,-0.183094
138,88,-1.90902,-0.183078
139,88,-1.90479,-0.183168
140,88,-1.90016,-0.183582
141,88,-1.89627,-0.183805
142,88,-1.89185,-0.184612
143,88,-1.88735,-0.184874
144,88,-1.88276,-0.185385
145,88,-1.87778,-0.186274
146,88,-1.87318,-0.187517
147,88,-1.86784,-0.188391
148,88,-1.86295,-0.189287
149,88,-1.85807,-0.190779
150,88,-1.85274,-0.192388
151,88,-1.84757,-0.194319
152,88,-1.84235,-0.196141
153,88,-1.83716,-0.198103
154,88,-1.83155,-0.2007
155,88,-1.82573,-0.203841
156,88,-1.81977,-0.207351
157,88,-1.81378,-0.210677
158,88,-1.80718,-0.214103
159,88,-1.80101,-0.217535
160,88,-1.79463,-0.221032
161,88,-1.78784,-0.22519
162,88,-1.7809,-0.228938
163,88,-1.77357,-0.232845
164,88,-1.76642,-0.23679
165,88,-1.75919,-0.240335
166,88,-1.7519,-0.243779
167,88,-1.74463,-0.247095
168,88,-1.73799,-0.249098
169,88,-1.73068,-0.251127
170,88,-1.72298,-0.253374
171,88,-1.71483,-0.255117
172,88,-1.70684,-0.256128
173,88,-1.69945,-0.257137
174,88,-1.69164,-0.257837
175,88,-1.68363,-0.257589
176,88,-1.67568,-0.257149
177,88,-1.66751,-0.256836
178,88,-1.65947,-0.256122
179,88,-1.65102,-0.254613
180,88,-1.64293,-0.252869
181,88,-1.63442,-0.251362
182,88,-1.62641,-0.249573
183,88,-1.61811,-0.247838
184,88,-1.60985,-0.245181
185,88,-1.60243,-0.241931
186,88,-1.59526,-0.238533
187,88,-1.58778,-0.234617
188,88,-1.58061,-0.230504
189,88,-1.57314,-0.226037
190,88,-1.56594,-0.221072
191,88,-1.55875,-0.216218
192,88,-1.55129,-0.210936
193,88,-1.54475,-0.205571
194,88,-1.53863,-0.200442
195,88,-1.53184,-0.195279
196,88,-1.52505,-0.189921
197,88,-1.51867,-0.185065
198,88,-1.51227,-0.180891
199,88,-1.50601,-0.176787
200,88,-1.50008,-0.173359
201,88,-1.49429,-0.170082
202,88,-1.48802,-0.167085
203,88,-1.48199,-0.164169
204,88,-1.47638,-0.161174
205,88,-1.47056,-0.158692
206,88,-1.46467,-0.156641
207,88,-1.45909,-0.154365
208,88,-1.45415,-0.152191
209,88,-1.44916,-0.150394
210,88,-1.44373,-0.148329
211,88,-1.43877,-0.146763
212,88,-1.43426,-0.14562
213,88,-1.4294,-0.144397
214,88,-1.42496,-0.142458
215,88,-1.42026,-0.141099
216,88,-1.4156,-0.139838
217,88,-1.41168,-0.13877
218,88,-1.40732,-0.137747
219,88,-1.40308,-0.13648
220,88,-1.3991,-0.135559
221,88,-1.39478,-0.134632
222,88,-1.39098,-0.133508
223,88,-1.38724,-0.132328
224,88,-1.38365,-0.130791
225,88,-1.37987,-0.129646
226,88,-1.3761,-0.128543
227,88,-1.37244,-0.127517
228,88,-1.36904,-0.126271
229,88,-1.36569,-0.125561
230,88,-1.36227,-0.124696
231,88,-1.35871,-0.123608
232,88,-1.35491,-0.122789
233,88,-1.35195,-0.12175
234,88,-1.34902,-0.121057
235,88,-1.3456,-0.120267
236,88,-1.34192,-0.11969
237,88,-1.33845,-0.119042
238,88,-1.33498,-0.118146
239,88,-1.3312,-0.117413
240,88,-1.32823,-0.116926
241,88,-1.32491,-0.116109
242,88,-1.32168,-0.115591
243,88,-1.31834,-0.114791
244,88,-1.31515,-0.114353
245,88,-1.31167,-0.113711
246,88,-1.30846,-0.113047
247,88,-1.30505,-0.112712
248,88,-1.30143,-0.112245
249,88,-1.29797,-0.111987
250,88,-1.29462,-0.111717
251,88,-1.29098,-0.111238
252,88,-1.2875,-0.111565
253,88,-1.28399,-0.111234
254,88,-1.28082,-0.110544
255,88,-1.27736,-0.109855
256,88,-1.27367,-0.109392
257,88,-1.26992,-0.109325
258,88,-1.26611,-0.109261
259,88,-1.26301,-0.108668
260,88,-1.25917,-0.10844
261,88,-1.2558,-0.107955
262,88,-1.25236,-0.107282
263,88,-1.24842,-0.107034
264,88,-1.24463,-0.106154
265,88,-1.24102,-0.105716
266,88,-1.23726,-0.105275
267,88,-1.23356,-0.104563
268,88,-1.22977,-0.10452
269,88,-1.22618,-0.104536
270,88,-1.22205,-0.104219
271,88,-1.21821,-0.104236
272,88,-1.21422,-0.10398
273,88,-1.21028,-0.102983
274,88,-1.20572,-0.102646
275,88,-1.20186,-0.10252
276,88,-1.19774,-0.10232
277,88,-1.19406,-0.102141
278,88,-1.19016,-0.101641
279,88,-1.18588,-0.101174
280,88,-1.1818,-0.100719
281,88,-1.17739,-0.100067
282,88,-1.17373,-0.099556
283,88,-1.16936,-0.0993737
284,88,-1.16534,-0.0991934
285,88,-1.16168,-0.0988018
286,88,-1.15771,-0.0984179
287,88,-1.1541,-0.0979446
288,88,-1.1502,-0.0974171
289,88,-1.1465,-0.0968228
290,88,-1.14257,-0.0961576
291,88,-1.13889,-0.0957345
292,88,-1.13518,-0.0952546
293,88,-1.13136,-0.0947042
294,88,-1.12788,-0.094195
295,88,-1.12408,-0.0939539
296,88,-1.12054,-0.0934827
297,88,-1.11663,-0.0926506
298,88,-1.11307,-0.0923237
299,88,-1.10918,-0.0919081
300,88,-1.10501,-0.0916371
301,88,-1.10115,-0.0911856
302,88,-1.0979,-0.0908951
303,88,-1.09427,-0.0906258
304,88,-1.09082,-0.0899449
305,88,-1.08713,-0.0893978
306,88,-1.08326,-0.0889443
307,88,-1.07929,-0.0885243
308,88,-1.07567,-0.0883048
309,88,-1.07202,-0.0878482
310,88,-1.0683,-0.0871577
311,88,-1.06483,-0.0868995
312,88,-1.06128,-0.0863828
313,88,-1.05749,-0.0857929
314,88,-1.05359,-0.0850051
315,88,-1.04963,-0.084371
316,88,-1.04568,-0.0836371
317,88,-1.04144,-0.0829433
318,88,-1.03748,-0.082256
319,88,-1.03367,-0.0817769
320,88,-1.0299,-0.0813433
321,88,-1.02613,-0.0805637
322,88,-1.02215,-0.0799082
323,88,-1.01817,-0.0795285
324,88,-1.01433,-0.0793826
325,88,-1.01031,-0.0786798
326,88,-1.0065,-0.0782277
327,88,-1.0025,-0.0780279
11,89,-2.42056,-0.19915
12,89,-2.4162,-0.199697
13,89,-2.41226,-0.200234
14,89,-2.40812,-0.200337
15,89,-2.40427,-0.200706
16,89,-2.40084,-0.200947
17,89,-2.39666,-0.201183
18,89,-2.39242,-0.201262
19,89,-2.38869,-0.201468
20,89,-2.38447,-0.201599
21,89,-2.38055,-0.201584
22,89,-2.37642,-0.201265
23,89,-2.37267,-0.201024
24,89,-2.36874,-0.201007
25,89,-2.36479,-0.201207
26,89,-2.36065,-0.201305
27,89,-2.35675,-0.200996
28,89,-2.35264,-0.200617
29,89,-2.34868,-0.200305
30,89,-2.34468,-0.200504
31,89,-2.34075,-0.200647
32,89,-2.33642,-0.200182
33,89,-2.33278,-0.200168
34,89,-2.32857,-0.199883
35,89,-2.32456,-0.199893
36,89,-2.3209,-0.199863
37,89,-2.31685,-0.199939
38,89,-2.31274,-0.199283
39,89,-2.3089,-0.199059
40,89,-2.30482,-0.19904
41,89,-2.30098,-0.198655
42,89,-2.29724,-0.198352
43,89,-2.29338,-0.19797
44,89,-2.28934,-0.197717
45,89,-2.28556,-0.197632
46,89,-2.28178,-0.197334
47,89,-2.27752,-0.197044
48,89,-2.27337,-0.196773
49,89,-2.26935,-0.196008
50,89,-2.26532,-0.195508
51,89,-2.26124,-0.195215
52,89,-2.2572,-0.194927
53,89,-2.25321,-0.194259
54,89,-2.24951,-0.194039
55,89,-2.24539,-0.193726
56,89,-2.24104,-0.193219
57,89,-2.23643,-0.192702
58,89,-2.23254,-0.19262
59,89,-2.22816,-0.192327
60,89,-2.22436,-0.191908
61,89,-2.22065,-0.191653
62,89,-2.21644,-0.191241
63,89,-2.21224,-0.190947
64,89,-2.2076,-0.190349
65,89,-2.20323,-0.189814
66,89,-2.19899,-0.189562
67,89,-2.1944,-0.188858
68,89,-2.19015,-0.188601
69,89,-2.18609,-0.188152
70,89,-2.18161,-0.187717
71,89,-2.17748,-0.187723
72,89,-2.17313,-0.187118
73,89,-2.16862,-0.186621
74,89,-2.16416,-0.185842
75,89,-2.16006,-0.18532
76,89,-2.15584,-0.185185
77,89,-2.15205,-0.184978
78,89,-2.1485,-0.185002
79,89,-2.14492,-0.185002
80,89,-2.14117,-0.18497
81,89,-2.13703,-0.184664
82,89,-2.13324,-0.184392
83,89,-2.12948,-0.184318
84,89,-2.12537,-0.183721
85,89,-2.1214,-0.183212
86,89,-2.11766,-0.183198
87,89,-2.11403,-0.183392
88,89,-2.11053,-0.183203
89,89,-2.10726,-0.18297
90,89,-2.10399,-0.18317
91,89,-2.10014,-0.183112
92,89,-2.09621,-0.182882
93,89,-2.09268,-0.18256
94,89,-2.08906,-0.182161
95,89,-2.08505,-0.182314
96,89,-2.08095,-0.182267
97,89,-2.07699,-0.182049
98,89,-2.07274,-0.182034
99,89,-2.06853,-0.181909
100,89,-2.06439,-0.181885
101,89,-2.06013,-0.181846
102,89,-2.05599,-0.181538
103,89,-2.05144,-0.181116
104,89,-2.0472,-0.181592
105,89,-2.04296,-0.181688
106,89,-2.03824,-0.18151
107,89,-2.03381,-0.181549
108,89,-2.0293,-0.181122
109,89,-2.02509,-0.181137
110,89,-2.02086,-0.181345
111,89,-2.01681,-0.18145
112,89,-2.01279,-0.181659
113,89,-2.00872,-0.181518
114,89,-2.0046,-0.181216
115,89,-2.00027,-0.181091
116,89,-1.99611,-0.181177
117,89,-1.99182,-0.180899
118,89,-1.98818,-0.180965
119,89,-1.98433,-0.181033
120,89,-1.98022,-0.180845
121,89,-1.97629,-0.181117
122,89,-1.97239,-0.180947
123,89,-1.96812,-0.180705
124,89,-1.96382,-0.180609
125,89,-1.95962,-0.180627
126,89,-1.95528,-0.180547
127,89,-1.9514,-0.180783
128,89,-1.94734,-0.181034
129,89,-1.94319,-0.180908
130,89,-1.93899,-0.181176
131,89,-1.93458,-0.181089
132,89,-1.93046,-0.181256
133,89,-1.92617,-0.181645
134,89,-1.92176,-0.181892
135,89,-1.91757,-0.182369
136,89,-1.91309,-0.183124
137,89,-1.90903,-0.184062
138,89,-1.90497,-0.184068
139,89,-1.90079,-0.184531
140,89,-1.8961,-0.184807
141,89,-1.89201,-0.185297
142,89,-1.88772,-0.185997
143,89,-1.88298,-0.186574
144,89,-1.87832,-0.187086
145,89,-1.87369,-0.18782
146,89,-1.86855,-0.189351
147,89,-1.86354,-0.190375
148,89,-1.85871,-0.191309
149,89,-1.85346,-0.192802
150,89,-1.84833,-0.194497
151,89,-1.84295,-0.196339
152,89,-1.83757,-0.197989
153,89,-1.83229,-0.199841
154,89,-1.82655,-0.202435
155,89,-1.82086,-0.205474
156,89,-1.81468,-0.209068
157,89,-1.80864,-0.212284
158,89,-1.80226,-0.215681
159,89,-1.79545,-0.219363
160,89,-1.78938,-0.222832
161,89,-1.7826,-0.226659
162,89,-1.77599,-0.230397
163,89,-1.76916,-0.233846
164,89,-1.76201,-0.237835
165,89,-1.75513,-0.241599
166,89,-1.7481,-0.244905
167,89,-1.74092,-0.247528
168,89,-1.73464,-0.249729
169,89,-1.72754,-0.251808
170,89,-1.72016,-0.25377
171,89,-1.71233,-0.255515
172,89,-1.70523,-0.256607
173,89,-1.69812,-0.257442
174,89,-1.69065,-0.257965
175,89,-1.68294,-0.258037
176,89,-1.67497,-0.257679
177,89,-1.66737,-0.257183
178,89,-1.65943,-0.256566
179,89,-1.65205,-0.255297
180,89,-1.64436,-0.253522
181,89,-1.63637,-0.251894
182,89,-1.62861,-0.250373
183,89,-1.62113,-0.248576
184,89,-1.61386,-0.245582
185,89,-1.60669,-0.242593
186,89,-1.59912,-0.239406
187,89,-1.59158,-0.235695
188,89,-1.5842,-0.231648
189,89,-1.57701,-0.22713
190,89,-1.5699,-0.222122
191,89,-1.56328,-0.217296
192,89,-1.55636,-0.212167
193,89,-1.54972,-0.206987
194,89,-1.54374,-0.201957
195,89,-1.53727,-0.196593
196,89,-1.53108,-0.191512
197,89,-1.52506,-0.186974
198,89,-1.5184,-0.182608
199,89,-1.51243,-0.178802
200,89,-1.50631,-0.174967
201,89,-1.50001,-0.171946
202,89,-1.49414,-0.16903
203,89,-1.48805,-0.16578
204,89,-1.48222,-0.163338
205,89,-1.47633,-0.160783
206,89,-1.47027,-0.158378
207,89,-1.46431,-0.155895
208,89,-1.45912,-0.153568
209,89,-1.45423,-0.151677
210,89,-1.4491,-0.149961
211,89,-1.44409,-0.148241
212,89,-1.43926,-0.146665
213,89,-1.43465,-0.14528
214,89,-1.42994,-0.143907
215,89,-1.42515,-0.142416
216,89,-1.42057,-0.14101
217,89,-1.41628,-0.139897
218,89,-1.41183,-0.138732
219,89,-1.40756,-0.137557
220,89,-1.40346,-0.136562
221,89,-1.39919,-0.135548
222,89,-1.39506,-0.134285
223,89,-1.39153,-0.133368
224,89,-1.3879,-0.132137
225,89,-1.38423,-0.130887
226,89,-1.38023,-0.129531
227,89,-1.37625,-0.128596
228,89,-1.37301,-0.127469
229,89,-1.36968,-0.126511
230,89,-1.3658,-0.125717
231,89,-1.36214,-0.124711
232,89,-1.35884,-0.123381
233,89,-1.35584,-0.122697
234,89,-1.35223,-0.122063
235,89,-1.34898,-0.121343
236,89,-1.34532,-0.120739
237,89,-1.34185,-0.119943
238,89,-1.33838,-0.119062
239,89,-1.33505,-0.118552
240,89,-1.33185,-0.117553
241,89,-1.32818,-0.116999
242,89,-1.3247,-0.116305
243,89,-1.3216,-0.116043
244,89,-1.31838,-0.115391
245,89,-1.31466,-0.114585
246,89,-1.31125,-0.11395
247,89,-1.30779,-0.113358
248,89,-1.30418,-0.112956
249,89,-1.30079,-0.112748
250,89,-1.29717,-0.112635
251,89,-1.29359,-0.112478
252,89,-1.28984,-0.112219
253,89,-1.28618,-0.11206
254,89,-1.28288,-0.111587
255,89,-1.27947,-0.110855
256,89,-1.27588,-0.11039
257,89,-1.2723,-0.109988
258,89,-1.26829,-0.109694
259,89,-1.26473,-0.109298
260,89,-1.26128,-0.109101
261,89,-1.25792,-0.108767
262,89,-1.2539,-0.108226
263,89,-1.25056,-0.107615
264,89,-1.24644,-0.10682
265,89,-1.24293,-0.106561
266,89,-1.23913,-0.106024
267,89,-1.23537,-0.10548
268,89,-1.23152,-0.105308
269,89,-1.22773,-0.105362
270,89,-1.22346,-0.105017
271,89,-1.21964,-0.104765
272,89,-1.21566,-0.104744
273,89,-1.2119,-0.103966
274,89,-1.20744,-0.103342
275,89,-1.20341,-0.10306
276,89,-1.19933,-0.103128
277,89,-1.19555,-0.102828
278,89,-1.19152,-0.102515
279,89,-1.18749,-0.1017
280,89,-1.18343,-0.101594
281,89,-1.17929,-0.100927
282,89,-1.17522,-0.100711
283,89,-1.17119,-0.100147
284,89,-1.16703,-0.0999488
285,89,-1.16308,-0.099723
286,89,-1.1588,-0.099317
287,89,-1.15522,-0.0987013
288,89,-1.15127,-0.0980729
289,89,-1.14785,-0.097526
290,89,-1.14407,-0.0969044
291,89,-1.14015,-0.0965396
292,89,-1.13615,-0.0960369
293,89,-1.1324,-0.0954755
294,89,-1.12865,-0.0952939
295,89,-1.12496,-0.0948179
296,89,-1.12147,-0.0941841
297,89,-1.11795,-0.0935962
298,89,-1.11384,-0.0931696
299,89,-1.1102,-0.0927781
300,89,-1.10642,-0.0925562
301,89,-1.10262,-0.0922205
302,89,-1.09848,-0.0919188
303,89,-1.09514,-0.0914889
304,89,-1.09152,-0.090742
305,89,-1.08786,-0.09036
306,89,-1.08386,-0.0899239
307,89,-1.07986,-0.0892563
308,89,-1.07651,-0.088971
309,89,-1.07298,-0.0886251
310,89,-1.06928,-0.0880089
311,89,-1.0657,-0.0875683
312,89,-1.06164,-0.0868212
313,89,-1.0577,-0.0862944
314,89,-1.05392,-0.0855221
315,89,-1.05028,-0.084631
316,89,-1.04638,-0.0839291
317,89,-1.04198,-0.0833387
318,89,-1.03795,-0.0830719
319,89,-1.034,-0.0829262
320,89,-1.0304,-0.0823495
321,89,-1.02667,-0.0815658
322,89,-1.02245,-0.0811783
323,89,-1.01838,-0.0805361
324,89,-1.01464,-0.079956
325,89,-1.01061,-0.0791358
326,89,-1.00654,-0.0786054
327,89,-1.00278,-0.0778661
11,90,-2.42003,-0.199335
12,90,-2.41637,-0.200198
13,90,-2.41228,-0.200581
14,90,-2.40819,-0.200713
15,90,-2.40469,-0.200967
16,90,-2.40107,-0.201312
17,90,-2.39695,-0.201278
18,90,-2.39294,-0.201469
19,90,-2.38893,-0.201693
20,90,-2.3849,-0.201478
21,90,-2.38078,-0.201543
22,90,-2.37672,-0.201592
23,90,-2.37287,-0.201152
24,90,-2.36915,-0.200881
25,90,-2.36541,-0.201271
26,90,-2.36091,-0.201486
27,90,-2.35688,-0.201123
28,90,-2.35267,-0.200939
29,90,-2.34892,-0.200946
30,90,-2.34479,-0.200869
31,90,-2.34067,-0.200988
32,90,-2.33653,-0.200776
33,90,-2.33251,-0.200751
34,90,-2.32855,-0.200642
35,90,-2.32463,-0.200253
36,90,-2.32067,-0.200271
37,90,-2.31691,-0.200384
38,90,-2.31291,-0.200226
39,90,-2.3092,-0.199922
40,90,-2.30499,-0.199414
41,90,-2.301,-0.199104
42,90,-2.29728,-0.198865
43,90,-2.29371,-0.19851
44,90,-2.28946,-0.198324
45,90,-2.28567,-0.198061
46,90,-2.28148,-0.197953
47,90,-2.27732,-0.197444
48,90,-2.27298,-0.197234
49,90,-2.26902,-0.19687
50,90,-2.265,-0.195961
51,90,-2.261,-0.195782
52,90,-2.25677,-0.195534
53,90,-2.25272,-0.194893
54,90,-2.24895,-0.194682
55,90,-2.24488,-0.194752
56,90,-2.2406,-0.194368
57,90,-2.2365,-0.193921
58,90,-2.23246,-0.193221
59,90,-2.22806,-0.192731
60,90,-2.22412,-0.192243
61,90,-2.21988,-0.19176
62,90,-2.2159,-0.19162
63,90,-2.21189,-0.191244
64,90,-2.20726,-0.191172
65,90,-2.20275,-0.19073
66,90,-2.19829,-0.19016
67,90,-2.19384,-0.189771
68,90,-2.18975,-0.189049
69,90,-2.18557,-0.188954
70,90,-2.18136,-0.188747
71,90,-2.17713,-0.188369
72,90,-2.17258,-0.188233
73,90,-2.16829,-0.187633
74,90,-2.16423,-0.186947
75,90,-2.16003,-0.186693
76,90,-2.15566,-0.186425
77,90,-2.15191,-0.185978
78,90,-2.14813,-0.185731
79,90,-2.14446,-0.185893
80,90,-2.14046,-0.185854
81,90,-2.13678,-0.185705
82,90,-2.13286,-0.18534
83,90,-2.129,-0.184886
84,90,-2.12516,-0.184527
85,90,-2.12098,-0.184312
86,90,-2.11717,-0.184222
87,90,-2.11341,-0.184142
88,90,-2.10997,-0.18379
89,90,-2.10678,-0.183775
90,90,-2.10327,-0.18393
91,90,-2.09924,-0.183755
92,90,-2.09538,-0.183679
93,90,-2.09155,-0.183437
94,90,-2.08795,-0.183177
95,90,-2.0842,-0.183221
96,90,-2.08005,-0.183383
97,90,-2.07595,-0.183068
98,90,-2.07176,-0.182861
99,90,-2.06785,-0.182551
100,90,-2.06363,-0.182557
101,90,-2.05927,-0.182732
102,90,-2.05499,-0.18241
103,90,-2.05042,-0.182215
104,90,-2.04609,-0.182191
105,90,-2.04182,-0.182453
106,90,-2.03719,-0.182444
107,90,-2.03244,-0.182334
108,90,-2.02805,-0.18196
109,90,-2.02348,-0.182118
110,90,-2.01934,-0.182301
111,90,-2.01552,-0.182027
112,90,-2.01139,-0.182097
113,90,-2.00706,-0.182152
114,90,-2.00282,-0.182271
115,90,-1.99827,-0.182104
116,90,-1.99374,-0.181776
117,90,-1.98989,-0.181437
118,90,-1.98583,-0.181559
119,90,-1.98169,-0.182053
120,90,-1.97751,-0.181632
121,90,-1.97359,-0.181748
122,90,-1.96981,-0.181611
123,90,-1.96569,-0.181558
124,90,-1.96127,-0.181402
125,90,-1.95695,-0.181407
126,90,-1.95258,-0.181356
127,90,-1.94842,-0.181534
128,90,-1.9443,-0.181992
129,90,-1.9402,-0.181809
130,90,-1.93574,-0.181824
131,90,-1.93142,-0.181805
132,90,-1.92729,-0.181808
133,90,-1.9229,-0.182082
134,90,-1.91866,-0.182712
135,90,-1.91447,-0.18319
136,90,-1.90978,-0.183914
137,90,-1.90581,-0.184802
138,90,-1.90119,-0.185358
139,90,-1.8968,-0.1855
140,90,-1.8922,-0.186235
141,90,-1.88778,-0.186777
142,90,-1.88362,-0.187135
143,90,-1.87943,-0.187659
144,90,-1.8742,-0.188354
145,90,-1.86964,-0.189489
146,90,-1.86462,-0.190831
147,90,-1.85924,-0.192188
148,90,-1.85403,-0.193604
149,90,-1.84933,-0.194894
150,90,-1.84423,-0.196436
151,90,-1.8387,-0.198542
152,90,-1.83306,-0.200153
153,90,-1.82801,-0.201727
154,90,-1.82221,-0.204234
155,90,-1.81629,-0.207501
156,90,-1.81016,-0.21058
157,90,-1.80421,-0.213701
158,90,-1.79779,-0.217047
159,90,-1.79151,-0.220693
160,90,-1.78541,-0.224243
161,90,-1.77888,-0.227824
162,90,-1.77239,-0.231647
163,90,-1.76547,-0.234833
164,90,-1.75915,-0.238527
165,90,-1.75237,-0.242267
166,90,-1.74512,-0.245353
167,90,-1.73838,-0.248063
168,90,-1.73183,-0.250427
169,90,-1.725,-0.252302
170,90,-1.71829,-0.254447
171,90,-1.71104,-0.255796
172,90,-1.70407,-0.256705
173,90,-1.6969,-0.257681
174,90,-1.68969,-0.258289
175,90,-1.68245,-0.25803
176,90,-1.67469,-0.257893
177,90,-1.6675,-0.257442
178,90,-1.6602,-0.256454
179,90,-1.65241,-0.255739
180,90,-1.64519,-0.254011
181,90,-1.63793,-0.252213
182,90,-1.63049,-0.250599
183,90,-1.6236,-0.248473
184,90,-1.61696,-0.245507
185,90,-1.60978,-0.243144
186,90,-1.6021,-0.240026
187,90,-1.59525,-0.236567
188,90,-1.58833,-0.232422
189,90,-1.58138,-0.227606
190,90,-1.57442,-0.223129
191,90,-1.56775,-0.218418
192,90,-1.56104,-0.213287
193,90,-1.55436,-0.208281
194,90,-1.54817,-0.203348
195,90,-1.54183,-0.198407
196,90,-1.53576,-0.193648
197,90,-1.5301,-0.189089
198,90,-1.52383,-0.184691
199,90,-1.51768,-0.180715
200,90,-1.51173,-0.176961
201,90,-1.50532,-0.173723
202,90,-1.49914,-0.170972
203,90,-1.49323,-0.168033
204,90,-1.48728,-0.165156
205,90,-1.4815,-0.162157
206,90,-1.47557,-0.159536
207,90,-1.46992,-0.157147
208,90,-1.46467,-0.154709
209,90,-1.45928,-0.153089
210,90,-1.45401,-0.151519
211,90,-1.44893,-0.149554
212,90,-1.44423,-0.148019
213,90,-1.43954,-0.146724
214,90,-1.43455,-0.145042
215,90,-1.42986,-0.143581
216,90,-1.42552,-0.142352
217,90,-1.42082,-0.140999
218,90,-1.41652,-0.139864
219,90,-1.4123,-0.138845
220,90,-1.40778,-0.137634
221,90,-1.4035,-0.136358
222,90,-1.3994,-0.135386
223,90,-1.39565,-0.134312
224,90,-1.39194,-0.133161
225,90,-1.38792,-0.131839
226,90,-1.38399,-0.130584
227,90,-1.3803,-0.129511
228,90,-1.3765,-0.128532
229,90,-1.37299,-0.127646
230,90,-1.36951,-0.126731
231,90,-1.36573,-0.125822
232,90,-1.36233,-0.124653
233,90,-1.35907,-0.123681
234,90,-1.35578,-0.122806
235,90,-1.35264,-0.122101
236,90,-1.34877,-0.121286
237,90,-1.3453,-0.120628
238,90,-1.3419,-0.120064
239,90,-1.33842,-0.11939
240,90,-1.33506,-0.118597
241,90,-1.33145,-0.117747
242,90,-1.32805,-0.117326
243,90,-1.32453,-0.117141
244,90,-1.32097,-0.116132
245,90,-1.31756,-0.115475
246,90,-1.31399,-0.115132
247,90,-1.31039,-0.114485
248,90,-1.30684,-0.113858
249,90,-1.30334,-0.113706
250,90,-1.29976,-0.113182
251,90,-1.29608,-0.113212
252,90,-1.29225,-0.11287
253,90,-1.28856,-0.112837
254,90,-1.28517,-0.112436
255,90,-1.28167,-0.11194
256,90,-1.2779,-0.111444
257,90,-1.27439,-0.110873
258,90,-1.27057,-0.110512
259,90,-1.26694,-0.110117
260,90,-1.26351,-0.10993
261,90,-1.26002,-0.109524
262,90,-1.25611,-0.108724
263,90,-1.25239,-0.10802
264,90,-1.24854,-0.107575
265,90,-1.24508,-0.107351
266,90,-1.24149,-0.1069
267,90,-1.23722,-0.106811
268,90,-1.23325,-0.106435
269,90,-1.22935,-0.1061
270,90,-1.22528,-0.10604
271,90,-1.22127,-0.105614
272,90,-1.21736,-0.105479
273,90,-1.21364,-0.104733
274,90,-1.20922,-0.104329
275,90,-1.20486,-0.103983
276,90,-1.20116,-0.103645
277,90,-1.19697,-0.103314
278,90,-1.19312,-0.102939
279,90,-1.18907,-0.10246
280,90,-1.1848,-0.102228
281,90,-1.18096,-0.101739
282,90,-1.17692,-0.101156
283,90,-1.1728,-0.100989
284,90,-1.16881,-0.100737
285,90,-1.16457,-0.100615
286,90,-1.15996,-0.100241
287,90,-1.15658,-0.099532
288,90,-1.15267,-0.0986997
289,90,-1.14891,-0.0981894
290,90,-1.14525,-0.0979755
291,90,-1.14109,-0.0978128
292,90,-1.13718,-0.0973234
293,90,-1.13342,-0.0963257
294,90,-1.12977,-0.0958733
295,90,-1.12617,-0.0955863
296,90,-1.12259,-0.0951905
297,90,-1.11893,-0.0945838
298,90,-1.11492,-0.0940843
299,90,-1.11136,-0.0936119
300,90,-1.10752,-0.0931227
301,90,-1.10355,-0.0930212
302,90,-1.09967,-0.092558
303,90,-1.09565,-0.0921942
304,90,-1.09205,-0.0918336
305,90,-1.08835,-0.0912611
306,90,-1.0846,-0.0906314
307,90,-1.0811,-0.090193
308,90,-1.07718,-0.0894714
309,90,-1.0736,-0.0889197
310,90,-1.06979,-0.0884476
311,90,-1.06633,-0.0881176
312,90,-1.06252,-0.0875486
313,90,-1.05846,-0.0866754
314,90,-1.05472,-0.0860296
315,90,-1.05077,-0.0851887
316,90,-1.0471,-0.0844525
317,90,-1.0428,-0.0842231
318,90,-1.03871,-0.0839927
319,90,-1.03481,-0.0834818
320,90,-1.0309,-0.0829974
321,90,-1.02725,-0.0823912
322,90,-1.02303,-0.0818039
323,90,-1.01881,-0.081178
324,90,-1.01484,-0.0804298
325,90,-1.01088,-0.0798473
326,90,-1.00705,-0.0792852
327,90,-1.00261,-0.0787234
11,91,-2.42056,-0.199619
12,91,-2.41679,-0.200583
13,91,-2.41267,-0.200794
14,91,-2.40874,-0.201113
15,91,-2.40523,-0.201353
16,91,-2.40124,-0.201535
17,91,-2.39725,-0.201666
18,91,-2.39347,-0.201789
19,91,-2.38924,-0.201999
20,91,-2.38543,-0.201636
21,91,-2.38107,-0.201777
22,91,-2.37709,-0.201691
23,91,-2.37338,-0.201716
24,91,-2.36949,-0.201482
25,91,-2.36563,-0.201829
26,91,-2.36108,-0.201828
27,91,-2.35684,-0.201417
28,91,-2.35278,-0.200973
29,91,-2.3489,-0.201091
30,91,-2.34478,-0.20124
31,91,-2.34077,-0.20112
32,91,-2.33674,-0.201252
33,91,-2.33227,-0.20122
34,91,-2.32835,-0.201269
35,91,-2.3242,-0.200933
36,91,-2.32044,-0.200914
37,91,-2.31665,-0.200662
38,91,-2.31308,-0.200352
39,91,-2.30946,-0.200058
40,91,-2.30494,-0.199916
41,91,-2.30113,-0.199709
42,91,-2.29695,-0.19946
43,91,-2.29325,-0.199148
44,91,-2.28943,-0.198817
45,91,-2.28564,-0.19849
46,91,-2.28158,-0.198163
47,91,-2.27726,-0.198043
48,91,-2.27298,-0.197706
49,91,-2.26889,-0.197373
50,91,-2.26489,-0.196838
51,91,-2.26062,-0.196272
52,91,-2.25634,-0.196036
53,91,-2.25228,-0.195684
54,91,-2.24853,-0.195447
55,91,-2.24436,-0.195333
56,91,-2.24029,-0.195231
57,91,-2.23639,-0.194781
58,91,-2.23202,-0.194022
59,91,-2.22779,-0.193574
60,91,-2.22341,-0.193269
61,91,-2.21952,-0.19285
62,91,-2.2154,-0.192541
63,91,-2.21135,-0.192142
64,91,-2.20719,-0.19203
65,91,-2.20254,-0.19179
66,91,-2.19804,-0.191172
67,91,-2.19369,-0.190353
68,91,-2.18913,-0.190074
69,91,-2.18504,-0.189564
70,91,-2.18089,-0.189
71,91,-2.17672,-0.188859
72,91,-2.17232,-0.188527
73,91,-2.16794,-0.188505
74,91,-2.16417,-0.188061
75,91,-2.15974,-0.18765
76,91,-2.15568,-0.18766
77,91,-2.15193,-0.18731
78,91,-2.14796,-0.186745
79,91,-2.1441,-0.186807
80,91,-2.14011,-0.186682
81,91,-2.13625,-0.186363
82,91,-2.13226,-0.186251
83,91,-2.12847,-0.185812
84,91,-2.12454,-0.185368
85,91,-2.1204,-0.18502
86,91,-2.11641,-0.184859
87,91,-2.11275,-0.184753
88,91,-2.10944,-0.184555
89,91,-2.10617,-0.184335
90,91,-2.10248,-0.184581
91,91,-2.09839,-0.184771
92,91,-2.09453,-0.184644
93,91,-2.09066,-0.184667
94,91,-2.08713,-0.184269
95,91,-2.08355,-0.183936
96,91,-2.07932,-0.184026
97,91,-2.07522,-0.183881
98,91,-2.07113,-0.183456
99,91,-2.0673,-0.183362
100,91,-2.06316,-0.183386
101,91,-2.05861,-0.183311
102,91,-2.05422,-0.183483
103,91,-2.04965,-0.183385
104,91,-2.04521,-0.183231
105,91,-2.04072,-0.183239
106,91,-2.03626,-0.183095
107,91,-2.03164,-0.183058
108,91,-2.0269,-0.183038
109,91,-2.02209,-0.183131
110,91,-2.01777,-0.183205
111,91,-2.01361,-0.182932
112,91,-2.00933,-0.182808
113,91,-2.00497,-0.182852
114,91,-2.0007,-0.182719
115,91,-1.99614,-0.182741
116,91,-1.99187,-0.182505
117,91,-1.98808,-0.182017
118,91,-1.98349,-0.181809
119,91,-1.9795,-0.182026
120,91,-1.97529,-0.182407
121,91,-1.97098,-0.182171
122,91,-1.9671,-0.182241
123,91,-1.96293,-0.182145
124,91,-1.95887,-0.182132
125,91,-1.95444,-0.182186
126,91,-1.95027,-0.181943
127,91,-1.94591,-0.182204
128,91,-1.94141,-0.182876
129,91,-1.93742,-0.182998
130,91,-1.9325,-0.182769
131,91,-1.92842,-0.182827
132,91,-1.92404,-0.182852
133,91,-1.9196,-0.183056
134,91,-1.91546,-0.183642
135,91,-1.91136,-0.184222
136,91,-1.90692,-0.18494
137,91,-1.90252,-0.185651
138,91,-1.89808,-0.185801
139,91,-1.89355,-0.186505
140,91,-1.88875,-0.187218
141,91,-1.88445,-0.187874
142,91,-1.88049,-0.188474
143,91,-1.87591,-0.189392
144,91,-1.87075,-0.19014
145,91,-1.86588,-0.19095
146,91,-1.86092,-0.192242
147,91,-1.85551,-0.193963
148,91,-1.85025,-0.195608
149,91,-1.84554,-0.196962
150,91,-1.84,-0.198528
151,91,-1.83481,-0.200121
152,91,-1.8293,-0.201873
153,91,-1.82389,-0.203988
154,91,-1.81828,-0.206439
155,91,-1.81263,-0.209031
156,91,-1.80643,-0.21203
157,91,-1.80028,-0.215599
158,91,-1.79397,-0.218595
159,91,-1.78838,-0.221893
160,91,-1.78221,-0.225137
161,91,-1.77603,-0.228664
162,91,-1.76928,-0.232208
163,91,-1.76299,-0.235528
164,91,-1.75654,-0.23915
165,91,-1.74985,-0.242599
166,91,-1.74302,-0.24557
167,91,-1.73623,-0.248227
168,91,-1.72989,-0.250605
169,91,-1.72321,-0.252511
170,91,-1.71672,-0.254702
171,91,-1.70993,-0.256255
172,91,-1.70313,-0.257163
173,91,-1.69602,-0.258074
174,91,-1.68916,-0.258432
175,91,-1.68203,-0.25828
176,91,-1.67481,-0.258393
177,91,-1.66777,-0.257594
178,91,-1.66063,-0.256882
179,91,-1.65296,-0.255816
180,91,-1.64598,-0.254628
181,91,-1.63875,-0.252829
182,91,-1.63202,-0.250917
183,91,-1.62558,-0.24855
184,91,-1.61887,-0.245883
185,91,-1.61165,-0.24323
186,91,-1.60483,-0.240353
187,91,-1.59804,-0.237046
188,91,-1.59124,-0.232881
189,91,-1.58502,-0.228244
190,91,-1.57825,-0.223808
191,91,-1.5717,-0.219342
192,91,-1.56484,-0.214622
193,91,-1.5585,-0.209992
194,91,-1.55244,-0.205063
195,91,-1.54596,-0.199974
196,91,-1.5398,-0.195293
197,91,-1.53401,-0.190983
198,91,-1.52794,-0.186516
199,91,-1.52222,-0.182452
200,91,-1.51624,-0.178945
201,91,-1.50965,-0.175666
202,91,-1.50378,-0.172664
203,91,-1.49787,-0.169511
204,91,-1.49211,-0.166604
205,91,-1.48644,-0.163773
206,91,-1.48043,-0.160903
207,91,-1.47469,-0.158772
208,91,-1.46903,-0.15653
209,91,-1.46365,-0.154448
210,91,-1.4585,-0.15272
211,91,-1.45344,-0.150903
212,91,-1.44861,-0.149586
213,91,-1.44378,-0.147916
214,91,-1.43917,-0.146215
215,91,-1.43443,-0.144897
216,91,-1.42964,-0.143472
217,91,-1.42522,-0.142162
218,91,-1.4209,-0.141077
219,91,-1.41663,-0.139722
220,91,-1.41202,-0.138447
221,91,-1.40751,-0.13728
222,91,-1.40339,-0.13619
223,91,-1.39946,-0.135475
224,91,-1.39578,-0.134529
225,91,-1.39165,-0.133244
226,91,-1.38765,-0.131842
227,91,-1.38383,-0.130748
228,91,-1.38015,-0.129823
229,91,-1.37665,-0.128657
230,91,-1.37288,-0.127556
231,91,-1.36904,-0.126675
232,91,-1.36588,-0.125946
233,91,-1.36231,-0.124961
234,91,-1.35872,-0.123701
235,91,-1.35544,-0.122793
236,91,-1.35203,-0.122185
237,91,-1.34818,-0.121664
238,91,-1.34483,-0.12119
239,91,-1.34146,-0.120247
240,91,-1.33827,-0.119446
241,91,-1.33425,-0.118784
242,91,-1.33095,-0.118488
243,91,-1.32751,-0.118039
244,91,-1.32404,-0.117214
245,91,-1.3204,-0.116524
246,91,-1.31673,-0.115882
247,91,-1.3132,-0.115362
248,91,-1.30949,-0.1149
249,91,-1.30571,-0.114621
250,91,-1.30247,-0.114218
251,91,-1.29855,-0.11386
252,91,-1.29456,-0.113664
253,91,-1.29086,-0.113257
254,91,-1.28746,-0.113004
255,91,-1.2839,-0.112502
256,91,-1.28016,-0.112285
257,91,-1.27654,-0.111993
258,91,-1.27263,-0.111329
259,91,-1.26923,-0.111034
260,91,-1.26575,-0.11068
261,91,-1.26202,-0.110363
262,91,-1.2583,-0.109973
263,91,-1.25454,-0.109213
264,91,-1.25071,-0.108465
265,91,-1.24702,-0.107941
266,91,-1.24334,-0.108133
267,91,-1.23914,-0.107894
268,91,-1.2351,-0.107394
269,91,-1.23108,-0.10688
270,91,-1.22693,-0.106554
271,91,-1.22333,-0.106209
272,91,-1.219,-0.10589
273,91,-1.21544,-0.105452
274,91,-1.21129,-0.105049
275,91,-1.20708,-0.104468
276,91,-1.20305,-0.104398
277,91,-1.19898,-0.104051
278,91,-1.19472,-0.103878
279,91,-1.19045,-0.103376
280,91,-1.18635,-0.103157
281,91,-1.18198,-0.102623
282,91,-1.17818,-0.102017
283,91,-1.1744,-0.101611
284,91,-1.17019,-0.101337
285,91,-1.16559,-0.101289
286,91,-1.16138,-0.101149
287,91,-1.15749,-0.100453
288,91,-1.15374,-0.0999536
289,91,-1.15003,-0.0995534
290,91,-1.1465,-0.0990429
291,91,-1.14243,-0.0985719
292,91,-1.13867,-0.0979583
293,91,-1.13461,-0.09768
294,91,-1.13082,-0.0968839
295,91,-1.12712,-0.0963455
296,91,-1.1234,-0.0958963
297,91,-1.11945,-0.0953369
298,91,-1.11581,-0.094793
299,91,-1.11195,-0.0943132
300,91,-1.10841,-0.0939549
301,91,-1.10451,-0.0935625
302,91,-1.10062,-0.0932256
303,91,-1.0967,-0.092927
304,91,-1.09278,-0.0923839
305,91,-1.08937,-0.0922589
306,91,-1.08529,-0.0917762
307,91,-1.0816,-0.0909716
308,91,-1.07796,-0.0903468
309,91,-1.07402,-0.0897741
310,91,-1.07023,-0.0892848
311,91,-1.06693,-0.0888036
312,91,-1.06333,-0.0882961
313,91,-1.05905,-0.0874713
314,91,-1.05517,-0.0867557
315,91,-1.05127,-0.0859733
316,91,-1.04769,-0.0851929
317,91,-1.04377,-0.0849431
318,91,-1.03973,-0.0844595
319,91,-1.03577,-0.0841638
320,91,-1.03199,-0.0836921
321,91,-1.02791,-0.083017
322,91,-1.02373,-0.0823028
323,91,-1.01941,-0.081586
324,91,-1.01523,-0.0812672
325,91,-1.01129,-0.0805331
326,91,-1.00715,-0.0796783
327,91,-1.0031,-0.0791776
11,92,-2.42177,-0.200746
12,92,-2.4175,-0.201146
13,92,-2.41327,-0.201279
14,92,-2.40954,-0.201422
15,92,-2.40566,-0.201647
16,92,-2.40134,-0.202043
17,92,-2.39745,-0.202167
18,92,-2.39355,-0.202232
19,92,-2.38954,-0.202365
20,92,-2.38568,-0.202084
21,92,-2.38162,-0.202199
22,92,-2.37761,-0.202196
23,92,-2.37373,-0.202091
24,92,-2.36976,-0.20205
25,92,-2.36574,-0.202161
26,92,-2.36158,-0.201807
27,92,-2.357,-0.201794
28,92,-2.3529,-0.201484
29,92,-2.34854,-0.201412
30,92,-2.34473,-0.201742
31,92,-2.34066,-0.201812
32,92,-2.33653,-0.201895
33,92,-2.33238,-0.20204
34,92,-2.32854,-0.201619
35,92,-2.32429,-0.201603
36,92,-2.32037,-0.201627
37,92,-2.3166,-0.201359
38,92,-2.31294,-0.200894
39,92,-2.30899,-0.200696
40,92,-2.3048,-0.200771
41,92,-2.30077,-0.200638
42,92,-2.29695,-0.200457
43,92,-2.29304,-0.199913
44,92,-2.28923,-0.199571
45,92,-2.28548,-0.199216
46,92,-2.28161,-0.198561
47,92,-2.27742,-0.198307
48,92,-2.27329,-0.198232
49,92,-2.26913,-0.197765
50,92,-2.26473,-0.19752
51,92,-2.26066,-0.197181
52,92,-2.25649,-0.196778
53,92,-2.25244,-0.196426
54,92,-2.24822,-0.196258
55,92,-2.24403,-0.196032
56,92,-2.24017,-0.195817
57,92,-2.2363,-0.195317
58,92,-2.2317,-0.194829
59,92,-2.22737,-0.194458
60,92,-2.22306,-0.194209
61,92,-2.21885,-0.19386
62,92,-2.215,-0.193523
63,92,-2.21101,-0.193008
64,92,-2.20684,-0.192754
65,92,-2.20255,-0.192473
66,92,-2.19779,-0.191842
67,92,-2.19329,-0.19126
68,92,-2.18882,-0.191032
69,92,-2.18445,-0.190554
70,92,-2.18072,-0.190008
71,92,-2.17649,-0.189361
72,92,-2.17165,-0.189006
73,92,-2.16754,-0.189059
74,92,-2.16374,-0.188725
75,92,-2.15984,-0.188365
76,92,-2.15583,-0.188176
77,92,-2.15187,-0.188082
78,92,-2.14813,-0.188028
79,92,-2.14389,-0.187942
80,92,-2.13993,-0.187454
81,92,-2.13595,-0.187128
82,92,-2.13162,-0.186726
83,92,-2.12791,-0.186479
84,92,-2.12391,-0.186423
85,92,-2.12008,-0.18593
86,92,-2.11614,-0.185633
87,92,-2.1121,-0.185514
88,92,-2.1087,-0.185174
89,92,-2.10504,-0.184838
90,92,-2.10114,-0.18522
91,92,-2.09759,-0.185392
92,92,-2.09385,-0.184936
93,92,-2.08975,-0.184838
94,92,-2.08623,-0.184709
95,92,-2.0827,-0.184411
96,92,-2.07841,-0.184194
97,92,-2.07449,-0.184215
98,92,-2.07026,-0.18415
99,92,-2.06609,-0.184227
100,92,-2.06221,-0.18415
101,92,-2.05746,-0.184072
102,92,-2.05312,-0.184321
103,92,-2.04884,-0.184109
104,92,-2.04451,-0.183994
105,92,-2.03989,-0.183947
106,92,-2.03512,-0.183878
107,92,-2.03038,-0.183942
108,92,-2.02556,-0.184235
109,92,-2.02087,-0.184081
110,92,-2.01625,-0.183844
111,92,-2.01189,-0.183596
112,92,-2.00738,-0.183517
113,92,-2.0031,-0.183407
114,92,-1.99911,-0.183199
115,92,-1.99454,-0.183083
116,92,-1.99001,-0.183011
117,92,-1.98579,-0.182749
118,92,-1.98138,-0.182535
119,92,-1.9772,-0.18218
120,92,-1.97294,-0.182665
121,92,-1.96865,-0.182959
122,92,-1.9647,-0.182863
123,92,-1.96038,-0.182825
124,92,-1.95636,-0.183011
125,92,-1.95201,-0.182944
126,92,-1.94737,-0.18291
127,92,-1.94321,-0.183032
128,92,-1.93879,-0.183383
129,92,-1.93478,-0.183752
130,92,-1.92988,-0.183875
131,92,-1.92573,-0.183737
132,92,-1.92129,-0.184
133,92,-1.91706,-0.184136
134,92,-1.91265,-0.184633
135,92,-1.90821,-0.185331
136,92,-1.90404,-0.185641
137,92,-1.89935,-0.186191
138,92,-1.89492,-0.18665
139,92,-1.89062,-0.187646
140,92,-1.88578,-0.188
141,92,-1.88175,-0.188831
142,92,-1.87723,-0.18985
143,92,-1.87258,-0.190624
144,92,-1.86784,-0.191622
145,92,-1.8625,-0.192549
146,92,-1.8574,-0.193601
147,92,-1.85193,-0.19552
148,92,-1.84673,-0.197096
149,92,-1.84197,-0.198538
150,92,-1.83672,-0.200085
151,92,-1.83156,-0.201802
152,92,-1.82584,-0.20365
153,92,-1.82055,-0.205906
154,92,-1.81493,-0.208422
155,92,-1.80906,-0.210863
156,92,-1.80288,-0.213761
157,92,-1.79729,-0.21704
158,92,-1.79124,-0.219832
159,92,-1.78561,-0.223029
160,92,-1.77949,-0.226087
161,92,-1.77322,-0.229638
162,92,-1.76687,-0.233215
163,92,-1.76066,-0.236171
164,92,-1.75425,-0.239682
165,92,-1.7474,-0.242704
166,92,-1.74117,-0.245912
167,92,-1.73464,-0.24883
168,92,-1.72845,-0.250972
169,92,-1.72209,-0.252794
170,92,-1.71559,-0.254976
171,92,-1.70882,-0.256429
172,92,-1.70205,-0.25749
173,92,-1.69528,-0.258162
174,92,-1.68854,-0.258306
175,92,-1.68153,-0.25857
176,92,-1.67487,-0.258528
177,92,-1.66821,-0.257685
178,92,-1.66076,-0.256896
179,92,-1.65371,-0.255814
180,92,-1.64693,-0.254416
181,92,-1.64011,-0.253183
182,92,-1.63325,-0.251579
183,92,-1.62695,-0.249194
184,92,-1.62073,-0.246415
185,92,-1.61365,-0.24346
186,92,-1.60695,-0.240789
187,92,-1.60047,-0.237462
188,92,-1.59386,-0.233597
189,92,-1.58738,-0.2292
190,92,-1.58134,-0.224678
191,92,-1.5751,-0.220371
192,92,-1.56833,-0.215724
193,92,-1.56216,-0.21109
194,92,-1.55568,-0.206412
195,92,-1.54947,-0.201607
196,92,-1.54363,-0.197068
197,92,-1.53759,-0.192625
198,92,-1.53177,-0.188291
199,92,-1.526,-0.184271
200,92,-1.52013,-0.180507
201,92,-1.5141,-0.177214
202,92,-1.5082,-0.17394
203,92,-1.50237,-0.170684
204,92,-1.49648,-0.167948
205,92,-1.49055,-0.165328
206,92,-1.48467,-0.162565
207,92,-1.47911,-0.160311
208,92,-1.4738,-0.158037
209,92,-1.46811,-0.155717
210,92,-1.46266,-0.153921
211,92,-1.45771,-0.152276
212,92,-1.45265,-0.150584
213,92,-1.44781,-0.148806
214,92,-1.4432,-0.147351
215,92,-1.4386,-0.145843
216,92,-1.43392,-0.144537
217,92,-1.42932,-0.143244
218,92,-1.42479,-0.141911
219,92,-1.42039,-0.140619
220,92,-1.41597,-0.139357
221,92,-1.41146,-0.138406
222,92,-1.40713,-0.137523
223,92,-1.40295,-0.136556
224,92,-1.39891,-0.135522
225,92,-1.39506,-0.134339
226,92,-1.39127,-0.133113
227,92,-1.38772,-0.131894
228,92,-1.38394,-0.130743
229,92,-1.37997,-0.129703
230,92,-1.37623,-0.128601
231,92,-1.37242,-0.127838
232,92,-1.36902,-0.127062
233,92,-1.36555,-0.126029
234,92,-1.36194,-0.124891
235,92,-1.35861,-0.123923
236,92,-1.35523,-0.123392
237,92,-1.35137,-0.122933
238,92,-1.34793,-0.122201
239,92,-1.34454,-0.12123
240,92,-1.3411,-0.120368
241,92,-1.33751,-0.119836
242,92,-1.33392,-0.119377
243,92,-1.3306,-0.118876
244,92,-1.32671,-0.118352
245,92,-1.32304,-0.11767
246,92,-1.31947,-0.117008
247,92,-1.3157,-0.116638
248,92,-1.312,-0.116085
249,92,-1.30841,-0.115331
250,92,-1.30465,-0.1151
251,92,-1.30098,-0.114879
252,92,-1.29697,-0.114653
253,92,-1.29312,-0.11399
254,92,-1.28939,-0.113522
255,92,-1.28596,-0.113198
256,92,-1.28215,-0.11302
257,92,-1.27854,-0.112582
258,92,-1.27492,-0.112341
259,92,-1.27145,-0.111578
260,92,-1.26808,-0.11133
261,92,-1.26407,-0.111174
262,92,-1.26032,-0.110764
263,92,-1.25645,-0.110052
264,92,-1.25279,-0.109615
265,92,-1.24917,-0.109133
266,92,-1.24517,-0.108963
267,92,-1.24102,-0.108612
268,92,-1.23678,-0.108189
269,92,-1.23272,-0.107815
270,92,-1.2288,-0.1074
271,92,-1.22475,-0.106749
272,92,-1.22114,-0.106275
273,92,-1.21721,-0.105828
274,92,-1.21326,-0.105517
275,92,-1.20885,-0.105256
276,92,-1.20471,-0.105061
277,92,-1.20036,-0.104436
278,92,-1.19615,-0.104207
279,92,-1.19194,-0.103988
280,92,-1.18804,-0.103562
281,92,-1.18362,-0.103165
282,92,-1.17947,-0.102483
283,92,-1.17509,-0.102339
284,92,-1.17102,-0.10191
285,92,-1.16676,-0.101942
286,92,-1.16247,-0.101642
287,92,-1.15838,-0.101063
288,92,-1.15483,-0.100788
289,92,-1.151,-0.100511
290,92,-1.14741,-0.100161
291,92,-1.14373,-0.0994738
292,92,-1.13974,-0.098665
293,92,-1.1357,-0.0982342
294,92,-1.13214,-0.0977703
295,92,-1.128,-0.0973042
296,92,-1.12397,-0.097101
297,92,-1.12043,-0.0965534
298,92,-1.11674,-0.0958322
299,92,-1.11284,-0.095619
300,92,-1.10928,-0.0952399
301,92,-1.10543,-0.0944172
302,92,-1.10143,-0.0941678
303,92,-1.09772,-0.0938943
304,92,-1.09375,-0.093233
305,92,-1.09029,-0.09312
306,92,-1.08651,-0.0926069
307,92,-1.0827,-0.0921405
308,92,-1.07883,-0.0914174
309,92,-1.07492,-0.0905317
310,92,-1.07101,-0.0902578
311,92,-1.06756,-0.0895086
312,92,-1.06372,-0.0887057
313,92,-1.0598,-0.0878407
314,92,-1.05612,-0.0872258
315,92,-1.05185,-0.0866669
316,92,-1.04824,-0.086016
317,92,-1.04452,-0.0854257
318,92,-1.0405,-0.085423
319,92,-1.03641,-0.0846758
320,92,-1.03273,-0.0838797
321,92,-1.02839,-0.0834766
322,92,-1.02402,-0.0830629
323,92,-1.01993,-0.0824338
324,92,-1.01574,-0.081734
325,92,-1.01157,-0.0810912
326,92,-1.00754,-0.0803728
327,92,-1.00421,-0.0796382
11,93,-2.42196,-0.20207
12,93,-2.41788,-0.202632
13,93,-2.41378,-0.202384
14,93,-2.40991,-0.202405
15,93,-2.406,-0.202245
16,93,-2.40179,-0.202192
17,93,-2.39771,-0.202407
18,93,-2.39376,-0.202312
19,93,-2.3899,-0.202382
20,93,-2.38594,-0.202537
21,93,-2.38195,-0.202383
22,93,-2.378,-0.202458
23,93,-2.37363,-0.202539
24,93,-2.37027,-0.202679
25,93,-2.36584,-0.202607
26,93,-2.36161,-0.202235
27,93,-2.35733,-0.202277
28,93,-2.35301,-0.202234
29,93,-2.34874,-0.202298
30,93,-2.34488,-0.202503
31,93,-2.34095,-0.202415
32,93,-2.33679,-0.202349
33,93,-2.33262,-0.202254
34,93,-2.32857,-0.202016
35,93,-2.32461,-0.201999
36,93,-2.32049,-0.202013
37,93,-2.3165,-0.201642
38,93,-2.31269,-0.201576
39,93,-2.30868,-0.201638
40,93,-2.30468,-0.201499
41,93,-2.30041,-0.201376
42,93,-2.29669,-0.20138
43,93,-2.29293,-0.200712
44,93,-2.28885,-0.200577
45,93,-2.28497,-0.200136
46,93,-2.28127,-0.199529
47,93,-2.27719,-0.199188
48,93,-2.27313,-0.198928
49,93,-2.26892,-0.198578
50,93,-2.26456,-0.198435
51,93,-2.26008,-0.1983
52,93,-2.25604,-0.197478
53,93,-2.2521,-0.196886
54,93,-2.24812,-0.196733
55,93,-2.24397,-0.196527
56,93,-2.23991,-0.196249
57,93,-2.23589,-0.196067
58,93,-2.23143,-0.195391
59,93,-2.22704,-0.195225
60,93,-2.22259,-0.194941
61,93,-2.21828,-0.194276
62,93,-2.21474,-0.194092
63,93,-2.21051,-0.193886
64,93,-2.20655,-0.193562
65,93,-2.20247,-0.193386
66,93,-2.19761,-0.19286
67,93,-2.19314,-0.192297
68,93,-2.18895,-0.191909
69,93,-2.18436,-0.191434
70,93,-2.18021,-0.191162
71,93,-2.1759,-0.190426
72,93,-2.17144,-0.190222
73,93,-2.16743,-0.190035
74,93,-2.16354,-0.189607
75,93,-2.15903,-0.189202
76,93,-2.15526,-0.188938
77,93,-2.15168,-0.188518
78,93,-2.148,-0.188792
79,93,-2.14366,-0.188776
80,93,-2.13917,-0.188237
81,93,-2.13517,-0.187793
82,93,-2.13082,-0.187408
83,93,-2.12711,-0.18718
84,93,-2.12332,-0.187134
85,93,-2.11972,-0.187057
86,93,-2.11598,-0.186706
87,93,-2.11187,-0.186455
88,93,-2.10804,-0.185856
89,93,-2.10465,-0.185494
90,93,-2.10079,-0.18561
91,93,-2.09685,-0.185613
92,93,-2.09328,-0.185563
93,93,-2.08889,-0.185351
94,93,-2.08531,-0.185196
95,93,-2.0817,-0.185097
96,93,-2.07751,-0.184818
97,93,-2.07342,-0.184724
98,93,-2.06891,-0.184897
99,93,-2.06456,-0.184787
100,93,-2.06046,-0.184435
101,93,-2.05631,-0.184496
102,93,-2.05195,-0.184668
103,93,-2.04751,-0.184622
104,93,-2.0432,-0.18462
105,93,-2.03858,-0.184693
106,93,-2.0336,-0.184875
107,93,-2.02875,-0.184942
108,93,-2.02404,-0.184979
109,93,-2.01954,-0.18497
110,93,-2.01503,-0.184507
111,93,-2.01065,-0.184085
112,93,-2.0064,-0.184109
113,93,-2.00184,-0.184194
114,93,-1.9971,-0.184071
115,93,-1.99282,-0.183995
116,93,-1.98814,-0.183416
117,93,-1.98394,-0.183296
118,93,-1.97922,-0.183122
119,93,-1.97492,-0.183129
120,93,-1.97067,-0.183
121,93,-1.96645,-0.183367
122,93,-1.96228,-0.183651
123,93,-1.95799,-0.183791
124,93,-1.9539,-0.184002
125,93,-1.9496,-0.183725
126,93,-1.94506,-0.183468
127,93,-1.94104,-0.183932
128,93,-1.93653,-0.183932
129,93,-1.93201,-0.184333
130,93,-1.92765,-0.1846
131,93,-1.92333,-0.184785
132,93,-1.91893,-0.184556
133,93,-1.91429,-0.184696
134,93,-1.90999,-0.185367
135,93,-1.90563,-0.185947
136,93,-1.90153,-0.186696
137,93,-1.89658,-0.187283
138,93,-1.89232,-0.187662
139,93,-1.88782,-0.18876
140,93,-1.88319,-0.18946
141,93,-1.87888,-0.189896
142,93,-1.87443,-0.190711
143,93,-1.86948,-0.191797
144,93,-1.86476,-0.192844
145,93,-1.85996,-0.193844
146,93,-1.85441,-0.195251
147,93,-1.8487,-0.196948
148,93,-1.84326,-0.198475
149,93,-1.83855,-0.200043
150,93,-1.83399,-0.201844
151,93,-1.8286,-0.203477
152,93,-1.823,-0.205567
153,93,-1.81774,-0.207783
154,93,-1.81186,-0.20987
155,93,-1.80593,-0.212818
156,93,-1.80009,-0.21541
157,93,-1.79452,-0.218464
158,93,-1.78862,-0.221345
159,93,-1.78294,-0.224183
160,93,-1.77699,-0.227528
161,93,-1.77101,-0.230652
162,93,-1.7647,-0.233972
163,93,-1.75824,-0.236799
164,93,-1.75218,-0.240394
165,93,-1.74536,-0.243527
166,93,-1.73933,-0.246565
167,93,-1.73311,-0.249156
168,93,-1.72687,-0.251235
169,93,-1.72085,-0.253352
170,93,-1.7145,-0.255014
171,93,-1.70791,-0.256375
172,93,-1.70161,-0.257484
173,93,-1.69465,-0.258298
174,93,-1.68834,-0.258704
175,93,-1.68172,-0.258894
176,93,-1.6749,-0.258238
177,93,-1.66844,-0.257696
178,93,-1.66159,-0.256889
179,93,-1.65471,-0.25585
180,93,-1.64778,-0.254806
181,93,-1.64137,-0.253569
182,93,-1.63468,-0.251974
183,93,-1.62839,-0.249689
184,93,-1.62214,-0.247092
185,93,-1.6153,-0.244297
186,93,-1.60899,-0.241089
187,93,-1.60263,-0.238014
188,93,-1.59645,-0.234304
189,93,-1.59006,-0.229815
190,93,-1.58371,-0.225609
191,93,-1.57768,-0.221242
192,93,-1.57158,-0.216596
193,93,-1.56528,-0.21177
194,93,-1.55884,-0.207259
195,93,-1.55281,-0.202581
196,93,-1.54689,-0.198149
197,93,-1.54066,-0.194055
198,93,-1.53515,-0.189905
199,93,-1.52923,-0.185997
200,93,-1.52324,-0.182036
201,93,-1.51762,-0.17852
202,93,-1.51177,-0.17547
203,93,-1.50598,-0.172212
204,93,-1.49986,-0.169141
205,93,-1.49434,-0.166432
206,93,-1.48886,-0.163869
207,93,-1.48329,-0.161732
208,93,-1.47795,-0.15968
209,93,-1.47233,-0.157302
210,93,-1.46688,-0.155502
211,93,-1.46201,-0.153746
212,93,-1.45685,-0.151796
213,93,-1.45185,-0.150212
214,93,-1.44756,-0.148342
215,93,-1.44269,-0.146685
216,93,-1.43792,-0.145409
217,93,-1.43351,-0.144177
218,93,-1.42903,-0.142977
219,93,-1.42438,-0.14181
220,93,-1.41987,-0.140476
221,93,-1.41534,-0.13949
222,93,-1.41076,-0.138608
223,93,-1.40633,-0.137539
224,93,-1.40233,-0.136383
225,93,-1.39844,-0.135201
226,93,-1.39466,-0.134472
227,93,-1.39089,-0.133337
228,93,-1.387,-0.13214
229,93,-1.38286,-0.130811
230,93,-1.3792,-0.129522
231,93,-1.37542,-0.128767
232,93,-1.37209,-0.127875
233,93,-1.36861,-0.126894
234,93,-1.36475,-0.12604
235,93,-1.36106,-0.125259
236,93,-1.35802,-0.124534
237,93,-1.35436,-0.123926
238,93,-1.35087,-0.123083
239,93,-1.34754,-0.122477
240,93,-1.34397,-0.12182
241,93,-1.34055,-0.120954
242,93,-1.33685,-0.120225
243,93,-1.33322,-0.119568
244,93,-1.32955,-0.11935
245,93,-1.32586,-0.118516
246,93,-1.32201,-0.118113
247,93,-1.31805,-0.11811
248,93,-1.31445,-0.117349
249,93,-1.31086,-0.116543
250,93,-1.30707,-0.11624
251,93,-1.30329,-0.115966
252,93,-1.29956,-0.115261
253,93,-1.2959,-0.11466
254,93,-1.29172,-0.11446
255,93,-1.28826,-0.114305
256,93,-1.28458,-0.113846
257,93,-1.28095,-0.113638
258,93,-1.27702,-0.112881
259,93,-1.27356,-0.112426
260,93,-1.26995,-0.111919
261,93,-1.26596,-0.111673
262,93,-1.26228,-0.111576
263,93,-1.25854,-0.110876
264,93,-1.25485,-0.110316
265,93,-1.25119,-0.109748
266,93,-1.24721,-0.109461
267,93,-1.24313,-0.109512
268,93,-1.23867,-0.109061
269,93,-1.23466,-0.108601
270,93,-1.23066,-0.108327
271,93,-1.2266,-0.107509
272,93,-1.22251,-0.106842
273,93,-1.21874,-0.106342
274,93,-1.21443,-0.106242
275,93,-1.21007,-0.105967
276,93,-1.20613,-0.105579
277,93,-1.2018,-0.105119
278,93,-1.19762,-0.104974
279,93,-1.19352,-0.104815
280,93,-1.18926,-0.104
281,93,-1.18509,-0.103682
282,93,-1.18063,-0.10354
283,93,-1.17648,-0.103205
284,93,-1.17236,-0.102922
285,93,-1.16801,-0.102717
286,93,-1.16368,-0.102402
287,93,-1.15978,-0.101853
288,93,-1.15585,-0.101625
289,93,-1.1524,-0.101423
290,93,-1.14856,-0.100802
291,93,-1.14436,-0.100221
292,93,-1.14061,-0.0992979
293,93,-1.13705,-0.0989064
294,93,-1.13286,-0.0985688
295,93,-1.12926,-0.098219
296,93,-1.12517,-0.0978753
297,93,-1.12142,-0.097539
298,93,-1.11758,-0.0970294
299,93,-1.11393,-0.0964834
300,93,-1.10968,-0.0960272
301,93,-1.10614,-0.0956992
302,93,-1.10226,-0.0950915
303,93,-1.09844,-0.0946778
304,93,-1.09453,-0.0939924
305,93,-1.09111,-0.0938308
306,93,-1.08723,-0.0933552
307,93,-1.08358,-0.0924982
308,93,-1.07991,-0.0919468
309,93,-1.0759,-0.0913915
310,93,-1.07193,-0.0908894
311,93,-1.0682,-0.0899988
312,93,-1.0644,-0.0893047
313,93,-1.06061,-0.0887673
314,93,-1.05676,-0.0879556
315,93,-1.05272,-0.08738
316,93,-1.04885,-0.0868522
317,93,-1.0451,-0.086364
318,93,-1.04105,-0.0858292
319,93,-1.03679,-0.0853134
320,93,-1.03272,-0.0847782
321,93,-1.02857,-0.0842218
322,93,-1.02464,-0.0836446
323,93,-1.02036,-0.082935
324,93,-1.01621,-0.0823563
325,93,-1.01241,-0.0815077
326,93,-1.00831,-0.0807848
327,93,-1.00484,-0.0800769
11,94,-2.42261,-0.203177
12,94,-2.41813,-0.203341
13,94,-2.41422,-0.203155
14,94,-2.41019,-0.20317
15,94,-2.40634,-0.20285
16,94,-2.40232,-0.202768
17,94,-2.39819,-0.202683
18,94,-2.39422,-0.202802
19,94,-2.39009,-0.202652
20,94,-2.38644,-0.202947
21,94,-2.38233,-0.202808
22,94,-2.37814,-0.202743
23,94,-2.37424,-0.203018
24,94,-2.37017,-0.202967
25,94,-2.36597,-0.203037
26,94,-2.3617,-0.202687
27,94,-2.35804,-0.202535
28,94,-2.35342,-0.202748
29,94,-2.34933,-0.202845
30,94,-2.34513,-0.202762
31,94,-2.34146,-0.202679
32,94,-2.33705,-0.202631
33,94,-2.3329,-0.202555
34,94,-2.32887,-0.202438
35,94,-2.32487,-0.202467
36,94,-2.32062,-0.202245
37,94,-2.31677,-0.202215
38,94,-2.31278,-0.202251
39,94,-2.30866,-0.202166
40,94,-2.3048,-0.202234
41,94,-2.30071,-0.201979
42,94,-2.29677,-0.20175
43,94,-2.29268,-0.201378
44,94,-2.28864,-0.200914
45,94,-2.28457,-0.200697
46,94,-2.28072,-0.200457
47,94,-2.27695,-0.199996
48,94,-2.27293,-0.199738
49,94,-2.2687,-0.199474
50,94,-2.26438,-0.199205
51,94,-2.26002,-0.198704
52,94,-2.25573,-0.198192
53,94,-2.25193,-0.19764
54,94,-2.24767,-0.197389
55,94,-2.2437,-0.196937
56,94,-2.23978,-0.196471
57,94,-2.23543,-0.19615
58,94,-2.23094,-0.19603
59,94,-2.22677,-0.195816
60,94,-2.22243,-0.195238
61,94,-2.21827,-0.194475
62,94,-2.21427,-0.194558
63,94,-2.21022,-0.194608
64,94,-2.20625,-0.194285
65,94,-2.20193,-0.194006
66,94,-2.1973,-0.193599
67,94,-2.19289,-0.193172
68,94,-2.18874,-0.192765
69,94,-2.18396,-0.192214
70,94,-2.17967,-0.191809
71,94,-2.17534,-0.191604
72,94,-2.171,-0.191342
73,94,-2.16698,-0.191156
74,94,-2.1632,-0.190775
75,94,-2.15898,-0.190067
76,94,-2.15496,-0.189628
77,94,-2.15136,-0.189506
78,94,-2.14736,-0.189635
79,94,-2.14307,-0.189556
80,94,-2.13874,-0.189308
81,94,-2.13476,-0.188876
82,94,-2.13083,-0.188592
83,94,-2.12671,-0.188353
84,94,-2.12295,-0.188058
85,94,-2.1193,-0.187476
86,94,-2.11533,-0.187073
87,94,-2.11148,-0.187025
88,94,-2.10766,-0.186632
89,94,-2.10408,-0.186432
90,94,-2.10024,-0.186425
91,94,-2.09602,-0.18629
92,94,-2.09235,-0.186302
93,94,-2.08853,-0.186178
94,94,-2.08458,-0.185727
95,94,-2.08074,-0.185495
96,94,-2.07649,-0.185725
97,94,-2.07243,-0.185512
98,94,-2.06826,-0.185385
99,94,-2.06371,-0.185427
100,94,-2.05939,-0.185064
101,94,-2.05531,-0.185252
102,94,-2.05106,-0.185109
103,94,-2.04678,-0.185014
104,94,-2.04228,-0.185357
105,94,-2.03727,-0.18549
106,94,-2.03273,-0.185781
107,94,-2.0278,-0.185784
108,94,-2.02261,-0.185549
109,94,-2.01817,-0.185442
110,94,-2.01398,-0.185059
111,94,-2.00937,-0.185012
112,94,-2.00464,-0.184862
113,94,-2.00042,-0.184701
114,94,-1.9956,-0.184726
115,94,-1.99099,-0.184951
116,94,-1.9866,-0.184479
117,94,-1.98197,-0.184113
118,94,-1.97738,-0.184017
119,94,-1.97297,-0.18412
120,94,-1.96875,-0.183897
121,94,-1.96445,-0.183969
122,94,-1.96016,-0.184242
123,94,-1.95571,-0.184253
124,94,-1.95157,-0.184431
125,94,-1.94706,-0.184276
126,94,-1.94292,-0.184213
127,94,-1.939,-0.184526
128,94,-1.93439,-0.184701
129,94,-1.92983,-0.185002
130,94,-1.92538,-0.18531
131,94,-1.92124,-0.185408
132,94,-1.91673,-0.185402
133,94,-1.91204,-0.185943
134,94,-1.90743,-0.186127
135,94,-1.90293,-0.186614
136,94,-1.89876,-0.187583
137,94,-1.8939,-0.188418
138,94,-1.88998,-0.189054
139,94,-1.88541,-0.189676
140,94,-1.88056,-0.190484
141,94,-1.87597,-0.191324
142,94,-1.87195,-0.191982
143,94,-1.86702,-0.193059
144,94,-1.86235,-0.194108
145,94,-1.85749,-0.195094
146,94,-1.85158,-0.196601
147,94,-1.8463,-0.198123
148,94,-1.84095,-0.19978
149,94,-1.83567,-0.201327
150,94,-1.83107,-0.203195
151,94,-1.82553,-0.204816
152,94,-1.82039,-0.206977
153,94,-1.81477,-0.209166
154,94,-1.80923,-0.21115
155,94,-1.80343,-0.214055
156,94,-1.79759,-0.216622
157,94,-1.79209,-0.219632
158,94,-1.78613,-0.222819
159,94,-1.78079,-0.225698
160,94,-1.77499,-0.228788
161,94,-1.7689,-0.232004
162,94,-1.76243,-0.234746
163,94,-1.75617,-0.238024
164,94,-1.74981,-0.241378
165,94,-1.74369,-0.244383
166,94,-1.73759,-0.247068
167,94,-1.73174,-0.249453
168,94,-1.72562,-0.251566
169,94,-1.71991,-0.254056
170,94,-1.71348,-0.255566
171,94,-1.70723,-0.25676
172,94,-1.70089,-0.257822
173,94,-1.69456,-0.258789
174,94,-1.68842,-0.259171
175,94,-1.68173,-0.259078
176,94,-1.67523,-0.258678
177,94,-1.66863,-0.258005
178,94,-1.66217,-0.257087
179,94,-1.6554,-0.256072
180,94,-1.64837,-0.255299
181,94,-1.64239,-0.253528
182,94,-1.63597,-0.251661
183,94,-1.62952,-0.249596
184,94,-1.62361,-0.247262
185,94,-1.61736,-0.24471
186,94,-1.61094,-0.241461
187,94,-1.60441,-0.238454
188,94,-1.59838,-0.234902
189,94,-1.59206,-0.230579
190,94,-1.58587,-0.226472
191,94,-1.58001,-0.22212
192,94,-1.57395,-0.217525
193,94,-1.56801,-0.212722
194,94,-1.56172,-0.208305
195,94,-1.55575,-0.203831
196,94,-1.54964,-0.199784
197,94,-1.54356,-0.195624
198,94,-1.53797,-0.191252
199,94,-1.53239,-0.187274
200,94,-1.5267,-0.183435
201,94,-1.5208,-0.180008
202,94,-1.51492,-0.176807
203,94,-1.50927,-0.173657
204,94,-1.50354,-0.170503
205,94,-1.49786,-0.167516
206,94,-1.49251,-0.164935
207,94,-1.48695,-0.162802
208,94,-1.48153,-0.160695
209,94,-1.47624,-0.158638
210,94,-1.471,-0.156701
211,94,-1.46591,-0.154592
212,94,-1.46083,-0.152877
213,94,-1.45617,-0.151276
214,94,-1.45139,-0.149713
215,94,-1.44676,-0.148108
216,94,-1.44203,-0.146459
217,94,-1.4374,-0.14543
218,94,-1.43292,-0.144314
219,94,-1.428,-0.14312
220,94,-1.42359,-0.141654
221,94,-1.41889,-0.140569
222,94,-1.41436,-0.139918
223,94,-1.4099,-0.138577
224,94,-1.40581,-0.137195
225,94,-1.40197,-0.136458
226,94,-1.39779,-0.135416
227,94,-1.39382,-0.134136
228,94,-1.38995,-0.13306
229,94,-1.38609,-0.13193
230,94,-1.38223,-0.130715
231,94,-1.37836,-0.129633
232,94,-1.37485,-0.128976
233,94,-1.37128,-0.128186
234,94,-1.36737,-0.127347
235,94,-1.3637,-0.126523
236,94,-1.36058,-0.125629
237,94,-1.35712,-0.124751
238,94,-1.35346,-0.124135
239,94,-1.35038,-0.123512
240,94,-1.34683,-0.122913
241,94,-1.34289,-0.122156
242,94,-1.33935,-0.121322
243,94,-1.33581,-0.120623
244,94,-1.33219,-0.120193
245,94,-1.32813,-0.119681
246,94,-1.32467,-0.118998
247,94,-1.32091,-0.118676
248,94,-1.31695,-0.118227
249,94,-1.31322,-0.117516
250,94,-1.30936,-0.117213
251,94,-1.30577,-0.116785
252,94,-1.30185,-0.11621
253,94,-1.2983,-0.115739
254,94,-1.2942,-0.115546
255,94,-1.29055,-0.115102
256,94,-1.28674,-0.115037
257,94,-1.28291,-0.114436
258,94,-1.27914,-0.113807
259,94,-1.27582,-0.113328
260,94,-1.27184,-0.112805
261,94,-1.26809,-0.112309
262,94,-1.26451,-0.111938
263,94,-1.26071,-0.111682
264,94,-1.2568,-0.111067
265,94,-1.25292,-0.110867
266,94,-1.24871,-0.110379
267,94,-1.24468,-0.109994
268,94,-1.24047,-0.109757
269,94,-1.2365,-0.109315
270,94,-1.23228,-0.108955
271,94,-1.22855,-0.108521
272,94,-1.22401,-0.107565
273,94,-1.2201,-0.107111
274,94,-1.21592,-0.106734
275,94,-1.21167,-0.106377
276,94,-1.20728,-0.105937
277,94,-1.20319,-0.105693
278,94,-1.19894,-0.105267
279,94,-1.1947,-0.105083
280,94,-1.1905,-0.104872
281,94,-1.18662,-0.104538
282,94,-1.18217,-0.104256
283,94,-1.17794,-0.103904
284,94,-1.17364,-0.103777
285,94,-1.1693,-0.103689
286,94,-1.16513,-0.103125
287,94,-1.16085,-0.102322
288,94,-1.15707,-0.102175
289,94,-1.15329,-0.101839
290,94,-1.14974,-0.10138
291,94,-1.14587,-0.10105
292,94,-1.1418,-0.100529
293,94,-1.13801,-0.0999896
294,94,-1.13433,-0.0992916
295,94,-1.13047,-0.0988376
296,94,-1.12639,-0.0987821
297,94,-1.12222,-0.0981881
298,94,-1.11865,-0.0977364
299,94,-1.11469,-0.0974106
300,94,-1.11076,-0.0969133
301,94,-1.10654,-0.0962493
302,94,-1.10257,-0.095545
303,94,-1.09908,-0.0952061
304,94,-1.09462,-0.0944739
305,94,-1.09152,-0.0943123
306,94,-1.08796,-0.0938625
307,94,-1.08454,-0.0932748
308,94,-1.08081,-0.0927266
309,94,-1.07687,-0.091965
310,94,-1.0731,-0.0912494
311,94,-1.06912,-0.0905966
312,94,-1.06522,-0.0899796
313,94,-1.06127,-0.0894273
314,94,-1.05725,-0.0889974
315,94,-1.05353,-0.0882048
316,94,-1.04937,-0.0877749
317,94,-1.04507,-0.0873523
318,94,-1.04082,-0.0866022
319,94,-1.037,-0.0860048
320,94,-1.03254,-0.0853436
321,94,-1.02852,-0.0846451
322,94,-1.02481,-0.0843809
323,94,-1.0207,-0.0836713
324,94,-1.0167,-0.0830002
325,94,-1.01274,-0.0824445
326,94,-1.00856,-0.0816541
327,94,-1.00521,-0.0811716
11,95,-2.42281,-0.203832
12,95,-2.41855,-0.203974
13,95,-2.41455,-0.203859
14,95,-2.41054,-0.203645
15,95,-2.40681,-0.203554
16,95,-2.40284,-0.203595
17,95,-2.3986,-0.203558
18,95,-2.39464,-0.203411
19,95,-2.39046,-0.202993
20,95,-2.38633,-0.203023
21,95,-2.38251,-0.202953
22,95,-2.37847,-0.202944
23,95,-2.37424,-0.203298
24,95,-2.37006,-0.20352
25,95,-2.36611,-0.20354
26,95,-2.36203,-0.203574
27,95,-2.3581,-0.203369
28,95,-2.35402,-0.203804
29,95,-2.34981,-0.203719
30,95,-2.34588,-0.203316
31,95,-2.34148,-0.203307
32,95,-2.33765,-0.203307
33,95,-2.33348,-0.203171
34,95,-2.32918,-0.203001
35,95,-2.325,-0.203034
36,95,-2.32062,-0.202568
37,95,-2.31696,-0.202837
38,95,-2.31316,-0.202931
39,95,-2.30886,-0.202889
40,95,-2.30514,-0.202676
41,95,-2.301,-0.20245
42,95,-2.2971,-0.202247
43,95,-2.29268,-0.201925
44,95,-2.28867,-0.201561
45,95,-2.28456,-0.201086
46,95,-2.28074,-0.200972
47,95,-2.27702,-0.200677
48,95,-2.27269,-0.200106
49,95,-2.26864,-0.199851
50,95,-2.26444,-0.199492
51,95,-2.2599,-0.198647
52,95,-2.25553,-0.198463
53,95,-2.25172,-0.19828
54,95,-2.24729,-0.197709
55,95,-2.24296,-0.196957
56,95,-2.23909,-0.196511
57,95,-2.23491,-0.19651
58,95,-2.23074,-0.19658
59,95,-2.22659,-0.196135
60,95,-2.22218,-0.195687
61,95,-2.21801,-0.195295
62,95,-2.21381,-0.195263
63,95,-2.20988,-0.194977
64,95,-2.20587,-0.194664
65,95,-2.2013,-0.194416
66,95,-2.19672,-0.194196
67,95,-2.19264,-0.193892
68,95,-2.18806,-0.193381
69,95,-2.18342,-0.192935
70,95,-2.17936,-0.192657
71,95,-2.17512,-0.192307
72,95,-2.17086,-0.19212
73,95,-2.16658,-0.192166
74,95,-2.16254,-0.191895
75,95,-2.15863,-0.191262
76,95,-2.15466,-0.190758
77,95,-2.15109,-0.190821
78,95,-2.14685,-0.190852
79,95,-2.14276,-0.190181
80,95,-2.13853,-0.189918
81,95,-2.13435,-0.189604
82,95,-2.13066,-0.189395
83,95,-2.12678,-0.188927
84,95,-2.12269,-0.188436
85,95,-2.11885,-0.18816
86,95,-2.115,-0.187873
87,95,-2.11091,-0.187602
88,95,-2.1071,-0.187284
89,95,-2.10308,-0.187044
90,95,-2.09907,-0.186786
91,95,-2.09522,-0.186562
92,95,-2.09154,-0.186341
93,95,-2.08788,-0.18636
94,95,-2.08394,-0.186333
95,95,-2.08011,-0.186201
96,95,-2.07593,-0.186196
97,95,-2.07169,-0.186314
98,95,-2.06757,-0.18624
99,95,-2.06295,-0.186173
100,95,-2.05845,-0.186538
101,95,-2.0542,-0.1864
102,95,-2.05004,-0.186026
103,95,-2.04596,-0.186079
104,95,-2.04106,-0.185728
105,95,-2.03627,-0.185982
106,95,-2.03182,-0.186354
107,95,-2.02679,-0.186256
108,95,-2.02215,-0.186175
109,95,-2.01747,-0.185968
110,95,-2.01302,-0.185705
111,95,-2.00843,-0.185661
112,95,-2.00387,-0.185548
113,95,-1.99914,-0.185513
114,95,-1.99437,-0.185433
115,95,-1.98977,-0.185405
116,95,-1.98503,-0.185326
117,95,-1.9805,-0.185168
118,95,-1.97622,-0.185001
119,95,-1.97159,-0.184908
120,95,-1.96706,-0.184932
121,95,-1.96292,-0.184667
122,95,-1.95853,-0.184946
123,95,-1.95393,-0.185291
124,95,-1.94968,-0.185174
125,95,-1.94551,-0.185272
126,95,-1.94086,-0.185147
127,95,-1.93675,-0.185244
128,95,-1.93253,-0.185506
129,95,-1.92803,-0.18585
130,95,-1.92351,-0.186034
131,95,-1.91898,-0.186219
132,95,-1.91465,-0.186478
133,95,-1.91017,-0.186487
134,95,-1.90527,-0.187066
135,95,-1.90082,-0.18768
136,95,-1.89659,-0.188141
137,95,-1.89178,-0.189019
138,95,-1.88742,-0.190218
139,95,-1.8828,-0.190535
140,95,-1.87802,-0.191429
141,95,-1.87339,-0.192318
142,95,-1.8688,-0.193335
143,95,-1.86423,-0.194361
144,95,-1.85975,-0.195529
145,95,-1.85478,-0.196397
146,95,-1.8492,-0.19801
147,95,-1.84375,-0.199722
148,95,-1.83866,-0.201004
149,95,-1.83358,-0.202703
150,95,-1.82852,-0.204445
151,95,-1.82294,-0.205995
152,95,-1.81803,-0.208339
153,95,-1.81234,-0.210206
154,95,-1.80664,-0.212694
155,95,-1.80126,-0.214875
156,95,-1.7956,-0.217634
157,95,-1.78998,-0.220801
158,95,-1.78443,-0.224046
159,95,-1.7788,-0.227072
160,95,-1.77308,-0.229958
161,95,-1.76696,-0.232991
162,95,-1.76076,-0.235894
163,95,-1.75455,-0.239452
164,95,-1.74831,-0.242605
165,95,-1.74269,-0.245301
166,95,-1.73674,-0.24802
167,95,-1.73083,-0.250391
168,95,-1.72485,-0.252478
169,95,-1.7189,-0.254821
170,95,-1.7129,-0.256529
171,95,-1.70648,-0.257493
172,95,-1.70021,-0.258264
173,95,-1.69423,-0.258831
174,95,-1.68817,-0.259222
175,95,-1.68177,-0.259214
176,95,-1.67568,-0.258719
177,95,-1.66916,-0.258246
178,95,-1.66257,-0.257351
179,95,-1.65608,-0.256565
180,95,-1.6497,-0.255739
181,95,-1.64378,-0.253767
182,95,-1.63725,-0.251708
183,95,-1.63096,-0.249916
184,95,-1.62515,-0.247724
185,95,-1.61902,-0.245081
186,95,-1.6125,-0.242136
187,95,-1.60621,-0.239296
188,95,-1.60019,-0.235687
189,95,-1.59395,-0.231652
190,95,-1.58798,-0.22736
191,95,-1.58203,-0.222895
192,95,-1.57616,-0.218585
193,95,-1.57041,-0.21377
194,95,-1.56423,-0.209452
195,95,-1.55827,-0.205109
196,95,-1.55226,-0.201042
197,95,-1.54648,-0.196999
198,95,-1.54083,-0.192723
199,95,-1.53516,-0.188725
200,95,-1.52959,-0.185133
201,95,-1.52375,-0.181906
202,95,-1.51789,-0.178503
203,95,-1.51255,-0.175229
204,95,-1.50681,-0.171954
205,95,-1.50098,-0.168819
206,95,-1.49573,-0.166051
207,95,-1.49035,-0.163707
208,95,-1.48503,-0.161652
209,95,-1.47982,-0.159544
210,95,-1.47479,-0.157683
211,95,-1.46976,-0.15586
212,95,-1.46471,-0.154018
213,95,-1.45986,-0.152288
214,95,-1.45507,-0.150815
215,95,-1.45019,-0.149247
216,95,-1.44532,-0.147789
217,95,-1.44108,-0.146748
218,95,-1.43632,-0.145344
219,95,-1.43121,-0.144106
220,95,-1.42693,-0.142949
221,95,-1.42255,-0.141727
222,95,-1.41798,-0.140865
223,95,-1.41317,-0.139814
224,95,-1.40913,-0.138515
225,95,-1.40509,-0.137551
226,95,-1.40079,-0.136458
227,95,-1.39665,-0.135146
228,95,-1.39295,-0.134095
229,95,-1.38896,-0.133236
230,95,-1.3851,-0.132157
231,95,-1.38106,-0.130943
232,95,-1.37759,-0.130251
233,95,-1.37393,-0.129356
234,95,-1.37023,-0.128433
235,95,-1.3664,-0.127344
236,95,-1.36296,-0.126545
237,95,-1.35952,-0.125819
238,95,-1.356,-0.125096
239,95,-1.35281,-0.124853
240,95,-1.34915,-0.124219
241,95,-1.34539,-0.123261
242,95,-1.34207,-0.122169
243,95,-1.33804,-0.121561
244,95,-1.33453,-0.121246
245,95,-1.33076,-0.120673
246,95,-1.32728,-0.120025
247,95,-1.32362,-0.119634
248,95,-1.3197,-0.119191
249,95,-1.31565,-0.118579
250,95,-1.31167,-0.118034
251,95,-1.3079,-0.117693
252,95,-1.30392,-0.117064
253,95,-1.30054,-0.116474
254,95,-1.29686,-0.116235
255,95,-1.29251,-0.115731
256,95,-1.28909,-0.115263
257,95,-1.28497,-0.115024
258,95,-1.28118,-0.114772
259,95,-1.27739,-0.114099
260,95,-1.27395,-0.113526
261,95,-1.26986,-0.113085
262,95,-1.26624,-0.112798
263,95,-1.26245,-0.112276
264,95,-1.25854,-0.111934
265,95,-1.25456,-0.111728
266,95,-1.25034,-0.111391
267,95,-1.24634,-0.111112
268,95,-1.24207,-0.110471
269,95,-1.2381,-0.110048
270,95,-1.23398,-0.109445
271,95,-1.2296,-0.109116
272,95,-1.22551,-0.108398
273,95,-1.22116,-0.107745
274,95,-1.21733,-0.107289
275,95,-1.21345,-0.107267
276,95,-1.20897,-0.106784
277,95,-1.20471,-0.106385
278,95,-1.20008,-0.105681
279,95,-1.19614,-0.105477
280,95,-1.19221,-0.105254
281,95,-1.18815,-0.105072
282,95,-1.18368,-0.104976
283,95,-1.17927,-0.104627
284,95,-1.17469,-0.104407
285,95,-1.17056,-0.104316
286,95,-1.16652,-0.103917
287,95,-1.16222,-0.10332
288,95,-1.15819,-0.102984
289,95,-1.15429,-0.102725
290,95,-1.15074,-0.1027
291,95,-1.14684,-0.102392
292,95,-1.14303,-0.101588
293,95,-1.13897,-0.100894
294,95,-1.13503,-0.100312
295,95,-1.13151,-0.10003
296,95,-1.1273,-0.099831
297,95,-1.12347,-0.0989801
298,95,-1.11957,-0.098622
299,95,-1.1155,-0.0981894
300,95,-1.11173,-0.0977555
301,95,-1.10754,-0.0971272
302,95,-1.10371,-0.096583
303,95,-1.09977,-0.0959215
304,95,-1.09589,-0.095509
305,95,-1.09225,-0.0950844
306,95,-1.08845,-0.0945658
307,95,-1.0852,-0.0944714
308,95,-1.08127,-0.0933358
309,95,-1.07772,-0.0925879
310,95,-1.07398,-0.0918671
311,95,-1.06983,-0.0913775
312,95,-1.06565,-0.0904513
313,95,-1.06163,-0.0899176
314,95,-1.05798,-0.0893546
315,95,-1.05411,-0.0890747
316,95,-1.04965,-0.0883672
317,95,-1.04579,-0.0877451
318,95,-1.04139,-0.0872868
319,95,-1.03751,-0.0866276
320,95,-1.03318,-0.0859305
321,95,-1.02894,-0.0855752
322,95,-1.02507,-0.0850654
323,95,-1.02089,-0.0844252
324,95,-1.01687,-0.0838645
325,95,-1.0129,-0.083447
326,95,-1.00917,-0.0829026
327,95,-1.00522,-0.0822098
11,96,-2.42316,-0.205521
12,96,-2.41929,-0.205249
13,96,-2.41495,-0.204901
14,96,-2.41113,-0.204518
15,96,-2.40705,-0.204241
16,96,-2.40311,-0.204275
17,96,-2.39903,-0.204544
18,96,-2.39505,-0.204093
19,96,-2.39084,-0.203758
20,96,-2.38651,-0.203615
21,96,-2.38262,-0.203451
22,96,-2.37845,-0.203444
23,96,-2.37441,-0.203766
24,96,-2.37053,-0.204047
25,96,-2.36612,-0.20409
26,96,-2.36226,-0.204096
27,96,-2.35834,-0.203994
28,96,-2.35441,-0.20401
29,96,-2.35048,-0.204049
30,96,-2.34668,-0.204005
31,96,-2.34204,-0.203603
32,96,-2.33783,-0.203918
33,96,-2.33382,-0.203839
34,96,-2.32959,-0.203556
35,96,-2.32538,-0.203585
36,96,-2.32117,-0.203299
37,96,-2.31712,-0.203265
38,96,-2.31339,-0.203624
39,96,-2.30947,-0.203217
40,96,-2.30525,-0.203089
41,96,-2.30125,-0.202733
42,96,-2.29713,-0.202463
43,96,-2.29303,-0.202259
44,96,-2.28862,-0.202104
45,96,-2.28436,-0.201758
46,96,-2.2805,-0.201408
47,96,-2.27678,-0.201016
48,96,-2.27263,-0.20059
49,96,-2.2685,-0.200132
50,96,-2.26426,-0.199733
51,96,-2.25954,-0.199212
52,96,-2.25525,-0.198926
53,96,-2.25123,-0.19882
54,96,-2.24689,-0.19836
55,96,-2.24245,-0.197513
56,96,-2.23859,-0.197171
57,96,-2.23457,-0.197159
58,96,-2.23033,-0.197007
59,96,-2.22641,-0.196805
60,96,-2.22187,-0.196176
61,96,-2.21791,-0.196032
62,96,-2.21382,-0.195827
63,96,-2.20956,-0.195503
64,96,-2.20564,-0.195398
65,96,-2.20109,-0.195214
66,96,-2.19633,-0.194966
67,96,-2.19215,-0.194537
68,96,-2.18787,-0.194074
69,96,-2.18331,-0.193809
70,96,-2.17903,-0.193501
71,96,-2.17461,-0.193297
72,96,-2.17063,-0.193192
73,96,-2.16652,-0.192998
74,96,-2.16236,-0.19293
75,96,-2.15819,-0.192437
76,96,-2.15412,-0.192024
77,96,-2.15072,-0.191966
78,96,-2.14649,-0.191713
79,96,-2.14241,-0.19114
80,96,-2.13802,-0.190545
81,96,-2.13381,-0.19041
82,96,-2.13033,-0.190091
83,96,-2.12635,-0.189463
84,96,-2.12264,-0.189081
85,96,-2.11879,-0.188766
86,96,-2.1147,-0.188449
87,96,-2.11058,-0.18826
88,96,-2.10643,-0.188221
89,96,-2.10232,-0.18806
90,96,-2.09843,-0.187495
91,96,-2.09446,-0.187022
92,96,-2.09079,-0.18699
93,96,-2.08701,-0.187132
94,96,-2.08285,-0.187223
95,96,-2.07918,-0.187067
96,96,-2.07543,-0.186968
97,96,-2.07113,-0.186937
98,96,-2.06694,-0.186849
99,96,-2.06265,-0.187086
100,96,-2.05778,-0.187053
101,96,-2.05356,-0.186994
102,96,-2.0491,-0.186765
103,96,-2.04444,-0.186496
104,96,-2.03996,-0.186732
105,96,-2.03552,-0.186769
106,96,-2.03091,-0.186781
107,96,-2.02596,-0.186807
108,96,-2.02137,-0.186963
109,96,-2.01654,-0.186657
110,96,-2.01194,-0.186656
111,96,-2.00687,-0.186651
112,96,-2.00217,-0.186388
113,96,-1.99798,-0.186323
114,96,-1.9934,-0.185943
115,96,-1.9888,-0.185772
116,96,-1.98421,-0.185811
117,96,-1.97926,-0.185724
118,96,-1.97463,-0.18566
119,96,-1.97032,-0.185531
120,96,-1.96586,-0.185802
121,96,-1.96148,-0.185615
122,96,-1.95684,-0.185669
123,96,-1.9524,-0.185778
124,96,-1.94807,-0.185613
125,96,-1.94372,-0.185775
126,96,-1.93917,-0.185808
127,96,-1.93507,-0.185999
128,96,-1.93095,-0.186116
129,96,-1.9264,-0.186339
130,96,-1.92189,-0.186689
131,96,-1.91707,-0.186829
132,96,-1.91262,-0.187251
133,96,-1.90796,-0.187453
134,96,-1.9031,-0.187791
135,96,-1.89911,-0.18868
136,96,-1.89465,-0.189214
137,96,-1.89002,-0.189884
138,96,-1.8853,-0.190976
139,96,-1.88052,-0.191363
140,96,-1.87589,-0.192122
141,96,-1.8713,-0.1934
142,96,-1.86651,-0.194649
143,96,-1.8617,-0.195682
144,96,-1.85715,-0.196731
145,96,-1.85246,-0.197554
146,96,-1.84705,-0.199291
147,96,-1.84174,-0.200757
148,96,-1.83641,-0.202116
149,96,-1.83135,-0.203853
150,96,-1.82606,-0.205728
151,96,-1.82134,-0.20754
152,96,-1.8161,-0.209627
153,96,-1.81036,-0.21131
154,96,-1.80467,-0.213693
155,96,-1.79921,-0.216417
156,96,-1.79421,-0.218946
157,96,-1.78855,-0.222055
158,96,-1.78263,-0.225541
159,96,-1.77702,-0.228289
160,96,-1.77144,-0.231236
161,96,-1.76552,-0.234159
162,96,-1.75941,-0.237326
163,96,-1.75348,-0.240743
164,96,-1.74738,-0.243307
165,96,-1.74153,-0.24639
166,96,-1.73577,-0.248891
167,96,-1.73011,-0.251033
168,96,-1.72464,-0.253218
169,96,-1.71839,-0.255294
170,96,-1.71229,-0.256853
171,96,-1.70624,-0.258066
172,96,-1.70011,-0.258838
173,96,-1.69366,-0.259153
174,96,-1.68781,-0.259249
175,96,-1.68208,-0.259427
176,96,-1.67554,-0.258911
177,96,-1.66924,-0.258736
178,96,-1.66329,-0.257845
179,96,-1.65691,-0.25691
180,96,-1.65072,-0.255901
181,96,-1.6449,-0.254204
182,96,-1.63856,-0.252065
183,96,-1.63268,-0.250006
184,96,-1.62672,-0.248089
185,96,-1.62043,-0.245518
186,96,-1.61436,-0.24242
187,96,-1.60814,-0.239799
188,96,-1.60192,-0.236321
189,96,-1.59595,-0.232404
190,96,-1.58989,-0.228249
191,96,-1.58425,-0.223692
192,96,-1.57846,-0.21938
193,96,-1.57266,-0.214804
194,96,-1.56662,-0.21088
195,96,-1.56069,-0.206728
196,96,-1.55476,-0.20242
197,96,-1.54895,-0.198079
198,96,-1.54339,-0.193937
199,96,-1.5378,-0.190161
200,96,-1.53225,-0.186552
201,96,-1.52654,-0.183021
202,96,-1.52089,-0.179414
203,96,-1.51543,-0.176124
204,96,-1.50968,-0.173277
205,96,-1.50412,-0.170291
206,96,-1.49867,-0.167708
207,96,-1.49344,-0.165455
208,96,-1.48834,-0.162843
209,96,-1.48316,-0.160638
210,96,-1.4784,-0.158866
211,96,-1.47327,-0.157059
212,96,-1.46815,-0.155118
213,96,-1.46332,-0.153559
214,96,-1.45846,-0.152056
215,96,-1.4535,-0.150455
216,96,-1.44858,-0.149154
217,96,-1.44425,-0.14795
218,96,-1.43972,-0.146638
219,96,-1.43482,-0.145606
220,96,-1.43028,-0.144368
221,96,-1.42579,-0.143096
222,96,-1.42127,-0.142367
223,96,-1.41683,-0.141255
224,96,-1.41231,-0.139814
225,96,-1.40805,-0.138574
226,96,-1.40393,-0.13753
227,96,-1.39968,-0.136377
228,96,-1.39584,-0.13559
229,96,-1.3918,-0.13476
230,96,-1.38769,-0.133717
231,96,-1.38385,-0.132414
232,96,-1.37994,-0.131475
233,96,-1.37621,-0.130818
234,96,-1.37256,-0.12946
235,96,-1.36882,-0.128242
236,96,-1.36531,-0.127488
237,96,-1.36209,-0.127215
238,96,-1.35849,-0.126718
239,96,-1.35519,-0.125919
240,96,-1.35154,-0.125381
241,96,-1.3479,-0.124371
242,96,-1.3443,-0.123337
243,96,-1.34041,-0.122742
244,96,-1.33677,-0.122256
245,96,-1.33326,-0.12174
246,96,-1.32965,-0.12136
247,96,-1.32581,-0.120686
248,96,-1.32203,-0.120139
249,96,-1.31811,-0.119736
250,96,-1.31412,-0.119093
251,96,-1.31026,-0.118591
252,96,-1.30619,-0.117988
253,96,-1.30263,-0.117332
254,96,-1.29872,-0.117009
255,96,-1.2947,-0.116747
256,96,-1.29127,-0.115975
257,96,-1.28732,-0.115743
258,96,-1.28329,-0.115259
259,96,-1.27975,-0.114692
260,96,-1.27576,-0.114578
261,96,-1.27179,-0.113862
262,96,-1.26803,-0.113462
263,96,-1.26422,-0.112856
264,96,-1.26018,-0.112833
265,96,-1.25631,-0.112577
266,96,-1.25202,-0.112024
267,96,-1.24791,-0.111362
268,96,-1.24374,-0.11108
269,96,-1.23957,-0.110659
270,96,-1.2352,-0.110274
271,96,-1.23108,-0.109726
272,96,-1.22677,-0.109118
273,96,-1.22271,-0.108616
274,96,-1.21876,-0.108423
275,96,-1.21488,-0.10832
276,96,-1.2105,-0.107809
277,96,-1.2061,-0.107354
278,96,-1.20125,-0.106644
279,96,-1.19697,-0.106316
280,96,-1.19299,-0.10586
281,96,-1.18911,-0.105726
282,96,-1.18484,-0.105502
283,96,-1.18046,-0.105097
284,96,-1.17581,-0.104916
285,96,-1.17175,-0.10489
286,96,-1.16747,-0.104574
287,96,-1.16378,-0.104154
288,96,-1.15964,-0.103784
289,96,-1.15578,-0.103429
290,96,-1.15164,-0.103154
291,96,-1.14836,-0.10262
292,96,-1.14428,-0.10227
293,96,-1.14003,-0.101465
294,96,-1.13619,-0.101007
295,96,-1.1326,-0.100489
296,96,-1.12837,-0.100397
297,96,-1.12451,-0.100052
298,96,-1.12035,-0.0994731
299,96,-1.11655,-0.0989542
300,96,-1.11259,-0.0986265
301,96,-1.10885,-0.0979767
302,96,-1.10484,-0.0972887
303,96,-1.10074,-0.0967954
304,96,-1.0969,-0.0964542
305,96,-1.0932,-0.0956819
306,96,-1.0896,-0.0954203
307,96,-1.08579,-0.0947643
308,96,-1.08198,-0.0941596
309,96,-1.07859,-0.0934137
310,96,-1.07477,-0.0926658
311,96,-1.07063,-0.0922176
312,96,-1.06659,-0.0910502
313,96,-1.06267,-0.0905582
314,96,-1.05868,-0.0900105
315,96,-1.05471,-0.0896813
316,96,-1.05074,-0.0890749
317,96,-1.04659,-0.0881468
318,96,-1.0421,-0.0879426
319,96,-1.03803,-0.0873993
320,96,-1.03379,-0.086616
321,96,-1.02968,-0.0860947
322,96,-1.02547,-0.0854637
323,96,-1.02131,-0.0850041
324,96,-1.01746,-0.0845293
325,96,-1.01351,-0.0841792
326,96,-1.00998,-0.0836844
327,96,-1.00614,-0.0827043
11,97,-2.42325,-0.20581
12,97,-2.41928,-0.205646
13,97,-2.41529,-0.205459
14,97,-2.41141,-0.205025
15,97,-2.40748,-0.204848
16,97,-2.40321,-0.204653
17,97,-2.39937,-0.204685
18,97,-2.39527,-0.204512
19,97,-2.39112,-0.20444
20,97,-2.38695,-0.204214
21,97,-2.38297,-0.203979
22,97,-2.37883,-0.204135
23,97,-2.37497,-0.204406
24,97,-2.37058,-0.204518
25,97,-2.36647,-0.20469
26,97,-2.36239,-0.204737
27,97,-2.35842,-0.204211
28,97,-2.35476,-0.204255
29,97,-2.35088,-0.204358
30,97,-2.34691,-0.204327
31,97,-2.34238,-0.204394
32,97,-2.33826,-0.20436
33,97,-2.33431,-0.204391
34,97,-2.3299,-0.204074
35,97,-2.32574,-0.203984
36,97,-2.32169,-0.203712
37,97,-2.31777,-0.203494
38,97,-2.31382,-0.204027
39,97,-2.31002,-0.203747
40,97,-2.30535,-0.203449
41,97,-2.30143,-0.202976
42,97,-2.29719,-0.202814
43,97,-2.29295,-0.20283
44,97,-2.2887,-0.20255
45,97,-2.28429,-0.202294
46,97,-2.27999,-0.201722
47,97,-2.27637,-0.201472
48,97,-2.27269,-0.20099
49,97,-2.26824,-0.200688
50,97,-2.26379,-0.20008
51,97,-2.25975,-0.199903
52,97,-2.2553,-0.199731
53,97,-2.25112,-0.199318
54,97,-2.24652,-0.198839
55,97,-2.24236,-0.198287
56,97,-2.23811,-0.197834
57,97,-2.2342,-0.197706
58,97,-2.23025,-0.197553
59,97,-2.22595,-0.19739
60,97,-2.22166,-0.196801
61,97,-2.21754,-0.196457
62,97,-2.21351,-0.196317
63,97,-2.2092,-0.196095
64,97,-2.20493,-0.195913
65,97,-2.20098,-0.195402
66,97,-2.19605,-0.195117
67,97,-2.1918,-0.195072
68,97,-2.18763,-0.194712
69,97,-2.18281,-0.194114
70,97,-2.17848,-0.19383
71,97,-2.17427,-0.193779
72,97,-2.17052,-0.193631
73,97,-2.16611,-0.193838
74,97,-2.16209,-0.193604
75,97,-2.15825,-0.193232
76,97,-2.15397,-0.193276
77,97,-2.15033,-0.193068
78,97,-2.14601,-0.192594
79,97,-2.14182,-0.192393
80,97,-2.13796,-0.19171
81,97,-2.13423,-0.191232
82,97,-2.13022,-0.190989
83,97,-2.12614,-0.190572
84,97,-2.12221,-0.190001
85,97,-2.11845,-0.189359
86,97,-2.11447,-0.189396
87,97,-2.11016,-0.189099
88,97,-2.10569,-0.188996
89,97,-2.10141,-0.188897
90,97,-2.0975,-0.188059
91,97,-2.09378,-0.187959
92,97,-2.09014,-0.188161
93,97,-2.08653,-0.188071
94,97,-2.08246,-0.188116
95,97,-2.07836,-0.188002
96,97,-2.07476,-0.187663
97,97,-2.07058,-0.187114
98,97,-2.06624,-0.18723
99,97,-2.06181,-0.187631
100,97,-2.05724,-0.187397
101,97,-2.05286,-0.187301
102,97,-2.04874,-0.187019
103,97,-2.04407,-0.186969
104,97,-2.03956,-0.187235
105,97,-2.03498,-0.187206
106,97,-2.03009,-0.187333
107,97,-2.02526,-0.18723
108,97,-2.0201,-0.187009
109,97,-2.01529,-0.187173
110,97,-2.01084,-0.187308
111,97,-2.00554,-0.187419
112,97,-2.00056,-0.187304
113,97,-1.99669,-0.186837
114,97,-1.99192,-0.186574
115,97,-1.98725,-0.186752
116,97,-1.98276,-0.18672
117,97,-1.97782,-0.186249
118,97,-1.97303,-0.186324
119,97,-1.96882,-0.18631
120,97,-1.9644,-0.186211
121,97,-1.96021,-0.186396
122,97,-1.95549,-0.186291
123,97,-1.9506,-0.186426
124,97,-1.94658,-0.186496
125,97,-1.94243,-0.186436
126,97,-1.93773,-0.186886
127,97,-1.93362,-0.187075
128,97,-1.92938,-0.187014
129,97,-1.92456,-0.187053
130,97,-1.9202,-0.187415
131,97,-1.91562,-0.187782
132,97,-1.9107,-0.188261
133,97,-1.90612,-0.188605
134,97,-1.90132,-0.188957
135,97,-1.89712,-0.189722
136,97,-1.89267,-0.190301
137,97,-1.88766,-0.190994
138,97,-1.88318,-0.19204
139,97,-1.87849,-0.192494
140,97,-1.87392,-0.193217
141,97,-1.86933,-0.194525
142,97,-1.86483,-0.195791
143,97,-1.86017,-0.196942
144,97,-1.85528,-0.197639
145,97,-1.85045,-0.198887
146,97,-1.84513,-0.200285
147,97,-1.83978,-0.201932
148,97,-1.83471,-0.203372
149,97,-1.82944,-0.204899
150,97,-1.82454,-0.207
151,97,-1.81954,-0.208608
152,97,-1.81453,-0.210658
153,97,-1.80878,-0.212421
154,97,-1.80356,-0.214716
155,97,-1.79813,-0.217359
156,97,-1.79267,-0.220203
157,97,-1.78706,-0.223167
158,97,-1.78099,-0.226501
159,97,-1.77544,-0.229115
160,97,-1.77016,-0.232596
161,97,-1.76412,-0.23571
162,97,-1.75809,-0.238862
163,97,-1.75239,-0.241826
164,97,-1.7464,-0.244533
165,97,-1.74023,-0.246995
166,97,-1.73465,-0.249608
167,97,-1.72913,-0.251865
168,97,-1.72372,-0.253692
169,97,-1.71802,-0.255827
170,97,-1.71149,-0.257156
171,97,-1.70559,-0.258195
172,97,-1.6994,-0.259105
173,97,-1.69328,-0.259484
174,97,-1.68772,-0.259578
175,97,-1.68161,-0.2596
176,97,-1.67531,-0.259572
177,97,-1.66953,-0.259205
178,97,-1.66377,-0.258298
179,97,-1.65759,-0.257012
180,97,-1.65153,-0.255928
181,97,-1.64569,-0.254422
182,97,-1.64011,-0.252446
183,97,-1.63406,-0.250302
184,97,-1.62803,-0.24815
185,97,-1.62215,-0.245617
186,97,-1.61593,-0.242803
187,97,-1.60982,-0.239893
188,97,-1.60375,-0.23678
189,97,-1.59762,-0.233354
190,97,-1.59169,-0.228934
191,97,-1.58599,-0.224587
192,97,-1.58,-0.220266
193,97,-1.57427,-0.216203
194,97,-1.56853,-0.212304
195,97,-1.56266,-0.20804
196,97,-1.55677,-0.203745
197,97,-1.55119,-0.199618
198,97,-1.54586,-0.195495
199,97,-1.54025,-0.191462
200,97,-1.53476,-0.18774
201,97,-1.52914,-0.184301
202,97,-1.5234,-0.180867
203,97,-1.51813,-0.177633
204,97,-1.51253,-0.174664
205,97,-1.5072,-0.171801
206,97,-1.50193,-0.169025
207,97,-1.49636,-0.166487
208,97,-1.4915,-0.164203
209,97,-1.48628,-0.16204
210,97,-1.48132,-0.160086
211,97,-1.47653,-0.158032
212,97,-1.47149,-0.156265
213,97,-1.46665,-0.15475
214,97,-1.46183,-0.153218
215,97,-1.45682,-0.151618
216,97,-1.45177,-0.150538
217,97,-1.44733,-0.149618
218,97,-1.44264,-0.147985
219,97,-1.43812,-0.147014
220,97,-1.43382,-0.145823
221,97,-1.42903,-0.14445
222,97,-1.42434,-0.143476
223,97,-1.41987,-0.142227
224,97,-1.41516,-0.141151
225,97,-1.41084,-0.139977
226,97,-1.40653,-0.138594
227,97,-1.40223,-0.137179
228,97,-1.39836,-0.136453
229,97,-1.39443,-0.135737
230,97,-1.39031,-0.134334
231,97,-1.38632,-0.133543
232,97,-1.38235,-0.132354
233,97,-1.37832,-0.131565
234,97,-1.37501,-0.13086
235,97,-1.37147,-0.129856
236,97,-1.36781,-0.128737
237,97,-1.36476,-0.128671
238,97,-1.36068,-0.128025
239,97,-1.35722,-0.127351
240,97,-1.35371,-0.126388
241,97,-1.35022,-0.125241
242,97,-1.34642,-0.124316
243,97,-1.34293,-0.1237
244,97,-1.33948,-0.123155
245,97,-1.33578,-0.122726
246,97,-1.33178,-0.122365
247,97,-1.3278,-0.121627
248,97,-1.32412,-0.121002
249,97,-1.3202,-0.120763
250,97,-1.316,-0.12029
251,97,-1.31207,-0.119645
252,97,-1.3082,-0.119116
253,97,-1.30455,-0.118798
254,97,-1.30061,-0.118242
255,97,-1.29688,-0.117661
256,97,-1.29302,-0.117144
257,97,-1.28918,-0.116677
258,97,-1.2854,-0.116023
259,97,-1.28202,-0.115553
260,97,-1.27817,-0.115058
261,97,-1.27393,-0.114713
262,97,-1.26979,-0.114002
263,97,-1.26547,-0.113566
264,97,-1.26155,-0.113185
265,97,-1.25766,-0.112958
266,97,-1.25335,-0.112519
267,97,-1.24935,-0.112042
268,97,-1.24503,-0.111562
269,97,-1.24083,-0.11137
270,97,-1.23701,-0.111072
271,97,-1.23275,-0.110391
272,97,-1.22793,-0.110261
273,97,-1.22396,-0.109677
274,97,-1.22021,-0.10943
275,97,-1.21615,-0.108856
276,97,-1.21186,-0.108302
277,97,-1.20701,-0.10763
278,97,-1.20228,-0.107471
279,97,-1.19836,-0.107046
280,97,-1.19427,-0.107074
281,97,-1.1902,-0.106786
282,97,-1.18624,-0.106264
283,97,-1.18193,-0.105996
284,97,-1.17718,-0.105813
285,97,-1.17283,-0.105288
286,97,-1.16864,-0.10508
287,97,-1.16497,-0.104525
288,97,-1.16114,-0.104325
289,97,-1.15689,-0.104173
290,97,-1.15294,-0.103508
291,97,-1.14925,-0.103138
292,97,-1.14535,-0.102443
293,97,-1.14138,-0.101812
294,97,-1.13757,-0.101661
295,97,-1.1335,-0.101041
296,97,-1.1296,-0.101222
297,97,-1.12556,-0.100914
298,97,-1.12152,-0.100296
299,97,-1.11765,-0.100098
300,97,-1.11325,-0.0993221
301,97,-1.10971,-0.0986204
302,97,-1.10573,-0.0981126
303,97,-1.10174,-0.0976179
304,97,-1.09774,-0.097349
305,97,-1.09381,-0.0966005
306,97,-1.09013,-0.0961001
307,97,-1.08643,-0.0952619
308,97,-1.08273,-0.0948023
309,97,-1.07908,-0.0941993
310,97,-1.07541,-0.0932976
311,97,-1.07145,-0.0927823
312,97,-1.06749,-0.0919922
313,97,-1.06376,-0.0912549
314,97,-1.05958,-0.0905997
315,97,-1.05536,-0.0902179
316,97,-1.05138,-0.0898083
317,97,-1.04742,-0.0889876
318,97,-1.04287,-0.0885219
319,97,-1.0386,-0.0880387
320,97,-1.03452,-0.0876557
321,97,-1.03034,-0.0869222
322,97,-1.02629,-0.0864155
323,97,-1.02193,-0.0859064
324,97,-1.01803,-0.085502
325,97,-1.014,-0.0852101
326,97,-1.01031,-0.084772
327,97,-1.0067,-0.0836279
11,98,-2.42284,-0.205688
12,98,-2.41926,-0.205798
13,98,-2.4154,-0.205715
14,98,-2.41137,-0.20531
15,98,-2.40734,-0.205313
16,98,-2.40337,-0.205128
17,98,-2.39945,-0.20501
18,98,-2.39531,-0.204818
19,98,-2.39143,-0.204735
20,98,-2.3874,-0.204558
21,98,-2.38334,-0.204457
22,98,-2.37945,-0.204647
23,98,-2.37542,-0.204977
24,98,-2.37103,-0.205184
25,98,-2.36674,-0.205107
26,98,-2.3626,-0.20501
27,98,-2.35856,-0.204871
28,98,-2.35476,-0.20486
29,98,-2.35101,-0.204674
30,98,-2.34683,-0.20485
31,98,-2.34257,-0.205002
32,98,-2.33877,-0.204857
33,98,-2.33475,-0.204737
34,98,-2.33024,-0.204441
35,98,-2.32625,-0.204321
36,98,-2.32176,-0.204138
37,98,-2.31787,-0.204
38,98,-2.31386,-0.204151
39,98,-2.30992,-0.204173
40,98,-2.30545,-0.203662
41,98,-2.3013,-0.203365
42,98,-2.29714,-0.203109
43,98,-2.29292,-0.203336
44,98,-2.28866,-0.203153
45,98,-2.28428,-0.202473
46,98,-2.28,-0.20192
47,98,-2.27604,-0.201765
48,98,-2.27222,-0.201426
49,98,-2.26814,-0.201134
50,98,-2.26387,-0.200685
51,98,-2.25961,-0.200438
52,98,-2.25501,-0.200023
53,98,-2.25075,-0.19939
54,98,-2.24649,-0.199269
55,98,-2.24218,-0.199051
56,98,-2.23814,-0.198521
57,98,-2.23465,-0.198237
58,98,-2.2304,-0.198119
59,98,-2.22571,-0.197681
60,98,-2.22136,-0.197282
61,98,-2.21732,-0.197147
62,98,-2.21322,-0.196863
63,98,-2.20889,-0.196575
64,98,-2.20449,-0.196478
65,98,-2.20024,-0.196178
66,98,-2.196,-0.19577
67,98,-2.19163,-0.195327
68,98,-2.18743,-0.19505
69,98,-2.18235,-0.194456
70,98,-2.17797,-0.194254
71,98,-2.17408,-0.194063
72,98,-2.1697,-0.194022
73,98,-2.16539,-0.194358
74,98,-2.16151,-0.19387
75,98,-2.15768,-0.193665
76,98,-2.15405,-0.19379
77,98,-2.14973,-0.193869
78,98,-2.14561,-0.193815
79,98,-2.14193,-0.193279
80,98,-2.13758,-0.192645
81,98,-2.13383,-0.19216
82,98,-2.1298,-0.191866
83,98,-2.12569,-0.19149
84,98,-2.1216,-0.191004
85,98,-2.11764,-0.190521
86,98,-2.11394,-0.190134
87,98,-2.10965,-0.189979
88,98,-2.10539,-0.189913
89,98,-2.10102,-0.189766
90,98,-2.09689,-0.189235
91,98,-2.09333,-0.188864
92,98,-2.08946,-0.188558
93,98,-2.08577,-0.188613
94,98,-2.082,-0.188819
95,98,-2.07791,-0.188767
96,98,-2.07415,-0.188672
97,98,-2.07011,-0.188214
98,98,-2.06572,-0.188131
99,98,-2.06105,-0.187955
100,98,-2.05651,-0.187879
101,98,-2.05217,-0.187844
102,98,-2.04795,-0.187158
103,98,-2.04352,-0.187144
104,98,-2.03883,-0.187364
105,98,-2.03404,-0.187391
106,98,-2.02904,-0.18775
107,98,-2.02416,-0.187901
108,98,-2.01935,-0.187895
109,98,-2.01438,-0.187659
110,98,-2.00967,-0.187846
111,98,-2.00487,-0.187618
112,98,-1.99986,-0.187486
113,98,-1.9953,-0.187421
114,98,-1.99065,-0.187228
115,98,-1.9858,-0.187276
116,98,-1.98119,-0.187175
117,98,-1.9766,-0.18686
118,98,-1.97183,-0.187022
119,98,-1.96757,-0.186649
120,98,-1.96313,-0.186736
121,98,-1.95859,-0.187008
122,98,-1.95401,-0.186961
123,98,-1.94946,-0.187409
124,98,-1.94516,-0.187331
125,98,-1.94096,-0.187284
126,98,-1.93642,-0.187636
127,98,-1.93206,-0.187734
128,98,-1.92811,-0.187757
129,98,-1.92329,-0.188235
130,98,-1.91861,-0.18841
131,98,-1.91394,-0.18867
132,98,-1.90928,-0.188981
133,98,-1.90496,-0.189508
134,98,-1.8999,-0.189877
135,98,-1.89515,-0.190865
136,98,-1.89072,-0.191432
137,98,-1.88603,-0.192034
138,98,-1.88132,-0.193137
139,98,-1.8765,-0.193327
140,98,-1.87224,-0.194361
141,98,-1.8675,-0.195628
142,98,-1.86291,-0.196611
143,98,-1.85834,-0.197783
144,98,-1.85328,-0.198859
145,98,-1.8483,-0.200306
146,98,-1.84342,-0.20141
147,98,-1.83822,-0.203123
148,98,-1.83322,-0.204419
149,98,-1.82804,-0.206345
150,98,-1.82278,-0.208374
151,98,-1.81731,-0.209827
152,98,-1.81235,-0.212017
153,98,-1.8071,-0.21393
154,98,-1.80172,-0.216211
155,98,-1.79673,-0.21848
156,98,-1.79135,-0.220944
157,98,-1.78569,-0.224262
158,98,-1.77987,-0.227174
159,98,-1.77427,-0.229846
160,98,-1.76877,-0.233498
161,98,-1.7627,-0.236569
162,98,-1.75684,-0.239924
163,98,-1.75102,-0.242843
164,98,-1.74506,-0.245711
165,98,-1.73926,-0.247785
166,98,-1.73361,-0.250062
167,98,-1.72815,-0.252035
168,98,-1.72263,-0.25397
169,98,-1.71712,-0.25592
170,98,-1.71127,-0.257359
171,98,-1.70536,-0.258292
172,98,-1.69929,-0.259399
173,98,-1.69344,-0.259805
174,98,-1.68775,-0.2602
175,98,-1.68159,-0.260051
176,98,-1.67565,-0.259623
177,98,-1.6698,-0.25931
178,98,-1.66425,-0.258836
179,98,-1.65874,-0.257577
180,98,-1.65249,-0.256109
181,98,-1.64632,-0.254382
182,98,-1.64108,-0.252687
183,98,-1.6355,-0.250809
184,98,-1.62936,-0.24866
185,98,-1.6237,-0.246197
186,98,-1.61779,-0.243765
187,98,-1.61131,-0.240752
188,98,-1.60514,-0.237405
189,98,-1.59914,-0.23387
190,98,-1.59365,-0.229744
191,98,-1.58765,-0.225489
192,98,-1.58165,-0.221339
193,98,-1.57573,-0.217532
194,98,-1.56991,-0.21351
195,98,-1.56441,-0.208953
196,98,-1.5587,-0.204821
197,98,-1.5531,-0.201044
198,98,-1.54781,-0.197067
199,98,-1.54256,-0.192985
200,98,-1.5371,-0.189003
201,98,-1.53151,-0.185534
202,98,-1.52606,-0.182252
203,98,-1.52059,-0.179204
204,98,-1.51521,-0.176317
205,98,-1.51001,-0.173712
206,98,-1.50453,-0.17057
207,98,-1.49934,-0.167733
208,98,-1.4942,-0.165658
209,98,-1.48904,-0.163187
210,98,-1.48424,-0.161154
211,98,-1.47922,-0.159398
212,98,-1.47445,-0.157739
213,98,-1.46977,-0.156172
214,98,-1.4648,-0.154521
215,98,-1.45966,-0.153052
216,98,-1.45499,-0.151793
217,98,-1.45035,-0.150603
218,98,-1.44548,-0.149412
219,98,-1.44094,-0.148094
220,98,-1.4363,-0.146784
221,98,-1.4317,-0.145421
222,98,-1.42704,-0.144263
223,98,-1.42234,-0.143377
224,98,-1.41755,-0.142305
225,98,-1.41311,-0.14091
226,98,-1.40901,-0.139513
227,98,-1.40479,-0.138332
228,98,-1.40038,-0.137411
229,98,-1.39666,-0.136637
230,98,-1.39274,-0.135638
231,98,-1.38866,-0.134702
232,98,-1.3849,-0.133723
233,98,-1.38111,-0.132733
234,98,-1.37754,-0.132083
235,98,-1.37391,-0.131093
236,98,-1.37025,-0.130433
237,98,-1.36681,-0.129744
238,98,-1.363,-0.129221
239,98,-1.35921,-0.128497
240,98,-1.35579,-0.127545
241,98,-1.35218,-0.126345
242,98,-1.34875,-0.12547
243,98,-1.34527,-0.124571
244,98,-1.34155,-0.123883
245,98,-1.33782,-0.123419
246,98,-1.33413,-0.123134
247,98,-1.32984,-0.122736
248,98,-1.32629,-0.122044
249,98,-1.32255,-0.121525
250,98,-1.31812,-0.121215
251,98,-1.31418,-0.120495
252,98,-1.31053,-0.119845
253,98,-1.30676,-0.119679
254,98,-1.30286,-0.119182
255,98,-1.29903,-0.118555
256,98,-1.29519,-0.118101
257,98,-1.29148,-0.117421
258,98,-1.28788,-0.116984
259,98,-1.28424,-0.116388
260,98,-1.2802,-0.115989
261,98,-1.27566,-0.115273
262,98,-1.27169,-0.114347
263,98,-1.26736,-0.114073
264,98,-1.26361,-0.113862
265,98,-1.25963,-0.113691
266,98,-1.25536,-0.113022
267,98,-1.25093,-0.112553
268,98,-1.24664,-0.112266
269,98,-1.24247,-0.11197
270,98,-1.23841,-0.111573
271,98,-1.23422,-0.11112
272,98,-1.22954,-0.110757
273,98,-1.22521,-0.110312
274,98,-1.2215,-0.110093
275,98,-1.21744,-0.109686
276,98,-1.21315,-0.109114
277,98,-1.2085,-0.108395
278,98,-1.20418,-0.10821
279,98,-1.19979,-0.10784
280,98,-1.1956,-0.10769
281,98,-1.19169,-0.107398
282,98,-1.18733,-0.107391
283,98,-1.18292,-0.106857
284,98,-1.17857,-0.106523
285,98,-1.17411,-0.106112
286,98,-1.17019,-0.105925
287,98,-1.16573,-0.105152
288,98,-1.16208,-0.104791
289,98,-1.15788,-0.104901
290,98,-1.15421,-0.10431
291,98,-1.1504,-0.103732
292,98,-1.14616,-0.103129
293,98,-1.14231,-0.102505
294,98,-1.1384,-0.102061
295,98,-1.1344,-0.101772
296,98,-1.13088,-0.101936
297,98,-1.12662,-0.101323
298,98,-1.12264,-0.101102
299,98,-1.11854,-0.100655
300,98,-1.11462,-0.100156
301,98,-1.11047,-0.0995952
302,98,-1.10655,-0.0988335
303,98,-1.1025,-0.0984136
304,98,-1.09854,-0.0980509
305,98,-1.09457,-0.0973449
306,98,-1.09101,-0.0969676
307,98,-1.08744,-0.0961891
308,98,-1.08382,-0.095651
309,98,-1.0798,-0.0950051
310,98,-1.07634,-0.0944231
311,98,-1.07248,-0.0936997
312,98,-1.06844,-0.0929978
313,98,-1.06457,-0.0922846
314,98,-1.06043,-0.0914948
315,98,-1.0564,-0.0906654
316,98,-1.05233,-0.0903687
317,98,-1.04795,-0.0897865
318,98,-1.04375,-0.0892869
319,98,-1.03941,-0.0889975
320,98,-1.0352,-0.0884296
321,98,-1.03131,-0.0876755
322,98,-1.02712,-0.0870641
323,98,-1.02292,-0.0866385
324,98,-1.01886,-0.0863342
325,98,-1.01472,-0.0860593
326,98,-1.01094,-0.0851112
327,98,-1.00667,-0.0845233
11,99,-2.42288,-0.206494
12,99,-2.41943,-0.205787
13,99,-2.41557,-0.205707
14,99,-2.4119,-0.205467
15,99,-2.40771,-0.20543
16,99,-2.40379,-0.205551
17,99,-2.39979,-0.20548
18,99,-2.39567,-0.205458
19,99,-2.3915,-0.205216
20,99,-2.38778,-0.205399
21,99,-2.38354,-0.20545
22,99,-2.37981,-0.205412
23,99,-2.37542,-0.205735
24,99,-2.37135,-0.205517
25,99,-2.36712,-0.205529
26,99,-2.36315,-0.205404
27,99,-2.35902,-0.205484
28,99,-2.35489,-0.205331
29,99,-2.35105,-0.205329
30,99,-2.34701,-0.205064
31,99,-2.34302,-0.205267
32,99,-2.3387,-0.205008
33,99,-2.33466,-0.204707
34,99,-2.33024,-0.204512
35,99,-2.32608,-0.204515
36,99,-2.32183,-0.204406
37,99,-2.31786,-0.204385
38,99,-2.3141,-0.204525
39,99,-2.30993,-0.204492
40,99,-2.30577,-0.204026
41,99,-2.30136,-0.203741
42,99,-2.29711,-0.203487
43,99,-2.29282,-0.2037
44,99,-2.2887,-0.203365
45,99,-2.28432,-0.202832
46,99,-2.28003,-0.202232
47,99,-2.27557,-0.201856
48,99,-2.27191,-0.2018
49,99,-2.26788,-0.201629
50,99,-2.26383,-0.201105
51,99,-2.25946,-0.200592
52,99,-2.25497,-0.200207
53,99,-2.25085,-0.199973
54,99,-2.24661,-0.199923
55,99,-2.24235,-0.199443
56,99,-2.23842,-0.199126
57,99,-2.23462,-0.198675
58,99,-2.23049,-0.198559
59,99,-2.22573,-0.198406
60,99,-2.22115,-0.197877
61,99,-2.21711,-0.197649
62,99,-2.2129,-0.197034
63,99,-2.2084,-0.197067
64,99,-2.20407,-0.197228
65,99,-2.19965,-0.196984
66,99,-2.19537,-0.196561
67,99,-2.19056,-0.19586
68,99,-2.18644,-0.195402
69,99,-2.18211,-0.195149
70,99,-2.17775,-0.194988
71,99,-2.17353,-0.194577
72,99,-2.16921,-0.194574
73,99,-2.1651,-0.194812
74,99,-2.16091,-0.194399
75,99,-2.15701,-0.194125
76,99,-2.15348,-0.194081
77,99,-2.14914,-0.194372
78,99,-2.14543,-0.194128
79,99,-2.14173,-0.193594
80,99,-2.13744,-0.193142
81,99,-2.13333,-0.1929
82,99,-2.12912,-0.192552
83,99,-2.12481,-0.19214
84,99,-2.12074,-0.191924
85,99,-2.11725,-0.191139
86,99,-2.11315,-0.190709
87,99,-2.10894,-0.190869
88,99,-2.10471,-0.190809
89,99,-2.10022,-0.190974
90,99,-2.09659,-0.190347
91,99,-2.09283,-0.189538
92,99,-2.08888,-0.189402
93,99,-2.08496,-0.189673
94,99,-2.08088,-0.189475
95,99,-2.07716,-0.189297
96,99,-2.07346,-0.189447
97,99,-2.06936,-0.189094
98,99,-2.06506,-0.189004
99,99,-2.06051,-0.188451
100,99,-2.0558,-0.18819
101,99,-2.05148,-0.188144
102,99,-2.04731,-0.187853
103,99,-2.04253,-0.187819
104,99,-2.03743,-0.187883
105,99,-2.03279,-0.187816
106,99,-2.02789,-0.188117
107,99,-2.02313,-0.188537
108,99,-2.01833,-0.188751
109,99,-2.01333,-0.188279
110,99,-2.00867,-0.188093
111,99,-2.00376,-0.188066
112,99,-1.99895,-0.187895
113,99,-1.99414,-0.187707
114,99,-1.98973,-0.187576
115,99,-1.98467,-0.187913
116,99,-1.98018,-0.187672
117,99,-1.9757,-0.187238
118,99,-1.97076,-0.187499
119,99,-1.96623,-0.187345
120,99,-1.96166,-0.187704
121,99,-1.95747,-0.187936
122,99,-1.95272,-0.188014
123,99,-1.94818,-0.188149
124,99,-1.94361,-0.187961
125,99,-1.93942,-0.187899
126,99,-1.93485,-0.188405
127,99,-1.93055,-0.188612
128,99,-1.92658,-0.188515
129,99,-1.92187,-0.188898
130,99,-1.91732,-0.189249
131,99,-1.91258,-0.189473
132,99,-1.90783,-0.189893
133,99,-1.90294,-0.190448
134,99,-1.898,-0.191047
135,99,-1.89373,-0.192009
136,99,-1.88902,-0.192385
137,99,-1.88472,-0.192716
138,99,-1.87978,-0.193663
139,99,-1.87513,-0.194125
140,99,-1.87066,-0.195312
141,99,-1.86611,-0.196454
142,99,-1.86131,-0.197622
143,99,-1.85669,-0.198802
144,99,-1.85198,-0.2001
145,99,-1.84727,-0.201284
146,99,-1.84216,-0.202606
147,99,-1.83706,-0.204304
148,99,-1.83192,-0.20555
149,99,-1.82653,-0.207258
150,99,-1.82131,-0.209261
151,99,-1.81587,-0.210937
152,99,-1.81076,-0.212937
153,99,-1.80562,-0.214995
154,99,-1.8003,-0.217344
155,99,-1.79503,-0.219855
156,99,-1.78948,-0.222322
157,99,-1.7844,-0.225341
158,99,-1.77866,-0.228495
159,99,-1.7733,-0.231255
160,99,-1.76775,-0.234223
161,99,-1.76182,-0.237406
162,99,-1.75591,-0.240492
163,99,-1.7502,-0.243589
164,99,-1.74457,-0.246544
165,99,-1.73884,-0.248226
166,99,-1.73293,-0.250694
167,99,-1.7278,-0.252532
168,99,-1.72254,-0.254546
169,99,-1.71679,-0.256335
170,99,-1.71124,-0.257523
171,99,-1.70543,-0.258548
172,99,-1.69965,-0.259609
173,99,-1.69366,-0.260157
174,99,-1.68797,-0.260633
175,99,-1.68192,-0.26054
176,99,-1.67642,-0.260181
177,99,-1.67033,-0.259579
178,99,-1.66514,-0.259116
179,99,-1.65944,-0.258201
180,99,-1.65331,-0.256689
181,99,-1.64727,-0.254992
182,99,-1.64188,-0.253463
183,99,-1.63648,-0.251261
184,99,-1.63089,-0.249361
185,99,-1.62499,-0.247069
186,99,-1.6189,-0.244495
187,99,-1.61266,-0.241435
188,99,-1.60639,-0.238245
189,99,-1.60075,-0.234436
190,99,-1.59548,-0.230469
191,99,-1.58952,-0.226831
192,99,-1.58351,-0.22266
193,99,-1.57747,-0.218854
194,99,-1.57176,-0.21491
195,99,-1.56611,-0.210415
196,99,-1.56049,-0.206144
197,99,-1.55512,-0.20206
198,99,-1.54988,-0.198387
199,99,-1.54458,-0.194484
200,99,-1.53919,-0.19051
201,99,-1.5338,-0.186885
202,99,-1.52841,-0.183402
203,99,-1.52293,-0.180381
204,99,-1.51777,-0.177585
205,99,-1.51247,-0.174962
206,99,-1.50706,-0.172029
207,99,-1.50193,-0.169026
208,99,-1.49653,-0.166611
209,99,-1.49165,-0.16439
210,99,-1.48683,-0.1624
211,99,-1.48168,-0.160599
212,99,-1.47694,-0.158848
213,99,-1.47225,-0.157333
214,99,-1.46755,-0.155745
215,99,-1.4627,-0.154091
216,99,-1.45789,-0.152825
217,99,-1.45318,-0.151774
218,99,-1.44818,-0.150546
219,99,-1.44345,-0.149128
220,99,-1.43875,-0.147744
221,99,-1.4336,-0.146488
222,99,-1.42897,-0.145212
223,99,-1.42473,-0.144168
224,99,-1.41994,-0.143285
225,99,-1.41556,-0.141713
226,99,-1.41121,-0.14028
227,99,-1.40717,-0.139264
228,99,-1.40307,-0.138444
229,99,-1.39856,-0.137528
230,99,-1.39491,-0.136803
231,99,-1.39117,-0.135921
232,99,-1.38725,-0.134996
233,99,-1.38316,-0.134092
234,99,-1.37937,-0.133114
235,99,-1.37609,-0.132459
236,99,-1.37242,-0.13156
237,99,-1.36871,-0.131011
238,99,-1.36543,-0.130425
239,99,-1.36172,-0.129698
240,99,-1.35792,-0.128756
241,99,-1.35437,-0.127403
242,99,-1.35106,-0.126483
243,99,-1.34746,-0.125944
244,99,-1.34351,-0.125288
245,99,-1.33969,-0.124716
246,99,-1.3358,-0.123857
247,99,-1.33192,-0.123155
248,99,-1.32823,-0.122942
249,99,-1.32437,-0.122289
250,99,-1.32024,-0.1222
251,99,-1.31617,-0.121604
252,99,-1.31249,-0.121103
253,99,-1.3086,-0.120556
254,99,-1.30486,-0.120013
255,99,-1.30114,-0.119597
256,99,-1.29731,-0.119013
257,99,-1.29334,-0.118391
258,99,-1.28969,-0.117733
259,99,-1.28584,-0.117002
260,99,-1.28177,-0.116697
261,99,-1.27751,-0.115989
262,99,-1.27319,-0.115365
263,99,-1.26908,-0.114736
264,99,-1.26535,-0.114316
265,99,-1.26117,-0.113992
266,99,-1.25689,-0.113765
267,99,-1.25248,-0.113268
268,99,-1.24834,-0.11288
269,99,-1.24389,-0.112777
270,99,-1.23975,-0.112611
271,99,-1.23544,-0.112058
272,99,-1.23094,-0.111431
273,99,-1.22671,-0.110975
274,99,-1.22266,-0.110809
275,99,-1.21836,-0.110237
276,99,-1.21419,-0.109464
277,99,-1.20953,-0.109009
278,99,-1.20533,-0.108858
279,99,-1.20116,-0.108475
280,99,-1.19723,-0.108052
281,99,-1.19273,-0.107989
282,99,-1.18866,-0.107667
283,99,-1.18408,-0.107355
284,99,-1.17992,-0.107155
285,99,-1.17555,-0.106844
286,99,-1.17148,-0.106705
287,99,-1.16722,-0.105961
288,99,-1.16297,-0.105717
289,99,-1.15922,-0.105696
290,99,-1.15536,-0.105051
291,99,-1.1517,-0.104288
292,99,-1.14757,-0.103795
293,99,-1.14323,-0.103312
294,99,-1.13946,-0.102743
295,99,-1.13543,-0.102565
296,99,-1.13178,-0.102367
297,99,-1.12709,-0.101855
298,99,-1.12341,-0.101517
299,99,-1.11953,-0.101183
300,99,-1.11553,-0.100981
301,99,-1.11164,-0.100386
302,99,-1.10744,-0.0995802
303,99,-1.10345,-0.0992196
304,99,-1.0997,-0.0988499
305,99,-1.09559,-0.0984435
306,99,-1.09182,-0.0976491
307,99,-1.08819,-0.0971486
308,99,-1.08452,-0.0964
309,99,-1.08031,-0.0958331
310,99,-1.07679,-0.0950615
311,99,-1.07299,-0.094431
312,99,-1.06913,-0.0936323
313,99,-1.06524,-0.0928804
314,99,-1.06116,-0.0923425
315,99,-1.05722,-0.0918637
316,99,-1.05297,-0.0913416
317,99,-1.04839,-0.0907344
318,99,-1.04422,-0.0904661
319,99,-1.03983,-0.0898816
320,99,-1.03569,-0.0893364
321,99,-1.032,-0.088605
322,99,-1.02783,-0.087991
323,99,-1.0237,-0.0875319
324,99,-1.0193,-0.0870728
325,99,-1.01546,-0.0865242
326,99,-1.01151,-0.0856194
327,99,-1.00723,-0.0850307
11,100,-2.42323,-0.205987
12,100,-2.41922,-0.205729
13,100,-2.41594,-0.205785
14,100,-2.41246,-0.205736
15,100,-2.40844,-0.20594
16,100,-2.40428,-0.20583
17,100,-2.40017,-0.205949
18,100,-2.39605,-0.205842
19,100,-2.39233,-0.205513
20,100,-2.38818,-0.205485
21,100,-2.38432,-0.205911
22,100,-2.38007,-0.20588
23,100,-2.37566,-0.206074
24,100,-2.37161,-0.205902
25,100,-2.36732,-0.205787
26,100,-2.36344,-0.205957
27,100,-2.3595,-0.205794
28,100,-2.35509,-0.205914
29,100,-2.35116,-0.205899
30,100,-2.34686,-0.205523
31,100,-2.34315,-0.205591
32,100,-2.33894,-0.205389
33,100,-2.3349,-0.204947
34,100,-2.33054,-0.204728
35,100,-2.3262,-0.204645
36,100,-2.32233,-0.204567
37,100,-2.31854,-0.204677
38,100,-2.31456,-0.204976
39,100,-2.31044,-0.205056
40,100,-2.30599,-0.204411
41,100,-2.3017,-0.204135
42,100,-2.29696,-0.203887
43,100,-2.2929,-0.204202
44,100,-2.2888,-0.20386
45,100,-2.28457,-0.20319
46,100,-2.28029,-0.203012
47,100,-2.27588,-0.202645
48,100,-2.27177,-0.202362
49,100,-2.26754,-0.201912
50,100,-2.26338,-0.20153
51,100,-2.25925,-0.201017
52,100,-2.25516,-0.200921
53,100,-2.25073,-0.200814
54,100,-2.24658,-0.200565
55,100,-2.24264,-0.199629
56,100,-2.23838,-0.19942
57,100,-2.23433,-0.199349
58,100,-2.2298,-0.199108
59,100,-2.22523,-0.198738
60,100,-2.22119,-0.198518
61,100,-2.21689,-0.198087
62,100,-2.21244,-0.197784
63,100,-2.20788,-0.197836
64,100,-2.20379,-0.197461
65,100,-2.19954,-0.197028
66,100,-2.19471,-0.196653
67,100,-2.1903,-0.196276
68,100,-2.18599,-0.195799
69,100,-2.1819,-0.195872
70,100,-2.17734,-0.19562
71,100,-2.17324,-0.195186
72,100,-2.16919,-0.195165
73,100,-2.16488,-0.195066
74,100,-2.16059,-0.195172
75,100,-2.15669,-0.195168
76,100,-2.15281,-0.194883
77,100,-2.14872,-0.194813
78,100,-2.14496,-0.194634
79,100,-2.14108,-0.19421
80,100,-2.13697,-0.193736
81,100,-2.13277,-0.193806
82,100,-2.12855,-0.193869
83,100,-2.1241,-0.192922
84,100,-2.11999,-0.1923
85,100,-2.11656,-0.191723
86,100,-2.11255,-0.191652
87,100,-2.10846,-0.191878
88,100,-2.10432,-0.191793
89,100,-2.09992,-0.191516
90,100,-2.09616,-0.190918
91,100,-2.09249,-0.190659
92,100,-2.08845,-0.190491
93,100,-2.08432,-0.190495
94,100,-2.08028,-0.190339
95,100,-2.07642,-0.189918
96,100,-2.07261,-0.189805
97,100,-2.06843,-0.189581
98,100,-2.064,-0.189034
99,100,-2.05952,-0.188676
100,100,-2.05514,-0.18857
101,100,-2.05064,-0.188544
102,100,-2.04623,-0.188387
103,100,-2.04139,-0.18841
104,100,-2.03657,-0.188334
105,100,-2.03211,-0.188376
106,100,-2.0269,-0.188698
107,100,-2.02218,-0.189008
108,100,-2.01743,-0.189124
109,100,-2.01258,-0.188767
110,100,-2.00786,-0.188624
111,100,-2.00286,-0.188799
112,100,-1.9979,-0.188509
113,100,-1.99296,-0.188367
114,100,-1.98846,-0.188494
115,100,-1.98363,-0.188559
116,100,-1.97871,-0.188672
117,100,-1.97424,-0.187988
118,100,-1.9694,-0.187717
119,100,-1.96455,-0.187806
120,100,-1.96037,-0.188412
121,100,-1.95616,-0.188906
122,100,-1.95167,-0.188458
123,100,-1.94727,-0.188517
124,100,-1.94292,-0.18879
125,100,-1.93837,-0.188862
126,100,-1.93362,-0.189157
127,100,-1.92902,-0.189503
128,100,-1.92505,-0.18964
129,100,-1.92067,-0.189844
130,100,-1.91597,-0.189953
131,100,-1.91132,-0.190188
132,100,-1.90666,-0.190488
133,100,-1.90158,-0.191311
134,100,-1.89668,-0.191964
135,100,-1.89246,-0.192876
136,100,-1.88782,-0.193245
137,100,-1.88311,-0.193538
138,100,-1.87829,-0.194086
139,100,-1.87357,-0.194907
140,100,-1.86912,-0.196135
141,100,-1.86444,-0.197452
142,100,-1.86,-0.198513
143,100,-1.85523,-0.199928
144,100,-1.8506,-0.201063
145,100,-1.84553,-0.202357
146,100,-1.84025,-0.203679
147,100,-1.83574,-0.205283
148,100,-1.83081,-0.20674
149,100,-1.82559,-0.20799
150,100,-1.8203,-0.21039
151,100,-1.81506,-0.212117
152,100,-1.80958,-0.214191
153,100,-1.8044,-0.216139
154,100,-1.79898,-0.218517
155,100,-1.79403,-0.221291
156,100,-1.78851,-0.223807
157,100,-1.78316,-0.226487
158,100,-1.77777,-0.22931
159,100,-1.77228,-0.232316
160,100,-1.76693,-0.235276
161,100,-1.76098,-0.238332
162,100,-1.75505,-0.241216
163,100,-1.7495,-0.244059
164,100,-1.74409,-0.246786
165,100,-1.73873,-0.249302
166,100,-1.7328,-0.251412
167,100,-1.72736,-0.253297
168,100,-1.7223,-0.255137
169,100,-1.71632,-0.256656
170,100,-1.71082,-0.258299
171,100,-1.70551,-0.259233
172,100,-1.6997,-0.259892
173,100,-1.69366,-0.26072
174,100,-1.68827,-0.261284
175,100,-1.6825,-0.261335
176,100,-1.67695,-0.260918
177,100,-1.67098,-0.259994
178,100,-1.66525,-0.259394
179,100,-1.65987,-0.258915
180,100,-1.65435,-0.257612
181,100,-1.64843,-0.256081
182,100,-1.64293,-0.254667
183,100,-1.63729,-0.252198
184,100,-1.63171,-0.249903
185,100,-1.62587,-0.247424
186,100,-1.61997,-0.244871
187,100,-1.61401,-0.241615
188,100,-1.60807,-0.238374
189,100,-1.60239,-0.235282
190,100,-1.59688,-0.231643
191,100,-1.59102,-0.227926
192,100,-1.58484,-0.223821
193,100,-1.57922,-0.219896
194,100,-1.57382,-0.215825
195,100,-1.56821,-0.211446
196,100,-1.56248,-0.207399
197,100,-1.55716,-0.203519
198,100,-1.55196,-0.199859
199,100,-1.54646,-0.195768
200,100,-1.54102,-0.191831
201,100,-1.5361,-0.188204
202,100,-1.53104,-0.184668
203,100,-1.5254,-0.181657
204,100,-1.52002,-0.178784
205,100,-1.51487,-0.17613
206,100,-1.50944,-0.17327
207,100,-1.50402,-0.170272
208,100,-1.49899,-0.167868
209,100,-1.49416,-0.165858
210,100,-1.48931,-0.163943
211,100,-1.4843,-0.161888
212,100,-1.47941,-0.160079
213,100,-1.47474,-0.158581
214,100,-1.47015,-0.156876
215,100,-1.4654,-0.155403
216,100,-1.46042,-0.153919
217,100,-1.45547,-0.152458
218,100,-1.45061,-0.151388
219,100,-1.44583,-0.15002
220,100,-1.44089,-0.148772
221,100,-1.43595,-0.147481
222,100,-1.43113,-0.145977
223,100,-1.42691,-0.145049
224,100,-1.42239,-0.144019
225,100,-1.4176,-0.142775
226,100,-1.4134,-0.141521
227,100,-1.40956,-0.140509
228,100,-1.4055,-0.139696
229,100,-1.40094,-0.138663
230,100,-1.39726,-0.13804
231,100,-1.39318,-0.136991
232,100,-1.3891,-0.136028
233,100,-1.38517,-0.135276
234,100,-1.38144,-0.134223
235,100,-1.3782,-0.133367
236,100,-1.37429,-0.132947
237,100,-1.37061,-0.132081
238,100,-1.36734,-0.131511
239,100,-1.36356,-0.130795
240,100,-1.3599,-0.130012
241,100,-1.35632,-0.128794
242,100,-1.35306,-0.127836
243,100,-1.34947,-0.127356
244,100,-1.34562,-0.126567
245,100,-1.34181,-0.125841
246,100,-1.33794,-0.124929
247,100,-1.33428,-0.124312
248,100,-1.33013,-0.123874
249,100,-1.3263,-0.123495
250,100,-1.32225,-0.123309
251,100,-1.31814,-0.122555
252,100,-1.31428,-0.121819
253,100,-1.31043,-0.121354
254,100,-1.30648,-0.121092
255,100,-1.30262,-0.120332
256,100,-1.29867,-0.119905
257,100,-1.29487,-0.11906
258,100,-1.291,-0.118627
259,100,-1.28727,-0.117997
260,100,-1.28321,-0.117361
261,100,-1.27888,-0.116912
262,100,-1.2748,-0.11597
263,100,-1.27068,-0.115492
264,100,-1.26672,-0.115075
265,100,-1.26241,-0.114718
266,100,-1.25819,-0.114397
267,100,-1.25396,-0.113993
268,100,-1.24967,-0.113831
269,100,-1.24539,-0.113208
270,100,-1.24099,-0.112875
271,100,-1.23686,-0.112836
272,100,-1.23235,-0.112011
273,100,-1.22814,-0.111628
274,100,-1.22369,-0.111259
275,100,-1.2195,-0.110773
276,100,-1.21496,-0.110135
277,100,-1.2107,-0.109755
278,100,-1.20644,-0.109686
279,100,-1.20243,-0.109394
280,100,-1.19832,-0.108931
281,100,-1.19381,-0.108625
282,100,-1.18942,-0.108395
283,100,-1.18506,-0.107895
284,100,-1.18103,-0.107852
285,100,-1.17708,-0.107205
286,100,-1.17266,-0.107115
287,100,-1.16832,-0.106563
288,100,-1.16422,-0.106136
289,100,-1.16022,-0.105762
290,100,-1.1565,-0.10563
291,100,-1.1524,-0.105029
292,100,-1.14846,-0.104252
293,100,-1.14411,-0.103835
294,100,-1.1405,-0.103219
295,100,-1.13652,-0.102872
296,100,-1.13274,-0.102643
297,100,-1.12855,-0.102344
298,100,-1.12435,-0.102122
299,100,-1.12054,-0.101853
300,100,-1.11646,-0.101509
301,100,-1.11263,-0.101061
302,100,-1.10857,-0.100452
303,100,-1.10431,-0.099944
304,100,-1.10059,-0.0996289
305,100,-1.09688,-0.0991081
306,100,-1.09288,-0.0986511
307,100,-1.089,-0.0981744
308,100,-1.08514,-0.0972613
309,100,-1.08084,-0.0965717
310,100,-1.07739,-0.0959941
311,100,-1.07397,-0.0953987
312,100,-1.0698,-0.09456
313,100,-1.06594,-0.0937304
314,100,-1.06169,-0.093225
315,100,-1.05772,-0.0926551
316,100,-1.05349,-0.0921447
317,100,-1.049,-0.0915722
318,100,-1.04476,-0.0911754
319,100,-1.04045,-0.0904783
320,100,-1.03635,-0.0897828
321,100,-1.03229,-0.0891898
322,100,-1.02825,-0.088934
323,100,-1.02404,-0.0882089
324,100,-1.0196,-0.0876847
325,100,-1.0154,-0.0870325
326,100,-1.01141,-0.0860767
327,100,-1.00759,-0.0853706
11,101,-2.42324,-0.20635
12,101,-2.41954,-0.206336
13,101,-2.41605,-0.206171
14,101,-2.41237,-0.20607
15,101,-2.40863,-0.206137
16,101,-2.40476,-0.206235
17,101,-2.40085,-0.206508
18,101,-2.39649,-0.206463
19,101,-2.39265,-0.206119
20,101,-2.3884,-0.206049
21,101,-2.38458,-0.206451
22,101,-2.3803,-0.206452
23,101,-2.37593,-0.206172
24,101,-2.37193,-0.206287
25,101,-2.36749,-0.206311
26,101,-2.36366,-0.206457
27,101,-2.35993,-0.206338
28,101,-2.35554,-0.206373
29,101,-2.35135,-0.206171
30,101,-2.34743,-0.206054
31,101,-2.34348,-0.206019
32,101,-2.3391,-0.206009
33,101,-2.33514,-0.205376
34,101,-2.33126,-0.204907
35,101,-2.32692,-0.20495
36,101,-2.32277,-0.205047
37,101,-2.31873,-0.205178
38,101,-2.31465,-0.205078
39,101,-2.31049,-0.204977
40,101,-2.30597,-0.204874
41,101,-2.30179,-0.204365
42,101,-2.29723,-0.204263
43,101,-2.29342,-0.204335
44,101,-2.28908,-0.204283
45,101,-2.28462,-0.203891
46,101,-2.28054,-0.203456
47,101,-2.27597,-0.202839
48,101,-2.27167,-0.202661
49,101,-2.26778,-0.202092
50,101,-2.26328,-0.202026
51,101,-2.25918,-0.201514
52,101,-2.25501,-0.2012
53,101,-2.25071,-0.200892
54,101,-2.24647,-0.200674
55,101,-2.24221,-0.2002
56,101,-2.23831,-0.199743
57,101,-2.23424,-0.19966
58,101,-2.22998,-0.199562
59,101,-2.2252,-0.199016
60,101,-2.22073,-0.198647
61,101,-2.21645,-0.198518
62,101,-2.21213,-0.197982
63,101,-2.20779,-0.197635
64,101,-2.20381,-0.19747
65,101,-2.19923,-0.197447
66,101,-2.19461,-0.197021
67,101,-2.19007,-0.196579
68,101,-2.18599,-0.196467
69,101,-2.18183,-0.196302
70,101,-2.17737,-0.196259
71,101,-2.17309,-0.1961
72,101,-2.16871,-0.195862
73,101,-2.16458,-0.195548
74,101,-2.16009,-0.195575
75,101,-2.15608,-0.195909
76,101,-2.15247,-0.1957
77,101,-2.14858,-0.195479
78,101,-2.14462,-0.195279
79,101,-2.14057,-0.195383
80,101,-2.13661,-0.195117
81,101,-2.13236,-0.195015
82,101,-2.12835,-0.194582
83,101,-2.12423,-0.193391
84,101,-2.11976,-0.193039
85,101,-2.11607,-0.192923
86,101,-2.11231,-0.192556
87,101,-2.10815,-0.192418
88,101,-2.10393,-0.191981
89,101,-2.09977,-0.191456
90,101,-2.09584,-0.191519
91,101,-2.09192,-0.191312
92,101,-2.08788,-0.191145
93,101,-2.08355,-0.191136
94,101,-2.07952,-0.191021
95,101,-2.07548,-0.190635
96,101,-2.07156,-0.190362
97,101,-2.06758,-0.190226
98,101,-2.0631,-0.189529
99,101,-2.05885,-0.189257
100,101,-2.05423,-0.189163
101,101,-2.04967,-0.188906
102,101,-2.04542,-0.188767
103,101,-2.04072,-0.188785
104,101,-2.03589,-0.188966
105,101,-2.03126,-0.189033
106,101,-2.02651,-0.189187
107,101,-2.02137,-0.189196
108,101,-2.01671,-0.189397
109,101,-2.01218,-0.189634
110,101,-2.0071,-0.189188
111,101,-2.0023,-0.189415
112,101,-1.99712,-0.18938
113,101,-1.99222,-0.189149
114,101,-1.98744,-0.189075
115,101,-1.98242,-0.189071
116,101,-1.97748,-0.18911
117,101,-1.97307,-0.188742
118,101,-1.96818,-0.188699
119,101,-1.9637,-0.188768
120,101,-1.95949,-0.189094
121,101,-1.95488,-0.189217
122,101,-1.9505,-0.188977
123,101,-1.94629,-0.189164
124,101,-1.9418,-0.189287
125,101,-1.93719,-0.189511
126,101,-1.93262,-0.189853
127,101,-1.92771,-0.19025
128,101,-1.92322,-0.19026
129,101,-1.91898,-0.190588
130,101,-1.91475,-0.190826
131,101,-1.91008,-0.19132
132,101,-1.90563,-0.191538
133,101,-1.90071,-0.192217
134,101,-1.8954,-0.192834
135,101,-1.89112,-0.193687
136,101,-1.88675,-0.194395
137,101,-1.88214,-0.194459
138,101,-1.87739,-0.195009
139,101,-1.87235,-0.195566
140,101,-1.86787,-0.196776
141,101,-1.86265,-0.198499
142,101,-1.85804,-0.199565
143,101,-1.85375,-0.201139
144,101,-1.84871,-0.202195
145,101,-1.844,-0.203268
146,101,-1.8388,-0.204976
147,101,-1.83413,-0.206223
148,101,-1.82925,-0.207398
149,101,-1.82428,-0.2095
150,101,-1.81876,-0.211643
151,101,-1.81366,-0.213411
152,101,-1.80896,-0.215445
153,101,-1.80318,-0.217572
154,101,-1.79791,-0.219764
155,101,-1.79291,-0.222142
156,101,-1.78735,-0.224668
157,101,-1.78198,-0.227193
158,101,-1.77664,-0.230523
159,101,-1.77108,-0.233183
160,101,-1.76571,-0.235977
161,101,-1.76011,-0.239217
162,101,-1.75473,-0.2419
163,101,-1.74895,-0.244605
164,101,-1.74347,-0.247064
165,101,-1.7381,-0.249741
166,101,-1.73235,-0.251546
167,101,-1.72685,-0.253702
168,101,-1.72149,-0.255521
169,101,-1.71583,-0.25701
170,101,-1.71071,-0.258674
171,101,-1.70549,-0.259898
172,101,-1.69977,-0.260812
173,101,-1.69429,-0.261599
174,101,-1.68848,-0.262272
175,101,-1.68294,-0.262068
176,101,-1.67743,-0.261517
177,101,-1.67158,-0.260832
178,101,-1.66576,-0.260024
179,101,-1.66049,-0.259688
180,101,-1.65493,-0.258123
181,101,-1.64948,-0.256443
182,101,-1.64391,-0.254899
183,101,-1.63812,-0.253087
184,101,-1.63247,-0.25083
185,101,-1.6267,-0.247965
186,101,-1.62122,-0.245497
187,101,-1.61519,-0.242321
188,101,-1.60953,-0.239089
189,101,-1.60374,-0.236065
190,101,-1.59796,-0.232531
191,101,-1.59211,-0.228678
192,101,-1.58594,-0.224665
193,101,-1.58066,-0.220967
194,101,-1.57538,-0.216922
195,101,-1.56989,-0.212603
196,101,-1.56443,-0.208682
197,101,-1.5593,-0.204782
198,101,-1.55396,-0.200786
199,101,-1.54857,-0.196701
200,101,-1.54329,-0.19287
201,101,-1.53804,-0.189369
202,101,-1.53296,-0.186155
203,101,-1.52772,-0.182887
204,101,-1.52268,-0.180238
205,101,-1.51719,-0.177683
206,101,-1.51173,-0.174406
207,101,-1.50667,-0.171576
208,101,-1.50157,-0.169218
209,101,-1.49664,-0.167055
210,101,-1.49156,-0.165226
211,101,-1.48685,-0.163262
212,101,-1.48216,-0.161392
213,101,-1.47719,-0.159989
214,101,-1.4726,-0.15811
215,101,-1.46786,-0.156396
216,101,-1.46284,-0.155144
217,101,-1.45787,-0.153592
218,101,-1.45315,-0.152318
219,101,-1.44829,-0.151026
220,101,-1.44304,-0.149664
221,101,-1.43814,-0.148361
222,101,-1.43329,-0.147172
223,101,-1.42874,-0.146142
224,101,-1.4243,-0.145072
225,101,-1.41987,-0.143844
226,101,-1.4157,-0.142584
227,101,-1.41146,-0.141707
228,101,-1.40725,-0.140687
229,101,-1.40326,-0.139886
230,101,-1.39952,-0.139122
231,101,-1.39522,-0.138132
232,101,-1.39129,-0.137305
233,101,-1.38753,-0.136454
234,101,-1.38374,-0.13564
235,101,-1.3803,-0.134974
236,101,-1.37641,-0.134235
237,101,-1.37264,-0.133192
238,101,-1.36921,-0.132469
239,101,-1.36546,-0.13164
240,101,-1.36205,-0.1307
241,101,-1.35834,-0.129627
242,101,-1.35495,-0.128733
243,101,-1.35128,-0.128243
244,101,-1.34768,-0.127468
245,101,-1.34397,-0.126821
246,101,-1.33963,-0.125994
247,101,-1.33612,-0.12512
248,101,-1.33226,-0.124579
249,101,-1.32818,-0.124452
250,101,-1.32408,-0.124398
251,101,-1.32021,-0.123447
252,101,-1.31614,-0.122867
253,101,-1.31237,-0.122226
254,101,-1.30842,-0.121694
255,101,-1.30434,-0.121386
256,101,-1.30045,-0.120412
257,101,-1.29648,-0.11987
258,101,-1.29272,-0.119384
259,101,-1.28878,-0.1185
260,101,-1.2846,-0.11786
261,101,-1.2805,-0.117229
262,101,-1.27611,-0.116516
263,101,-1.27193,-0.116168
264,101,-1.26793,-0.115962
265,101,-1.26365,-0.115424
266,101,-1.25956,-0.115058
267,101,-1.25534,-0.114884
268,101,-1.25125,-0.114515
269,101,-1.2469,-0.114081
270,101,-1.24247,-0.113637
271,101,-1.23817,-0.113071
272,101,-1.23381,-0.112682
273,101,-1.22958,-0.112024
274,101,-1.2253,-0.111348
275,101,-1.22069,-0.111164
276,101,-1.21625,-0.11085
277,101,-1.21181,-0.110625
278,101,-1.20749,-0.110099
279,101,-1.2034,-0.109935
280,101,-1.19897,-0.109372
281,101,-1.19476,-0.109371
282,101,-1.19057,-0.109141
283,101,-1.18606,-0.108907
284,101,-1.18176,-0.108452
285,101,-1.17786,-0.107847
286,101,-1.17399,-0.107605
287,101,-1.16931,-0.10726
288,101,-1.16524,-0.106958
289,101,-1.16118,-0.106515
290,101,-1.15737,-0.105863
291,101,-1.15336,-0.105497
292,101,-1.14922,-0.104951
293,101,-1.1453,-0.104443
294,101,-1.14124,-0.104204
295,101,-1.13732,-0.103962
296,101,-1.13376,-0.103651
297,101,-1.12979,-0.10274
298,101,-1.12524,-0.102548
299,101,-1.12154,-0.102366
300,101,-1.11769,-0.102174
301,101,-1.11344,-0.102099
302,101,-1.10972,-0.101396
303,101,-1.10542,-0.100441
304,101,-1.1017,-0.100029
305,101,-1.09784,-0.0997419
306,101,-1.09384,-0.0992361
307,101,-1.0899,-0.0985074
308,101,-1.08611,-0.0981203
309,101,-1.0819,-0.0972119
310,101,-1.07805,-0.09671
311,101,-1.07432,-0.0961073
312,101,-1.07032,-0.095062
313,101,-1.06628,-0.0944495
314,101,-1.06184,-0.0937882
315,101,-1.05795,-0.0936248
316,101,-1.0539,-0.0929728
317,101,-1.04945,-0.0925593
318,101,-1.04519,-0.0919268
319,101,-1.04112,-0.0909349
320,101,-1.03704,-0.0903648
321,101,-1.03281,-0.0898351
322,101,-1.02874,-0.0896349
323,101,-1.02462,-0.0891871
324,101,-1.02012,-0.08854
325,101,-1.01586,-0.087489
326,101,-1.01192,-0.0865551
327,101,-1.00788,-0.0855103
11,102,-2.42368,-0.206306
12,102,-2.42024,-0.206591
13,102,-2.41663,-0.206685
14,102,-2.41297,-0.206601
15,102,-2.40918,-0.206717
16,102,-2.4053,-0.206821
17,102,-2.40134,-0.206657
18,102,-2.39713,-0.206923
19,102,-2.3932,-0.206589
20,102,-2.38908,-0.207129
21,102,-2.3847,-0.207034
22,102,-2.38048,-0.20698
23,102,-2.37639,-0.206881
24,102,-2.3725,-0.207042
25,102,-2.36824,-0.20677
26,102,-2.36417,-0.206984
27,102,-2.35976,-0.207131
28,102,-2.3558,-0.206895
29,102,-2.35132,-0.206649
30,102,-2.34791,-0.206185
31,102,-2.34374,-0.206045
32,102,-2.3395,-0.206211
33,102,-2.3357,-0.205463
34,102,-2.33168,-0.205623
35,102,-2.32766,-0.205307
36,102,-2.32309,-0.205557
37,102,-2.31892,-0.205247
38,102,-2.31472,-0.205401
39,102,-2.31038,-0.205301
40,102,-2.3064,-0.205201
41,102,-2.30196,-0.204733
42,102,-2.29767,-0.204773
43,102,-2.29348,-0.204588
44,102,-2.28889,-0.204328
45,102,-2.2843,-0.204069
46,102,-2.28005,-0.203735
47,102,-2.27548,-0.203276
48,102,-2.27148,-0.202779
49,102,-2.26754,-0.202249
50,102,-2.26346,-0.201884
51,102,-2.25929,-0.201609
52,102,-2.25543,-0.201373
53,102,-2.25101,-0.201142
54,102,-2.24651,-0.200851
55,102,-2.24212,-0.200581
56,102,-2.23815,-0.200017
57,102,-2.23374,-0.199907
58,102,-2.22988,-0.199554
59,102,-2.22508,-0.199381
60,102,-2.22026,-0.198609
61,102,-2.21623,-0.198486
62,102,-2.21189,-0.198364
63,102,-2.20765,-0.19803
64,102,-2.20364,-0.197821
65,102,-2.1987,-0.197543
66,102,-2.19445,-0.197359
67,102,-2.19001,-0.197201
68,102,-2.18573,-0.197116
69,102,-2.18137,-0.196284
70,102,-2.17729,-0.196645
71,102,-2.17292,-0.196601
72,102,-2.1682,-0.196354
73,102,-2.16398,-0.196046
74,102,-2.15975,-0.196048
75,102,-2.1559,-0.196379
76,102,-2.15178,-0.196172
77,102,-2.14782,-0.196131
78,102,-2.14415,-0.196096
79,102,-2.13975,-0.195902
80,102,-2.13618,-0.196172
81,102,-2.1324,-0.195986
82,102,-2.12794,-0.195039
83,102,-2.12349,-0.194498
84,102,-2.11896,-0.194119
85,102,-2.11552,-0.193722
86,102,-2.1115,-0.193168
87,102,-2.10748,-0.192752
88,102,-2.10342,-0.192378
89,102,-2.09921,-0.191909
90,102,-2.09566,-0.191903
91,102,-2.09124,-0.191854
92,102,-2.08724,-0.19197
93,102,-2.08327,-0.192083
94,102,-2.07887,-0.191679
95,102,-2.07489,-0.191069
96,102,-2.07096,-0.190993
97,102,-2.06689,-0.190798
98,102,-2.06228,-0.190052
99,102,-2.05807,-0.189826
100,102,-2.05361,-0.189471
101,102,-2.04905,-0.189469
102,102,-2.0448,-0.189512
103,102,-2.04003,-0.189301
104,102,-2.03496,-0.189692
105,102,-2.03023,-0.18966
106,102,-2.02576,-0.189629
107,102,-2.02071,-0.189667
108,102,-2.01631,-0.189765
109,102,-2.01142,-0.190094
110,102,-2.00642,-0.189883
111,102,-2.00174,-0.189858
112,102,-1.99632,-0.189902
113,102,-1.99123,-0.190051
114,102,-1.98653,-0.189717
115,102,-1.98162,-0.189831
116,102,-1.97669,-0.189553
117,102,-1.97179,-0.18935
118,102,-1.96695,-0.189388
119,102,-1.96258,-0.189747
120,102,-1.95841,-0.189715
121,102,-1.95418,-0.189579
122,102,-1.94917,-0.189465
123,102,-1.94499,-0.189617
124,102,-1.94074,-0.189982
125,102,-1.93602,-0.189874
126,102,-1.93135,-0.190256
127,102,-1.92676,-0.190664
128,102,-1.9221,-0.190681
129,102,-1.91767,-0.191176
130,102,-1.91342,-0.19166
131,102,-1.90882,-0.192099
132,102,-1.9042,-0.192491
133,102,-1.89932,-0.192997
134,102,-1.89446,-0.193483
135,102,-1.88973,-0.194226
136,102,-1.88517,-0.194809
137,102,-1.8809,-0.195125
138,102,-1.87671,-0.195812
139,102,-1.87132,-0.196557
140,102,-1.86624,-0.19786
141,102,-1.86174,-0.199431
142,102,-1.85698,-0.200626
143,102,-1.85264,-0.201966
144,102,-1.84752,-0.203371
145,102,-1.84255,-0.20432
146,102,-1.83762,-0.205607
147,102,-1.83287,-0.207241
148,102,-1.82774,-0.208492
149,102,-1.82281,-0.210428
150,102,-1.81744,-0.212593
151,102,-1.8124,-0.214491
152,102,-1.80778,-0.216302
153,102,-1.80222,-0.218484
154,102,-1.79688,-0.220723
155,102,-1.79151,-0.223015
156,102,-1.7862,-0.225788
157,102,-1.78101,-0.228446
158,102,-1.7756,-0.23139
159,102,-1.77011,-0.233956
160,102,-1.76464,-0.236507
161,102,-1.75962,-0.239861
162,102,-1.75424,-0.242409
163,102,-1.74851,-0.244882
164,102,-1.74301,-0.247559
165,102,-1.73745,-0.249741
166,102,-1.73172,-0.251733
167,102,-1.72613,-0.254317
168,102,-1.72092,-0.25605
169,102,-1.7159,-0.257663
170,102,-1.71035,-0.259239
171,102,-1.70508,-0.260641
172,102,-1.69971,-0.261498
173,102,-1.69425,-0.262058
174,102,-1.68888,-0.262571
175,102,-1.68348,-0.262337
176,102,-1.67781,-0.261893
177,102,-1.67191,-0.261246
178,102,-1.66687,-0.260567
179,102,-1.66139,-0.259818
180,102,-1.65554,-0.258328
181,102,-1.65021,-0.25685
182,102,-1.64448,-0.254974
183,102,-1.63856,-0.253328
184,102,-1.63301,-0.251213
185,102,-1.62754,-0.248368
186,102,-1.62161,-0.245989
187,102,-1.61622,-0.24312
188,102,-1.61068,-0.240087
189,102,-1.60485,-0.236972
190,102,-1.59924,-0.23341
191,102,-1.59327,-0.229592
192,102,-1.58738,-0.225607
193,102,-1.58228,-0.22177
194,102,-1.57691,-0.217747
195,102,-1.57145,-0.213546
196,102,-1.56618,-0.209713
197,102,-1.56078,-0.20575
198,102,-1.55587,-0.201801
199,102,-1.55066,-0.197963
200,102,-1.54522,-0.194132
201,102,-1.53992,-0.190734
202,102,-1.53483,-0.187533
203,102,-1.52964,-0.184355
204,102,-1.52463,-0.181652
205,102,-1.51944,-0.178882
206,102,-1.51399,-0.175853
207,102,-1.50886,-0.173012
208,102,-1.50387,-0.17066
209,102,-1.49934,-0.168563
210,102,-1.49406,-0.166439
211,102,-1.48909,-0.164474
212,102,-1.48458,-0.162671
213,102,-1.47962,-0.161064
214,102,-1.47485,-0.159511
215,102,-1.47002,-0.15772
216,102,-1.46509,-0.155914
217,102,-1.45992,-0.154421
218,102,-1.45528,-0.152903
219,102,-1.45064,-0.151695
220,102,-1.44551,-0.150634
221,102,-1.44037,-0.149482
222,102,-1.43537,-0.148371
223,102,-1.43078,-0.147266
224,102,-1.42656,-0.146189
225,102,-1.42234,-0.144855
226,102,-1.41783,-0.143664
227,102,-1.41345,-0.142523
228,102,-1.40934,-0.141607
229,102,-1.40525,-0.141122
230,102,-1.40136,-0.140248
231,102,-1.39729,-0.139179
232,102,-1.39326,-0.13835
233,102,-1.38936,-0.137678
234,102,-1.38587,-0.137057
235,102,-1.38193,-0.136177
236,102,-1.37799,-0.135519
237,102,-1.37479,-0.134658
238,102,-1.37129,-0.133654
239,102,-1.36747,-0.132749
240,102,-1.36369,-0.1315
241,102,-1.36033,-0.130314
242,102,-1.35667,-0.129724
243,102,-1.3528,-0.128946
244,102,-1.34948,-0.128199
245,102,-1.34553,-0.127729
246,102,-1.34168,-0.127056
247,102,-1.33796,-0.126274
248,102,-1.33387,-0.125581
249,102,-1.32966,-0.125027
250,102,-1.32592,-0.124751
251,102,-1.32196,-0.124228
252,102,-1.31816,-0.12382
253,102,-1.31423,-0.123181
254,102,-1.31012,-0.122761
255,102,-1.30597,-0.121968
256,102,-1.30188,-0.121271
257,102,-1.29797,-0.120728
258,102,-1.29419,-0.120217
259,102,-1.29033,-0.119577
260,102,-1.28599,-0.118659
261,102,-1.28159,-0.118198
262,102,-1.27748,-0.117217
263,102,-1.27331,-0.116929
264,102,-1.269,-0.116668
265,102,-1.26502,-0.116307
266,102,-1.26082,-0.116013
267,102,-1.25671,-0.115531
268,102,-1.25253,-0.115398
269,102,-1.24803,-0.114651
270,102,-1.24359,-0.114163
271,102,-1.23896,-0.11345
272,102,-1.23503,-0.113049
273,102,-1.23079,-0.112613
274,102,-1.22676,-0.111903
275,102,-1.22226,-0.111753
276,102,-1.2176,-0.111491
277,102,-1.21299,-0.11131
278,102,-1.20878,-0.110865
279,102,-1.20463,-0.110651
280,102,-1.20012,-0.110231
281,102,-1.19534,-0.10956
282,102,-1.19136,-0.109431
283,102,-1.18678,-0.109542
284,102,-1.18304,-0.109095
285,102,-1.17893,-0.108529
286,102,-1.17459,-0.108325
287,102,-1.17042,-0.107976
288,102,-1.16617,-0.107514
289,102,-1.16223,-0.106867
290,102,-1.15836,-0.106447
291,102,-1.15391,-0.106153
292,102,-1.15003,-0.105609
293,102,-1.1463,-0.10521
294,102,-1.14228,-0.104996
295,102,-1.1386,-0.104548
296,102,-1.1348,-0.104066
297,102,-1.13067,-0.103633
298,102,-1.1263,-0.103387
299,102,-1.12235,-0.103064
300,102,-1.1185,-0.102717
301,102,-1.11456,-0.102478
302,102,-1.11052,-0.102097
303,102,-1.10638,-0.101235
304,102,-1.10267,-0.100846
305,102,-1.09848,-0.100507
306,102,-1.09441,-0.10002
307,102,-1.09056,-0.0994186
308,102,-1.08624,-0.0985021
309,102,-1.08215,-0.0981529
310,102,-1.07838,-0.0975467
311,102,-1.0746,-0.0964973
312,102,-1.07052,-0.0959358
313,102,-1.0667,-0.095202
314,102,-1.06237,-0.0944607
315,102,-1.05828,-0.0942017
316,102,-1.05426,-0.0937383
317,102,-1.04975,-0.0931493
318,102,-1.04584,-0.0922317
319,102,-1.04149,-0.0914675
320,102,-1.03744,-0.0907853
321,102,-1.03336,-0.0903565
322,102,-1.02906,-0.0898127
323,102,-1.02484,-0.0891231
324,102,-1.0206,-0.0884069
325,102,-1.01669,-0.0880662
326,102,-1.01283,-0.0875988
327,102,-1.00873,-0.0868504
11,103,-2.42488,-0.206743
12,103,-2.42119,-0.206932
13,103,-2.41766,-0.207016
14,103,-2.4141,-0.207107
15,103,-2.40999,-0.207018
16,103,-2.40593,-0.207072
17,103,-2.40173,-0.207173
18,103,-2.39753,-0.207007
19,103,-2.39344,-0.207009
20,103,-2.38927,-0.207435
21,103,-2.38511,-0.207484
22,103,-2.38086,-0.207449
23,103,-2.37705,-0.20743
24,103,-2.37297,-0.20748
25,103,-2.36852,-0.207586
26,103,-2.36433,-0.207539
27,103,-2.36015,-0.207039
28,103,-2.35595,-0.206902
29,103,-2.3517,-0.207031
30,103,-2.3483,-0.206736
31,103,-2.34446,-0.206267
32,103,-2.33997,-0.206428
33,103,-2.33594,-0.206048
34,103,-2.33209,-0.206247
35,103,-2.32811,-0.20557
36,103,-2.32351,-0.205766
37,103,-2.31932,-0.205411
38,103,-2.3152,-0.205529
39,103,-2.31065,-0.205341
40,103,-2.30648,-0.205505
41,103,-2.30178,-0.205305
42,103,-2.29768,-0.20508
43,103,-2.29285,-0.204866
44,103,-2.28845,-0.204642
45,103,-2.28403,-0.204403
46,103,-2.27987,-0.204109
47,103,-2.27595,-0.203613
48,103,-2.27155,-0.203313
49,103,-2.26731,-0.202994
50,103,-2.26353,-0.202244
51,103,-2.25923,-0.20211
52,103,-2.25536,-0.201904
53,103,-2.25101,-0.201575
54,103,-2.24688,-0.201121
55,103,-2.24251,-0.200951
56,103,-2.23779,-0.200123
57,103,-2.23364,-0.199743
58,103,-2.22934,-0.199765
59,103,-2.22492,-0.19923
60,103,-2.22036,-0.198778
61,103,-2.21566,-0.198977
62,103,-2.21145,-0.199212
63,103,-2.20735,-0.198558
64,103,-2.20334,-0.198201
65,103,-2.19864,-0.19789
66,103,-2.19425,-0.197598
67,103,-2.19021,-0.197466
68,103,-2.18575,-0.197359
69,103,-2.18107,-0.196979
70,103,-2.1768,-0.196759
71,103,-2.17278,-0.197092
72,103,-2.16798,-0.196924
73,103,-2.16314,-0.19645
74,103,-2.15925,-0.196745
75,103,-2.15572,-0.196639
76,103,-2.15168,-0.196645
77,103,-2.14731,-0.196697
78,103,-2.14369,-0.196764
79,103,-2.13961,-0.196735
80,103,-2.13533,-0.19663
81,103,-2.13155,-0.196224
82,103,-2.12713,-0.19584
83,103,-2.12291,-0.195292
84,103,-2.11895,-0.194649
85,103,-2.11451,-0.194446
86,103,-2.11081,-0.19398
87,103,-2.107,-0.193617
88,103,-2.10288,-0.193242
89,103,-2.09915,-0.192862
90,103,-2.09522,-0.192826
91,103,-2.09097,-0.192574
92,103,-2.08694,-0.192544
93,103,-2.08311,-0.192554
94,103,-2.07881,-0.191869
95,103,-2.0747,-0.191661
96,103,-2.07065,-0.191664
97,103,-2.06617,-0.191122
98,103,-2.06148,-0.190693
99,103,-2.05731,-0.190608
100,103,-2.05326,-0.190212
101,103,-2.04839,-0.190094
102,103,-2.04376,-0.190247
103,103,-2.03911,-0.189997
104,103,-2.03409,-0.189838
105,103,-2.02946,-0.189903
106,103,-2.02484,-0.189857
107,103,-2.02036,-0.189869
108,103,-2.01553,-0.190282
109,103,-2.01072,-0.190148
110,103,-2.00595,-0.190045
111,103,-2.00065,-0.190232
112,103,-1.99539,-0.190471
113,103,-1.99029,-0.190287
114,103,-1.98568,-0.190329
115,103,-1.98103,-0.190152
116,103,-1.97614,-0.18987
117,103,-1.97117,-0.18971
118,103,-1.96627,-0.190253
119,103,-1.96185,-0.190486
120,103,-1.95718,-0.190122
121,103,-1.9528,-0.190115
122,103,-1.9483,-0.189955
123,103,-1.94335,-0.189931
124,103,-1.93925,-0.190313
125,103,-1.93466,-0.19071
126,103,-1.93023,-0.190735
127,103,-1.92601,-0.190889
128,103,-1.92143,-0.191167
129,103,-1.91678,-0.191523
130,103,-1.91224,-0.192368
131,103,-1.90749,-0.192767
132,103,-1.90298,-0.193107
133,103,-1.89825,-0.193625
134,103,-1.89327,-0.194107
135,103,-1.88863,-0.194709
136,103,-1.88362,-0.195465
137,103,-1.87948,-0.195797
138,103,-1.87504,-0.19628
139,103,-1.87014,-0.19733
140,103,-1.86518,-0.198639
141,103,-1.86049,-0.200409
142,103,-1.85623,-0.201572
143,103,-1.85142,-0.202724
144,103,-1.84651,-0.204194
145,103,-1.84109,-0.205337
146,103,-1.83648,-0.206393
147,103,-1.83188,-0.207622
148,103,-1.82667,-0.209362
149,103,-1.82144,-0.211266
150,103,-1.81643,-0.213358
151,103,-1.81161,-0.215311
152,103,-1.80638,-0.216897
153,103,-1.80153,-0.219169
154,103,-1.79586,-0.2214
155,103,-1.79029,-0.224181
156,103,-1.78554,-0.226929
157,103,-1.78006,-0.229401
158,103,-1.77479,-0.232176
159,103,-1.76959,-0.23457
160,103,-1.76396,-0.237218
161,103,-1.75905,-0.240248
162,103,-1.75368,-0.243181
163,103,-1.74793,-0.245631
164,103,-1.74216,-0.248135
165,103,-1.73662,-0.250074
166,103,-1.731,-0.251923
167,103,-1.72596,-0.254512
168,103,-1.72088,-0.256482
169,103,-1.71533,-0.258376
170,103,-1.71007,-0.260115
171,103,-1.70499,-0.261398
172,103,-1.69945,-0.26236
173,103,-1.6942,-0.262765
174,103,-1.6892,-0.26288
175,103,-1.68366,-0.262652
176,103,-1.67804,-0.261937
177,103,-1.67229,-0.261185
178,103,-1.66744,-0.260599
179,103,-1.66221,-0.259986
180,103,-1.65675,-0.259105
181,103,-1.65072,-0.257489
182,103,-1.64504,-0.255648
183,103,-1.63943,-0.253613
184,103,-1.63383,-0.251571
185,103,-1.62858,-0.249365
186,103,-1.62287,-0.246525
187,103,-1.61744,-0.243648
188,103,-1.61207,-0.240947
189,103,-1.60623,-0.237658
190,103,-1.60046,-0.234441
191,103,-1.59465,-0.230822
192,103,-1.58915,-0.226798
193,103,-1.58402,-0.222529
194,103,-1.57871,-0.218432
195,103,-1.57316,-0.214784
196,103,-1.56802,-0.210799
197,103,-1.56287,-0.207008
198,103,-1.55803,-0.203165
199,103,-1.55262,-0.199213
200,103,-1.5469,-0.195804
201,103,-1.54182,-0.192271
202,103,-1.53686,-0.188715
203,103,-1.53158,-0.185879
204,103,-1.52623,-0.183184
205,103,-1.52131,-0.179994
206,103,-1.51631,-0.177053
207,103,-1.511,-0.174746
208,103,-1.50591,-0.172257
209,103,-1.50121,-0.169733
210,103,-1.49617,-0.167671
211,103,-1.49115,-0.165824
212,103,-1.48698,-0.163881
213,103,-1.48228,-0.162367
214,103,-1.47704,-0.160891
215,103,-1.47206,-0.158982
216,103,-1.46701,-0.157235
217,103,-1.46224,-0.155607
218,103,-1.45761,-0.154033
219,103,-1.45263,-0.152943
220,103,-1.4476,-0.152125
221,103,-1.4427,-0.150701
222,103,-1.4376,-0.149278
223,103,-1.4331,-0.148453
224,103,-1.42901,-0.147487
225,103,-1.42438,-0.146132
226,103,-1.41996,-0.145158
227,103,-1.41591,-0.143992
228,103,-1.4117,-0.142857
229,103,-1.40751,-0.14191
230,103,-1.40349,-0.141025
231,103,-1.39926,-0.140187
232,103,-1.39556,-0.13925
233,103,-1.39174,-0.138535
234,103,-1.38795,-0.137987
235,103,-1.38384,-0.137186
236,103,-1.38011,-0.136385
237,103,-1.37668,-0.1355
238,103,-1.3729,-0.134689
239,103,-1.36927,-0.133581
240,103,-1.36539,-0.132244
241,103,-1.36203,-0.131361
242,103,-1.35846,-0.130685
243,103,-1.35466,-0.129909
244,103,-1.351,-0.129252
245,103,-1.347,-0.128494
246,103,-1.34355,-0.127688
247,103,-1.33943,-0.127277
248,103,-1.33558,-0.126642
249,103,-1.33144,-0.125855
250,103,-1.32773,-0.125333
251,103,-1.32373,-0.125285
252,103,-1.31993,-0.124617
253,103,-1.31592,-0.124014
254,103,-1.31174,-0.123379
255,103,-1.30754,-0.122456
256,103,-1.30333,-0.121917
257,103,-1.29925,-0.121637
258,103,-1.29543,-0.120969
259,103,-1.29147,-0.120531
260,103,-1.28741,-0.119659
261,103,-1.28273,-0.119086
262,103,-1.27876,-0.118191
263,103,-1.2744,-0.117962
264,103,-1.27009,-0.11764
265,103,-1.26607,-0.117072
266,103,-1.26178,-0.116562
267,103,-1.25778,-0.116403
268,103,-1.25345,-0.11596
269,103,-1.24909,-0.115202
270,103,-1.24459,-0.114627
271,103,-1.24017,-0.114357
272,103,-1.23607,-0.113638
273,103,-1.23187,-0.11335
274,103,-1.22773,-0.112815
275,103,-1.22346,-0.11256
276,103,-1.21868,-0.111967
277,103,-1.21424,-0.111739
278,103,-1.20998,-0.111501
279,103,-1.20564,-0.111422
280,103,-1.20095,-0.110823
281,103,-1.1964,-0.110056
282,103,-1.1926,-0.109825
283,103,-1.18804,-0.109744
284,103,-1.18379,-0.109135
285,103,-1.17983,-0.108885
286,103,-1.17536,-0.108514
287,103,-1.17117,-0.108574
288,103,-1.16699,-0.107937
289,103,-1.16318,-0.107814
290,103,-1.15923,-0.10701
291,103,-1.15514,-0.106562
292,103,-1.15102,-0.106244
293,103,-1.14742,-0.105816
294,103,-1.1434,-0.105571
295,103,-1.13938,-0.105196
296,103,-1.13567,-0.104574
297,103,-1.13153,-0.104733
298,103,-1.12706,-0.104142
299,103,-1.1234,-0.103664
300,103,-1.11951,-0.103247
301,103,-1.11573,-0.102855
302,103,-1.11123,-0.102395
303,103,-1.10707,-0.10205
304,103,-1.1032,-0.101407
305,103,-1.09907,-0.100977
306,103,-1.09495,-0.100451
307,103,-1.09089,-0.099896
308,103,-1.08686,-0.0991552
309,103,-1.08281,-0.0987991
310,103,-1.07932,-0.0981757
311,103,-1.07549,-0.0972383
312,103,-1.07085,-0.0965932
313,103,-1.06678,-0.0956132
314,103,-1.06254,-0.0952629
315,103,-1.0585,-0.0949273
316,103,-1.05489,-0.0942232
317,103,-1.05065,-0.0936091
318,103,-1.04643,-0.0928797
319,103,-1.04225,-0.0919796
320,103,-1.03785,-0.0913656
321,103,-1.03379,-0.0910648
322,103,-1.02972,-0.0904811
323,103,-1.02555,-0.0900762
324,103,-1.02128,-0.0892882
325,103,-1.01706,-0.0887985
326,103,-1.01327,-0.088358
327,103,-1.00894,-0.087643
11,104,-2.42521,-0.207824
12,104,-2.42182,-0.207827
13,104,-2.41813,-0.207642
14,104,-2.41432,-0.207439
15,104,-2.41021,-0.207409
16,104,-2.40635,-0.207299
17,104,-2.402,-0.207645
18,104,-2.39796,-0.207343
19,104,-2.39358,-0.207607
20,104,-2.38931,-0.207698
21,104,-2.38559,-0.207886
22,104,-2.38153,-0.207797
23,104,-2.37745,-0.207577
24,104,-2.37313,-0.207635
25,104,-2.36906,-0.207846
26,104,-2.36476,-0.207835
27,104,-2.36081,-0.207292
28,104,-2.35628,-0.20739
29,104,-2.35238,-0.207346
30,104,-2.34857,-0.207087
31,104,-2.34476,-0.206691
32,104,-2.34046,-0.206448
33,104,-2.33666,-0.206143
34,104,-2.33269,-0.206074
35,104,-2.32854,-0.20615
36,104,-2.3241,-0.206055
37,104,-2.31958,-0.205896
38,104,-2.31554,-0.205893
39,104,-2.3111,-0.205696
40,104,-2.3064,-0.205756
41,104,-2.30178,-0.205718
42,104,-2.2977,-0.205875
43,104,-2.29274,-0.205481
44,104,-2.2883,-0.205338
45,104,-2.28438,-0.204924
46,104,-2.28007,-0.204379
47,104,-2.27597,-0.203912
48,104,-2.27169,-0.204047
49,104,-2.26724,-0.203628
50,104,-2.26308,-0.203238
51,104,-2.25921,-0.202878
52,104,-2.25538,-0.202501
53,104,-2.25111,-0.202057
54,104,-2.24669,-0.20163
55,104,-2.24206,-0.20105
56,104,-2.23768,-0.200571
57,104,-2.23395,-0.200183
58,104,-2.22953,-0.200263
59,104,-2.22524,-0.199967
60,104,-2.22037,-0.199932
61,104,-2.21543,-0.199699
62,104,-2.21151,-0.198998
63,104,-2.20756,-0.198811
64,104,-2.203,-0.198411
65,104,-2.19856,-0.198143
66,104,-2.19406,-0.197697
67,104,-2.18995,-0.19768
68,104,-2.18559,-0.198045
69,104,-2.18053,-0.197645
70,104,-2.17623,-0.197457
71,104,-2.17196,-0.197698
72,104,-2.1676,-0.1977
73,104,-2.16318,-0.197414
74,104,-2.15919,-0.197485
75,104,-2.15515,-0.197392
76,104,-2.15106,-0.197354
77,104,-2.14719,-0.197442
78,104,-2.14362,-0.19721
79,104,-2.13968,-0.197146
80,104,-2.13505,-0.196943
81,104,-2.13115,-0.196461
82,104,-2.12722,-0.196251
83,104,-2.12297,-0.19587
84,104,-2.11898,-0.19514
85,104,-2.11474,-0.194926
86,104,-2.11081,-0.194681
87,104,-2.10658,-0.194365
88,104,-2.10265,-0.194384
89,104,-2.09889,-0.194112
90,104,-2.09465,-0.193797
91,104,-2.0907,-0.193544
92,104,-2.08676,-0.193317
93,104,-2.08272,-0.193222
94,104,-2.07857,-0.192413
95,104,-2.07432,-0.192086
96,104,-2.07009,-0.19228
97,104,-2.0655,-0.191951
98,104,-2.06057,-0.191806
99,104,-2.05642,-0.19162
100,104,-2.05249,-0.191271
101,104,-2.04783,-0.190956
102,104,-2.04299,-0.190705
103,104,-2.03829,-0.1905
104,104,-2.03363,-0.190571
105,104,-2.02881,-0.190416
106,104,-2.02422,-0.190237
107,104,-2.02012,-0.190252
108,104,-2.01507,-0.190316
109,104,-2.01035,-0.190128
110,104,-2.00548,-0.190386
111,104,-2.00019,-0.190721
112,104,-1.9953,-0.190633
113,104,-1.99033,-0.190679
114,104,-1.98535,-0.190899
115,104,-1.98028,-0.190799
116,104,-1.97561,-0.190463
117,104,-1.97052,-0.190462
118,104,-1.96567,-0.190879
119,104,-1.96144,-0.19086
120,104,-1.95653,-0.190736
121,104,-1.95194,-0.190556
122,104,-1.94712,-0.190727
123,104,-1.94236,-0.190562
124,104,-1.93752,-0.190735
125,104,-1.93317,-0.191119
126,104,-1.92896,-0.191146
127,104,-1.92485,-0.19161
128,104,-1.92026,-0.191758
129,104,-1.91587,-0.192259
130,104,-1.91161,-0.192882
131,104,-1.90662,-0.193255
132,104,-1.90204,-0.193693
133,104,-1.89738,-0.194454
134,104,-1.8923,-0.194697
135,104,-1.88735,-0.195494
136,104,-1.88255,-0.19636
137,104,-1.87812,-0.196612
138,104,-1.8739,-0.197191
139,104,-1.86894,-0.198379
140,104,-1.8642,-0.199621
141,104,-1.8592,-0.200867
142,104,-1.85473,-0.20223
143,104,-1.84981,-0.2035
144,104,-1.84534,-0.204755
145,104,-1.84007,-0.205975
146,104,-1.83531,-0.207111
147,104,-1.83083,-0.20839
148,104,-1.82578,-0.21039
149,104,-1.82055,-0.212196
150,104,-1.81558,-0.214137
151,104,-1.81075,-0.216075
152,104,-1.80567,-0.217738
153,104,-1.80036,-0.219902
154,104,-1.79473,-0.222117
155,104,-1.78948,-0.224952
156,104,-1.78446,-0.227418
157,104,-1.7791,-0.229634
158,104,-1.77412,-0.232583
159,104,-1.76927,-0.234934
160,104,-1.76376,-0.237794
161,104,-1.75841,-0.240621
162,104,-1.75287,-0.243002
163,104,-1.74744,-0.245915
164,104,-1.74167,-0.248459
165,104,-1.73623,-0.251035
166,104,-1.73068,-0.252761
167,104,-1.72562,-0.254944
168,104,-1.72036,-0.256947
169,104,-1.71498,-0.258884
170,104,-1.71037,-0.260584
171,104,-1.70483,-0.261723
172,104,-1.69911,-0.26302
173,104,-1.69411,-0.263257
174,104,-1.68919,-0.263694
175,104,-1.68351,-0.263155
176,104,-1.67821,-0.262867
177,104,-1.67286,-0.261906
178,104,-1.6677,-0.261168
179,104,-1.66266,-0.260753
180,104,-1.65712,-0.259323
181,104,-1.6519,-0.257919
182,104,-1.6463,-0.256323
183,104,-1.64038,-0.254331
184,104,-1.63467,-0.252253
185,104,-1.62946,-0.249976
186,104,-1.62416,-0.247222
187,104,-1.61854,-0.244204
188,104,-1.61307,-0.241752
189,104,-1.60739,-0.238404
190,104,-1.60164,-0.234945
191,104,-1.59612,-0.231608
192,104,-1.5907,-0.227602
193,104,-1.58549,-0.223478
194,104,-1.58013,-0.219614
195,104,-1.5751,-0.215739
196,104,-1.57002,-0.211632
197,104,-1.56482,-0.207953
198,104,-1.55972,-0.204587
199,104,-1.55467,-0.200674
200,104,-1.54907,-0.197117
201,104,-1.54374,-0.193791
202,104,-1.53869,-0.19017
203,104,-1.53331,-0.187066
204,104,-1.52815,-0.184253
205,104,-1.52297,-0.181189
206,104,-1.51803,-0.178364
207,104,-1.51324,-0.175852
208,104,-1.5083,-0.173298
209,104,-1.50337,-0.170971
210,104,-1.49862,-0.169111
211,104,-1.49372,-0.167226
212,104,-1.48912,-0.165495
213,104,-1.48427,-0.163765
214,104,-1.47914,-0.161994
215,104,-1.47438,-0.160304
216,104,-1.46933,-0.158445
217,104,-1.46465,-0.156935
218,104,-1.46003,-0.155439
219,104,-1.45488,-0.154305
220,104,-1.44982,-0.153313
221,104,-1.44475,-0.151785
222,104,-1.43965,-0.150486
223,104,-1.43529,-0.149413
224,104,-1.43094,-0.148286
225,104,-1.42638,-0.14754
226,104,-1.42228,-0.146541
227,104,-1.41816,-0.145188
228,104,-1.41374,-0.144227
229,104,-1.40949,-0.143289
230,104,-1.40543,-0.142454
231,104,-1.40133,-0.141502
232,104,-1.39756,-0.140479
233,104,-1.39383,-0.139561
234,104,-1.38985,-0.13893
235,104,-1.38597,-0.138128
236,104,-1.38245,-0.137405
237,104,-1.37839,-0.136548
238,104,-1.37482,-0.135551
239,104,-1.37105,-0.134393
240,104,-1.36691,-0.133701
241,104,-1.36339,-0.132703
242,104,-1.35991,-0.131614
243,104,-1.35611,-0.130696
244,104,-1.35249,-0.129898
245,104,-1.34884,-0.129271
246,104,-1.34494,-0.128626
247,104,-1.34084,-0.1279
248,104,-1.33694,-0.127531
249,104,-1.333,-0.126672
250,104,-1.32912,-0.126316
251,104,-1.32505,-0.125991
252,104,-1.32136,-0.125494
253,104,-1.31764,-0.124912
254,104,-1.3132,-0.124118
255,104,-1.30893,-0.123366
256,104,-1.30498,-0.122748
257,104,-1.30082,-0.122045
258,104,-1.29671,-0.121622
259,104,-1.29256,-0.121007
260,104,-1.2883,-0.120215
261,104,-1.28397,-0.119976
262,104,-1.27985,-0.119171
263,104,-1.27554,-0.118739
264,104,-1.27121,-0.118572
265,104,-1.26711,-0.118332
266,104,-1.26277,-0.117424
267,104,-1.25828,-0.117032
268,104,-1.25411,-0.116579
269,104,-1.24991,-0.116132
270,104,-1.24561,-0.115555
271,104,-1.24148,-0.114829
272,104,-1.23724,-0.114476
273,104,-1.23316,-0.11415
274,104,-1.22903,-0.113712
275,104,-1.22455,-0.113296
276,104,-1.21967,-0.112756
277,104,-1.21523,-0.112542
278,104,-1.21101,-0.112309
279,104,-1.20662,-0.111773
280,104,-1.20257,-0.111407
281,104,-1.19807,-0.111099
282,104,-1.19364,-0.110675
283,104,-1.18956,-0.110339
284,104,-1.18532,-0.110104
285,104,-1.18092,-0.109536
286,104,-1.17651,-0.109039
287,104,-1.17244,-0.109065
288,104,-1.16826,-0.108789
289,104,-1.16438,-0.108132
290,104,-1.16018,-0.107759
291,104,-1.1562,-0.107149
292,104,-1.15233,-0.106778
293,104,-1.1486,-0.106574
294,104,-1.14464,-0.105976
295,104,-1.1404,-0.105843
296,104,-1.13645,-0.105838
297,104,-1.13248,-0.105304
298,104,-1.12824,-0.104891
299,104,-1.12438,-0.1043
300,104,-1.1203,-0.104014
301,104,-1.11615,-0.103545
302,104,-1.11202,-0.102793
303,104,-1.10783,-0.10258
304,104,-1.10383,-0.101963
305,104,-1.09972,-0.101294
306,104,-1.09571,-0.101096
307,104,-1.09154,-0.100606
308,104,-1.08757,-0.0998321
309,104,-1.08365,-0.0990283
310,104,-1.07945,-0.0981937
311,104,-1.07569,-0.0976029
312,104,-1.07112,-0.0971787
313,104,-1.06726,-0.096384
314,104,-1.06296,-0.0959247
315,104,-1.0589,-0.0955996
316,104,-1.05515,-0.0949792
317,104,-1.05113,-0.0942304
318,104,-1.04686,-0.0933922
319,104,-1.04287,-0.0925751
320,104,-1.03875,-0.0923342
321,104,-1.03474,-0.0918175
322,104,-1.03054,-0.0913215
323,104,-1.02631,-0.0907103
324,104,-1.02219,-0.0897193
325,104,-1.01814,-0.0892911
326,104,-1.01399,-0.0887258
327,104,-1.00999,-0.0881513
11,105,-2.42473,-0.208509
12,105,-2.42161,-0.20862
13,105,-2.4179,-0.208469
14,105,-2.41409,-0.208314
15,105,-2.41033,-0.208159
16,105,-2.40619,-0.207988
17,105,-2.40211,-0.207961
18,105,-2.39826,-0.208089
19,105,-2.39386,-0.207899
20,105,-2.38997,-0.208065
21,105,-2.38579,-0.207912
22,105,-2.38202,-0.207635
23,105,-2.37783,-0.207565
24,105,-2.37319,-0.207889
25,105,-2.36932,-0.20795
26,105,-2.36517,-0.207697
27,105,-2.36123,-0.207492
28,105,-2.35715,-0.207553
29,105,-2.35306,-0.207288
30,105,-2.34914,-0.207182
31,105,-2.34494,-0.20677
32,105,-2.34118,-0.20694
33,105,-2.33707,-0.206386
34,105,-2.33275,-0.206351
35,105,-2.32893,-0.206387
36,105,-2.32424,-0.206397
37,105,-2.31999,-0.206137
38,105,-2.31577,-0.206114
39,105,-2.31145,-0.206372
40,105,-2.30687,-0.206271
41,105,-2.30181,-0.206373
42,105,-2.29761,-0.206293
43,105,-2.29327,-0.205865
44,105,-2.28844,-0.205764
45,105,-2.28431,-0.205182
46,105,-2.28,-0.204741
47,105,-2.27591,-0.204191
48,105,-2.27171,-0.2045
49,105,-2.26736,-0.204197
50,105,-2.26314,-0.203664
51,105,-2.25921,-0.203334
52,105,-2.25521,-0.202782
53,105,-2.25126,-0.202437
54,105,-2.24666,-0.202112
55,105,-2.24169,-0.20126
56,105,-2.23791,-0.201368
57,105,-2.23392,-0.200844
58,105,-2.22928,-0.200668
59,105,-2.22532,-0.200484
60,105,-2.22056,-0.200363
61,105,-2.21581,-0.199959
62,105,-2.21173,-0.199434
63,105,-2.20716,-0.199247
64,105,-2.20292,-0.199108
65,105,-2.19843,-0.198756
66,105,-2.19387,-0.198284
67,105,-2.18977,-0.198296
68,105,-2.18526,-0.198586
69,105,-2.18046,-0.198576
70,105,-2.17593,-0.198575
71,105,-2.17169,-0.198475
72,105,-2.16764,-0.198894
73,105,-2.16274,-0.19864
74,105,-2.15865,-0.198497
75,105,-2.1547,-0.198134
76,105,-2.15083,-0.197629
77,105,-2.14697,-0.197701
78,105,-2.1432,-0.197751
79,105,-2.13909,-0.197795
80,105,-2.13476,-0.197353
81,105,-2.13127,-0.196877
82,105,-2.127,-0.196872
83,105,-2.12265,-0.196634
84,105,-2.11849,-0.195984
85,105,-2.11438,-0.195876
86,105,-2.11058,-0.195481
87,105,-2.10668,-0.195146
88,105,-2.10279,-0.195186
89,105,-2.09844,-0.194924
90,105,-2.09436,-0.194776
91,105,-2.09035,-0.194551
92,105,-2.08637,-0.194286
93,105,-2.08271,-0.194103
94,105,-2.07833,-0.193564
95,105,-2.07388,-0.193176
96,105,-2.06957,-0.193256
97,105,-2.06495,-0.193026
98,105,-2.06018,-0.192322
99,105,-2.05603,-0.191951
100,105,-2.05192,-0.191938
101,105,-2.04749,-0.191631
102,105,-2.04297,-0.191546
103,105,-2.038,-0.191318
104,105,-2.03345,-0.191116
105,105,-2.02849,-0.191057
106,105,-2.0237,-0.190989
107,105,-2.01973,-0.19094
108,105,-2.01519,-0.190789
109,105,-2.0098,-0.190554
110,105,-2.00464,-0.190806
111,105,-2.00015,-0.191115
112,105,-1.99508,-0.191001
113,105,-1.98971,-0.191363
114,105,-1.98461,-0.191437
115,105,-1.97987,-0.19146
116,105,-1.97482,-0.191556
117,105,-1.96986,-0.19147
118,105,-1.96523,-0.191491
119,105,-1.96074,-0.191469
120,105,-1.95559,-0.191759
121,105,-1.951,-0.191703
122,105,-1.94642,-0.191381
123,105,-1.9415,-0.191246
124,105,-1.93655,-0.191578
125,105,-1.93209,-0.191671
126,105,-1.92776,-0.19161
127,105,-1.92327,-0.192058
128,105,-1.91925,-0.192435
129,105,-1.91489,-0.192964
130,105,-1.91012,-0.193342
131,105,-1.90496,-0.19368
132,105,-1.90066,-0.194441
133,105,-1.89597,-0.194907
134,105,-1.89124,-0.195558
135,105,-1.88625,-0.19617
136,105,-1.88172,-0.197015
137,105,-1.87726,-0.197361
138,105,-1.87327,-0.19814
139,105,-1.86819,-0.199509
140,105,-1.86305,-0.200791
141,105,-1.85862,-0.201675
142,105,-1.85368,-0.202876
143,105,-1.84895,-0.204237
144,105,-1.84411,-0.205488
145,105,-1.83895,-0.206749
146,105,-1.83423,-0.207813
147,105,-1.82965,-0.209306
148,105,-1.82468,-0.211139
149,105,-1.81985,-0.212987
150,105,-1.81475,-0.214856
151,105,-1.80987,-0.216711
152,105,-1.80458,-0.218384
153,105,-1.79956,-0.220353
154,105,-1.79397,-0.222776
155,105,-1.78866,-0.225458
156,105,-1.78368,-0.228031
157,105,-1.77853,-0.230613
158,105,-1.77352,-0.233039
159,105,-1.76827,-0.235455
160,105,-1.76318,-0.238719
161,105,-1.75768,-0.241413
162,105,-1.75226,-0.243398
163,105,-1.74688,-0.246212
164,105,-1.74158,-0.249075
165,105,-1.73631,-0.251819
166,105,-1.73039,-0.253482
167,105,-1.72534,-0.255331
168,105,-1.72011,-0.257297
169,105,-1.71505,-0.259156
170,105,-1.70995,-0.260827
171,105,-1.70463,-0.261976
172,105,-1.6992,-0.263289
173,105,-1.69364,-0.263758
174,105,-1.68879,-0.26392
175,105,-1.68349,-0.263711
176,105,-1.67817,-0.263429
177,105,-1.67281,-0.262597
178,105,-1.66816,-0.261828
179,105,-1.66291,-0.261168
180,105,-1.65762,-0.259755
181,105,-1.65251,-0.258459
182,105,-1.64669,-0.256709
183,105,-1.64125,-0.2549
184,105,-1.63569,-0.252966
185,105,-1.63007,-0.250345
186,105,-1.62511,-0.24805
187,105,-1.61958,-0.245363
188,105,-1.61414,-0.242423
189,105,-1.60865,-0.239354
190,105,-1.60328,-0.2358
191,105,-1.59748,-0.23205
192,105,-1.5923,-0.228177
193,105,-1.58703,-0.224419
194,105,-1.58179,-0.220377
195,105,-1.57722,-0.216388
196,105,-1.57208,-0.21244
197,105,-1.56657,-0.208783
198,105,-1.56145,-0.205435
199,105,-1.55633,-0.201872
200,105,-1.55127,-0.198317
201,105,-1.5459,-0.194852
202,105,-1.54041,-0.191299
203,105,-1.53527,-0.188012
204,105,-1.53015,-0.184868
205,105,-1.52491,-0.181833
206,105,-1.51967,-0.179398
207,105,-1.51479,-0.176833
208,105,-1.50998,-0.17448
209,105,-1.5054,-0.172325
210,105,-1.5008,-0.170175
211,105,-1.49585,-0.168326
212,105,-1.49068,-0.166466
213,105,-1.48602,-0.164609
214,105,-1.48136,-0.163
215,105,-1.47603,-0.161376
216,105,-1.47127,-0.159944
217,105,-1.46664,-0.158422
218,105,-1.46171,-0.156733
219,105,-1.45692,-0.155753
220,105,-1.45195,-0.154356
221,105,-1.44687,-0.152643
222,105,-1.44216,-0.15155
223,105,-1.43741,-0.150482
224,105,-1.43303,-0.149529
225,105,-1.42874,-0.148572
226,105,-1.42447,-0.147375
227,105,-1.42034,-0.146618
228,105,-1.41586,-0.145514
229,105,-1.41132,-0.144595
230,105,-1.40706,-0.143606
231,105,-1.40323,-0.142661
232,105,-1.39936,-0.141728
233,105,-1.39555,-0.140788
234,105,-1.39171,-0.140131
235,105,-1.38776,-0.139525
236,105,-1.38424,-0.138554
237,105,-1.38018,-0.137712
238,105,-1.37627,-0.136765
239,105,-1.37236,-0.135877
240,105,-1.36842,-0.134884
241,105,-1.36484,-0.133839
242,105,-1.36126,-0.132729
243,105,-1.3577,-0.131914
244,105,-1.35384,-0.131082
245,105,-1.35007,-0.129895
246,105,-1.34592,-0.129494
247,105,-1.34203,-0.128809
248,105,-1.33837,-0.128152
249,105,-1.33436,-0.127159
250,105,-1.33045,-0.126741
251,105,-1.32668,-0.126425
252,105,-1.32274,-0.126062
253,105,-1.31871,-0.125499
254,105,-1.31462,-0.125092
255,105,-1.31049,-0.124155
256,105,-1.30635,-0.123742
257,105,-1.30217,-0.122955
258,105,-1.29802,-0.122484
259,105,-1.29375,-0.121938
260,105,-1.28943,-0.121118
261,105,-1.28526,-0.120583
262,105,-1.28113,-0.119932
263,105,-1.27649,-0.119194
264,105,-1.27238,-0.118895
265,105,-1.2682,-0.118596
266,105,-1.26368,-0.118003
267,105,-1.2594,-0.11727
268,105,-1.25515,-0.117224
269,105,-1.25107,-0.116771
270,105,-1.24693,-0.116291
271,105,-1.24275,-0.115633
272,105,-1.23856,-0.115476
273,105,-1.23449,-0.115232
274,105,-1.23049,-0.114524
275,105,-1.22588,-0.113893
276,105,-1.22124,-0.113522
277,105,-1.21647,-0.113332
278,105,-1.21192,-0.112817
279,105,-1.20778,-0.112651
280,105,-1.20323,-0.112184
281,105,-1.19879,-0.111608
282,105,-1.19472,-0.111305
283,105,-1.1906,-0.110852
284,105,-1.18608,-0.110388
285,105,-1.18223,-0.10992
286,105,-1.17772,-0.109622
287,105,-1.17354,-0.109532
288,105,-1.16941,-0.109131
289,105,-1.16524,-0.108468
290,105,-1.16142,-0.108174
291,105,-1.15748,-0.107772
292,105,-1.15365,-0.107461
293,105,-1.15006,-0.107015
294,105,-1.1459,-0.106744
295,105,-1.14157,-0.106258
296,105,-1.13743,-0.105872
297,105,-1.13327,-0.10553
298,105,-1.12902,-0.10481
299,105,-1.12524,-0.104587
300,105,-1.12121,-0.10425
301,105,-1.11702,-0.103705
302,105,-1.11286,-0.103631
303,105,-1.10858,-0.103038
304,105,-1.10424,-0.102197
305,105,-1.09999,-0.101758
306,105,-1.09601,-0.101354
307,105,-1.09216,-0.100951
308,105,-1.08814,-0.100238
309,105,-1.08416,-0.0996308
310,105,-1.0799,-0.0987769
311,105,-1.07589,-0.0983168
312,105,-1.07136,-0.0979007
313,105,-1.06735,-0.0972532
314,105,-1.06343,-0.0968388
315,105,-1.05927,-0.0963618
316,105,-1.05525,-0.0954407
317,105,-1.05173,-0.0948537
318,105,-1.04769,-0.094288
319,105,-1.04338,-0.0936325
320,105,-1.03909,-0.0932303
321,105,-1.0352,-0.0925123
322,105,-1.03111,-0.0916725
323,105,-1.02693,-0.0910471
324,105,-1.02276,-0.0902799
325,105,-1.01867,-0.0898164
326,105,-1.01457,-0.0894033
327,105,-1.01053,-0.0891519
11,106,-2.42413,-0.208352
12,106,-2.42134,-0.208895
13,106,-2.41794,-0.208556
14,106,-2.41424,-0.208661
15,106,-2.41012,-0.208548
16,106,-2.40642,-0.208426
17,106,-2.40245,-0.208494
18,106,-2.3984,-0.208496
19,106,-2.39429,-0.208325
20,106,-2.39028,-0.208659
21,106,-2.38635,-0.208198
22,106,-2.38198,-0.208014
23,106,-2.37773,-0.207947
24,106,-2.37404,-0.207951
25,106,-2.36982,-0.208135
26,106,-2.36597,-0.207737
27,106,-2.36208,-0.207701
28,106,-2.35781,-0.207678
29,106,-2.35373,-0.207494
30,106,-2.34934,-0.207316
31,106,-2.34519,-0.206983
32,106,-2.34114,-0.207046
33,106,-2.33709,-0.206858
34,106,-2.33293,-0.206882
35,106,-2.32905,-0.206972
36,106,-2.32462,-0.206926
37,106,-2.3203,-0.206531
38,106,-2.31586,-0.206304
39,106,-2.31147,-0.206653
40,106,-2.30693,-0.206707
41,106,-2.30246,-0.206847
42,106,-2.29782,-0.206542
43,106,-2.29319,-0.205909
44,106,-2.28862,-0.206247
45,106,-2.2843,-0.205473
46,106,-2.28006,-0.204953
47,106,-2.27585,-0.204678
48,106,-2.27175,-0.204671
49,106,-2.26774,-0.204446
50,106,-2.26324,-0.204337
51,106,-2.25932,-0.203972
52,106,-2.2553,-0.20348
53,106,-2.25129,-0.202613
54,106,-2.24713,-0.202349
55,106,-2.24188,-0.201887
56,106,-2.23786,-0.202108
57,106,-2.2341,-0.201157
58,106,-2.22957,-0.200564
59,106,-2.22525,-0.200545
60,106,-2.22073,-0.200681
61,106,-2.216,-0.200377
62,106,-2.21164,-0.200057
63,106,-2.20734,-0.199678
64,106,-2.2032,-0.199554
65,106,-2.19846,-0.199377
66,106,-2.19401,-0.198946
67,106,-2.18991,-0.199286
68,106,-2.18511,-0.199021
69,106,-2.18051,-0.199188
70,106,-2.17593,-0.199184
71,106,-2.17144,-0.199244
72,106,-2.16746,-0.199135
73,106,-2.163,-0.198794
74,106,-2.15876,-0.198846
75,106,-2.15461,-0.198409
76,106,-2.1507,-0.198197
77,106,-2.14669,-0.198345
78,106,-2.14263,-0.198088
79,106,-2.13876,-0.198431
80,106,-2.13474,-0.198359
81,106,-2.13082,-0.197856
82,106,-2.127,-0.197507
83,106,-2.12283,-0.197235
84,106,-2.11867,-0.196963
85,106,-2.11429,-0.196746
86,106,-2.11052,-0.19628
87,106,-2.10676,-0.196047
88,106,-2.10265,-0.196113
89,106,-2.09848,-0.196013
90,106,-2.09383,-0.195708
91,106,-2.08995,-0.195239
92,106,-2.08649,-0.195126
93,106,-2.08224,-0.194631
94,106,-2.07771,-0.194166
95,106,-2.07339,-0.194099
96,106,-2.06891,-0.193848
97,106,-2.06437,-0.193658
98,106,-2.05986,-0.193265
99,106,-2.05594,-0.192821
100,106,-2.05161,-0.192594
101,106,-2.04712,-0.192399
102,106,-2.0427,-0.192414
103,106,-2.03803,-0.192203
104,106,-2.03338,-0.19193
105,106,-2.02834,-0.191718
106,106,-2.02352,-0.191611
107,106,-2.01911,-0.191395
108,106,-2.01471,-0.191241
109,106,-2.00938,-0.191094
110,106,-2.00442,-0.191586
111,106,-1.99992,-0.191942
112,106,-1.99428,-0.191929
113,106,-1.98942,-0.191677
114,106,-1.98416,-0.192128
115,106,-1.97895,-0.192329
116,106,-1.9744,-0.19227
117,106,-1.96944,-0.192119
118,106,-1.96477,-0.192393
119,106,-1.95939,-0.192296
120,106,-1.955,-0.19224
121,106,-1.95026,-0.192088
122,106,-1.94542,-0.192029
123,106,-1.94044,-0.19175
124,106,-1.93556,-0.191895
125,106,-1.93102,-0.192407
126,106,-1.92677,-0.192422
127,106,-1.92213,-0.192638
128,106,-1.91801,-0.193037
129,106,-1.91329,-0.193651
130,106,-1.909,-0.194329
131,106,-1.90405,-0.194519
132,106,-1.89935,-0.195071
133,106,-1.89473,-0.19565
134,106,-1.8902,-0.196308
135,106,-1.88543,-0.19683
136,106,-1.88079,-0.197684
137,106,-1.87636,-0.198491
138,106,-1.87191,-0.199036
139,106,-1.86697,-0.200152
140,106,-1.86207,-0.201564
141,106,-1.85766,-0.2028
142,106,-1.85292,-0.20362
143,106,-1.84808,-0.204722
144,106,-1.84316,-0.206231
145,106,-1.83788,-0.207328
146,106,-1.83287,-0.208599
147,106,-1.82844,-0.210328
148,106,-1.8234,-0.212283
149,106,-1.81882,-0.214126
150,106,-1.81351,-0.215866
151,106,-1.80863,-0.217482
152,106,-1.80335,-0.219296
153,106,-1.79855,-0.221238
154,106,-1.7934,-0.223695
155,106,-1.78812,-0.225872
156,106,-1.78288,-0.228675
157,106,-1.77779,-0.231388
158,106,-1.77307,-0.233875
159,106,-1.7675,-0.236143
160,106,-1.76231,-0.239215
161,106,-1.75713,-0.241809
162,106,-1.75166,-0.244088
163,106,-1.74643,-0.246733
164,106,-1.74088,-0.249558
165,106,-1.73573,-0.251971
166,106,-1.73031,-0.254066
167,106,-1.72524,-0.255665
168,106,-1.72006,-0.257661
169,106,-1.71485,-0.259903
170,106,-1.70973,-0.26115
171,106,-1.70468,-0.26244
172,106,-1.69899,-0.263618
173,106,-1.69367,-0.264037
174,106,-1.68866,-0.264135
175,106,-1.68354,-0.264305
176,106,-1.6782,-0.26375
177,106,-1.67304,-0.263163
178,106,-1.66849,-0.262711
179,106,-1.66319,-0.261723
180,106,-1.65785,-0.260561
181,106,-1.65271,-0.259186
182,106,-1.64725,-0.257245
183,106,-1.64202,-0.255178
184,106,-1.6366,-0.253313
185,106,-1.63099,-0.250711
186,106,-1.62608,-0.248132
187,106,-1.62068,-0.246047
188,106,-1.61533,-0.243064
189,106,-1.61012,-0.240086
190,106,-1.60478,-0.236721
191,106,-1.59884,-0.232571
192,106,-1.59367,-0.229017
193,106,-1.58873,-0.225335
194,106,-1.58382,-0.220996
195,106,-1.57898,-0.217496
196,106,-1.57364,-0.213619
197,106,-1.56827,-0.209604
198,106,-1.56304,-0.206242
199,106,-1.55788,-0.202667
200,106,-1.55291,-0.199241
201,106,-1.54744,-0.195641
202,106,-1.54218,-0.192203
203,106,-1.53713,-0.18881
204,106,-1.53218,-0.185583
205,106,-1.52699,-0.182944
206,106,-1.52152,-0.180534
207,106,-1.51657,-0.178087
208,106,-1.51203,-0.175558
209,106,-1.50717,-0.173087
210,106,-1.50251,-0.171132
211,106,-1.49793,-0.169353
212,106,-1.49285,-0.167584
213,106,-1.48799,-0.165712
214,106,-1.48316,-0.163675
215,106,-1.47834,-0.162383
216,106,-1.47335,-0.161107
217,106,-1.46859,-0.159609
218,106,-1.46377,-0.158262
219,106,-1.45882,-0.157131
220,106,-1.45389,-0.155614
221,106,-1.44896,-0.153769
222,106,-1.4443,-0.152804
223,106,-1.43941,-0.151718
224,106,-1.43513,-0.1505
225,106,-1.43094,-0.149582
226,106,-1.42639,-0.148687
227,106,-1.42203,-0.147517
228,106,-1.41763,-0.146242
229,106,-1.4133,-0.145643
230,106,-1.40888,-0.144763
231,106,-1.40484,-0.143963
232,106,-1.40107,-0.142945
233,106,-1.39742,-0.141867
234,106,-1.3936,-0.141301
235,106,-1.38929,-0.140875
236,106,-1.38568,-0.139759
237,106,-1.38162,-0.138891
238,106,-1.37768,-0.137946
239,106,-1.37398,-0.136689
240,106,-1.37017,-0.135874
241,106,-1.3663,-0.134877
242,106,-1.36271,-0.133575
243,106,-1.35917,-0.132696
244,106,-1.3553,-0.131665
245,106,-1.35163,-0.130715
246,106,-1.34733,-0.129955
247,106,-1.34331,-0.129286
248,106,-1.3396,-0.128692
249,106,-1.33563,-0.128109
250,106,-1.33177,-0.127422
251,106,-1.32803,-0.127259
252,106,-1.32402,-0.126986
253,106,-1.31982,-0.126306
254,106,-1.31561,-0.125599
255,106,-1.31183,-0.124886
256,106,-1.30759,-0.124385
257,106,-1.3034,-0.123889
258,106,-1.29914,-0.123101
259,106,-1.29502,-0.122104
260,106,-1.29054,-0.121566
261,106,-1.28624,-0.121072
262,106,-1.28234,-0.120634
263,106,-1.27765,-0.11997
264,106,-1.27347,-0.119547
265,106,-1.26896,-0.118935
266,106,-1.26467,-0.118641
267,106,-1.26014,-0.117918
268,106,-1.2559,-0.117504
269,106,-1.25187,-0.117125
270,106,-1.24792,-0.116855
271,106,-1.24405,-0.11661
272,106,-1.23992,-0.116161
273,106,-1.23589,-0.116024
274,106,-1.23177,-0.115402
275,106,-1.22705,-0.114707
276,106,-1.22211,-0.113973
277,106,-1.21769,-0.11383
278,106,-1.21343,-0.113152
279,106,-1.2088,-0.112806
280,106,-1.20371,-0.112604
281,106,-1.19954,-0.112297
282,106,-1.19557,-0.111936
283,106,-1.19148,-0.111393
284,106,-1.18727,-0.110877
285,106,-1.18285,-0.110634
286,106,-1.17886,-0.110309
287,106,-1.17462,-0.110029
288,106,-1.17022,-0.109399
289,106,-1.16598,-0.109016
290,106,-1.16222,-0.10875
291,106,-1.15835,-0.108473
292,106,-1.15458,-0.108066
293,106,-1.15026,-0.107624
294,106,-1.1466,-0.107073
295,106,-1.14241,-0.106609
296,106,-1.1381,-0.106087
297,106,-1.13398,-0.106175
298,106,-1.13017,-0.105445
299,106,-1.12611,-0.105062
300,106,-1.12191,-0.104345
301,106,-1.11791,-0.104244
302,106,-1.11372,-0.103728
303,106,-1.10902,-0.102999
304,106,-1.1047,-0.102692
305,106,-1.1006,-0.102354
306,106,-1.09677,-0.102239
307,106,-1.09263,-0.101606
308,106,-1.08869,-0.100793
309,106,-1.0845,-0.100064
310,106,-1.08007,-0.0992749
311,106,-1.07618,-0.0988415
312,106,-1.07158,-0.0984676
313,106,-1.06758,-0.0980889
314,106,-1.06377,-0.0976261
315,106,-1.05948,-0.0969527
316,106,-1.05599,-0.0960568
317,106,-1.05233,-0.0954946
318,106,-1.048,-0.0947925
319,106,-1.0441,-0.0940422
320,106,-1.03998,-0.0935922
321,106,-1.03561,-0.0929936
322,106,-1.03176,-0.092111
323,106,-1.02752,-0.0916337
324,106,-1.02351,-0.0908966
325,106,-1.01956,-0.0902001
326,106,-1.01541,-0.089597
327,106,-1.0115,-0.0897094
11,107,-2.42518,-0.209167
12,107,-2.42151,-0.209626
13,107,-2.41827,-0.20927
14,107,-2.41459,-0.209282
15,107,-2.41053,-0.209421
16,107,-2.40675,-0.209237
17,107,-2.40279,-0.209022
18,107,-2.39892,-0.208945
19,107,-2.39519,-0.208918
20,107,-2.39098,-0.208694
21,107,-2.38649,-0.208559
22,107,-2.38241,-0.208267
23,107,-2.37838,-0.208218
24,107,-2.3747,-0.208289
25,107,-2.37062,-0.2082
26,107,-2.36673,-0.208046
27,107,-2.36243,-0.208324
28,107,-2.35824,-0.208051
29,107,-2.35402,-0.207942
30,107,-2.34919,-0.20738
31,107,-2.34538,-0.207156
32,107,-2.3414,-0.206984
33,107,-2.33728,-0.207289
34,107,-2.33312,-0.207451
35,107,-2.32922,-0.207781
36,107,-2.3251,-0.207537
37,107,-2.32072,-0.207021
38,107,-2.31614,-0.206902
39,107,-2.31167,-0.206902
40,107,-2.30685,-0.207145
41,107,-2.30215,-0.207138
42,107,-2.2977,-0.206832
43,107,-2.29333,-0.206711
44,107,-2.28865,-0.206755
45,107,-2.28435,-0.206152
46,107,-2.28017,-0.205513
47,107,-2.27601,-0.205203
48,107,-2.27154,-0.204694
49,107,-2.26779,-0.204603
50,107,-2.26354,-0.204683
51,107,-2.2597,-0.204306
52,107,-2.25547,-0.203848
53,107,-2.25134,-0.203244
54,107,-2.24734,-0.202995
55,107,-2.24252,-0.202591
56,107,-2.23813,-0.202185
57,107,-2.23441,-0.201518
58,107,-2.23027,-0.201225
59,107,-2.22566,-0.200779
60,107,-2.22105,-0.201092
61,107,-2.21663,-0.201059
62,107,-2.21201,-0.200721
63,107,-2.20792,-0.200454
64,107,-2.20326,-0.199915
65,107,-2.19869,-0.199782
66,107,-2.19388,-0.199833
67,107,-2.18952,-0.199968
68,107,-2.18524,-0.199755
69,107,-2.18064,-0.199687
70,107,-2.17603,-0.199737
71,107,-2.17176,-0.199705
72,107,-2.16756,-0.19964
73,107,-2.16311,-0.19938
74,107,-2.15888,-0.199135
75,107,-2.15438,-0.199181
76,107,-2.15014,-0.199104
77,107,-2.14648,-0.199012
78,107,-2.14265,-0.198941
79,107,-2.13881,-0.198789
80,107,-2.13471,-0.198603
81,107,-2.13088,-0.198703
82,107,-2.12704,-0.198314
83,107,-2.12283,-0.19775
84,107,-2.11868,-0.197453
85,107,-2.11444,-0.19711
86,107,-2.11081,-0.197215
87,107,-2.10683,-0.19699
88,107,-2.10279,-0.19704
89,107,-2.09859,-0.197156
90,107,-2.09397,-0.196573
91,107,-2.09012,-0.196086
92,107,-2.0863,-0.195767
93,107,-2.08197,-0.1954
94,107,-2.07753,-0.195007
95,107,-2.07321,-0.194974
96,107,-2.06884,-0.194951
97,107,-2.06441,-0.194449
98,107,-2.06023,-0.194012
99,107,-2.05585,-0.193763
100,107,-2.05125,-0.193352
101,107,-2.04677,-0.193233
102,107,-2.04221,-0.192952
103,107,-2.03769,-0.19256
104,107,-2.0326,-0.192456
105,107,-2.02784,-0.192055
106,107,-2.02313,-0.192028
107,107,-2.01818,-0.192071
108,107,-2.01366,-0.191606
109,107,-2.0091,-0.191689
110,107,-2.00446,-0.19216
111,107,-1.9995,-0.192518
112,107,-1.99384,-0.192636
113,107,-1.98889,-0.192445
114,107,-1.98398,-0.192521
115,107,-1.97871,-0.19263
116,107,-1.97382,-0.192925
117,107,-1.96909,-0.192829
118,107,-1.96437,-0.192661
119,107,-1.95938,-0.192665
120,107,-1.95494,-0.1927
121,107,-1.95011,-0.192707
122,107,-1.94482,-0.192953
123,107,-1.94004,-0.192596
124,107,-1.9347,-0.192703
125,107,-1.93031,-0.193038
126,107,-1.92616,-0.19345
127,107,-1.92161,-0.193562
128,107,-1.91725,-0.193968
129,107,-1.91276,-0.194399
130,107,-1.90819,-0.194851
131,107,-1.9032,-0.195145
132,107,-1.89819,-0.195604
133,107,-1.8938,-0.19649
134,107,-1.88933,-0.197026
135,107,-1.8847,-0.197753
136,107,-1.88002,-0.198488
137,107,-1.87578,-0.199262
138,107,-1.87085,-0.199944
139,107,-1.8661,-0.200813
140,107,-1.86124,-0.202037
141,107,-1.85666,-0.20317
142,107,-1.85196,-0.20429
143,107,-1.84686,-0.205485
144,107,-1.84185,-0.206784
145,107,-1.83681,-0.208048
146,107,-1.83189,-0.209625
147,107,-1.82696,-0.211578
148,107,-1.82225,-0.213415
149,107,-1.81768,-0.215274
150,107,-1.81213,-0.216915
151,107,-1.80751,-0.218443
152,107,-1.8025,-0.220215
153,107,-1.79757,-0.222217
154,107,-1.7923,-0.224521
155,107,-1.78715,-0.226837
156,107,-1.78205,-0.229413
157,107,-1.77701,-0.232097
158,107,-1.77213,-0.234555
159,107,-1.76689,-0.236549
160,107,-1.76153,-0.239797
161,107,-1.75635,-0.24212
162,107,-1.75098,-0.244636
163,107,-1.7456,-0.246928
164,107,-1.7403,-0.249514
165,107,-1.73539,-0.252063
166,107,-1.73015,-0.254464
167,107,-1.72477,-0.256423
168,107,-1.7195,-0.258217
169,107,-1.71437,-0.260135
170,107,-1.70931,-0.261597
171,107,-1.70407,-0.26306
172,107,-1.69906,-0.264155
173,107,-1.69385,-0.264284
174,107,-1.68901,-0.264427
175,107,-1.68397,-0.264857
176,107,-1.67849,-0.264261
177,107,-1.67344,-0.263767
178,107,-1.66868,-0.263636
179,107,-1.66349,-0.262403
180,107,-1.65808,-0.261009
181,107,-1.65306,-0.259795
182,107,-1.64795,-0.257833
183,107,-1.64241,-0.255954
184,107,-1.63773,-0.253736
185,107,-1.63246,-0.25088
186,107,-1.62684,-0.248532
187,107,-1.6214,-0.246373
188,107,-1.61663,-0.243713
189,107,-1.61147,-0.240661
190,107,-1.60615,-0.237399
191,107,-1.6003,-0.233821
192,107,-1.59519,-0.229802
193,107,-1.59035,-0.225849
194,107,-1.58544,-0.222124
195,107,-1.58049,-0.218417
196,107,-1.57506,-0.214616
197,107,-1.56987,-0.210617
198,107,-1.5648,-0.207047
199,107,-1.55961,-0.203575
200,107,-1.55436,-0.200221
201,107,-1.5494,-0.196788
202,107,-1.5446,-0.193168
203,107,-1.53906,-0.190077
204,107,-1.53388,-0.187143
205,107,-1.52881,-0.184489
206,107,-1.52349,-0.181866
207,107,-1.51832,-0.179289
208,107,-1.5138,-0.176455
209,107,-1.50945,-0.174212
210,107,-1.50483,-0.172712
211,107,-1.50016,-0.170677
212,107,-1.49488,-0.168407
213,107,-1.49,-0.166671
214,107,-1.48531,-0.164887
215,107,-1.48036,-0.163249
216,107,-1.47539,-0.161931
217,107,-1.47051,-0.160387
218,107,-1.4658,-0.158963
219,107,-1.46104,-0.157608
220,107,-1.45597,-0.156525
221,107,-1.45094,-0.155261
222,107,-1.44628,-0.153989
223,107,-1.44132,-0.152771
224,107,-1.43688,-0.151662
225,107,-1.43261,-0.150573
226,107,-1.42799,-0.149553
227,107,-1.4236,-0.148566
228,107,-1.41954,-0.147645
229,107,-1.41506,-0.146714
230,107,-1.41047,-0.145932
231,107,-1.40659,-0.145187
232,107,-1.40252,-0.144094
233,107,-1.39884,-0.143162
234,107,-1.39519,-0.142439
235,107,-1.39111,-0.141894
236,107,-1.38727,-0.140897
237,107,-1.38334,-0.139976
238,107,-1.37927,-0.13858
239,107,-1.37574,-0.137458
240,107,-1.37174,-0.136768
241,107,-1.3677,-0.135602
242,107,-1.36396,-0.134501
243,107,-1.36029,-0.133534
244,107,-1.35656,-0.132282
245,107,-1.35276,-0.131514
246,107,-1.3487,-0.130853
247,107,-1.34446,-0.130035
248,107,-1.34064,-0.129506
249,107,-1.33682,-0.128801
250,107,-1.33294,-0.128337
251,107,-1.32882,-0.128106
252,107,-1.3249,-0.127609
253,107,-1.32092,-0.126892
254,107,-1.31698,-0.126077
255,107,-1.31318,-0.125384
256,107,-1.30897,-0.125174
257,107,-1.30477,-0.124746
258,107,-1.30012,-0.123788
259,107,-1.29602,-0.123165
260,107,-1.29191,-0.122412
261,107,-1.28745,-0.121661
262,107,-1.28297,-0.121447
263,107,-1.2786,-0.120785
264,107,-1.27431,-0.120069
265,107,-1.27006,-0.119797
266,107,-1.26584,-0.119465
267,107,-1.26108,-0.118446
268,107,-1.25698,-0.118371
269,107,-1.25319,-0.117743
270,107,-1.24897,-0.117579
271,107,-1.24521,-0.117146
272,107,-1.24106,-0.117072
273,107,-1.23698,-0.116749
274,107,-1.23229,-0.116301
275,107,-1.22788,-0.115753
276,107,-1.2234,-0.114992
277,107,-1.21892,-0.114621
278,107,-1.2144,-0.113927
279,107,-1.20984,-0.113218
280,107,-1.20497,-0.112915
281,107,-1.20022,-0.112843
282,107,-1.19623,-0.112353
283,107,-1.192,-0.112084
284,107,-1.18779,-0.111399
285,107,-1.18367,-0.111298
286,107,-1.17954,-0.110913
287,107,-1.17504,-0.110815
288,107,-1.17079,-0.110312
289,107,-1.16688,-0.109696
290,107,-1.16288,-0.109529
291,107,-1.15884,-0.109402
292,107,-1.15491,-0.108851
293,107,-1.15082,-0.108161
294,107,-1.14685,-0.10788
295,107,-1.14282,-0.107117
296,107,-1.13851,-0.106773
297,107,-1.13468,-0.106587
298,107,-1.13066,-0.106241
299,107,-1.12689,-0.105323
300,107,-1.12305,-0.104921
301,107,-1.11889,-0.104832
302,107,-1.11452,-0.104583
303,107,-1.11017,-0.103778
304,107,-1.10585,-0.103188
305,107,-1.10154,-0.1028
306,107,-1.09739,-0.102372
307,107,-1.09295,-0.101835
308,107,-1.08879,-0.10137
309,107,-1.08446,-0.100827
310,107,-1.08073,-0.100185
311,107,-1.07608,-0.0993636
312,107,-1.07224,-0.0989704
313,107,-1.06807,-0.0986771
314,107,-1.06383,-0.0980741
315,107,-1.0601,-0.0971377
316,107,-1.05658,-0.0965947
317,107,-1.05291,-0.0962107
318,107,-1.04871,-0.095521
319,107,-1.04461,-0.0948157
320,107,-1.04044,-0.0939727
321,107,-1.03607,-0.093376
322,107,-1.03212,-0.0929726
323,107,-1.02816,-0.0922855
324,107,-1.02429,-0.0915899
325,107,-1.02016,-0.0909337
326,107,-1.0159,-0.0905153
327,107,-1.01148,-0.0902049
11,108,-2.42569,-0.210597
12,108,-2.42208,-0.210058
13,108,-2.41846,-0.20997
14,108,-2.41497,-0.209889
15,108,-2.41116,-0.209706
16,108,-2.40719,-0.209713
17,108,-2.40331,-0.209254
18,108,-2.3996,-0.209325
19,108,-2.39548,-0.20932
20,108,-2.39158,-0.209116
21,108,-2.38709,-0.208832
22,108,-2.38301,-0.208633
23,108,-2.3788,-0.208638
24,108,-2.37495,-0.208701
25,108,-2.37099,-0.208522
26,108,-2.36683,-0.208716
27,108,-2.36291,-0.208391
28,108,-2.35878,-0.208209
29,108,-2.35419,-0.207956
30,108,-2.34969,-0.207766
31,108,-2.34574,-0.207533
32,108,-2.34181,-0.207114
33,108,-2.33742,-0.207598
34,108,-2.333,-0.20796
35,108,-2.32894,-0.208096
36,108,-2.32496,-0.207948
37,108,-2.32077,-0.207398
38,108,-2.3166,-0.207501
39,108,-2.31208,-0.207691
40,108,-2.30698,-0.207728
41,108,-2.30218,-0.207332
42,108,-2.29752,-0.207135
43,108,-2.2934,-0.207044
44,108,-2.28862,-0.206844
45,108,-2.28472,-0.206535
46,108,-2.28037,-0.205972
47,108,-2.27618,-0.205731
48,108,-2.27204,-0.205309
49,108,-2.26789,-0.205302
50,108,-2.26373,-0.205257
51,108,-2.25972,-0.204809
52,108,-2.25555,-0.204429
53,108,-2.25189,-0.204036
54,108,-2.24735,-0.203381
55,108,-2.24276,-0.203144
56,108,-2.23846,-0.202338
57,108,-2.23437,-0.20177
58,108,-2.23031,-0.201891
59,108,-2.22595,-0.201422
60,108,-2.22131,-0.201049
61,108,-2.2166,-0.20126
62,108,-2.212,-0.201057
63,108,-2.20764,-0.20089
64,108,-2.20295,-0.200728
65,108,-2.19847,-0.200811
66,108,-2.19379,-0.200583
67,108,-2.18957,-0.200809
68,108,-2.18557,-0.200534
69,108,-2.18123,-0.200557
70,108,-2.17621,-0.200377
71,108,-2.17168,-0.200137
72,108,-2.16746,-0.200212
73,108,-2.16301,-0.199695
74,108,-2.15891,-0.199413
75,108,-2.15487,-0.19987
76,108,-2.151,-0.199726
77,108,-2.14696,-0.199739
78,108,-2.143,-0.199798
79,108,-2.13876,-0.199455
80,108,-2.13452,-0.199157
81,108,-2.13081,-0.199333
82,108,-2.12701,-0.198927
83,108,-2.12284,-0.198582
84,108,-2.11854,-0.198567
85,108,-2.11468,-0.19802
86,108,-2.11092,-0.197857
87,108,-2.10651,-0.197745
88,108,-2.10266,-0.197714
89,108,-2.09898,-0.197806
90,108,-2.0947,-0.197363
91,108,-2.09078,-0.197008
92,108,-2.08661,-0.196614
93,108,-2.08215,-0.196354
94,108,-2.07782,-0.196371
95,108,-2.07312,-0.196096
96,108,-2.06858,-0.195961
97,108,-2.0643,-0.195456
98,108,-2.05981,-0.194696
99,108,-2.05515,-0.194442
100,108,-2.05062,-0.194227
101,108,-2.04637,-0.193775
102,108,-2.04184,-0.193468
103,108,-2.03711,-0.193223
104,108,-2.03207,-0.193178
105,108,-2.02737,-0.192701
106,108,-2.02273,-0.192706
107,108,-2.01782,-0.19302
108,108,-2.01347,-0.19275
109,108,-2.00887,-0.192735
110,108,-2.00405,-0.192701
111,108,-1.99903,-0.193078
112,108,-1.99351,-0.193424
113,108,-1.98832,-0.193164
114,108,-1.98341,-0.193326
115,108,-1.97873,-0.193456
116,108,-1.9739,-0.193459
117,108,-1.96909,-0.193777
118,108,-1.96407,-0.193465
119,108,-1.95931,-0.193188
120,108,-1.95405,-0.193391
121,108,-1.94896,-0.19358
122,108,-1.94416,-0.193522
123,108,-1.93932,-0.193278
124,108,-1.93456,-0.193333
125,108,-1.92979,-0.19371
126,108,-1.92504,-0.194177
127,108,-1.92073,-0.194404
128,108,-1.91645,-0.195077
129,108,-1.91192,-0.19509
130,108,-1.90738,-0.195089
131,108,-1.90247,-0.195717
132,108,-1.8973,-0.19605
133,108,-1.89305,-0.196974
134,108,-1.88879,-0.197818
135,108,-1.88386,-0.198646
136,108,-1.87945,-0.199298
137,108,-1.87474,-0.200014
138,108,-1.87019,-0.200915
139,108,-1.86562,-0.201633
140,108,-1.86065,-0.202708
141,108,-1.85547,-0.203816
142,108,-1.85084,-0.204974
143,108,-1.84631,-0.205951
144,108,-1.84094,-0.207347
145,108,-1.8357,-0.208948
146,108,-1.83075,-0.210415
147,108,-1.82577,-0.2123
148,108,-1.82107,-0.214052
149,108,-1.81612,-0.215825
150,108,-1.81114,-0.217723
151,108,-1.80651,-0.219261
152,108,-1.80138,-0.221007
153,108,-1.79664,-0.223042
154,108,-1.79143,-0.225208
155,108,-1.78595,-0.227505
156,108,-1.78081,-0.22996
157,108,-1.77589,-0.232833
158,108,-1.7712,-0.235422
159,108,-1.76592,-0.237668
160,108,-1.76082,-0.24023
161,108,-1.75536,-0.242614
162,108,-1.74976,-0.245017
163,108,-1.7448,-0.247284
164,108,-1.73993,-0.249885
165,108,-1.73494,-0.252215
166,108,-1.72948,-0.254484
167,108,-1.72459,-0.256606
168,108,-1.71897,-0.258325
169,108,-1.71413,-0.259874
170,108,-1.70891,-0.261599
171,108,-1.70342,-0.263161
172,108,-1.69881,-0.26447
173,108,-1.69394,-0.264694
174,108,-1.68927,-0.264545
175,108,-1.68418,-0.26506
176,108,-1.67916,-0.264722
177,108,-1.67404,-0.264297
178,108,-1.66908,-0.26358
179,108,-1.66397,-0.262601
180,108,-1.65866,-0.261567
181,108,-1.65396,-0.259897
182,108,-1.64875,-0.257849
183,108,-1.64326,-0.256107
184,108,-1.63853,-0.253914
185,108,-1.63376,-0.251118
186,108,-1.62796,-0.248825
187,108,-1.62265,-0.24671
188,108,-1.61788,-0.244074
189,108,-1.61282,-0.241193
190,108,-1.60749,-0.238127
191,108,-1.60206,-0.234681
192,108,-1.59704,-0.230853
193,108,-1.59204,-0.227031
194,108,-1.58713,-0.223344
195,108,-1.58194,-0.219337
196,108,-1.57667,-0.215424
197,108,-1.57134,-0.21154
198,108,-1.56641,-0.208012
199,108,-1.56118,-0.204503
200,108,-1.55612,-0.200902
201,108,-1.55137,-0.197518
202,108,-1.5464,-0.194084
203,108,-1.54128,-0.191099
204,108,-1.53579,-0.188392
205,108,-1.53045,-0.185809
206,108,-1.52533,-0.183372
207,108,-1.5202,-0.18056
208,108,-1.51553,-0.177566
209,108,-1.51119,-0.175419
210,108,-1.50684,-0.173644
211,108,-1.50221,-0.171611
212,108,-1.4969,-0.169468
213,108,-1.49211,-0.167403
214,108,-1.48752,-0.165712
215,108,-1.48245,-0.163972
216,108,-1.47766,-0.162653
217,108,-1.47274,-0.161483
218,108,-1.46767,-0.159995
219,108,-1.46278,-0.15857
220,108,-1.45786,-0.157249
221,108,-1.45293,-0.156105
222,108,-1.44815,-0.154721
223,108,-1.44326,-0.153494
224,108,-1.4387,-0.152486
225,108,-1.43427,-0.151356
226,108,-1.42983,-0.150319
227,108,-1.42561,-0.14933
228,108,-1.4213,-0.148655
229,108,-1.41682,-0.148014
230,108,-1.41252,-0.147096
231,108,-1.40839,-0.146224
232,108,-1.40416,-0.145102
233,108,-1.40028,-0.144165
234,108,-1.39665,-0.143896
235,108,-1.393,-0.142978
236,108,-1.38894,-0.141988
237,108,-1.38472,-0.141075
238,108,-1.38085,-0.139709
239,108,-1.3771,-0.138584
240,108,-1.3731,-0.137417
241,108,-1.36917,-0.136248
242,108,-1.36531,-0.135419
243,108,-1.36142,-0.134095
244,108,-1.35741,-0.133115
245,108,-1.35369,-0.132206
246,108,-1.34966,-0.131403
247,108,-1.3456,-0.130813
248,108,-1.34155,-0.130073
249,108,-1.33776,-0.129325
250,108,-1.3339,-0.128956
251,108,-1.32987,-0.128763
252,108,-1.32562,-0.128306
253,108,-1.32171,-0.127183
254,108,-1.31783,-0.126876
255,108,-1.31381,-0.126492
256,108,-1.3099,-0.126045
257,108,-1.30578,-0.125268
258,108,-1.30104,-0.12438
259,108,-1.29695,-0.124076
260,108,-1.29271,-0.123168
261,108,-1.28865,-0.122621
262,108,-1.28408,-0.122055
263,108,-1.2795,-0.12137
264,108,-1.27534,-0.120749
265,108,-1.27127,-0.120415
266,108,-1.26696,-0.120006
267,108,-1.26236,-0.119283
268,108,-1.25832,-0.119041
269,108,-1.25425,-0.118459
270,108,-1.25009,-0.118414
271,108,-1.24601,-0.117888
272,108,-1.24188,-0.117621
273,108,-1.2376,-0.117143
274,108,-1.23322,-0.116927
275,108,-1.22887,-0.116531
276,108,-1.22438,-0.115463
277,108,-1.21969,-0.114798
278,108,-1.21532,-0.114447
279,108,-1.21079,-0.113713
280,108,-1.20605,-0.113145
281,108,-1.20146,-0.113168
282,108,-1.19698,-0.112933
283,108,-1.19306,-0.112326
284,108,-1.18899,-0.11198
285,108,-1.18446,-0.111754
286,108,-1.18012,-0.111477
287,108,-1.17592,-0.111196
288,108,-1.17157,-0.110856
289,108,-1.1674,-0.110383
290,108,-1.16357,-0.110093
291,108,-1.15948,-0.10988
292,108,-1.1556,-0.109674
293,108,-1.15174,-0.108962
294,108,-1.1474,-0.108505
295,108,-1.14316,-0.107697
296,108,-1.13932,-0.107747
297,108,-1.13525,-0.107053
298,108,-1.13165,-0.106784
299,108,-1.12779,-0.106283
300,108,-1.1238,-0.105892
301,108,-1.1197,-0.105406
302,108,-1.1151,-0.104719
303,108,-1.11093,-0.104116
304,108,-1.10644,-0.10343
305,108,-1.102,-0.103092
306,108,-1.0979,-0.102829
307,108,-1.09367,-0.102416
308,108,-1.08929,-0.102153
309,108,-1.08504,-0.101483
310,108,-1.08092,-0.100823
311,108,-1.07631,-0.100248
312,108,-1.07265,-0.099671
313,108,-1.0685,-0.0992021
314,108,-1.06405,-0.0983872
315,108,-1.06053,-0.0974388
316,108,-1.05687,-0.0968618
317,108,-1.05269,-0.0963386
318,108,-1.04877,-0.0961164
319,108,-1.04459,-0.0954261
320,108,-1.04055,-0.0948743
321,108,-1.03657,-0.0944781
322,108,-1.03266,-0.0936889
323,108,-1.0285,-0.0930573
324,108,-1.02445,-0.0923757
325,108,-1.0207,-0.0917782
326,108,-1.01654,-0.091335
327,108,-1.0121,-0.0911533
11,109,-2.42632,-0.211346
12,109,-2.4226,-0.210704
13,109,-2.41905,-0.210613
14,109,-2.41521,-0.210489
15,109,-2.41159,-0.210433
16,109,-2.40769,-0.210291
17,109,-2.40389,-0.209916
18,109,-2.39992,-0.209976
19,109,-2.39598,-0.209802
20,109,-2.39159,-0.209643
21,109,-2.38772,-0.209256
22,109,-2.38353,-0.209094
23,109,-2.3795,-0.208678
24,109,-2.37568,-0.209147
25,109,-2.37147,-0.209088
26,109,-2.3672,-0.209143
27,109,-2.36318,-0.208647
28,109,-2.35886,-0.208616
29,109,-2.35456,-0.207996
30,109,-2.35052,-0.208563
31,109,-2.34609,-0.207931
32,109,-2.34186,-0.207979
33,109,-2.33747,-0.208087
34,109,-2.3333,-0.208575
35,109,-2.32905,-0.208735
36,109,-2.32528,-0.208221
37,109,-2.32071,-0.207921
38,109,-2.31669,-0.207994
39,109,-2.31231,-0.208244
40,109,-2.30731,-0.207981
41,109,-2.30238,-0.207893
42,109,-2.29766,-0.207901
43,109,-2.29371,-0.207641
44,109,-2.28921,-0.20789
45,109,-2.28505,-0.20743
46,109,-2.28088,-0.206498
47,109,-2.27654,-0.206548
48,109,-2.27279,-0.205918
49,109,-2.26826,-0.20582
50,109,-2.26423,-0.205757
51,109,-2.25996,-0.205305
52,109,-2.25561,-0.204938
53,109,-2.25233,-0.204029
54,109,-2.24776,-0.203506
55,109,-2.24334,-0.203478
56,109,-2.23864,-0.202884
57,109,-2.23453,-0.202243
58,109,-2.23057,-0.202212
59,109,-2.22596,-0.201897
60,109,-2.2215,-0.201739
61,109,-2.21693,-0.201625
62,109,-2.21196,-0.201593
63,109,-2.2075,-0.201616
64,109,-2.20287,-0.201479
65,109,-2.19869,-0.201226
66,109,-2.19422,-0.201123
67,109,-2.18989,-0.201113
68,109,-2.18598,-0.201003
69,109,-2.18134,-0.201023
70,109,-2.17628,-0.200736
71,109,-2.17179,-0.200576
72,109,-2.16764,-0.200443
73,109,-2.16339,-0.200165
74,109,-2.15923,-0.200194
75,109,-2.1552,-0.200283
76,109,-2.15143,-0.20046
77,109,-2.14776,-0.200211
78,109,-2.1437,-0.200084
79,109,-2.13915,-0.200218
80,109,-2.13517,-0.200074
81,109,-2.13119,-0.199886
82,109,-2.12748,-0.199631
83,109,-2.12326,-0.199322
84,109,-2.11867,-0.199333
85,109,-2.1149,-0.199005
86,109,-2.11098,-0.198666
87,109,-2.10684,-0.198933
88,109,-2.10284,-0.198825
89,109,-2.09892,-0.1985
90,109,-2.09479,-0.198231
91,109,-2.09064,-0.198089
92,109,-2.08646,-0.197626
93,109,-2.08229,-0.197128
94,109,-2.07805,-0.197164
95,109,-2.07334,-0.196879
96,109,-2.06886,-0.196587
97,109,-2.06445,-0.19609
98,109,-2.05969,-0.195654
99,109,-2.05511,-0.195597
100,109,-2.05039,-0.195088
101,109,-2.04571,-0.194417
102,109,-2.04125,-0.194155
103,109,-2.03695,-0.193883
104,109,-2.03215,-0.193672
105,109,-2.02729,-0.193832
106,109,-2.02271,-0.193419
107,109,-2.01788,-0.193389
108,109,-2.01349,-0.193402
109,109,-2.00879,-0.193315
110,109,-2.00363,-0.193584
111,109,-1.99871,-0.193708
112,109,-1.99362,-0.193962
113,109,-1.98856,-0.194025
114,109,-1.98311,-0.194166
115,109,-1.97833,-0.194417
116,109,-1.97359,-0.194455
117,109,-1.96834,-0.194785
118,109,-1.96361,-0.194666
119,109,-1.95869,-0.194163
120,109,-1.95345,-0.194301
121,109,-1.94867,-0.19419
122,109,-1.94363,-0.193982
123,109,-1.93862,-0.193461
124,109,-1.93419,-0.193869
125,109,-1.92901,-0.194367
126,109,-1.92421,-0.194811
127,109,-1.91979,-0.195446
128,109,-1.91557,-0.195893
129,109,-1.91138,-0.195738
130,109,-1.90647,-0.195637
131,109,-1.90176,-0.195981
132,109,-1.89671,-0.196876
133,109,-1.89224,-0.197935
134,109,-1.88815,-0.198496
135,109,-1.8834,-0.199312
136,109,-1.87863,-0.200356
137,109,-1.87415,-0.201108
138,109,-1.86926,-0.201758
139,109,-1.86446,-0.202591
140,109,-1.8596,-0.203321
141,109,-1.8542,-0.204488
142,109,-1.84958,-0.205825
143,109,-1.84492,-0.206571
144,109,-1.84014,-0.208112
145,109,-1.83489,-0.209682
146,109,-1.82972,-0.211335
147,109,-1.82496,-0.21296
148,109,-1.81971,-0.21476
149,109,-1.81472,-0.216472
150,109,-1.80996,-0.21841
151,109,-1.80513,-0.220143
152,109,-1.80039,-0.221799
153,109,-1.79541,-0.223673
154,109,-1.7903,-0.225999
155,109,-1.7851,-0.227952
156,109,-1.77983,-0.23071
157,109,-1.77522,-0.233046
158,109,-1.77028,-0.235742
159,109,-1.76487,-0.238308
160,109,-1.75992,-0.24039
161,109,-1.7547,-0.242839
162,109,-1.74921,-0.245131
163,109,-1.74444,-0.247685
164,109,-1.73918,-0.250625
165,109,-1.73416,-0.252512
166,109,-1.72908,-0.254797
167,109,-1.72424,-0.256542
168,109,-1.71904,-0.258722
169,109,-1.71388,-0.260343
170,109,-1.70887,-0.261918
171,109,-1.70371,-0.263468
172,109,-1.69911,-0.264695
173,109,-1.69447,-0.265008
174,109,-1.68993,-0.264984
175,109,-1.68477,-0.265256
176,109,-1.67982,-0.264943
177,109,-1.67469,-0.264444
178,109,-1.66953,-0.263674
179,109,-1.66479,-0.262944
180,109,-1.65952,-0.261556
181,109,-1.6548,-0.259717
182,109,-1.64973,-0.257791
183,109,-1.64454,-0.255914
184,109,-1.63953,-0.254197
185,109,-1.63486,-0.251777
186,109,-1.62941,-0.249078
187,109,-1.62445,-0.24699
188,109,-1.61938,-0.244162
189,109,-1.61391,-0.241708
190,109,-1.60889,-0.238815
191,109,-1.60391,-0.234993
192,109,-1.59879,-0.231511
193,109,-1.59382,-0.227907
194,109,-1.58879,-0.224237
195,109,-1.58373,-0.220256
196,109,-1.57862,-0.216142
197,109,-1.57299,-0.212426
198,109,-1.56779,-0.208723
199,109,-1.5631,-0.20518
200,109,-1.55814,-0.201567
201,109,-1.55301,-0.198345
202,109,-1.54791,-0.195432
203,109,-1.54305,-0.192224
204,109,-1.53794,-0.189288
205,109,-1.53261,-0.186751
206,109,-1.5275,-0.184066
207,109,-1.5223,-0.181316
208,109,-1.51737,-0.178553
209,109,-1.51281,-0.176399
210,109,-1.50878,-0.174531
211,109,-1.50395,-0.172359
212,109,-1.49874,-0.170286
213,109,-1.49398,-0.168214
214,109,-1.48914,-0.166357
215,109,-1.48451,-0.164941
216,109,-1.47949,-0.163595
217,109,-1.4747,-0.162413
218,109,-1.46974,-0.161093
219,109,-1.46455,-0.15936
220,109,-1.45959,-0.157984
221,109,-1.45475,-0.156924
222,109,-1.45018,-0.155552
223,109,-1.44514,-0.154344
224,109,-1.44044,-0.153456
225,109,-1.43617,-0.152431
226,109,-1.43161,-0.151377
227,109,-1.42725,-0.150383
228,109,-1.42308,-0.149674
229,109,-1.41852,-0.148587
230,109,-1.41415,-0.147674
231,109,-1.41022,-0.147186
232,109,-1.40582,-0.146212
233,109,-1.40183,-0.145215
234,109,-1.39851,-0.144855
235,109,-1.39452,-0.143906
236,109,-1.39028,-0.142847
237,109,-1.38626,-0.142062
238,109,-1.3824,-0.140783
239,109,-1.37832,-0.139237
240,109,-1.37402,-0.138218
241,109,-1.37046,-0.137127
242,109,-1.36678,-0.136049
243,109,-1.36277,-0.134647
244,109,-1.35854,-0.1338
245,109,-1.35503,-0.133049
246,109,-1.35095,-0.131961
247,109,-1.3469,-0.131128
248,109,-1.34225,-0.130494
249,109,-1.33855,-0.130193
250,109,-1.33457,-0.129768
251,109,-1.33059,-0.129521
252,109,-1.32677,-0.129119
253,109,-1.32256,-0.128108
254,109,-1.31858,-0.127453
255,109,-1.31469,-0.126866
256,109,-1.31032,-0.126428
257,109,-1.30618,-0.126067
258,109,-1.30204,-0.125308
259,109,-1.29775,-0.1249
260,109,-1.29368,-0.124115
261,109,-1.28927,-0.123249
262,109,-1.28493,-0.122939
263,109,-1.28057,-0.122232
264,109,-1.27621,-0.121746
265,109,-1.27224,-0.121435
266,109,-1.26778,-0.120716
267,109,-1.26339,-0.120149
268,109,-1.2594,-0.119801
269,109,-1.25521,-0.119196
270,109,-1.25111,-0.119263
271,109,-1.24717,-0.118766
272,109,-1.24288,-0.118373
273,109,-1.2384,-0.11776
274,109,-1.23414,-0.117139
275,109,-1.22978,-0.116468
276,109,-1.22547,-0.116025
277,109,-1.22076,-0.114971
278,109,-1.2162,-0.114256
279,109,-1.21179,-0.114053
280,109,-1.20713,-0.113834
281,109,-1.20262,-0.113386
282,109,-1.19803,-0.11306
283,109,-1.1939,-0.112934
284,109,-1.18966,-0.112416
285,109,-1.18515,-0.112102
286,109,-1.181,-0.111862
287,109,-1.17659,-0.111452
288,109,-1.1723,-0.110995
289,109,-1.16819,-0.11052
290,109,-1.16376,-0.110511
291,109,-1.16008,-0.11038
292,109,-1.15592,-0.110312
293,109,-1.15183,-0.109631
294,109,-1.14792,-0.109143
295,109,-1.14383,-0.10847
296,109,-1.13989,-0.108385
297,109,-1.13626,-0.107849
298,109,-1.13243,-0.107209
299,109,-1.12852,-0.106814
300,109,-1.12437,-0.106165
301,109,-1.12004,-0.105932
302,109,-1.1158,-0.105398
303,109,-1.11113,-0.104738
304,109,-1.10698,-0.104278
305,109,-1.10274,-0.103852
306,109,-1.09835,-0.103628
307,109,-1.09395,-0.103125
308,109,-1.08961,-0.102654
309,109,-1.08543,-0.101684
310,109,-1.08125,-0.101306
311,109,-1.07701,-0.100684
312,109,-1.07286,-0.100214
313,109,-1.0689,-0.0996446
314,109,-1.06466,-0.0989558
315,109,-1.06087,-0.0980362
316,109,-1.05696,-0.0974507
317,109,-1.05307,-0.0968423
318,109,-1.04869,-0.0967743
319,109,-1.04461,-0.096206
320,109,-1.04072,-0.095677
321,109,-1.03677,-0.0952149
322,109,-1.03306,-0.0944991
323,109,-1.02875,-0.0937605
324,109,-1.02491,-0.0929546
325,109,-1.02086,-0.0925274
326,109,-1.01639,-0.0922512
327,109,-1.01187,-0.0918348
11,110,-2.42712,-0.212317
12,110,-2.42332,-0.211825
13,110,-2.41981,-0.211588
14,110,-2.41583,-0.21149
15,110,-2.41191,-0.211383
16,110,-2.40812,-0.211165
17,110,-2.40408,-0.210765
18,110,-2.4002,-0.210636
19,110,-2.39636,-0.21041
20,110,-2.39229,-0.210067
21,110,-2.38834,-0.209494
22,110,-2.38391,-0.209147
23,110,-2.37982,-0.209011
24,110,-2.37558,-0.209622
25,110,-2.37154,-0.209542
26,110,-2.36781,-0.209278
27,110,-2.3638,-0.20911
28,110,-2.35917,-0.208771
29,110,-2.35475,-0.208653
30,110,-2.35084,-0.208684
31,110,-2.34639,-0.208333
32,110,-2.34218,-0.208337
33,110,-2.33777,-0.208709
34,110,-2.33384,-0.209139
35,110,-2.32947,-0.209109
36,110,-2.32535,-0.208887
37,110,-2.32092,-0.208758
38,110,-2.31672,-0.208547
39,110,-2.31244,-0.208507
40,110,-2.30752,-0.208657
41,110,-2.30286,-0.208578
42,110,-2.29837,-0.208205
43,110,-2.2942,-0.20816
44,110,-2.28996,-0.208385
45,110,-2.28511,-0.208297
46,110,-2.28132,-0.207487
47,110,-2.27693,-0.206999
48,110,-2.27257,-0.206432
49,110,-2.26875,-0.206089
50,110,-2.2647,-0.206028
51,110,-2.26046,-0.205517
52,110,-2.25611,-0.205132
53,110,-2.25256,-0.204468
54,110,-2.24828,-0.20402
55,110,-2.24374,-0.20368
56,110,-2.2389,-0.202943
57,110,-2.23486,-0.202434
58,110,-2.23081,-0.202496
59,110,-2.22652,-0.201929
60,110,-2.22195,-0.201896
61,110,-2.21727,-0.202305
62,110,-2.2125,-0.201975
63,110,-2.20828,-0.201997
64,110,-2.20346,-0.202139
65,110,-2.19901,-0.201781
66,110,-2.19453,-0.201615
67,110,-2.19069,-0.201432
68,110,-2.18662,-0.201706
69,110,-2.18183,-0.201583
70,110,-2.17709,-0.201536
71,110,-2.17243,-0.201445
72,110,-2.1679,-0.201301
73,110,-2.16378,-0.200843
74,110,-2.15989,-0.201049
75,110,-2.1557,-0.201116
76,110,-2.15171,-0.200856
77,110,-2.14803,-0.201013
78,110,-2.14413,-0.201151
79,110,-2.13995,-0.200672
80,110,-2.13583,-0.200303
81,110,-2.13184,-0.200254
82,110,-2.12752,-0.200421
83,110,-2.12342,-0.200186
84,110,-2.11931,-0.200026
85,110,-2.11532,-0.199936
86,110,-2.1113,-0.199528
87,110,-2.10729,-0.199465
88,110,-2.10358,-0.199459
89,110,-2.09881,-0.199441
90,110,-2.09482,-0.198956
91,110,-2.09109,-0.198411
92,110,-2.08625,-0.198281
93,110,-2.08229,-0.197962
94,110,-2.07801,-0.197747
95,110,-2.07342,-0.197399
96,110,-2.06925,-0.196983
97,110,-2.06455,-0.196916
98,110,-2.05983,-0.196656
99,110,-2.05503,-0.196237
100,110,-2.05016,-0.195617
101,110,-2.04549,-0.195161
102,110,-2.04104,-0.194761
103,110,-2.03642,-0.194475
104,110,-2.0317,-0.194208
105,110,-2.0273,-0.194268
106,110,-2.02219,-0.194456
107,110,-2.01763,-0.194116
108,110,-2.01329,-0.194276
109,110,-2.00825,-0.194624
110,110,-2.00344,-0.194269
111,110,-1.99877,-0.194488
112,110,-1.99425,-0.194592
113,110,-1.98882,-0.194786
114,110,-1.98313,-0.19484
115,110,-1.97813,-0.1948
116,110,-1.97339,-0.195454
117,110,-1.96824,-0.195534
118,110,-1.96322,-0.195505
119,110,-1.95863,-0.195086
120,110,-1.95384,-0.195131
121,110,-1.94869,-0.19501
122,110,-1.94381,-0.19477
123,110,-1.93856,-0.194121
124,110,-1.93368,-0.19426
125,110,-1.92882,-0.194701
126,110,-1.92384,-0.1951
127,110,-1.91917,-0.195853
128,110,-1.91469,-0.196046
129,110,-1.91062,-0.195891
130,110,-1.90576,-0.196095
131,110,-1.90071,-0.196797
132,110,-1.89604,-0.197915
133,110,-1.89158,-0.198767
134,110,-1.88725,-0.199619
135,110,-1.88283,-0.200291
136,110,-1.87814,-0.201393
137,110,-1.87369,-0.202036
138,110,-1.86861,-0.202604
139,110,-1.86345,-0.203405
140,110,-1.85879,-0.203951
141,110,-1.85374,-0.205148
142,110,-1.84841,-0.206644
143,110,-1.84399,-0.207493
144,110,-1.83891,-0.20907
145,110,-1.83383,-0.210503
146,110,-1.82857,-0.212003
147,110,-1.82372,-0.213776
148,110,-1.8186,-0.215428
149,110,-1.81405,-0.21705
150,110,-1.80878,-0.218954
151,110,-1.80409,-0.22064
152,110,-1.79917,-0.222578
153,110,-1.79396,-0.224507
154,110,-1.78901,-0.226729
155,110,-1.78415,-0.228884
156,110,-1.77928,-0.231236
157,110,-1.77464,-0.23384
158,110,-1.76958,-0.236203
159,110,-1.76417,-0.238779
160,110,-1.75924,-0.240672
161,110,-1.75422,-0.242977
162,110,-1.74874,-0.245164
163,110,-1.74379,-0.247809
164,110,-1.73852,-0.250807
165,110,-1.73347,-0.252664
166,110,-1.72869,-0.254742
167,110,-1.72384,-0.257156
168,110,-1.71904,-0.259307
169,110,-1.71395,-0.261105
170,110,-1.70898,-0.262538
171,110,-1.70416,-0.264055
172,110,-1.69958,-0.265019
173,110,-1.69502,-0.265193
174,110,-1.6899,-0.26553
175,110,-1.68514,-0.265637
176,110,-1.6804,-0.265617
177,110,-1.67527,-0.264985
178,110,-1.67024,-0.264373
179,110,-1.66562,-0.263403
180,110,-1.66064,-0.261612
181,110,-1.65558,-0.259622
182,110,-1.65067,-0.257933
183,110,-1.64558,-0.256517
184,110,-1.64086,-0.254452
185,110,-1.63587,-0.252196
186,110,-1.63076,-0.249894
187,110,-1.62591,-0.247362
188,110,-1.62081,-0.24461
189,110,-1.6155,-0.241782
190,110,-1.61017,-0.238963
191,110,-1.60535,-0.235297
192,110,-1.60017,-0.231662
193,110,-1.59511,-0.228347
194,110,-1.59046,-0.224483
195,110,-1.58549,-0.221124
196,110,-1.58026,-0.217253
197,110,-1.57486,-0.213571
198,110,-1.56978,-0.209863
199,110,-1.565,-0.206158
200,110,-1.56011,-0.202646
201,110,-1.55492,-0.199238
202,110,-1.5497,-0.196012
203,110,-1.5448,-0.19317
204,110,-1.53978,-0.190362
205,110,-1.53447,-0.187528
206,110,-1.52981,-0.184708
207,110,-1.52463,-0.181889
208,110,-1.5195,-0.179391
209,110,-1.5149,-0.177272
210,110,-1.51061,-0.175331
211,110,-1.50588,-0.173362
212,110,-1.5007,-0.171313
213,110,-1.4958,-0.169291
214,110,-1.49081,-0.167382
215,110,-1.4863,-0.165975
216,110,-1.48145,-0.164927
217,110,-1.47651,-0.163423
218,110,-1.47148,-0.161831
219,110,-1.46649,-0.160301
220,110,-1.46172,-0.159084
221,110,-1.45697,-0.158012
222,110,-1.45221,-0.156594
223,110,-1.4468,-0.155328
224,110,-1.44218,-0.154195
225,110,-1.43804,-0.153529
226,110,-1.43332,-0.152971
227,110,-1.42902,-0.151929
228,110,-1.42488,-0.151265
229,110,-1.42038,-0.150108
230,110,-1.41602,-0.148982
231,110,-1.41178,-0.148216
232,110,-1.40754,-0.147404
233,110,-1.40354,-0.146752
234,110,-1.39977,-0.145759
235,110,-1.39546,-0.144852
236,110,-1.39155,-0.144056
237,110,-1.38755,-0.143054
238,110,-1.38358,-0.14175
239,110,-1.37967,-0.140239
240,110,-1.37543,-0.139213
241,110,-1.37146,-0.138188
242,110,-1.36755,-0.136862
243,110,-1.36363,-0.135909
244,110,-1.3598,-0.134679
245,110,-1.35595,-0.133684
246,110,-1.35215,-0.132875
247,110,-1.34784,-0.132159
248,110,-1.34323,-0.131668
249,110,-1.33931,-0.130931
250,110,-1.33547,-0.130525
251,110,-1.3315,-0.13017
252,110,-1.32772,-0.12962
253,110,-1.32355,-0.128775
254,110,-1.31966,-0.128312
255,110,-1.31538,-0.127823
256,110,-1.31108,-0.127604
257,110,-1.30691,-0.126977
258,110,-1.30289,-0.126405
259,110,-1.2987,-0.125749
260,110,-1.29447,-0.12514
261,110,-1.28996,-0.124503
262,110,-1.28555,-0.12383
263,110,-1.28136,-0.123332
264,110,-1.27703,-0.122791
265,110,-1.27303,-0.122278
266,110,-1.26882,-0.122193
267,110,-1.26406,-0.121389
268,110,-1.26036,-0.120893
269,110,-1.25595,-0.120309
270,110,-1.25199,-0.120078
271,110,-1.248,-0.119571
272,110,-1.24413,-0.118903
273,110,-1.2395,-0.118223
274,110,-1.23534,-0.117714
275,110,-1.23085,-0.116885
276,110,-1.22637,-0.116414
277,110,-1.22168,-0.115487
278,110,-1.21705,-0.114717
279,110,-1.213,-0.114523
280,110,-1.20846,-0.114348
281,110,-1.2039,-0.114058
282,110,-1.19924,-0.11352
283,110,-1.19485,-0.113269
284,110,-1.19035,-0.112974
285,110,-1.18588,-0.11238
286,110,-1.18173,-0.112077
287,110,-1.17752,-0.111994
288,110,-1.1733,-0.111815
289,110,-1.16907,-0.111539
290,110,-1.1647,-0.11114
291,110,-1.16094,-0.111158
292,110,-1.15639,-0.110686
293,110,-1.15228,-0.11006
294,110,-1.14828,-0.10944
295,110,-1.14444,-0.109
296,110,-1.14059,-0.108485
297,110,-1.13658,-0.108024
298,110,-1.1329,-0.107532
299,110,-1.12884,-0.107209
300,110,-1.12498,-0.106758
301,110,-1.12062,-0.106148
302,110,-1.11612,-0.105944
303,110,-1.11163,-0.105598
304,110,-1.10765,-0.104932
305,110,-1.10346,-0.104696
306,110,-1.0988,-0.104268
307,110,-1.09432,-0.103669
308,110,-1.09015,-0.102854
309,110,-1.08572,-0.102177
310,110,-1.08157,-0.101851
311,110,-1.07719,-0.101253
312,110,-1.07324,-0.100748
313,110,-1.06904,-0.100169
314,110,-1.06477,-0.0992578
315,110,-1.06139,-0.098618
316,110,-1.05727,-0.0979901
317,110,-1.0534,-0.0978814
318,110,-1.04923,-0.0973608
319,110,-1.04476,-0.0966763
320,110,-1.04106,-0.096257
321,110,-1.03729,-0.0958918
322,110,-1.03345,-0.0948695
323,110,-1.02921,-0.0940289
324,110,-1.02476,-0.0935333
325,110,-1.02072,-0.0929112
326,110,-1.01633,-0.0927068
327,110,-1.0114,-0.0922815
11,111,-2.42654,-0.213657
12,111,-2.42362,-0.213055
13,111,-2.42008,-0.212642
14,111,-2.41635,-0.212437
15,111,-2.4124,-0.212081
16,111,-2.40842,-0.211976
17,111,-2.40437,-0.21144
18,111,-2.40088,-0.21133
19,111,-2.39664,-0.21086
20,111,-2.39276,-0.210719
21,111,-2.38875,-0.210163
22,111,-2.3845,-0.209677
23,111,-2.37993,-0.209905
24,111,-2.37593,-0.210082
25,111,-2.37174,-0.210098
26,111,-2.36831,-0.209435
27,111,-2.36431,-0.209398
28,111,-2.35998,-0.209325
29,111,-2.35522,-0.208958
30,111,-2.35123,-0.209227
31,111,-2.34712,-0.209147
32,111,-2.34231,-0.20904
33,111,-2.3384,-0.209502
34,111,-2.3339,-0.209685
35,111,-2.33006,-0.209454
36,111,-2.32577,-0.209653
37,111,-2.32135,-0.209322
38,111,-2.31703,-0.209292
39,111,-2.31245,-0.209127
40,111,-2.30742,-0.209654
41,111,-2.30317,-0.20924
42,111,-2.29885,-0.209065
43,111,-2.29464,-0.208836
44,111,-2.29012,-0.209082
45,111,-2.28582,-0.208796
46,111,-2.28176,-0.208131
47,111,-2.27726,-0.207612
48,111,-2.27278,-0.207074
49,111,-2.26873,-0.206779
50,111,-2.2649,-0.206334
51,111,-2.26113,-0.205947
52,111,-2.25667,-0.20533
53,111,-2.25278,-0.204814
54,111,-2.24866,-0.204781
55,111,-2.24429,-0.204388
56,111,-2.23967,-0.203348
57,111,-2.23531,-0.202702
58,111,-2.23084,-0.202761
59,111,-2.22663,-0.202437
60,111,-2.22229,-0.202152
61,111,-2.21792,-0.202285
62,111,-2.2133,-0.20237
63,111,-2.20856,-0.202615
64,111,-2.20385,-0.202382
65,111,-2.19955,-0.202149
66,111,-2.19492,-0.202258
67,111,-2.19087,-0.202226
68,111,-2.18683,-0.202002
69,111,-2.1822,-0.202325
70,111,-2.17759,-0.202355
71,111,-2.17289,-0.202127
72,111,-2.16857,-0.201827
73,111,-2.16441,-0.201544
74,111,-2.15997,-0.201738
75,111,-2.15614,-0.201626
76,111,-2.15255,-0.201339
77,111,-2.1485,-0.20155
78,111,-2.14478,-0.201828
79,111,-2.14078,-0.201272
80,111,-2.13625,-0.200925
81,111,-2.13225,-0.201026
82,111,-2.12822,-0.20137
83,111,-2.12386,-0.201174
84,111,-2.11969,-0.200621
85,111,-2.11597,-0.200633
86,111,-2.11199,-0.200705
87,111,-2.10762,-0.200371
88,111,-2.10366,-0.200178
89,111,-2.09921,-0.200328
90,111,-2.09531,-0.19993
91,111,-2.09109,-0.199786
92,111,-2.08655,-0.199331
93,111,-2.08267,-0.198727
94,111,-2.07833,-0.19833
95,111,-2.0738,-0.197959
96,111,-2.06904,-0.197847
97,111,-2.06449,-0.198111
98,111,-2.0597,-0.197779
99,111,-2.05483,-0.196763
100,111,-2.05024,-0.196392
101,111,-2.0455,-0.195732
102,111,-2.04086,-0.195467
103,111,-2.03641,-0.195169
104,111,-2.03202,-0.19472
105,111,-2.02727,-0.194863
106,111,-2.02225,-0.194991
107,111,-2.01787,-0.194526
108,111,-2.01296,-0.194777
109,111,-2.00832,-0.195267
110,111,-2.0036,-0.195352
111,111,-1.99841,-0.195223
112,111,-1.99397,-0.195369
113,111,-1.989,-0.19543
114,111,-1.98362,-0.195637
115,111,-1.97826,-0.195994
116,111,-1.97325,-0.196554
117,111,-1.96811,-0.19647
118,111,-1.96281,-0.196184
119,111,-1.95819,-0.196188
120,111,-1.95371,-0.195834
121,111,-1.94856,-0.195646
122,111,-1.9435,-0.195378
123,111,-1.93824,-0.195303
124,111,-1.93325,-0.194846
125,111,-1.9283,-0.195125
126,111,-1.92356,-0.195681
127,111,-1.91891,-0.195909
128,111,-1.91407,-0.196355
129,111,-1.9096,-0.19625
130,111,-1.90495,-0.197327
131,111,-1.90033,-0.198127
132,111,-1.89588,-0.198871
133,111,-1.89122,-0.199669
134,111,-1.88632,-0.200455
135,111,-1.88226,-0.201317
136,111,-1.8777,-0.202526
137,111,-1.8728,-0.203197
138,111,-1.86832,-0.203799
139,111,-1.86286,-0.204211
140,111,-1.85761,-0.20539
141,111,-1.85309,-0.206093
142,111,-1.84722,-0.207708
143,111,-1.8432,-0.208973
144,111,-1.83819,-0.209768
145,111,-1.83277,-0.211057
146,111,-1.82752,-0.212725
147,111,-1.82255,-0.2143
148,111,-1.81756,-0.215992
149,111,-1.81281,-0.217708
150,111,-1.80802,-0.219619
151,111,-1.80288,-0.22125
152,111,-1.79811,-0.223399
153,111,-1.79309,-0.225486
154,111,-1.78818,-0.227445
155,111,-1.78314,-0.22971
156,111,-1.77829,-0.232288
157,111,-1.77355,-0.234756
158,111,-1.76863,-0.237083
159,111,-1.76353,-0.239157
160,111,-1.75858,-0.241161
161,111,-1.75363,-0.243482
162,111,-1.74802,-0.245671
163,111,-1.743,-0.248047
164,111,-1.738,-0.250851
165,111,-1.73289,-0.253019
166,111,-1.72819,-0.25475
167,111,-1.72357,-0.257651
168,111,-1.71866,-0.259818
169,111,-1.71399,-0.261383
170,111,-1.709,-0.263026
171,111,-1.70417,-0.264315
172,111,-1.6994,-0.264992
173,111,-1.69528,-0.265442
174,111,-1.68979,-0.265775
175,111,-1.68527,-0.265876
176,111,-1.68106,-0.265903
177,111,-1.67579,-0.265338
178,111,-1.67123,-0.264811
179,111,-1.66634,-0.263749
180,111,-1.6616,-0.261958
181,111,-1.65667,-0.259755
182,111,-1.6516,-0.258092
183,111,-1.64636,-0.256213
184,111,-1.64165,-0.254304
185,111,-1.63698,-0.252172
186,111,-1.63189,-0.250121
187,111,-1.62707,-0.247575
188,111,-1.62202,-0.244871
189,111,-1.61676,-0.241768
190,111,-1.61156,-0.239135
191,111,-1.60652,-0.236057
192,111,-1.6017,-0.232435
193,111,-1.59674,-0.228844
194,111,-1.59216,-0.225132
195,111,-1.58719,-0.221814
196,111,-1.58189,-0.218197
197,111,-1.57687,-0.214623
198,111,-1.57189,-0.210898
199,111,-1.56688,-0.206948
200,111,-1.56184,-0.203574
201,111,-1.55676,-0.200435
202,111,-1.55139,-0.197151
203,111,-1.54655,-0.193998
204,111,-1.54164,-0.191179
205,111,-1.53658,-0.188289
206,111,-1.53175,-0.185628
207,111,-1.52677,-0.182847
208,111,-1.52169,-0.180337
209,111,-1.51681,-0.178274
210,111,-1.51224,-0.176148
211,111,-1.50781,-0.173937
212,111,-1.50289,-0.172247
213,111,-1.49776,-0.170581
214,111,-1.49285,-0.168638
215,111,-1.48803,-0.167035
216,111,-1.48326,-0.165677
217,111,-1.47842,-0.164275
218,111,-1.47376,-0.162642
219,111,-1.46891,-0.161337
220,111,-1.46385,-0.160062
221,111,-1.45889,-0.159162
222,111,-1.45431,-0.158101
223,111,-1.44903,-0.156475
224,111,-1.44413,-0.155356
225,111,-1.44018,-0.154788
226,111,-1.43542,-0.154091
227,111,-1.43091,-0.15296
228,111,-1.4266,-0.15206
229,111,-1.42225,-0.151222
230,111,-1.41796,-0.150355
231,111,-1.41356,-0.149591
232,111,-1.40896,-0.148978
233,111,-1.40478,-0.148096
234,111,-1.40066,-0.146829
235,111,-1.3967,-0.146101
236,111,-1.39254,-0.144979
237,111,-1.38831,-0.1438
238,111,-1.38458,-0.142696
239,111,-1.38083,-0.141391
240,111,-1.37687,-0.140298
241,111,-1.37265,-0.139139
242,111,-1.36854,-0.138041
243,111,-1.36471,-0.13689
244,111,-1.36103,-0.135962
245,111,-1.35725,-0.134814
246,111,-1.35329,-0.133891
247,111,-1.34869,-0.13307
248,111,-1.34448,-0.132617
249,111,-1.34026,-0.131905
250,111,-1.33609,-0.131211
251,111,-1.33228,-0.130944
252,111,-1.3283,-0.130699
253,111,-1.32433,-0.130087
254,111,-1.32037,-0.129591
255,111,-1.31632,-0.128881
256,111,-1.31206,-0.128211
257,111,-1.30763,-0.127792
258,111,-1.30353,-0.127238
259,111,-1.29936,-0.12674
260,111,-1.29489,-0.126037
261,111,-1.29063,-0.125208
262,111,-1.28606,-0.124574
263,111,-1.28195,-0.124164
264,111,-1.27784,-0.12345
265,111,-1.27347,-0.123133
266,111,-1.26934,-0.122985
267,111,-1.26519,-0.122427
268,111,-1.26105,-0.121493
269,111,-1.25707,-0.12108
270,111,-1.25279,-0.12091
271,111,-1.24893,-0.120244
272,111,-1.24493,-0.119377
273,111,-1.24028,-0.118532
274,111,-1.23603,-0.118041
275,111,-1.23171,-0.117137
276,111,-1.22708,-0.11672
277,111,-1.2227,-0.11623
278,111,-1.21802,-0.11552
279,111,-1.21364,-0.115103
280,111,-1.20939,-0.114847
281,111,-1.20478,-0.114721
282,111,-1.19999,-0.114243
283,111,-1.19569,-0.113793
284,111,-1.19114,-0.113531
285,111,-1.18665,-0.112688
286,111,-1.18275,-0.112684
287,111,-1.17812,-0.112609
288,111,-1.17412,-0.112334
289,111,-1.16997,-0.112188
290,111,-1.16573,-0.111604
291,111,-1.16116,-0.11152
292,111,-1.15778,-0.110937
293,111,-1.1537,-0.110477
294,111,-1.1494,-0.1101
295,111,-1.14526,-0.109431
296,111,-1.14117,-0.108863
297,111,-1.13707,-0.108412
298,111,-1.13366,-0.108173
299,111,-1.12954,-0.10753
300,111,-1.12519,-0.107079
301,111,-1.12097,-0.106773
302,111,-1.11646,-0.106345
303,111,-1.11219,-0.105948
304,111,-1.10801,-0.105574
305,111,-1.1041,-0.105137
306,111,-1.09961,-0.10483
307,111,-1.09458,-0.104218
308,111,-1.09065,-0.103484
309,111,-1.0862,-0.10301
310,111,-1.08154,-0.10259
311,111,-1.07744,-0.101931
312,111,-1.0736,-0.101401
313,111,-1.06946,-0.100759
314,111,-1.06504,-0.10009
315,111,-1.06189,-0.099618
316,111,-1.05773,-0.0989862
317,111,-1.05354,-0.0983153
318,111,-1.04929,-0.0979398
319,111,-1.04511,-0.0974181
320,111,-1.04125,-0.0966918
321,111,-1.03765,-0.0963221
322,111,-1.03354,-0.0956187
323,111,-1.0294,-0.0947192
324,111,-1.02524,-0.0938807
325,111,-1.02112,-0.0934997
326,111,-1.01691,-0.0929282
327,111,-1.01199,-0.0924147
11,112,-2.42742,-0.215548
12,112,-2.42415,-0.213724
13,112,-2.42034,-0.213782
14,112,-2.41651,-0.213404
15,112,-2.41256,-0.213109
16,112,-2.40867,-0.212953
17,112,-2.40454,-0.212276
18,112,-2.40154,-0.211719
19,112,-2.39722,-0.211589
20,112,-2.39315,-0.211147
21,112,-2.38917,-0.210658
22,112,-2.38484,-0.210487
23,112,-2.38023,-0.210483
24,112,-2.3762,-0.210621
25,112,-2.37227,-0.210353
26,112,-2.36884,-0.209987
27,112,-2.36457,-0.209719
28,112,-2.36019,-0.209813
29,112,-2.35576,-0.209549
30,112,-2.35154,-0.209909
31,112,-2.34718,-0.209827
32,112,-2.34244,-0.210143
33,112,-2.33851,-0.21025
34,112,-2.33434,-0.210117
35,112,-2.33037,-0.210174
36,112,-2.32624,-0.210396
37,112,-2.32154,-0.210103
38,112,-2.31712,-0.209943
39,112,-2.31225,-0.209776
40,112,-2.30791,-0.210071
41,112,-2.30343,-0.209853
42,112,-2.29893,-0.209725
43,112,-2.29501,-0.210011
44,112,-2.29106,-0.209858
45,112,-2.28619,-0.209385
46,112,-2.28208,-0.208646
47,112,-2.27751,-0.208135
48,112,-2.27316,-0.207497
49,112,-2.26863,-0.207351
50,112,-2.26539,-0.206725
51,112,-2.26143,-0.206429
52,112,-2.25751,-0.205844
53,112,-2.25334,-0.205513
54,112,-2.24906,-0.205336
55,112,-2.24482,-0.204974
56,112,-2.24003,-0.203848
57,112,-2.23557,-0.203173
58,112,-2.23106,-0.203128
59,112,-2.22684,-0.20305
60,112,-2.22288,-0.203131
61,112,-2.21871,-0.203065
62,112,-2.21389,-0.20291
63,112,-2.20924,-0.203272
64,112,-2.20472,-0.202991
65,112,-2.20006,-0.20256
66,112,-2.19548,-0.202949
67,112,-2.19143,-0.202831
68,112,-2.18726,-0.20237
69,112,-2.18243,-0.202955
70,112,-2.17795,-0.20305
71,112,-2.17338,-0.202349
72,112,-2.16912,-0.201937
73,112,-2.16477,-0.202141
74,112,-2.16039,-0.202277
75,112,-2.15672,-0.202183
76,112,-2.15294,-0.201941
77,112,-2.14911,-0.201867
78,112,-2.14531,-0.202116
79,112,-2.14118,-0.201988
80,112,-2.13716,-0.201548
81,112,-2.13305,-0.20168
82,112,-2.12908,-0.202131
83,112,-2.12488,-0.201959
84,112,-2.12079,-0.201954
85,112,-2.11671,-0.201404
86,112,-2.11252,-0.201465
87,112,-2.10834,-0.201479
88,112,-2.10398,-0.200906
89,112,-2.09957,-0.201028
90,112,-2.09593,-0.200986
91,112,-2.0913,-0.200907
92,112,-2.08702,-0.20021
93,112,-2.08291,-0.199796
94,112,-2.07838,-0.199389
95,112,-2.07437,-0.199071
96,112,-2.06925,-0.198949
97,112,-2.06455,-0.198701
98,112,-2.05951,-0.198348
99,112,-2.05475,-0.197537
100,112,-2.05007,-0.197253
101,112,-2.04517,-0.196807
102,112,-2.04105,-0.196185
103,112,-2.03661,-0.195766
104,112,-2.03191,-0.195553
105,112,-2.02744,-0.195664
106,112,-2.02259,-0.195576
107,112,-2.01773,-0.195142
108,112,-2.01263,-0.195533
109,112,-2.00829,-0.195813
110,112,-2.00345,-0.195822
111,112,-1.99857,-0.19582
112,112,-1.99371,-0.196407
113,112,-1.98881,-0.19648
114,112,-1.98378,-0.196265
115,112,-1.9787,-0.197137
116,112,-1.97354,-0.197007
117,112,-1.96815,-0.196874
118,112,-1.96294,-0.197445
119,112,-1.95831,-0.197069
120,112,-1.95373,-0.19679
121,112,-1.94901,-0.196687
122,112,-1.94341,-0.196164
123,112,-1.93836,-0.196185
124,112,-1.93325,-0.195799
125,112,-1.92827,-0.196013
126,112,-1.92324,-0.196353
127,112,-1.91884,-0.196674
128,112,-1.91344,-0.197218
129,112,-1.90887,-0.197461
130,112,-1.90446,-0.198256
131,112,-1.89968,-0.19892
132,112,-1.89517,-0.199808
133,112,-1.891,-0.200746
134,112,-1.88619,-0.201505
135,112,-1.88186,-0.202313
136,112,-1.87696,-0.203396
137,112,-1.87216,-0.204163
138,112,-1.86743,-0.204868
139,112,-1.86221,-0.205664
140,112,-1.85687,-0.2065
141,112,-1.85231,-0.207405
142,112,-1.84683,-0.209074
143,112,-1.84248,-0.21002
144,112,-1.83727,-0.210876
145,112,-1.83204,-0.211862
146,112,-1.82639,-0.213522
147,112,-1.82138,-0.214707
148,112,-1.81664,-0.21645
149,112,-1.81178,-0.218262
150,112,-1.80699,-0.220151
151,112,-1.80168,-0.222102
152,112,-1.79712,-0.224146
153,112,-1.79234,-0.226477
154,112,-1.78705,-0.228413
155,112,-1.78221,-0.230737
156,112,-1.77718,-0.233149
157,112,-1.77272,-0.235538
158,112,-1.76778,-0.237378
159,112,-1.76286,-0.239424
160,112,-1.75792,-0.241805
161,112,-1.75288,-0.243945
162,112,-1.74763,-0.246517
163,112,-1.74254,-0.248536
164,112,-1.73754,-0.25112
165,112,-1.7328,-0.253169
166,112,-1.72765,-0.255211
167,112,-1.72345,-0.257824
168,112,-1.71869,-0.259931
169,112,-1.71372,-0.261489
170,112,-1.7088,-0.263309
171,112,-1.704,-0.264344
172,112,-1.69979,-0.264954
173,112,-1.69537,-0.265736
174,112,-1.69009,-0.266297
175,112,-1.68559,-0.266045
176,112,-1.68147,-0.265841
177,112,-1.67645,-0.265365
178,112,-1.67221,-0.264723
179,112,-1.66756,-0.263452
180,112,-1.66248,-0.26203
181,112,-1.65777,-0.260054
182,112,-1.65284,-0.258448
183,112,-1.64773,-0.256578
184,112,-1.64294,-0.254343
185,112,-1.63828,-0.252361
186,112,-1.63342,-0.250516
187,112,-1.6286,-0.247676
188,112,-1.62345,-0.245233
189,112,-1.6179,-0.242104
190,112,-1.61316,-0.23903
191,112,-1.60806,-0.236436
192,112,-1.60316,-0.233014
193,112,-1.59829,-0.229337
194,112,-1.59347,-0.225677
195,112,-1.58882,-0.222289
196,112,-1.58372,-0.218927
197,112,-1.57865,-0.215305
198,112,-1.57366,-0.211641
199,112,-1.56861,-0.208108
200,112,-1.56358,-0.204529
201,112,-1.55864,-0.201312
202,112,-1.55331,-0.198337
203,112,-1.54847,-0.195057
204,112,-1.54366,-0.192117
205,112,-1.53856,-0.189201
206,112,-1.53365,-0.186471
207,112,-1.52863,-0.183711
208,112,-1.52374,-0.18113
209,112,-1.51911,-0.17901
210,112,-1.51448,-0.177112
211,112,-1.50982,-0.174989
212,112,-1.50463,-0.173317
213,112,-1.49955,-0.17173
214,112,-1.4948,-0.16956
215,112,-1.48984,-0.167999
216,112,-1.48497,-0.166596
217,112,-1.48014,-0.165093
218,112,-1.47583,-0.163791
219,112,-1.47087,-0.162406
220,112,-1.4657,-0.161258
221,112,-1.46108,-0.160274
222,112,-1.45616,-0.159022
223,112,-1.45124,-0.157732
224,112,-1.44647,-0.156562
225,112,-1.44183,-0.155913
226,112,-1.43714,-0.155145
227,112,-1.43276,-0.154091
228,112,-1.42822,-0.152961
229,112,-1.42388,-0.152085
230,112,-1.41973,-0.151343
231,112,-1.4151,-0.150551
232,112,-1.41064,-0.150101
233,112,-1.40634,-0.149311
234,112,-1.40212,-0.148009
235,112,-1.39829,-0.146876
236,112,-1.39389,-0.14608
237,112,-1.38954,-0.145009
238,112,-1.38606,-0.143899
239,112,-1.38194,-0.142495
240,112,-1.37778,-0.141434
241,112,-1.37361,-0.140283
242,112,-1.36949,-0.139176
243,112,-1.36553,-0.138168
244,112,-1.36198,-0.13726
245,112,-1.35786,-0.136108
246,112,-1.35354,-0.135195
247,112,-1.34954,-0.134212
248,112,-1.34531,-0.133529
249,112,-1.34107,-0.133155
250,112,-1.33697,-0.132244
251,112,-1.33302,-0.13195
252,112,-1.32906,-0.131548
253,112,-1.325,-0.130911
254,112,-1.32117,-0.130396
255,112,-1.31726,-0.129851
256,112,-1.3129,-0.1292
257,112,-1.30851,-0.128463
258,112,-1.30429,-0.12809
259,112,-1.30028,-0.127469
260,112,-1.29586,-0.126696
261,112,-1.29156,-0.126268
262,112,-1.28721,-0.12573
263,112,-1.28291,-0.125164
264,112,-1.27859,-0.124579
265,112,-1.27442,-0.124125
266,112,-1.27025,-0.123769
267,112,-1.26598,-0.123057
268,112,-1.26209,-0.122406
269,112,-1.25795,-0.121881
270,112,-1.25403,-0.121238
271,112,-1.24979,-0.120451
272,112,-1.24562,-0.120123
273,112,-1.24112,-0.118933
274,112,-1.23668,-0.118365
275,112,-1.23248,-0.117772
276,112,-1.22815,-0.117251
277,112,-1.22354,-0.116644
278,112,-1.21912,-0.11614
279,112,-1.21456,-0.115595
280,112,-1.21014,-0.115242
281,112,-1.20557,-0.114981
282,112,-1.20086,-0.114641
283,112,-1.19632,-0.114387
284,112,-1.19161,-0.11389
285,112,-1.18735,-0.113346
286,112,-1.18338,-0.113119
287,112,-1.17911,-0.112742
288,112,-1.17498,-0.112716
289,112,-1.1705,-0.112659
290,112,-1.16617,-0.112117
291,112,-1.16193,-0.111795
292,112,-1.15813,-0.11127
293,112,-1.15415,-0.110978
294,112,-1.15017,-0.110513
295,112,-1.14632,-0.11001
296,112,-1.14196,-0.109335
297,112,-1.13783,-0.108794
298,112,-1.13412,-0.108835
299,112,-1.13007,-0.108263
300,112,-1.12567,-0.107458
301,112,-1.1213,-0.10711
302,112,-1.11688,-0.106843
303,112,-1.11268,-0.106427
304,112,-1.10879,-0.106192
305,112,-1.10459,-0.105745
306,112,-1.09992,-0.105335
307,112,-1.09538,-0.104715
308,112,-1.09087,-0.104038
309,112,-1.08654,-0.103559
310,112,-1.08219,-0.103253
311,112,-1.07776,-0.102678
312,112,-1.07385,-0.101875
313,112,-1.06976,-0.101152
314,112,-1.0656,-0.100895
315,112,-1.06223,-0.100159
316,112,-1.05828,-0.099753
317,112,-1.05395,-0.0990313
318,112,-1.04979,-0.0982622
319,112,-1.04598,-0.0979414
320,112,-1.04188,-0.0973714
321,112,-1.03765,-0.0968609
322,112,-1.03383,-0.0961031
323,112,-1.03002,-0.0954454
324,112,-1.02567,-0.0950565
325,112,-1.02136,-0.0943678
326,112,-1.0171,-0.0936047
327,112,-1.01234,-0.0924885
11,113,-2.42863,-0.216737
12,113,-2.42488,-0.215881
13,113,-2.42073,-0.215042
14,113,-2.41661,-0.214591
15,113,-2.41303,-0.2143
16,113,-2.40866,-0.21375
17,113,-2.40503,-0.213086
18,113,-2.40192,-0.212509
19,113,-2.39767,-0.212144
20,113,-2.39349,-0.211719
21,113,-2.38947,-0.211832
22,113,-2.38491,-0.211268
23,113,-2.38061,-0.210864
24,113,-2.37647,-0.211479
25,113,-2.37279,-0.210744
26,113,-2.3691,-0.210526
27,113,-2.36484,-0.210187
28,113,-2.36003,-0.210053
29,113,-2.35592,-0.210177
30,113,-2.35194,-0.210436
31,113,-2.34722,-0.21061
32,113,-2.34285,-0.210892
33,113,-2.33856,-0.21154
34,113,-2.33483,-0.210878
35,113,-2.33045,-0.210741
36,113,-2.3264,-0.211129
37,113,-2.32183,-0.210696
38,113,-2.31746,-0.210627
39,113,-2.31236,-0.210485
40,113,-2.30858,-0.21072
41,113,-2.30417,-0.210545
42,113,-2.29986,-0.210225
43,113,-2.29546,-0.21059
44,113,-2.29204,-0.21041
45,113,-2.28686,-0.209983
46,113,-2.28245,-0.209192
47,113,-2.27799,-0.208423
48,113,-2.27368,-0.208351
49,113,-2.26955,-0.207542
50,113,-2.266,-0.20718
51,113,-2.26189,-0.206649
52,113,-2.25808,-0.206023
53,113,-2.25394,-0.20589
54,113,-2.24973,-0.205838
55,113,-2.24502,-0.205218
56,113,-2.24041,-0.204103
57,113,-2.23571,-0.203588
58,113,-2.23152,-0.203574
59,113,-2.22743,-0.203621
60,113,-2.22341,-0.203811
61,113,-2.21948,-0.203937
62,113,-2.21483,-0.203829
63,113,-2.20981,-0.203982
64,113,-2.20512,-0.203672
65,113,-2.20068,-0.203484
66,113,-2.19594,-0.20358
67,113,-2.1916,-0.203312
68,113,-2.1873,-0.203325
69,113,-2.1827,-0.203596
70,113,-2.17819,-0.203282
71,113,-2.17428,-0.202639
72,113,-2.16996,-0.202128
73,113,-2.16524,-0.202557
74,113,-2.16137,-0.202284
75,113,-2.15756,-0.202656
76,113,-2.15365,-0.202756
77,113,-2.14993,-0.202578
78,113,-2.14603,-0.202788
79,113,-2.14185,-0.202439
80,113,-2.13788,-0.202119
81,113,-2.13376,-0.202532
82,113,-2.12987,-0.20261
83,113,-2.12585,-0.202722
84,113,-2.12167,-0.202889
85,113,-2.11749,-0.202429
86,113,-2.11357,-0.202489
87,113,-2.10917,-0.202451
88,113,-2.10455,-0.202395
89,113,-2.10046,-0.202278
90,113,-2.09649,-0.201998
91,113,-2.09172,-0.201568
92,113,-2.08755,-0.201101
93,113,-2.08319,-0.201005
94,113,-2.07869,-0.200445
95,113,-2.07474,-0.199963
96,113,-2.06967,-0.199462
97,113,-2.06466,-0.199429
98,113,-2.05978,-0.199373
99,113,-2.05511,-0.198398
100,113,-2.04996,-0.197994
101,113,-2.04526,-0.197562
102,113,-2.04103,-0.196831
103,113,-2.03657,-0.196386
104,113,-2.03213,-0.196427
105,113,-2.0275,-0.196157
106,113,-2.02253,-0.195874
107,113,-2.0177,-0.195844
108,113,-2.01263,-0.196179
109,113,-2.00803,-0.196658
110,113,-2.00325,-0.196535
111,113,-1.99911,-0.196759
112,113,-1.99367,-0.197205
113,113,-1.98886,-0.19709
114,113,-1.98432,-0.197121
115,113,-1.97914,-0.197582
116,113,-1.97384,-0.197895
117,113,-1.96834,-0.198077
118,113,-1.9634,-0.198333
119,113,-1.95864,-0.198303
120,113,-1.95381,-0.198098
121,113,-1.94917,-0.197796
122,113,-1.94331,-0.197371
123,113,-1.93857,-0.197455
124,113,-1.93312,-0.196941
125,113,-1.92821,-0.196942
126,113,-1.9232,-0.197201
127,113,-1.91871,-0.197532
128,113,-1.91345,-0.198236
129,113,-1.90886,-0.198538
130,113,-1.90446,-0.199155
131,113,-1.89938,-0.20009
132,113,-1.89508,-0.201087
133,113,-1.89074,-0.201768
134,113,-1.88589,-0.202612
135,113,-1.88125,-0.203419
136,113,-1.87634,-0.20445
137,113,-1.87153,-0.205281
138,113,-1.86719,-0.20606
139,113,-1.86181,-0.207189
140,113,-1.8565,-0.207673
141,113,-1.85128,-0.208595
142,113,-1.84643,-0.20994
143,113,-1.84122,-0.211085
144,113,-1.83653,-0.211801
145,113,-1.8311,-0.213003
146,113,-1.82534,-0.214079
147,113,-1.82061,-0.215486
148,113,-1.81558,-0.217187
149,113,-1.8105,-0.218896
150,113,-1.80554,-0.22111
151,113,-1.80044,-0.223016
152,113,-1.79628,-0.224987
153,113,-1.79147,-0.227469
154,113,-1.78625,-0.229375
155,113,-1.78121,-0.231612
156,113,-1.7762,-0.23376
157,113,-1.77185,-0.236314
158,113,-1.76671,-0.237843
159,113,-1.76224,-0.240118
160,113,-1.75723,-0.242564
161,113,-1.75232,-0.244656
162,113,-1.74737,-0.246959
163,113,-1.74213,-0.248999
164,113,-1.73706,-0.251544
165,113,-1.73233,-0.253194
166,113,-1.72761,-0.255489
167,113,-1.72315,-0.257962
168,113,-1.71864,-0.25982
169,113,-1.71373,-0.261687
170,113,-1.709,-0.263496
171,113,-1.70444,-0.264765
172,113,-1.69997,-0.265296
173,113,-1.69556,-0.265852
174,113,-1.69046,-0.266457
175,113,-1.68613,-0.266037
176,113,-1.68185,-0.265955
177,113,-1.67708,-0.265372
178,113,-1.67298,-0.264492
179,113,-1.66839,-0.263583
180,113,-1.66358,-0.262024
181,113,-1.65899,-0.260232
182,113,-1.65399,-0.258581
183,113,-1.64911,-0.257015
184,113,-1.64441,-0.254275
185,113,-1.63955,-0.252229
186,113,-1.63483,-0.250619
187,113,-1.63017,-0.248038
188,113,-1.62508,-0.245643
189,113,-1.61961,-0.242283
190,113,-1.61511,-0.239379
191,113,-1.60964,-0.236902
192,113,-1.60463,-0.233369
193,113,-1.59974,-0.229656
194,113,-1.5951,-0.226276
195,113,-1.59041,-0.223167
196,113,-1.58585,-0.219744
197,113,-1.58063,-0.216057
198,113,-1.57519,-0.212446
199,113,-1.5703,-0.208693
200,113,-1.56515,-0.205189
201,113,-1.56028,-0.202137
202,113,-1.55531,-0.199002
203,113,-1.55043,-0.195796
204,113,-1.5455,-0.192831
205,113,-1.54055,-0.189835
206,113,-1.53577,-0.187092
207,113,-1.53091,-0.184235
208,113,-1.52581,-0.181843
209,113,-1.52087,-0.179901
210,113,-1.51612,-0.177949
211,113,-1.51146,-0.17588
212,113,-1.50642,-0.174012
213,113,-1.50131,-0.172258
214,113,-1.49653,-0.170463
215,113,-1.4917,-0.168764
216,113,-1.48696,-0.167358
217,113,-1.48211,-0.165938
218,113,-1.47742,-0.164498
219,113,-1.47253,-0.163295
220,113,-1.46748,-0.162301
221,113,-1.46297,-0.161282
222,113,-1.45818,-0.159784
223,113,-1.4532,-0.158783
224,113,-1.44834,-0.157768
225,113,-1.44349,-0.156913
226,113,-1.43897,-0.155929
227,113,-1.43425,-0.154868
228,113,-1.42964,-0.153887
229,113,-1.42534,-0.152919
230,113,-1.42104,-0.15227
231,113,-1.41628,-0.151576
232,113,-1.41202,-0.150851
233,113,-1.40792,-0.150162
234,113,-1.40335,-0.14929
235,113,-1.39924,-0.14818
236,113,-1.39506,-0.147331
237,113,-1.39076,-0.146113
238,113,-1.38683,-0.145069
239,113,-1.38292,-0.143805
240,113,-1.37857,-0.142289
241,113,-1.37454,-0.141532
242,113,-1.3702,-0.14028
243,113,-1.36636,-0.139247
244,113,-1.36236,-0.138504
245,113,-1.35813,-0.137541
246,113,-1.35416,-0.136065
247,113,-1.35023,-0.135428
248,113,-1.34592,-0.134912
249,113,-1.34178,-0.133762
250,113,-1.33745,-0.133066
251,113,-1.33366,-0.132932
252,113,-1.3297,-0.132692
253,113,-1.32576,-0.132186
254,113,-1.32201,-0.131672
255,113,-1.31793,-0.131049
256,113,-1.3137,-0.130188
257,113,-1.30936,-0.129531
258,113,-1.30523,-0.128774
259,113,-1.30087,-0.12843
260,113,-1.2967,-0.127805
261,113,-1.29227,-0.127391
262,113,-1.28819,-0.126743
263,113,-1.28383,-0.126286
264,113,-1.27948,-0.125645
265,113,-1.27521,-0.124969
266,113,-1.271,-0.12458
267,113,-1.26667,-0.123855
268,113,-1.26272,-0.122936
269,113,-1.25869,-0.122697
270,113,-1.25485,-0.12191
271,113,-1.25088,-0.121061
272,113,-1.24648,-0.120431
273,113,-1.2421,-0.119736
274,113,-1.23755,-0.119036
275,113,-1.23332,-0.1187
276,113,-1.22916,-0.117697
277,113,-1.22436,-0.117235
278,113,-1.22012,-0.116585
279,113,-1.21558,-0.116252
280,113,-1.21084,-0.115538
281,113,-1.2063,-0.115397
282,113,-1.20179,-0.115069
283,113,-1.19698,-0.114741
284,113,-1.19252,-0.114224
285,113,-1.18839,-0.113871
286,113,-1.18424,-0.113464
287,113,-1.18,-0.113364
288,113,-1.17572,-0.113187
289,113,-1.17138,-0.112749
290,113,-1.16695,-0.112543
291,113,-1.16275,-0.112384
292,113,-1.15842,-0.111835
293,113,-1.15484,-0.111271
294,113,-1.15091,-0.11096
295,113,-1.14677,-0.110402
296,113,-1.14251,-0.10991
297,113,-1.13849,-0.109465
298,113,-1.13446,-0.108734
299,113,-1.13027,-0.10821
300,113,-1.12586,-0.107723
301,113,-1.12166,-0.107539
302,113,-1.1173,-0.107111
303,113,-1.11337,-0.106819
304,113,-1.10896,-0.106619
305,113,-1.10494,-0.106349
306,113,-1.1005,-0.105842
307,113,-1.0959,-0.105348
308,113,-1.09148,-0.104652
309,113,-1.08698,-0.10429
310,113,-1.08243,-0.103932
311,113,-1.07852,-0.103254
312,113,-1.07458,-0.102639
313,113,-1.07029,-0.102026
314,113,-1.06595,-0.101498
315,113,-1.06233,-0.101002
316,113,-1.05834,-0.100623
317,113,-1.05392,-0.0997242
318,113,-1.05009,-0.098916
319,113,-1.04613,-0.0984108
320,113,-1.04227,-0.0979099
321,113,-1.03807,-0.097519
322,113,-1.0341,-0.0969167
323,113,-1.03026,-0.0963489
324,113,-1.0261,-0.0958699
325,113,-1.02195,-0.0952378
326,113,-1.01737,-0.0945239
327,113,-1.0132,-0.0929574
11,114,-2.42852,-0.217258
12,114,-2.42559,-0.218112
13,114,-2.42172,-0.216367
14,114,-2.4174,-0.215611
15,114,-2.41355,-0.215287
16,114,-2.40902,-0.21485
17,114,-2.40571,-0.214015
18,114,-2.40222,-0.213546
19,114,-2.39801,-0.213
20,114,-2.3938,-0.211968
21,114,-2.38965,-0.212882
22,114,-2.38567,-0.211779
23,114,-2.38118,-0.211605
24,114,-2.37663,-0.212083
25,114,-2.37292,-0.211177
26,114,-2.36918,-0.211044
27,114,-2.36447,-0.210487
28,114,-2.35989,-0.210726
29,114,-2.3555,-0.210689
30,114,-2.35173,-0.211264
31,114,-2.3473,-0.211567
32,114,-2.34299,-0.211464
33,114,-2.33868,-0.21257
34,114,-2.33482,-0.211151
35,114,-2.33065,-0.21118
36,114,-2.32664,-0.211849
37,114,-2.3224,-0.211718
38,114,-2.31797,-0.211945
39,114,-2.31253,-0.211365
40,114,-2.30873,-0.211569
41,114,-2.30508,-0.211437
42,114,-2.30095,-0.210517
43,114,-2.29643,-0.211383
44,114,-2.29338,-0.211209
45,114,-2.2884,-0.210477
46,114,-2.28393,-0.209317
47,114,-2.27963,-0.208938
48,114,-2.27461,-0.208843
49,114,-2.27038,-0.207812
50,114,-2.26679,-0.207414
51,114,-2.26273,-0.206953
52,114,-2.25847,-0.206547
53,114,-2.25435,-0.20624
54,114,-2.25015,-0.205899
55,114,-2.24528,-0.205472
56,114,-2.24076,-0.204689
57,114,-2.23597,-0.204269
58,114,-2.23207,-0.204209
59,114,-2.22805,-0.204215
60,114,-2.22432,-0.204076
61,114,-2.22063,-0.204186
62,114,-2.21589,-0.204132
63,114,-2.21031,-0.203945
64,114,-2.20541,-0.203949
65,114,-2.20122,-0.203907
66,114,-2.19631,-0.203628
67,114,-2.19193,-0.203454
68,114,-2.18787,-0.203813
69,114,-2.18308,-0.204116
70,114,-2.17847,-0.20366
71,114,-2.17467,-0.202934
72,114,-2.17044,-0.202471
73,114,-2.16565,-0.203192
74,114,-2.16195,-0.202782
75,114,-2.15868,-0.203011
76,114,-2.15509,-0.203385
77,114,-2.1513,-0.203338
78,114,-2.14715,-0.203448
79,114,-2.14292,-0.203222
80,114,-2.13896,-0.203286
81,114,-2.1348,-0.203653
82,114,-2.13097,-0.203487
83,114,-2.12695,-0.203562
84,114,-2.12276,-0.203851
85,114,-2.11866,-0.203447
86,114,-2.11536,-0.202863
87,114,-2.11085,-0.20317
88,114,-2.10539,-0.202981
89,114,-2.10137,-0.202676
90,114,-2.09725,-0.202882
91,114,-2.09232,-0.202462
92,114,-2.08813,-0.202121
93,114,-2.08376,-0.201752
94,114,-2.07913,-0.20109
95,114,-2.0746,-0.200632
96,114,-2.06969,-0.200425
97,114,-2.0648,-0.200218
98,114,-2.05992,-0.199976
99,114,-2.05546,-0.199315
100,114,-2.05028,-0.198521
101,114,-2.04583,-0.197915
102,114,-2.04166,-0.197433
103,114,-2.03692,-0.196808
104,114,-2.03238,-0.196822
105,114,-2.02783,-0.196674
106,114,-2.0229,-0.19637
107,114,-2.01753,-0.196595
108,114,-2.01242,-0.196982
109,114,-2.00809,-0.197256
110,114,-2.00331,-0.197473
111,114,-1.99928,-0.197982
112,114,-1.99316,-0.198745
113,114,-1.98854,-0.198731
114,114,-1.98441,-0.198733
115,114,-1.97875,-0.199196
116,114,-1.97382,-0.199244
117,114,-1.96864,-0.199355
118,114,-1.96371,-0.199869
119,114,-1.95932,-0.199649
120,114,-1.95442,-0.199391
121,114,-1.94972,-0.198968
122,114,-1.94391,-0.1987
123,114,-1.93912,-0.198738
124,114,-1.93351,-0.198135
125,114,-1.92824,-0.197817
126,114,-1.92355,-0.19804
127,114,-1.91887,-0.198555
128,114,-1.91383,-0.199014
129,114,-1.90888,-0.199592
130,114,-1.90468,-0.200347
131,114,-1.89946,-0.200911
132,114,-1.89499,-0.201888
133,114,-1.89049,-0.203041
134,114,-1.88563,-0.203516
135,114,-1.88123,-0.204502
136,114,-1.87624,-0.205925
137,114,-1.87167,-0.206761
138,114,-1.86707,-0.207686
139,114,-1.86181,-0.208471
140,114,-1.85612,-0.209324
141,114,-1.85071,-0.210361
142,114,-1.84608,-0.21127
143,114,-1.84054,-0.212066
144,114,-1.83573,-0.212276
145,114,-1.82998,-0.213716
146,114,-1.82436,-0.21476
147,114,-1.81953,-0.216292
148,114,-1.81467,-0.218013
149,114,-1.80973,-0.219634
150,114,-1.80436,-0.221909
151,114,-1.79931,-0.22384
152,114,-1.7949,-0.225888
153,114,-1.79025,-0.228336
154,114,-1.78502,-0.230241
155,114,-1.7802,-0.232407
156,114,-1.775,-0.234531
157,114,-1.77051,-0.236665
158,114,-1.7658,-0.23837
159,114,-1.76146,-0.240961
160,114,-1.75645,-0.243291
161,114,-1.75162,-0.245401
162,114,-1.74681,-0.247404
163,114,-1.74141,-0.249626
164,114,-1.73644,-0.251995
165,114,-1.73143,-0.253566
166,114,-1.72711,-0.256004
167,114,-1.72318,-0.258175
168,114,-1.71845,-0.260039
169,114,-1.71406,-0.26157
170,114,-1.70937,-0.263383
171,114,-1.70523,-0.26495
172,114,-1.7003,-0.265454
173,114,-1.69601,-0.265814
174,114,-1.69102,-0.266574
175,114,-1.68623,-0.266545
176,114,-1.68237,-0.266422
177,114,-1.67781,-0.265647
178,114,-1.67375,-0.264567
179,114,-1.66929,-0.263802
180,114,-1.66479,-0.262413
181,114,-1.66025,-0.260882
182,114,-1.65534,-0.258995
183,114,-1.65069,-0.257157
184,114,-1.64592,-0.25471
185,114,-1.64111,-0.252277
186,114,-1.63624,-0.250603
187,114,-1.6321,-0.248239
188,114,-1.62677,-0.245497
189,114,-1.62143,-0.242259
190,114,-1.61686,-0.2395
191,114,-1.61159,-0.237153
192,114,-1.60647,-0.233911
193,114,-1.60159,-0.230389
194,114,-1.59688,-0.226983
195,114,-1.59191,-0.224075
196,114,-1.58744,-0.220359
197,114,-1.58233,-0.216697
198,114,-1.57697,-0.213396
199,114,-1.57231,-0.209501
200,114,-1.56682,-0.205903
201,114,-1.56218,-0.202719
202,114,-1.55737,-0.199652
203,114,-1.55225,-0.196452
204,114,-1.54744,-0.193409
205,114,-1.54264,-0.190439
206,114,-1.53776,-0.187478
207,114,-1.5326,-0.1851
208,114,-1.52752,-0.182735
209,114,-1.52245,-0.18066
210,114,-1.51777,-0.178565
211,114,-1.51319,-0.176658
212,114,-1.50818,-0.174925
213,114,-1.50313,-0.173096
214,114,-1.49827,-0.171228
215,114,-1.49353,-0.16933
216,114,-1.48863,-0.167869
217,114,-1.48367,-0.166333
218,114,-1.47897,-0.165344
219,114,-1.47398,-0.164346
220,114,-1.46878,-0.163269
221,114,-1.46452,-0.161895
222,114,-1.46002,-0.160534
223,114,-1.45498,-0.159737
224,114,-1.45023,-0.158566
225,114,-1.44535,-0.157833
226,114,-1.4406,-0.156629
227,114,-1.43586,-0.155646
228,114,-1.43139,-0.154872
229,114,-1.4268,-0.154102
230,114,-1.42226,-0.153729
231,114,-1.41744,-0.15273
232,114,-1.41309,-0.151996
233,114,-1.40896,-0.15115
234,114,-1.40428,-0.150017
235,114,-1.40006,-0.149132
236,114,-1.39596,-0.148274
237,114,-1.39179,-0.147315
238,114,-1.38768,-0.146213
239,114,-1.38364,-0.144761
240,114,-1.3795,-0.143488
241,114,-1.37513,-0.142915
242,114,-1.37095,-0.141568
243,114,-1.36713,-0.140457
244,114,-1.36314,-0.139978
245,114,-1.35878,-0.138749
246,114,-1.35484,-0.137294
247,114,-1.35079,-0.136602
248,114,-1.34667,-0.135806
249,114,-1.34248,-0.134776
250,114,-1.33807,-0.134214
251,114,-1.33409,-0.134008
252,114,-1.3303,-0.133875
253,114,-1.32647,-0.133325
254,114,-1.32261,-0.132723
255,114,-1.31855,-0.131896
256,114,-1.3142,-0.131144
257,114,-1.30979,-0.130279
258,114,-1.30585,-0.129509
259,114,-1.30159,-0.129307
260,114,-1.29745,-0.128823
261,114,-1.29319,-0.12806
262,114,-1.28912,-0.127855
263,114,-1.28477,-0.127418
264,114,-1.28049,-0.126419
265,114,-1.2763,-0.125842
266,114,-1.27196,-0.125303
267,114,-1.26726,-0.124398
268,114,-1.26349,-0.123809
269,114,-1.25961,-0.123093
270,114,-1.25593,-0.122247
271,114,-1.25158,-0.121511
272,114,-1.24725,-0.121028
273,114,-1.2428,-0.120447
274,114,-1.23831,-0.119542
275,114,-1.23395,-0.119262
276,114,-1.22976,-0.118384
277,114,-1.22529,-0.117664
278,114,-1.22081,-0.117081
279,114,-1.21621,-0.116659
280,114,-1.21176,-0.116252
281,114,-1.2071,-0.115725
282,114,-1.2027,-0.115328
283,114,-1.19782,-0.115225
284,114,-1.19331,-0.11479
285,114,-1.18906,-0.114504
286,114,-1.18505,-0.114119
287,114,-1.18086,-0.11391
288,114,-1.17657,-0.113503
289,114,-1.17216,-0.112905
290,114,-1.16788,-0.11292
291,114,-1.16347,-0.112564
292,114,-1.15937,-0.112062
293,114,-1.15507,-0.111455
294,114,-1.15126,-0.111124
295,114,-1.14729,-0.110794
296,114,-1.14338,-0.110104
297,114,-1.13923,-0.109729
298,114,-1.13509,-0.108935
299,114,-1.1305,-0.108645
300,114,-1.12616,-0.108176
301,114,-1.12222,-0.108082
302,114,-1.11771,-0.107927
303,114,-1.11405,-0.107474
304,114,-1.1095,-0.1072
305,114,-1.10536,-0.106596
306,114,-1.10132,-0.106785
307,114,-1.09662,-0.10612
308,114,-1.09211,-0.105615
309,114,-1.08752,-0.104899
310,114,-1.08306,-0.104483
311,114,-1.07882,-0.104085
312,114,-1.07497,-0.103454
313,114,-1.07062,-0.102945
314,114,-1.0665,-0.102124
315,114,-1.06237,-0.101569
316,114,-1.05849,-0.101327
317,114,-1.0543,-0.100549
318,114,-1.05036,-0.0998315
319,114,-1.04648,-0.099243
320,114,-1.042,-0.0983843
321,114,-1.03842,-0.0979836
322,114,-1.0342,-0.0976598
323,114,-1.03014,-0.09729
324,114,-1.02618,-0.0966818
325,114,-1.0221,-0.0960823
326,114,-1.01732,-0.0949515
327,114,-1.01437,-0.0936059
11,115,-2.42935,-0.218277
12,115,-2.42659,-0.218681
13,115,-2.42299,-0.217967
14,115,-2.41903,-0.216636
15,115,-2.41436,-0.216292
16,115,-2.4099,-0.215656
17,115,-2.40673,-0.21479
18,115,-2.40327,-0.214453
19,115,-2.39934,-0.213623
20,115,-2.39543,-0.212579
21,115,-2.39047,-0.213664
22,115,-2.38609,-0.212258
23,115,-2.38139,-0.21222
24,115,-2.37619,-0.212867
25,115,-2.37256,-0.211324
26,115,-2.36902,-0.211756
27,115,-2.36432,-0.211148
28,115,-2.3592,-0.211287
29,115,-2.35522,-0.21157
30,115,-2.35072,-0.211781
31,115,-2.34625,-0.212602
32,115,-2.34254,-0.212433
33,115,-2.33798,-0.213459
34,115,-2.33501,-0.211988
35,115,-2.33103,-0.212122
36,115,-2.32725,-0.212885
37,115,-2.32324,-0.212198
38,115,-2.31869,-0.213079
39,115,-2.31319,-0.212264
40,115,-2.30997,-0.21214
41,115,-2.30628,-0.212306
42,115,-2.30232,-0.211851
43,115,-2.2983,-0.212313
44,115,-2.29567,-0.211998
45,115,-2.29025,-0.211186
46,115,-2.2862,-0.209436
47,115,-2.28109,-0.20916
48,115,-2.2759,-0.208363
49,115,-2.27149,-0.207092
50,115,-2.26796,-0.207001
51,115,-2.26383,-0.206779
52,115,-2.25978,-0.206319
53,115,-2.25548,-0.205946
54,115,-2.25095,-0.205581
55,115,-2.24588,-0.205692
56,115,-2.24152,-0.204858
57,115,-2.23657,-0.204247
58,115,-2.23259,-0.204122
59,115,-2.22851,-0.204515
60,115,-2.22527,-0.20447
61,115,-2.22141,-0.204714
62,115,-2.21695,-0.20452
63,115,-2.21086,-0.204241
64,115,-2.20626,-0.204452
65,115,-2.20234,-0.204275
66,115,-2.1974,-0.203962
67,115,-2.19295,-0.203758
68,115,-2.18871,-0.203801
69,115,-2.18411,-0.204302
70,115,-2.17942,-0.203375
71,115,-2.17568,-0.202234
72,115,-2.17169,-0.20221
73,115,-2.1666,-0.20294
74,115,-2.16309,-0.202825
75,115,-2.16017,-0.203468
76,115,-2.15682,-0.204399
77,115,-2.15278,-0.204228
78,115,-2.14897,-0.203979
79,115,-2.14444,-0.204062
80,115,-2.13995,-0.204027
81,115,-2.13564,-0.204772
82,115,-2.13206,-0.204845
83,115,-2.12803,-0.204773
84,115,-2.12387,-0.204967
85,115,-2.11957,-0.204192
86,115,-2.11656,-0.203516
87,115,-2.11167,-0.203811
88,115,-2.10505,-0.203325
89,115,-2.10163,-0.203196
90,115,-2.09783,-0.203213
91,115,-2.09286,-0.202909
92,115,-2.08882,-0.203144
93,115,-2.08427,-0.202885
94,115,-2.07973,-0.202164
95,115,-2.07545,-0.201635
96,115,-2.07059,-0.2013
97,115,-2.06567,-0.200667
98,115,-2.06074,-0.200447
99,115,-2.05652,-0.199625
100,115,-2.05118,-0.198753
101,115,-2.04674,-0.198185
102,115,-2.0424,-0.19725
103,115,-2.03712,-0.196519
104,115,-2.03253,-0.197035
105,115,-2.02775,-0.197324
106,115,-2.02255,-0.196882
107,115,-2.01688,-0.196623
108,115,-2.01205,-0.197461
109,115,-2.00751,-0.197649
110,115,-2.00286,-0.197889
111,115,-1.99922,-0.199285
112,115,-1.99319,-0.200012
113,115,-1.98855,-0.200126
114,115,-1.98439,-0.199876
115,115,-1.97892,-0.199907
116,115,-1.97354,-0.200657
117,115,-1.96848,-0.200484
118,115,-1.9635,-0.200762
119,115,-1.95917,-0.20066
120,115,-1.95463,-0.200656
121,115,-1.95056,-0.200395
122,115,-1.94491,-0.200061
123,115,-1.94007,-0.199858
124,115,-1.9343,-0.199237
125,115,-1.92903,-0.198416
126,115,-1.92409,-0.198852
127,115,-1.91974,-0.199427
128,115,-1.91461,-0.199761
129,115,-1.90946,-0.200891
130,115,-1.90541,-0.201285
131,115,-1.89972,-0.201989
132,115,-1.89478,-0.203021
133,115,-1.89046,-0.204176
134,115,-1.88556,-0.204539
135,115,-1.88119,-0.205663
136,115,-1.87636,-0.207266
137,115,-1.87197,-0.207769
138,115,-1.8674,-0.208983
139,115,-1.86185,-0.210068
140,115,-1.85565,-0.210668
141,115,-1.85042,-0.21166
142,115,-1.84537,-0.212039
143,115,-1.83992,-0.21319
144,115,-1.83506,-0.212783
145,115,-1.82911,-0.214045
146,115,-1.82365,-0.21504
147,115,-1.81846,-0.216447
148,115,-1.81402,-0.218408
149,115,-1.80929,-0.219863
150,115,-1.80364,-0.222181
151,115,-1.79883,-0.224228
152,115,-1.79448,-0.226418
153,115,-1.78941,-0.228873
154,115,-1.78444,-0.230899
155,115,-1.77918,-0.233002
156,115,-1.7738,-0.235247
157,115,-1.76904,-0.237052
158,115,-1.76451,-0.238541
159,115,-1.76066,-0.241426
160,115,-1.7554,-0.243564
161,115,-1.75103,-0.246067
162,115,-1.74599,-0.247614
163,115,-1.74119,-0.249894
164,115,-1.73585,-0.252198
165,115,-1.73079,-0.253515
166,115,-1.72649,-0.255747
167,115,-1.72296,-0.257666
168,115,-1.7184,-0.259792
169,115,-1.71408,-0.261421
170,115,-1.70959,-0.263565
171,115,-1.70508,-0.265281
172,115,-1.70052,-0.265696
173,115,-1.6968,-0.266285
174,115,-1.69161,-0.266595
175,115,-1.68712,-0.266747
176,115,-1.68354,-0.266256
177,115,-1.67912,-0.266077
178,115,-1.6744,-0.264702
179,115,-1.67085,-0.26368
180,115,-1.66595,-0.262418
181,115,-1.66169,-0.260813
182,115,-1.65694,-0.259014
183,115,-1.65186,-0.257041
184,115,-1.64729,-0.254468
185,115,-1.64286,-0.252059
186,115,-1.63801,-0.250759
187,115,-1.6339,-0.248311
188,115,-1.62855,-0.24531
189,115,-1.62341,-0.242391
190,115,-1.61887,-0.239538
191,115,-1.61365,-0.237349
192,115,-1.6084,-0.234615
193,115,-1.60337,-0.231352
194,115,-1.59848,-0.227999
195,115,-1.59343,-0.224882
196,115,-1.58908,-0.220913
197,115,-1.58376,-0.217429
198,115,-1.57854,-0.214142
199,115,-1.574,-0.210166
200,115,-1.56841,-0.206489
201,115,-1.56402,-0.203277
202,115,-1.55942,-0.200225
203,115,-1.55419,-0.197206
204,115,-1.54965,-0.194249
205,115,-1.54475,-0.191219
206,115,-1.5396,-0.18836
207,115,-1.53437,-0.185788
208,115,-1.52956,-0.183491
209,115,-1.52439,-0.18161
210,115,-1.51939,-0.179345
211,115,-1.51488,-0.177973
212,115,-1.50958,-0.175996
213,115,-1.5048,-0.173819
214,115,-1.49996,-0.17201
215,115,-1.4952,-0.169939
216,115,-1.49043,-0.168346
217,115,-1.4852,-0.166731
218,115,-1.4805,-0.166029
219,115,-1.4754,-0.165226
220,115,-1.47027,-0.164126
221,115,-1.46619,-0.162621
222,115,-1.46161,-0.161305
223,115,-1.45648,-0.160496
224,115,-1.45181,-0.159097
225,115,-1.44709,-0.158136
226,115,-1.44218,-0.157175
227,115,-1.43755,-0.156232
228,115,-1.43334,-0.15549
229,115,-1.42831,-0.154858
230,115,-1.42364,-0.154581
231,115,-1.41876,-0.153728
232,115,-1.41448,-0.153105
233,115,-1.41025,-0.15219
234,115,-1.40534,-0.151434
235,115,-1.40085,-0.150488
236,115,-1.39695,-0.149582
237,115,-1.39312,-0.148717
238,115,-1.38856,-0.146987
239,115,-1.38452,-0.145363
240,115,-1.38034,-0.144838
241,115,-1.37581,-0.143915
242,115,-1.37166,-0.142728
243,115,-1.36763,-0.142024
244,115,-1.36379,-0.141539
245,115,-1.35972,-0.140039
246,115,-1.35563,-0.138765
247,115,-1.35175,-0.137811
248,115,-1.34763,-0.137159
249,115,-1.3432,-0.135914
250,115,-1.33885,-0.135338
251,115,-1.33494,-0.135267
252,115,-1.33093,-0.135141
253,115,-1.32699,-0.13439
254,115,-1.32312,-0.13367
255,115,-1.31888,-0.133132
256,115,-1.31452,-0.132489
257,115,-1.31047,-0.131136
258,115,-1.30658,-0.130422
259,115,-1.30213,-0.130149
260,115,-1.29803,-0.129795
261,115,-1.29399,-0.129189
262,115,-1.29007,-0.129017
263,115,-1.2856,-0.128808
264,115,-1.28118,-0.127526
265,115,-1.27723,-0.126658
266,115,-1.27292,-0.126052
267,115,-1.26825,-0.125047
268,115,-1.26427,-0.124895
269,115,-1.26059,-0.123954
270,115,-1.2566,-0.122837
271,115,-1.25246,-0.122264
272,115,-1.24836,-0.121498
273,115,-1.24359,-0.120899
274,115,-1.23882,-0.120615
275,115,-1.23475,-0.119637
276,115,-1.23043,-0.118377
277,115,-1.22599,-0.117783
278,115,-1.2217,-0.117588
279,115,-1.21712,-0.117082
280,115,-1.21276,-0.116852
281,115,-1.208,-0.116016
282,115,-1.20349,-0.11569
283,115,-1.19867,-0.115633
284,115,-1.19423,-0.115504
285,115,-1.19,-0.115124
286,115,-1.18595,-0.1148
287,115,-1.1819,-0.11464
288,115,-1.17722,-0.113679
289,115,-1.17315,-0.113302
290,115,-1.16854,-0.113268
291,115,-1.16416,-0.113024
292,115,-1.16006,-0.112375
293,115,-1.15564,-0.111565
294,115,-1.15158,-0.111306
295,115,-1.14797,-0.110915
296,115,-1.14408,-0.110479
297,115,-1.13975,-0.10991
298,115,-1.13588,-0.109246
299,115,-1.13088,-0.109074
300,115,-1.12677,-0.108726
301,115,-1.12284,-0.108534
302,115,-1.1185,-0.108711
303,115,-1.11465,-0.108314
304,115,-1.11007,-0.107883
305,115,-1.10593,-0.107782
306,115,-1.10202,-0.107675
307,115,-1.09734,-0.10714
308,115,-1.09282,-0.106705
309,115,-1.08812,-0.105922
310,115,-1.0837,-0.10508
311,115,-1.07938,-0.104744
312,115,-1.07562,-0.10418
313,115,-1.07124,-0.103662
314,115,-1.06695,-0.103097
315,115,-1.06259,-0.102209
316,115,-1.05853,-0.101873
317,115,-1.0544,-0.101238
318,115,-1.05029,-0.100233
319,115,-1.04636,-0.0996388
320,115,-1.04193,-0.0988781
321,115,-1.03815,-0.0987348
322,115,-1.0339,-0.098354
323,115,-1.02984,-0.0978877
324,115,-1.02582,-0.0974114
325,115,-1.02154,-0.0964865
326,115,-1.01783,-0.0949203
327,115,-1.01467,-0.0942351
11,116,-2.43112,-0.218964
12,116,-2.42863,-0.21951
13,116,-2.42435,-0.218987
14,116,-2.42096,-0.217569
15,116,-2.41613,-0.217577
16,116,-2.41109,-0.216568
17,116,-2.40805,-0.216053
18,116,-2.40494,-0.215572
19,116,-2.40111,-0.214242
20,116,-2.39733,-0.21395
21,116,-2.39177,-0.214924
22,116,-2.38621,-0.213005
23,116,-2.38119,-0.212475
24,116,-2.37616,-0.21312
25,116,-2.37207,-0.211982
26,116,-2.36883,-0.212278
27,116,-2.36424,-0.211807
28,116,-2.35848,-0.211584
29,116,-2.35454,-0.212382
30,116,-2.34982,-0.212405
31,116,-2.34501,-0.213429
32,116,-2.34195,-0.214267
33,116,-2.3375,-0.215184
34,116,-2.33502,-0.214045
35,116,-2.33134,-0.213803
36,116,-2.32843,-0.213718
37,116,-2.32433,-0.212175
38,116,-2.3197,-0.21307
39,116,-2.31457,-0.212365
40,116,-2.31144,-0.212471
41,116,-2.30748,-0.212845
42,116,-2.30368,-0.213415
43,116,-2.30046,-0.213316
44,116,-2.29723,-0.212544
45,116,-2.29147,-0.211705
46,116,-2.28782,-0.209842
47,116,-2.28204,-0.208697
48,116,-2.27753,-0.207403
49,116,-2.27317,-0.205988
50,116,-2.26938,-0.205958
51,116,-2.26511,-0.20594
52,116,-2.26148,-0.205327
53,116,-2.25682,-0.205206
54,116,-2.25251,-0.205288
55,116,-2.24733,-0.205235
56,116,-2.24256,-0.204755
57,116,-2.2375,-0.204057
58,116,-2.23345,-0.203688
59,116,-2.22905,-0.204457
60,116,-2.22583,-0.20457
61,116,-2.22122,-0.205564
62,116,-2.21724,-0.205572
63,116,-2.21177,-0.205703
64,116,-2.20773,-0.20566
65,116,-2.20418,-0.205263
66,116,-2.19878,-0.204529
67,116,-2.194,-0.20388
68,116,-2.18972,-0.203464
69,116,-2.18529,-0.203305
70,116,-2.18098,-0.202186
71,116,-2.17732,-0.201169
72,116,-2.17356,-0.20149
73,116,-2.16863,-0.202182
74,116,-2.165,-0.202835
75,116,-2.1616,-0.203736
76,116,-2.15799,-0.205305
77,116,-2.15421,-0.205099
78,116,-2.15084,-0.204861
79,116,-2.14587,-0.20502
80,116,-2.14066,-0.204371
81,116,-2.13664,-0.205425
82,116,-2.13305,-0.20563
83,116,-2.1291,-0.205776
84,116,-2.12495,-0.205774
85,116,-2.11979,-0.204758
86,116,-2.11657,-0.20453
87,116,-2.11158,-0.204874
88,116,-2.10487,-0.204761
89,116,-2.10139,-0.204386
90,116,-2.09793,-0.203559
91,116,-2.09366,-0.203067
92,116,-2.08914,-0.203772
93,116,-2.08486,-0.203622
94,116,-2.08084,-0.202653
95,116,-2.07683,-0.201787
96,116,-2.07263,-0.200984
97,116,-2.06719,-0.200808
98,116,-2.0617,-0.200787
99,116,-2.05772,-0.199879
100,116,-2.05264,-0.199054
101,116,-2.04758,-0.198437
102,116,-2.04282,-0.197051
103,116,-2.03746,-0.19617
104,116,-2.03221,-0.196842
105,116,-2.02719,-0.196982
106,116,-2.02148,-0.196661
107,116,-2.01646,-0.196103
108,116,-2.01206,-0.197387
109,116,-2.00652,-0.198424
110,116,-2.00205,-0.198332
111,116,-1.99826,-0.19974
112,116,-1.99325,-0.200117
113,116,-1.98902,-0.200115
114,116,-1.98507,-0.199616
115,116,-1.97982,-0.199566
116,116,-1.97304,-0.201493
117,116,-1.96801,-0.201605
118,116,-1.96311,-0.201145
119,116,-1.95881,-0.201416
120,116,-1.95438,-0.201305
121,116,-1.95063,-0.201204
122,116,-1.94557,-0.201341
123,116,-1.94066,-0.200896
124,116,-1.93493,-0.199927
125,116,-1.93014,-0.199267
126,116,-1.92547,-0.199875
127,116,-1.921,-0.200349
128,116,-1.91555,-0.200759
129,116,-1.91039,-0.201836
130,116,-1.90632,-0.202178
131,116,-1.89992,-0.203201
132,116,-1.8946,-0.204254
133,116,-1.89048,-0.20512
134,116,-1.88527,-0.205366
135,116,-1.88061,-0.206722
136,116,-1.87656,-0.20798
137,116,-1.87177,-0.207843
138,116,-1.86767,-0.20962
139,116,-1.86159,-0.211183
140,116,-1.85511,-0.211358
141,116,-1.84941,-0.212132
142,116,-1.84478,-0.212353
143,116,-1.83941,-0.214054
144,116,-1.83442,-0.213293
145,116,-1.82856,-0.214212
146,116,-1.82289,-0.215226
147,116,-1.81799,-0.216147
148,116,-1.81313,-0.218596
149,116,-1.80836,-0.220275
150,116,-1.80255,-0.222554
151,116,-1.79833,-0.224569
152,116,-1.79438,-0.226603
153,116,-1.78929,-0.229057
154,116,-1.78452,-0.231252
155,116,-1.77856,-0.233318
156,116,-1.77326,-0.235579
157,116,-1.7683,-0.237074
158,116,-1.76328,-0.238829
159,116,-1.75969,-0.241479
160,116,-1.75471,-0.2437
161,116,-1.75043,-0.246451
162,116,-1.74527,-0.247669
163,116,-1.7408,-0.249962
164,116,-1.73541,-0.252075
165,116,-1.73076,-0.253485
166,116,-1.72659,-0.25528
167,116,-1.72245,-0.25713
168,116,-1.71792,-0.25947
169,116,-1.71374,-0.261564
170,116,-1.7094,-0.263718
171,116,-1.70527,-0.265439
172,116,-1.70087,-0.266023
173,116,-1.69734,-0.266511
174,116,-1.69257,-0.266464
175,116,-1.68862,-0.266233
176,116,-1.68468,-0.265632
177,116,-1.68035,-0.265698
178,116,-1.67566,-0.264629
179,116,-1.67211,-0.263471
180,116,-1.66726,-0.261717
181,116,-1.66316,-0.260195
182,116,-1.65839,-0.258542
183,116,-1.6532,-0.256281
184,116,-1.6489,-0.25378
185,116,-1.64459,-0.251485
186,116,-1.63997,-0.250529
187,116,-1.63566,-0.248166
188,116,-1.63067,-0.24524
189,116,-1.62553,-0.24294
190,116,-1.62073,-0.240116
191,116,-1.61541,-0.238167
192,116,-1.61023,-0.23519
193,116,-1.60528,-0.231944
194,116,-1.60023,-0.228956
195,116,-1.59529,-0.225568
196,116,-1.59088,-0.221615
197,116,-1.58539,-0.218191
198,116,-1.58013,-0.214741
199,116,-1.57503,-0.210966
200,116,-1.56991,-0.20733
201,116,-1.56573,-0.204186
202,116,-1.56158,-0.20116
203,116,-1.55645,-0.198137
204,116,-1.55164,-0.195412
205,116,-1.54693,-0.192366
206,116,-1.54131,-0.189417
207,116,-1.53604,-0.186728
208,116,-1.53162,-0.184565
209,116,-1.52655,-0.182857
210,116,-1.52096,-0.180696
211,116,-1.51631,-0.17895
212,116,-1.51162,-0.176788
213,116,-1.5065,-0.174426
214,116,-1.50124,-0.172785
215,116,-1.49662,-0.171259
216,116,-1.49193,-0.169767
217,116,-1.48683,-0.168141
218,116,-1.48165,-0.167288
219,116,-1.47659,-0.166618
220,116,-1.47189,-0.165339
221,116,-1.46772,-0.163728
222,116,-1.46316,-0.162535
223,116,-1.45801,-0.161816
224,116,-1.45355,-0.160378
225,116,-1.449,-0.159073
226,116,-1.44395,-0.158129
227,116,-1.43927,-0.157285
228,116,-1.43518,-0.15644
229,116,-1.42994,-0.155737
230,116,-1.42551,-0.155443
231,116,-1.4206,-0.154619
232,116,-1.41596,-0.153891
233,116,-1.41157,-0.152979
234,116,-1.40643,-0.152185
235,116,-1.40151,-0.151445
236,116,-1.39775,-0.150517
237,116,-1.39412,-0.149759
238,116,-1.38922,-0.147826
239,116,-1.38506,-0.146116
240,116,-1.38107,-0.145998
241,116,-1.37662,-0.144798
242,116,-1.37232,-0.143779
243,116,-1.36841,-0.143315
244,116,-1.36438,-0.142869
245,116,-1.36026,-0.141518
246,116,-1.35643,-0.140691
247,116,-1.35273,-0.139698
248,116,-1.34844,-0.138733
249,116,-1.34435,-0.137452
250,116,-1.33983,-0.136678
251,116,-1.33583,-0.136515
252,116,-1.33161,-0.136714
253,116,-1.32752,-0.136072
254,116,-1.32395,-0.13515
255,116,-1.31941,-0.134467
256,116,-1.31476,-0.133448
257,116,-1.31089,-0.132085
258,116,-1.30688,-0.131286
259,116,-1.3026,-0.131114
260,116,-1.29835,-0.130909
261,116,-1.29442,-0.130313
262,116,-1.29084,-0.130763
263,116,-1.2861,-0.130572
264,116,-1.28212,-0.129374
265,116,-1.27817,-0.128189
266,116,-1.27395,-0.127155
267,116,-1.26942,-0.126045
268,116,-1.26555,-0.125846
269,116,-1.26142,-0.124528
270,116,-1.25736,-0.123456
271,116,-1.25285,-0.123065
272,116,-1.24852,-0.122029
273,116,-1.24398,-0.121224
274,116,-1.23907,-0.121263
275,116,-1.23513,-0.120437
276,116,-1.23114,-0.118691
277,116,-1.22728,-0.118185
278,116,-1.22298,-0.11765
279,116,-1.2182,-0.117495
280,116,-1.21423,-0.117366
281,116,-1.20953,-0.11672
282,116,-1.20491,-0.116192
283,116,-1.20003,-0.116788
284,116,-1.19547,-0.116149
285,116,-1.19132,-0.115843
286,116,-1.18717,-0.115642
287,116,-1.18303,-0.115489
288,116,-1.17828,-0.114048
289,116,-1.17389,-0.113672
290,116,-1.1691,-0.113924
291,116,-1.16484,-0.113543
292,116,-1.16089,-0.112475
293,116,-1.15619,-0.111456
294,116,-1.15227,-0.111084
295,116,-1.1487,-0.110844
296,116,-1.14478,-0.110567
297,116,-1.14042,-0.110159
298,116,-1.13651,-0.109402
299,116,-1.13161,-0.109371
300,116,-1.12732,-0.108994
301,116,-1.12344,-0.109207
302,116,-1.11893,-0.109605
303,116,-1.11548,-0.108983
304,116,-1.11083,-0.108485
305,116,-1.10622,-0.108827
306,116,-1.10247,-0.10881
307,116,-1.09806,-0.108777
308,116,-1.09376,-0.107985
309,116,-1.0889,-0.107022
310,116,-1.08465,-0.106134
311,116,-1.08014,-0.105855
312,116,-1.07628,-0.105319
313,116,-1.07225,-0.104506
314,116,-1.06798,-0.103865
315,116,-1.0631,-0.102852
316,116,-1.05928,-0.10255
317,116,-1.05517,-0.101819
318,116,-1.05076,-0.10074
319,116,-1.04664,-0.100108
320,116,-1.04221,-0.0994324
321,116,-1.03777,-0.099002
322,116,-1.03367,-0.0988366
323,116,-1.02965,-0.098649
324,116,-1.02536,-0.097903
325,116,-1.02162,-0.0966697
326,116,-1.01819,-0.0957696
327,116,-1.01451,-0.0957258
219,117,-1.47805,-0.168548
220,117,-1.47296,-0.167142
221,117,-1.46911,-0.165261
222,117,-1.46417,-0.163861
223,117,-1.4592,-0.163082
224,117,-1.45529,-0.162004
225,117,-1.4512,-0.160853
226,117,-1.44624,-0.160253
227,117,-1.4413,-0.159186
228,117,-1.43682,-0.157798
229,117,-1.43192,-0.157334
230,117,-1.42773,-0.156888
231,117,-1.4226,-0.15587
232,117,-1.41732,-0.154956
233,117,-1.41253,-0.153883
234,117,-1.40785,-0.152567
235,117,-1.40247,-0.151708
236,117,-1.39849,-0.151034
237,117,-1.39481,-0.150819
238,117,-1.39029,-0.148809
239,117,-1.38595,-0.147973
240,117,-1.38237,-0.147972
241,117,-1.37802,-0.145913
242,117,-1.37342,-0.14513
243,117,-1.36991,-0.144362
244,117,-1.36586,-0.143918
245,117,-1.36173,-0.143176
246,117,-1.35783,-0.142713
247,117,-1.35428,-0.14164
248,117,-1.35014,-0.140978
249,117,-1.3459,-0.139948
250,117,-1.34115,-0.138845
251,117,-1.33683,-0.138527
252,117,-1.33273,-0.139156
253,117,-1.32868,-0.138581
254,117,-1.32496,-0.137184
255,117,-1.31971,-0.136102
256,117,-1.31528,-0.134644
257,117,-1.31114,-0.133075
258,117,-1.30751,-0.131683
259,117,-1.30345,-0.132037
260,117,-1.29884,-0.131666
261,117,-1.29434,-0.130998
262,117,-1.29068,-0.132313
263,117,-1.28643,-0.132435
264,117,-1.28364,-0.1314
265,117,-1.27962,-0.13012
266,117,-1.27498,-0.128541
267,117,-1.27026,-0.126918
268,117,-1.26656,-0.12664
269,117,-1.26257,-0.124971
270,117,-1.25877,-0.123212
271,117,-1.25436,-0.12326
272,117,-1.2489,-0.122307
273,117,-1.24427,-0.121755
274,117,-1.23913,-0.122536
275,117,-1.23554,-0.120971
276,117,-1.23176,-0.119217
277,117,-1.22891,-0.118519
278,117,-1.2244,-0.118444
279,117,-1.22011,-0.118281
280,117,-1.21648,-0.118186
281,117,-1.21178,-0.118206
282,117,-1.20698,-0.11758
283,117,-1.20188,-0.117734
284,117,-1.19703,-0.117516
285,117,-1.19305,-0.117426
286,117,-1.18903,-0.116533
287,117,-1.18472,-0.116548
288,117,-1.17987,-0.11474
289,117,-1.1747,-0.11427
290,117,-1.17034,-0.114009
291,117,-1.16591,-0.114086
292,117,-1.16217,-0.113002
293,117,-1.15719,-0.111369
294,117,-1.15308,-0.11051
295,117,-1.14947,-0.110548
296,117,-1.14562,-0.110992
297,117,-1.14123,-0.110607
298,117,-1.13731,-0.110298
299,117,-1.13261,-0.11026
300,117,-1.12763,-0.109768
301,117,-1.12336,-0.109458
302,117,-1.11925,-0.110045
303,117,-1.11565,-0.109611
304,117,-1.11141,-0.109354
305,117,-1.10663,-0.109955
306,117,-1.10304,-0.11008
307,117,-1.09899,-0.110006
308,117,-1.09551,-0.109547
309,117,-1.09043,-0.108442
310,117,-1.08595,-0.107286
311,117,-1.08111,-0.107094
312,117,-1.07723,-0.106529
313,117,-1.07384,-0.105903
314,117,-1.06882,-0.105155
315,117,-1.06413,-0.103876
316,117,-1.06046,-0.103302
317,117,-1.05646,-0.102831
318,117,-1.05249,-0.101798
319,117,-1.04843,-0.100438
320,117,-1.04387,-0.10011
321,117,-1.03875,-0.0997777
322,117,-1.03453,-0.100048
323,117,-1.03036,-0.0998163
324,117,-1.02638,-0.0990355
325,117,-1.02275,-0.0973782
326,117,-1.01839,-0.0972699
327,117,-1.01534,-0.0953733
