nan,nan,nan,nan,nan,nan,nan,nan,nan,nan,nan,nan,nan,nan,nan,nan,nan,nan,nan,nan,nan,nan,nan,nan,nan,nan,nan,nan,nan,nan,nan,nan,nan,nan,nan,nan,nan,nan,nan,nan,nan,nan,nan,nan,nan,nan,nan,nan,nan,nan,nan,nan,nan,nan,nan,nan,nan,nan,nan,nan,nan,nan,nan,nan,nan,nan,nan,nan,nan,nan,nan,nan,nan,nan,nan,nan,nan,nan,nan,nan,nan,nan,nan,nan,nan,nan,nan,nan,nan,nan,nan,nan,nan,nan,nan,nan,nan,nan,nan,nan,nan,nan,nan,nan,nan,nan,nan,nan,nan,nan,nan,nan,nan,nan,nan,nan,nan,nan,nan,nan,nan,nan,nan,nan,nan,nan,nan,nan,nan,nan,nan,nan,nan,nan,
nan,nan,nan,nan,nan,nan,nan,nan,nan,nan,nan,nan,nan,nan,nan,nan,nan,nan,nan,nan,nan,nan,nan,nan,nan,nan,nan,nan,nan,nan,nan,nan,nan,nan,nan,nan,nan,nan,nan,nan,nan,nan,nan,nan,nan,nan,nan,nan,nan,nan,nan,nan,nan,nan,nan,nan,nan,nan,nan,nan,nan,nan,nan,nan,nan,nan,nan,nan,nan,nan,nan,nan,nan,nan,nan,nan,nan,nan,nan,nan,nan,nan,nan,nan,nan,nan,nan,nan,nan,nan,nan,nan,nan,nan,nan,nan,nan,nan,nan,nan,nan,nan,nan,nan,nan,nan,nan,nan,nan,nan,nan,nan,nan,nan,nan,nan,nan,nan,nan,nan,nan,nan,nan,nan,nan,nan,nan,nan,nan,nan,nan,nan,nan,nan,
nan,nan,nan,nan,nan,nan,nan,nan,nan,nan,nan,nan,nan,nan,nan,nan,nan,nan,nan,nan,nan,nan,nan,nan,nan,nan,nan,nan,nan,nan,nan,nan,nan,nan,nan,nan,nan,nan,nan,nan,nan,nan,nan,nan,nan,nan,nan,nan,nan,nan,nan,nan,nan,nan,nan,nan,nan,nan,nan,nan,nan,nan,nan,nan,nan,nan,nan,nan,nan,nan,nan,nan,nan,nan,nan,nan,nan,nan,nan,nan,nan,nan,nan,nan,nan,nan,nan,nan,nan,nan,nan,nan,nan,nan,nan,nan,nan,nan,nan,nan,nan,nan,nan,nan,nan,nan,nan,nan,nan,nan,nan,nan,nan,nan,nan,nan,nan,nan,nan,nan,nan,nan,nan,nan,nan,nan,nan,nan,nan,nan,nan,nan,nan,nan,
nan,nan,nan,nan,nan,nan,nan,nan,nan,nan,nan,nan,nan,nan,nan,nan,nan,nan,nan,nan,nan,nan,nan,nan,nan,nan,nan,nan,nan,nan,nan,nan,nan,nan,nan,nan,nan,nan,nan,nan,nan,nan,nan,nan,nan,nan,nan,nan,nan,nan,nan,nan,nan,nan,nan,nan,nan,nan,nan,nan,nan,nan,nan,nan,nan,nan,nan,nan,nan,nan,nan,nan,nan,nan,nan,nan,nan,nan,nan,nan,nan,nan,nan,nan,nan,nan,nan,nan,nan,nan,nan,nan,nan,nan,nan,nan,nan,nan,nan,nan,nan,nan,nan,nan,nan,nan,nan,nan,nan,nan,nan,nan,nan,nan,nan,nan,nan,nan,nan,nan,nan,nan,nan,nan,nan,nan,nan,nan,nan,nan,nan,nan,nan,nan,
nan,nan,nan,nan,nan,nan,nan,nan,nan,nan,nan,nan,nan,nan,nan,nan,nan,nan,nan,nan,nan,nan,nan,nan,nan,nan,nan,nan,nan,nan,nan,nan,nan,nan,nan,nan,nan,nan,nan,nan,nan,nan,nan,nan,nan,nan,nan,nan,nan,nan,nan,nan,nan,nan,nan,nan,nan,nan,nan,nan,nan,nan,nan,nan,nan,nan,nan,nan,nan,nan,nan,nan,nan,nan,nan,nan,nan,nan,nan,nan,nan,nan,nan,nan,nan,nan,nan,nan,nan,nan,nan,nan,nan,nan,nan,nan,nan,nan,nan,nan,nan,nan,nan,nan,nan,nan,nan,nan,nan,nan,nan,nan,nan,nan,nan,nan,nan,nan,nan,nan,nan,nan,nan,nan,nan,nan,nan,nan,nan,nan,nan,nan,nan,nan,
nan,nan,nan,nan,nan,nan,nan,nan,nan,nan,nan,nan,nan,nan,nan,nan,nan,nan,nan,nan,nan,nan,nan,nan,nan,nan,nan,nan,nan,nan,nan,nan,nan,nan,nan,nan,nan,nan,nan,nan,nan,nan,nan,nan,nan,nan,nan,nan,nan,nan,nan,nan,nan,nan,nan,nan,nan,nan,nan,nan,nan,nan,nan,nan,nan,nan,nan,nan,nan,nan,nan,nan,nan,nan,nan,nan,nan,nan,nan,nan,nan,nan,nan,nan,nan,nan,nan,nan,nan,nan,nan,nan,nan,nan,nan,nan,nan,nan,nan,nan,nan,nan,nan,nan,nan,nan,nan,nan,nan,nan,nan,nan,nan,nan,nan,nan,nan,nan,nan,nan,nan,nan,nan,nan,nan,nan,nan,nan,nan,nan,nan,nan,nan,nan,
nan,nan,nan,nan,nan,nan,nan,nan,nan,nan,nan,nan,nan,nan,nan,nan,nan,nan,nan,nan,nan,nan,nan,nan,nan,nan,nan,nan,nan,nan,nan,nan,nan,nan,nan,nan,nan,nan,nan,nan,nan,nan,nan,nan,nan,nan,nan,nan,nan,nan,nan,nan,nan,nan,nan,nan,nan,nan,nan,nan,nan,nan,nan,nan,nan,nan,nan,nan,nan,nan,nan,nan,nan,nan,nan,nan,nan,nan,nan,nan,nan,nan,nan,nan,nan,nan,nan,nan,nan,nan,nan,nan,nan,nan,nan,nan,nan,nan,nan,nan,nan,nan,nan,nan,nan,nan,nan,nan,nan,nan,nan,nan,nan,nan,nan,nan,nan,nan,nan,nan,nan,nan,nan,nan,nan,nan,nan,nan,nan,nan,nan,nan,nan,nan,
nan,nan,nan,nan,nan,nan,nan,nan,nan,nan,nan,nan,nan,nan,nan,nan,nan,nan,nan,nan,nan,nan,nan,nan,nan,nan,nan,nan,nan,nan,nan,nan,nan,nan,nan,nan,nan,nan,nan,nan,nan,nan,nan,nan,nan,nan,nan,nan,nan,nan,nan,nan,nan,nan,nan,nan,nan,nan,nan,nan,nan,nan,nan,nan,nan,nan,nan,nan,nan,nan,nan,nan,nan,nan,nan,nan,nan,nan,nan,nan,nan,nan,nan,nan,nan,nan,nan,nan,nan,nan,nan,nan,nan,nan,nan,nan,nan,nan,nan,nan,nan,nan,nan,nan,nan,nan,nan,nan,nan,nan,nan,nan,nan,nan,nan,nan,nan,nan,nan,nan,nan,nan,nan,nan,nan,nan,nan,nan,nan,nan,nan,nan,nan,nan,
nan,nan,nan,nan,nan,nan,nan,nan,nan,nan,nan,nan,nan,nan,nan,nan,nan,nan,nan,nan,nan,nan,nan,nan,nan,nan,nan,nan,nan,nan,nan,nan,nan,nan,nan,nan,nan,nan,nan,nan,nan,nan,nan,nan,nan,nan,nan,nan,nan,nan,nan,nan,nan,nan,nan,nan,nan,nan,nan,nan,nan,nan,nan,nan,nan,nan,nan,nan,nan,nan,nan,nan,nan,nan,nan,nan,nan,nan,nan,nan,nan,nan,nan,nan,nan,nan,nan,nan,nan,nan,nan,nan,nan,nan,nan,nan,nan,nan,nan,nan,nan,nan,nan,nan,nan,nan,nan,nan,nan,nan,nan,nan,nan,nan,nan,nan,nan,nan,nan,nan,nan,nan,nan,nan,nan,nan,nan,nan,nan,nan,nan,nan,nan,nan,
nan,nan,nan,nan,nan,nan,nan,nan,nan,nan,nan,nan,nan,nan,nan,nan,nan,nan,nan,nan,nan,nan,nan,nan,nan,nan,nan,nan,nan,nan,nan,nan,nan,nan,nan,nan,nan,nan,nan,nan,nan,nan,nan,nan,nan,nan,nan,nan,nan,nan,nan,nan,nan,nan,nan,nan,nan,nan,nan,nan,nan,nan,nan,nan,nan,nan,nan,nan,nan,nan,nan,nan,nan,nan,nan,nan,nan,nan,nan,nan,nan,nan,nan,nan,nan,nan,nan,nan,nan,nan,nan,nan,nan,nan,nan,nan,nan,nan,nan,nan,nan,nan,nan,nan,nan,nan,nan,nan,nan,nan,nan,nan,nan,nan,nan,nan,nan,nan,nan,nan,nan,nan,nan,nan,nan,nan,nan,nan,nan,nan,nan,nan,nan,nan,
nan,nan,nan,nan,nan,nan,nan,nan,nan,nan,nan,nan,nan,nan,nan,nan,nan,nan,nan,nan,nan,nan,nan,nan,nan,nan,nan,nan,nan,nan,nan,nan,nan,nan,nan,nan,nan,nan,nan,nan,nan,nan,nan,nan,nan,nan,nan,nan,nan,nan,nan,nan,nan,nan,nan,nan,nan,nan,nan,nan,nan,nan,nan,nan,nan,nan,nan,nan,nan,nan,nan,nan,nan,nan,nan,nan,nan,nan,nan,nan,nan,nan,nan,nan,nan,nan,nan,nan,nan,nan,nan,nan,nan,nan,nan,nan,nan,nan,nan,nan,nan,nan,nan,nan,nan,nan,nan,nan,nan,nan,nan,nan,nan,nan,nan,nan,nan,nan,nan,nan,nan,nan,nan,nan,nan,nan,nan,nan,nan,nan,nan,nan,nan,nan,
nan,nan,nan,nan,nan,nan,nan,nan,nan,nan,nan,nan,nan,nan,-0.153473,-0.154117,-0.153973,-0.153881,-0.154429,-0.154369,-0.154855,-0.156188,-0.156337,-0.156208,-0.157518,-0.157988,-0.159149,-0.160015,-0.161568,-0.162274,-0.162355,-0.162463,-0.164302,-0.165223,-0.166239,-0.167248,-0.167707,-0.168985,-0.169559,-0.169832,-0.170636,-0.171761,-0.172074,-0.173784,-0.175371,-0.175343,-0.176002,-0.176654,-0.177785,-0.178891,-0.178678,-0.179914,-0.181154,-0.182322,-0.181915,-0.182699,-0.183312,-0.183965,-0.184227,-0.185492,-0.186685,-0.186788,-0.187748,-0.188406,-0.188692,-0.189984,-0.190478,-0.190743,-0.191307,-0.192104,-0.192524,-0.192759,-0.193568,-0.194346,-0.195199,-0.195302,-0.19615,-0.196586,-0.196432,-0.196906,-0.197515,-0.197869,-0.197876,-0.197294,-0.197336,-0.198241,-0.198688,-0.199123,-0.199197,-0.19915,-0.199335,-0.199619,-0.200746,-0.20207,-0.203177,-0.203832,-0.205521,-0.20581,-0.205688,-0.206494,-0.205987,-0.20635,-0.206306,-0.206743,-0.207824,-0.208509,-0.208352,-0.209167,-0.210597,-0.211346,-0.212317,-0.213657,-0.215548,-0.216737,-0.217258,-0.218277,-0.218964,nan,nan,nan,nan,nan,nan,nan,nan,nan,nan,nan,nan,nan,nan,nan,nan,nan,
nan,nan,nan,nan,nan,nan,nan,nan,nan,nan,nan,nan,nan,nan,-0.152866,-0.152981,-0.15299,-0.153312,-0.153983,-0.154325,-0.15512,-0.15614,-0.156612,-0.157052,-0.15807,-0.15796,-0.158743,-0.159998,-0.160984,-0.161713,-0.162424,-0.162805,-0.164157,-0.165058,-0.165709,-0.166531,-0.167154,-0.168186,-0.168857,-0.169503,-0.170372,-0.171283,-0.172028,-0.172753,-0.174326,-0.174917,-0.175565,-0.176337,-0.177446,-0.178446,-0.17872,-0.179751,-0.180772,-0.181832,-0.182098,-0.183058,-0.184191,-0.184682,-0.185004,-0.185797,-0.186321,-0.186688,-0.187783,-0.188383,-0.188921,-0.189686,-0.189879,-0.190621,-0.190968,-0.191687,-0.192082,-0.192902,-0.193421,-0.193728,-0.194817,-0.194994,-0.195572,-0.195965,-0.196476,-0.196823,-0.196908,-0.197417,-0.197822,-0.197422,-0.197669,-0.198365,-0.198932,-0.199452,-0.199857,-0.199697,-0.200198,-0.200583,-0.201146,-0.202632,-0.203341,-0.203974,-0.205249,-0.205646,-0.205798,-0.205787,-0.205729,-0.206336,-0.206591,-0.206932,-0.207827,-0.20862,-0.208895,-0.209626,-0.210058,-0.210704,-0.211825,-0.213055,-0.213724,-0.215881,-0.218112,-0.218681,-0.21951,nan,nan,nan,nan,nan,nan,nan,nan,nan,nan,nan,nan,nan,nan,nan,nan,nan,
nan,nan,nan,nan,nan,nan,nan,nan,nan,nan,nan,nan,nan,nan,-0.152009,-0.152395,-0.152414,-0.153045,-0.153778,-0.154366,-0.155125,-0.156059,-0.156533,-0.156919,-0.157961,-0.158262,-0.159026,-0.159935,-0.160801,-0.161507,-0.162021,-0.162594,-0.163823,-0.16458,-0.165373,-0.166134,-0.166685,-0.167522,-0.168485,-0.169137,-0.169792,-0.170703,-0.171789,-0.172655,-0.173855,-0.174474,-0.175086,-0.175747,-0.176827,-0.177746,-0.178434,-0.179366,-0.180514,-0.181509,-0.181891,-0.18267,-0.183599,-0.184494,-0.184978,-0.185678,-0.186479,-0.18688,-0.187829,-0.188357,-0.189027,-0.189602,-0.189891,-0.190535,-0.190958,-0.191649,-0.192037,-0.192744,-0.193233,-0.193611,-0.194484,-0.194708,-0.195616,-0.195973,-0.19625,-0.196724,-0.197151,-0.197533,-0.197569,-0.197481,-0.197856,-0.19854,-0.199424,-0.199909,-0.200091,-0.200234,-0.200581,-0.200794,-0.201279,-0.202384,-0.203155,-0.203859,-0.204901,-0.205459,-0.205715,-0.205707,-0.205785,-0.206171,-0.206685,-0.207016,-0.207642,-0.208469,-0.208556,-0.20927,-0.20997,-0.210613,-0.211588,-0.212642,-0.213782,-0.215042,-0.216367,-0.217967,-0.218987,nan,nan,nan,nan,nan,nan,nan,nan,nan,nan,nan,nan,nan,nan,nan,nan,nan,
nan,nan,nan,nan,nan,nan,nan,nan,nan,nan,nan,nan,nan,nan,-0.151359,-0.151809,-0.152289,-0.153004,-0.153634,-0.154268,-0.155114,-0.155834,-0.156443,-0.157217,-0.157759,-0.15839,-0.159169,-0.160051,-0.161007,-0.161613,-0.162116,-0.162589,-0.163623,-0.164559,-0.165217,-0.165781,-0.166485,-0.167208,-0.168147,-0.168857,-0.169523,-0.170502,-0.171537,-0.172312,-0.173395,-0.174056,-0.17459,-0.175367,-0.176549,-0.17726,-0.178014,-0.178885,-0.180107,-0.180697,-0.181491,-0.182259,-0.183119,-0.184059,-0.184644,-0.185615,-0.186487,-0.187127,-0.187836,-0.188321,-0.189001,-0.189567,-0.189959,-0.190752,-0.191073,-0.191711,-0.192219,-0.19271,-0.193127,-0.193687,-0.194267,-0.194766,-0.195379,-0.195582,-0.196153,-0.196666,-0.197304,-0.197535,-0.197652,-0.197888,-0.198143,-0.198773,-0.19923,-0.200014,-0.200303,-0.200337,-0.200713,-0.201113,-0.201422,-0.202405,-0.20317,-0.203645,-0.204518,-0.205025,-0.20531,-0.205467,-0.205736,-0.20607,-0.206601,-0.207107,-0.207439,-0.208314,-0.208661,-0.209282,-0.209889,-0.210489,-0.21149,-0.212437,-0.213404,-0.214591,-0.215611,-0.216636,-0.217569,nan,nan,nan,nan,nan,nan,nan,nan,nan,nan,nan,nan,nan,nan,nan,nan,nan,
nan,nan,nan,nan,nan,nan,nan,nan,nan,nan,nan,nan,nan,nan,-0.151638,-0.152132,-0.152414,-0.152915,-0.15352,-0.154242,-0.154967,-0.155688,-0.156544,-0.157322,-0.157771,-0.158725,-0.159439,-0.160137,-0.16112,-0.161729,-0.162349,-0.162891,-0.163716,-0.16459,-0.165275,-0.165479,-0.166167,-0.167049,-0.167964,-0.168619,-0.169535,-0.170228,-0.171124,-0.171947,-0.172856,-0.173596,-0.17425,-0.17515,-0.176238,-0.176892,-0.177649,-0.178462,-0.179432,-0.179989,-0.180983,-0.181756,-0.182612,-0.183534,-0.184333,-0.185254,-0.186147,-0.186801,-0.187492,-0.188153,-0.188733,-0.189068,-0.189877,-0.190783,-0.191191,-0.191528,-0.192216,-0.192864,-0.193177,-0.193857,-0.193979,-0.194558,-0.195432,-0.195767,-0.196248,-0.196812,-0.197358,-0.197694,-0.19784,-0.198295,-0.19856,-0.199166,-0.199811,-0.200381,-0.200642,-0.200706,-0.200967,-0.201353,-0.201647,-0.202245,-0.20285,-0.203554,-0.204241,-0.204848,-0.205313,-0.20543,-0.20594,-0.206137,-0.206717,-0.207018,-0.207409,-0.208159,-0.208548,-0.209421,-0.209706,-0.210433,-0.211383,-0.212081,-0.213109,-0.2143,-0.215287,-0.216292,-0.217577,nan,nan,nan,nan,nan,nan,nan,nan,nan,nan,nan,nan,nan,nan,nan,nan,nan,
nan,nan,nan,nan,nan,nan,nan,nan,nan,nan,nan,nan,nan,nan,-0.15155,-0.151962,-0.152438,-0.153043,-0.153512,-0.154286,-0.154787,-0.155472,-0.156632,-0.157124,-0.157614,-0.158615,-0.159404,-0.160225,-0.160946,-0.161712,-0.162647,-0.163258,-0.163649,-0.164221,-0.164983,-0.165591,-0.166242,-0.167126,-0.167874,-0.168613,-0.169535,-0.170149,-0.170805,-0.171584,-0.172358,-0.173058,-0.17383,-0.174904,-0.175755,-0.176451,-0.177264,-0.177997,-0.178833,-0.179593,-0.180499,-0.181326,-0.182067,-0.182986,-0.183838,-0.184777,-0.185441,-0.186519,-0.187249,-0.187653,-0.188351,-0.188893,-0.189733,-0.190467,-0.190897,-0.191442,-0.192236,-0.192765,-0.193275,-0.193648,-0.19393,-0.194476,-0.195361,-0.195939,-0.196273,-0.196891,-0.197619,-0.197966,-0.198171,-0.198704,-0.199053,-0.199403,-0.200127,-0.200645,-0.200875,-0.200947,-0.201312,-0.201535,-0.202043,-0.202192,-0.202768,-0.203595,-0.204275,-0.204653,-0.205128,-0.205551,-0.20583,-0.206235,-0.206821,-0.207072,-0.207299,-0.207988,-0.208426,-0.209237,-0.209713,-0.210291,-0.211165,-0.211976,-0.212953,-0.21375,-0.21485,-0.215656,-0.216568,nan,nan,nan,nan,nan,nan,nan,nan,nan,nan,nan,nan,nan,nan,nan,nan,nan,
nan,nan,nan,nan,nan,nan,nan,nan,nan,nan,nan,nan,nan,nan,-0.150998,-0.151477,-0.152205,-0.152899,-0.153609,-0.153968,-0.154508,-0.15548,-0.156103,-0.157029,-0.157844,-0.158809,-0.159467,-0.160071,-0.160688,-0.161789,-0.162835,-0.163313,-0.163713,-0.16439,-0.164696,-0.165451,-0.166314,-0.16719,-0.167811,-0.168581,-0.169539,-0.170194,-0.170712,-0.171204,-0.17179,-0.172758,-0.173537,-0.174483,-0.175535,-0.176177,-0.176899,-0.177576,-0.178343,-0.179049,-0.179936,-0.180826,-0.181737,-0.182447,-0.183141,-0.184435,-0.185359,-0.18592,-0.186809,-0.187277,-0.188044,-0.188772,-0.189618,-0.190278,-0.190764,-0.191375,-0.19223,-0.192597,-0.192936,-0.193651,-0.193833,-0.194405,-0.19521,-0.196112,-0.196673,-0.197243,-0.197618,-0.198161,-0.198557,-0.19898,-0.199405,-0.199972,-0.200218,-0.20061,-0.200861,-0.201183,-0.201278,-0.201666,-0.202167,-0.202407,-0.202683,-0.203558,-0.204544,-0.204685,-0.20501,-0.20548,-0.205949,-0.206508,-0.206657,-0.207173,-0.207645,-0.207961,-0.208494,-0.209022,-0.209254,-0.209916,-0.210765,-0.21144,-0.212276,-0.213086,-0.214015,-0.21479,-0.216053,nan,nan,nan,nan,nan,nan,nan,nan,nan,nan,nan,nan,nan,nan,nan,nan,nan,
nan,nan,nan,nan,nan,nan,nan,nan,nan,nan,nan,nan,nan,nan,-0.150478,-0.150899,-0.151864,-0.152666,-0.153417,-0.153867,-0.15421,-0.155071,-0.156047,-0.157267,-0.158146,-0.158846,-0.159517,-0.160231,-0.160655,-0.161765,-0.162578,-0.163128,-0.163662,-0.164078,-0.1648,-0.16531,-0.166218,-0.167163,-0.167785,-0.168356,-0.169128,-0.169897,-0.170111,-0.17077,-0.171546,-0.172252,-0.17313,-0.174126,-0.174901,-0.175528,-0.17638,-0.177072,-0.177779,-0.178455,-0.179476,-0.180302,-0.181109,-0.182134,-0.182862,-0.183757,-0.184515,-0.185536,-0.186234,-0.187017,-0.187733,-0.188438,-0.189178,-0.189915,-0.190605,-0.191117,-0.191871,-0.192697,-0.192633,-0.193263,-0.193556,-0.194144,-0.194979,-0.195742,-0.196773,-0.197268,-0.197471,-0.198184,-0.198977,-0.199046,-0.199615,-0.200212,-0.200172,-0.200639,-0.201122,-0.201262,-0.201469,-0.201789,-0.202232,-0.202312,-0.202802,-0.203411,-0.204093,-0.204512,-0.204818,-0.205458,-0.205842,-0.206463,-0.206923,-0.207007,-0.207343,-0.208089,-0.208496,-0.208945,-0.209325,-0.209976,-0.210636,-0.21133,-0.211719,-0.212509,-0.213546,-0.214453,-0.215572,nan,nan,nan,nan,nan,nan,nan,nan,nan,nan,nan,nan,nan,nan,nan,nan,nan,
nan,nan,nan,nan,nan,nan,nan,nan,nan,nan,nan,nan,nan,nan,-0.149872,-0.150393,-0.151309,-0.152043,-0.153042,-0.153717,-0.154289,-0.155051,-0.15592,-0.157015,-0.158093,-0.15903,-0.159555,-0.160289,-0.160632,-0.161549,-0.162774,-0.1634,-0.163762,-0.164308,-0.164728,-0.165236,-0.165765,-0.16652,-0.167363,-0.16786,-0.16856,-0.169448,-0.169703,-0.17022,-0.171175,-0.171894,-0.172603,-0.1735,-0.174151,-0.174702,-0.175763,-0.176421,-0.177342,-0.178085,-0.179,-0.180065,-0.180773,-0.181407,-0.182313,-0.183382,-0.184187,-0.18525,-0.186111,-0.187046,-0.187828,-0.18837,-0.188903,-0.189306,-0.190019,-0.19061,-0.191471,-0.191952,-0.192449,-0.192985,-0.193557,-0.194141,-0.194752,-0.19565,-0.19626,-0.196734,-0.197467,-0.198186,-0.198815,-0.199091,-0.199766,-0.200109,-0.200271,-0.200695,-0.20118,-0.201468,-0.201693,-0.201999,-0.202365,-0.202382,-0.202652,-0.202993,-0.203758,-0.20444,-0.204735,-0.205216,-0.205513,-0.206119,-0.206589,-0.207009,-0.207607,-0.207899,-0.208325,-0.208918,-0.20932,-0.209802,-0.21041,-0.21086,-0.211589,-0.212144,-0.213,-0.213623,-0.214242,nan,nan,nan,nan,nan,nan,nan,nan,nan,nan,nan,nan,nan,nan,nan,nan,nan,
nan,nan,nan,nan,nan,nan,nan,nan,nan,nan,nan,nan,nan,nan,-0.150349,-0.150396,-0.151359,-0.151885,-0.152581,-0.15349,-0.154193,-0.154983,-0.156002,-0.157226,-0.158008,-0.159022,-0.15989,-0.160388,-0.160865,-0.161488,-0.162518,-0.163145,-0.163718,-0.164139,-0.164643,-0.165296,-0.16571,-0.166441,-0.167394,-0.167836,-0.168398,-0.168919,-0.169277,-0.169999,-0.170768,-0.171521,-0.172426,-0.1732,-0.17386,-0.174522,-0.175286,-0.175911,-0.176722,-0.177751,-0.178777,-0.179784,-0.180512,-0.181131,-0.182077,-0.182663,-0.183564,-0.184824,-0.18589,-0.186547,-0.187623,-0.187917,-0.188388,-0.188978,-0.189751,-0.190516,-0.191183,-0.19153,-0.191801,-0.19261,-0.193333,-0.193901,-0.194688,-0.195411,-0.196046,-0.196524,-0.197287,-0.198085,-0.19887,-0.199432,-0.199833,-0.199961,-0.200592,-0.201097,-0.201277,-0.201599,-0.201478,-0.201636,-0.202084,-0.202537,-0.202947,-0.203023,-0.203615,-0.204214,-0.204558,-0.205399,-0.205485,-0.206049,-0.207129,-0.207435,-0.207698,-0.208065,-0.208659,-0.208694,-0.209116,-0.209643,-0.210067,-0.210719,-0.211147,-0.211719,-0.211968,-0.212579,-0.21395,nan,nan,nan,nan,nan,nan,nan,nan,nan,nan,nan,nan,nan,nan,nan,nan,nan,
nan,nan,nan,nan,nan,nan,nan,nan,nan,nan,nan,nan,nan,nan,-0.150832,-0.150774,-0.151512,-0.152138,-0.152584,-0.153193,-0.154115,-0.154856,-0.155978,-0.157099,-0.157952,-0.158742,-0.159551,-0.160258,-0.16074,-0.161491,-0.162287,-0.162957,-0.16363,-0.164328,-0.164875,-0.165486,-0.16572,-0.166355,-0.167245,-0.16772,-0.167877,-0.168391,-0.168956,-0.169703,-0.170463,-0.171317,-0.172136,-0.172878,-0.173501,-0.173929,-0.174573,-0.175597,-0.176484,-0.177155,-0.178099,-0.179201,-0.180028,-0.180889,-0.181643,-0.182289,-0.183208,-0.184466,-0.185201,-0.186142,-0.186738,-0.187403,-0.188264,-0.188641,-0.189376,-0.190105,-0.190691,-0.191218,-0.191588,-0.192228,-0.193047,-0.193855,-0.194418,-0.195317,-0.196033,-0.196703,-0.197256,-0.19805,-0.198821,-0.199244,-0.199744,-0.200075,-0.200404,-0.201272,-0.201414,-0.201584,-0.201543,-0.201777,-0.202199,-0.202383,-0.202808,-0.202953,-0.203451,-0.203979,-0.204457,-0.20545,-0.205911,-0.206451,-0.207034,-0.207484,-0.207886,-0.207912,-0.208198,-0.208559,-0.208832,-0.209256,-0.209494,-0.210163,-0.210658,-0.211832,-0.212882,-0.213664,-0.214924,nan,nan,nan,nan,nan,nan,nan,nan,nan,nan,nan,nan,nan,nan,nan,nan,nan,
nan,nan,nan,nan,nan,nan,nan,nan,nan,nan,nan,nan,nan,nan,-0.150272,-0.150466,-0.151277,-0.151766,-0.152586,-0.153183,-0.153729,-0.154898,-0.155981,-0.157115,-0.157935,-0.158529,-0.159421,-0.160036,-0.160795,-0.161712,-0.162074,-0.162939,-0.163712,-0.164435,-0.165001,-0.165443,-0.165747,-0.166241,-0.166859,-0.16743,-0.167918,-0.16807,-0.168677,-0.169242,-0.17045,-0.171418,-0.171995,-0.172286,-0.172729,-0.173483,-0.173984,-0.174794,-0.175662,-0.176613,-0.177585,-0.178374,-0.179308,-0.180265,-0.180941,-0.181744,-0.18254,-0.183391,-0.184824,-0.185798,-0.18618,-0.187005,-0.187715,-0.188389,-0.188974,-0.189829,-0.190609,-0.190967,-0.191791,-0.192194,-0.19294,-0.193861,-0.19431,-0.195099,-0.196152,-0.196908,-0.197272,-0.198159,-0.199109,-0.199437,-0.199616,-0.199986,-0.200744,-0.201202,-0.201344,-0.201265,-0.201592,-0.201691,-0.202196,-0.202458,-0.202743,-0.202944,-0.203444,-0.204135,-0.204647,-0.205412,-0.20588,-0.206452,-0.20698,-0.207449,-0.207797,-0.207635,-0.208014,-0.208267,-0.208633,-0.209094,-0.209147,-0.209677,-0.210487,-0.211268,-0.211779,-0.212258,-0.213005,nan,nan,nan,nan,nan,nan,nan,nan,nan,nan,nan,nan,nan,nan,nan,nan,nan,
nan,nan,nan,nan,nan,nan,nan,nan,nan,nan,nan,nan,nan,nan,-0.15012,-0.150319,-0.151173,-0.151899,-0.152653,-0.153207,-0.153714,-0.15494,-0.156004,-0.15696,-0.158008,-0.158356,-0.159118,-0.159744,-0.160751,-0.161862,-0.162117,-0.163051,-0.163708,-0.164342,-0.165072,-0.165279,-0.165406,-0.16605,-0.166999,-0.167485,-0.167655,-0.16823,-0.168608,-0.169455,-0.170338,-0.171043,-0.171418,-0.172115,-0.172609,-0.172959,-0.173765,-0.17422,-0.174999,-0.176054,-0.176746,-0.177706,-0.178736,-0.179661,-0.180433,-0.180958,-0.181934,-0.183026,-0.184169,-0.18513,-0.185719,-0.186614,-0.187194,-0.18821,-0.188767,-0.189515,-0.190595,-0.191338,-0.19179,-0.192286,-0.192793,-0.193625,-0.194281,-0.194931,-0.195931,-0.196592,-0.197201,-0.197905,-0.198672,-0.199125,-0.199686,-0.200158,-0.200496,-0.20113,-0.201162,-0.201024,-0.201152,-0.201716,-0.202091,-0.202539,-0.203018,-0.203298,-0.203766,-0.204406,-0.204977,-0.205735,-0.206074,-0.206172,-0.206881,-0.20743,-0.207577,-0.207565,-0.207947,-0.208218,-0.208638,-0.208678,-0.209011,-0.209905,-0.210483,-0.210864,-0.211605,-0.21222,-0.212475,nan,nan,nan,nan,nan,nan,nan,nan,nan,nan,nan,nan,nan,nan,nan,nan,nan,
nan,nan,nan,nan,nan,nan,nan,nan,nan,nan,nan,nan,nan,nan,-0.150066,-0.15046,-0.151423,-0.152276,-0.15277,-0.15319,-0.153663,-0.15478,-0.155662,-0.156524,-0.157497,-0.158324,-0.159151,-0.159886,-0.160608,-0.161574,-0.162264,-0.162969,-0.163719,-0.164387,-0.16495,-0.165443,-0.165882,-0.166131,-0.166845,-0.167352,-0.167513,-0.167981,-0.168533,-0.169267,-0.169997,-0.170394,-0.170925,-0.171411,-0.172191,-0.172833,-0.172955,-0.173618,-0.174763,-0.175466,-0.17623,-0.177151,-0.178097,-0.179009,-0.180044,-0.180587,-0.181568,-0.18269,-0.183578,-0.184602,-0.185457,-0.186164,-0.186717,-0.187463,-0.18804,-0.189054,-0.189986,-0.190762,-0.191738,-0.192064,-0.192315,-0.193278,-0.194285,-0.195028,-0.195725,-0.196528,-0.197044,-0.197614,-0.198271,-0.199009,-0.199629,-0.199981,-0.200234,-0.200429,-0.201061,-0.201007,-0.200881,-0.201482,-0.20205,-0.202679,-0.202967,-0.20352,-0.204047,-0.204518,-0.205184,-0.205517,-0.205902,-0.206287,-0.207042,-0.20748,-0.207635,-0.207889,-0.207951,-0.208289,-0.208701,-0.209147,-0.209622,-0.210082,-0.210621,-0.211479,-0.212083,-0.212867,-0.21312,nan,nan,nan,nan,nan,nan,nan,nan,nan,nan,nan,nan,nan,nan,nan,nan,nan,
nan,nan,nan,nan,nan,nan,nan,nan,nan,nan,nan,nan,nan,nan,-0.150053,-0.150461,-0.151113,-0.152053,-0.152697,-0.153199,-0.153772,-0.154853,-0.155617,-0.156406,-0.157567,-0.158572,-0.159316,-0.16011,-0.160642,-0.161877,-0.162255,-0.162781,-0.163623,-0.164281,-0.164834,-0.165095,-0.165537,-0.166134,-0.16679,-0.167188,-0.167531,-0.167872,-0.168104,-0.168989,-0.169366,-0.169877,-0.170455,-0.171123,-0.172149,-0.172782,-0.172947,-0.173454,-0.174533,-0.175254,-0.176204,-0.177382,-0.177842,-0.178572,-0.179399,-0.180399,-0.181339,-0.182265,-0.182974,-0.18396,-0.18487,-0.185456,-0.185978,-0.18678,-0.18741,-0.18854,-0.189447,-0.190242,-0.191187,-0.191942,-0.192207,-0.193281,-0.194175,-0.194715,-0.195577,-0.19635,-0.196801,-0.197591,-0.19843,-0.19889,-0.19956,-0.199877,-0.199835,-0.200299,-0.201133,-0.201207,-0.201271,-0.201829,-0.202161,-0.202607,-0.203037,-0.20354,-0.20409,-0.20469,-0.205107,-0.205529,-0.205787,-0.206311,-0.20677,-0.207586,-0.207846,-0.20795,-0.208135,-0.2082,-0.208522,-0.209088,-0.209542,-0.210098,-0.210353,-0.210744,-0.211177,-0.211324,-0.211982,nan,nan,nan,nan,nan,nan,nan,nan,nan,nan,nan,nan,nan,nan,nan,nan,nan,
nan,nan,nan,nan,nan,nan,nan,nan,nan,nan,nan,nan,nan,nan,-0.149192,-0.149896,-0.150837,-0.151702,-0.152421,-0.153171,-0.153692,-0.154746,-0.155733,-0.156724,-0.157528,-0.158268,-0.158989,-0.159881,-0.160554,-0.161754,-0.162252,-0.162734,-0.163601,-0.164282,-0.164711,-0.165231,-0.165539,-0.166083,-0.166708,-0.166882,-0.16725,-0.167851,-0.168212,-0.168768,-0.168951,-0.16926,-0.170042,-0.170893,-0.171605,-0.172331,-0.172792,-0.173209,-0.174196,-0.175043,-0.175752,-0.176695,-0.17745,-0.178336,-0.179014,-0.179953,-0.181259,-0.182068,-0.182831,-0.183458,-0.184228,-0.184818,-0.185727,-0.186523,-0.187403,-0.188321,-0.189235,-0.190143,-0.19074,-0.191627,-0.192256,-0.19313,-0.194204,-0.19477,-0.195666,-0.196254,-0.196742,-0.197213,-0.198104,-0.198716,-0.199183,-0.199488,-0.20009,-0.200377,-0.200983,-0.201305,-0.201486,-0.201828,-0.201807,-0.202235,-0.202687,-0.203574,-0.204096,-0.204737,-0.20501,-0.205404,-0.205957,-0.206457,-0.206984,-0.207539,-0.207835,-0.207697,-0.207737,-0.208046,-0.208716,-0.209143,-0.209278,-0.209435,-0.209987,-0.210526,-0.211044,-0.211756,-0.212278,nan,nan,nan,nan,nan,nan,nan,nan,nan,nan,nan,nan,nan,nan,nan,nan,nan,
nan,nan,nan,nan,nan,nan,nan,nan,nan,nan,nan,nan,nan,nan,-0.149359,-0.149875,-0.150695,-0.151352,-0.152285,-0.15321,-0.154086,-0.154972,-0.15569,-0.156346,-0.157361,-0.158169,-0.158708,-0.159681,-0.160534,-0.161268,-0.161955,-0.162808,-0.163365,-0.163922,-0.164648,-0.165413,-0.165485,-0.166066,-0.166622,-0.166986,-0.167154,-0.167525,-0.168284,-0.168783,-0.168823,-0.169131,-0.169836,-0.17037,-0.171255,-0.171973,-0.172516,-0.173084,-0.174074,-0.174815,-0.17531,-0.175956,-0.177069,-0.177729,-0.178467,-0.179604,-0.180582,-0.181644,-0.182675,-0.183014,-0.183758,-0.18439,-0.185276,-0.186312,-0.187162,-0.187991,-0.1891,-0.189881,-0.190314,-0.191185,-0.192106,-0.192751,-0.193782,-0.194391,-0.195158,-0.196115,-0.196606,-0.197248,-0.197546,-0.198233,-0.199072,-0.199353,-0.199839,-0.200322,-0.20082,-0.200996,-0.201123,-0.201417,-0.201794,-0.202277,-0.202535,-0.203369,-0.203994,-0.204211,-0.204871,-0.205484,-0.205794,-0.206338,-0.207131,-0.207039,-0.207292,-0.207492,-0.207701,-0.208324,-0.208391,-0.208647,-0.20911,-0.209398,-0.209719,-0.210187,-0.210487,-0.211148,-0.211807,nan,nan,nan,nan,nan,nan,nan,nan,nan,nan,nan,nan,nan,nan,nan,nan,nan,
nan,nan,nan,nan,nan,nan,nan,nan,nan,nan,nan,nan,nan,nan,-0.148165,-0.148838,-0.149926,-0.150808,-0.152071,-0.153327,-0.154292,-0.154987,-0.155564,-0.156275,-0.157034,-0.157736,-0.158552,-0.159532,-0.160107,-0.160943,-0.162151,-0.162833,-0.163312,-0.163651,-0.164546,-0.164988,-0.16527,-0.16594,-0.166656,-0.167016,-0.167324,-0.16745,-0.16803,-0.168144,-0.168225,-0.168719,-0.169429,-0.169953,-0.170852,-0.171726,-0.17228,-0.173057,-0.173693,-0.174451,-0.17517,-0.175688,-0.176575,-0.177462,-0.178016,-0.178866,-0.180003,-0.181199,-0.182185,-0.182584,-0.183304,-0.184038,-0.18483,-0.186128,-0.187015,-0.187839,-0.188621,-0.189174,-0.189894,-0.190628,-0.191553,-0.192512,-0.19326,-0.194072,-0.195045,-0.19596,-0.196234,-0.196616,-0.197243,-0.197951,-0.198692,-0.199347,-0.199577,-0.199901,-0.20051,-0.200617,-0.200939,-0.200973,-0.201484,-0.202234,-0.202748,-0.203804,-0.20401,-0.204255,-0.20486,-0.205331,-0.205914,-0.206373,-0.206895,-0.206902,-0.20739,-0.207553,-0.207678,-0.208051,-0.208209,-0.208616,-0.208771,-0.209325,-0.209813,-0.210053,-0.210726,-0.211287,-0.211584,nan,nan,nan,nan,nan,nan,nan,nan,nan,nan,nan,nan,nan,nan,nan,nan,nan,
nan,nan,nan,nan,nan,nan,nan,nan,nan,nan,nan,nan,nan,nan,-0.147727,-0.148585,-0.149724,-0.150691,-0.151791,-0.153048,-0.154007,-0.154996,-0.155574,-0.156188,-0.157048,-0.158268,-0.158916,-0.159784,-0.160322,-0.161052,-0.16198,-0.162752,-0.163352,-0.163941,-0.16442,-0.164942,-0.165376,-0.165868,-0.166192,-0.166723,-0.166878,-0.167106,-0.167835,-0.167935,-0.167943,-0.16856,-0.169085,-0.169869,-0.170506,-0.171486,-0.172271,-0.172671,-0.173501,-0.174056,-0.174644,-0.175133,-0.176118,-0.177195,-0.177741,-0.178528,-0.179538,-0.180411,-0.181419,-0.182077,-0.182709,-0.183551,-0.184663,-0.185953,-0.186904,-0.187535,-0.188163,-0.18871,-0.189186,-0.190239,-0.191294,-0.192154,-0.192932,-0.193842,-0.194835,-0.195502,-0.195923,-0.196592,-0.197042,-0.197911,-0.198465,-0.198957,-0.19925,-0.199818,-0.200215,-0.200305,-0.200946,-0.201091,-0.201412,-0.202298,-0.202845,-0.203719,-0.204049,-0.204358,-0.204674,-0.205329,-0.205899,-0.206171,-0.206649,-0.207031,-0.207346,-0.207288,-0.207494,-0.207942,-0.207956,-0.207996,-0.208653,-0.208958,-0.209549,-0.210177,-0.210689,-0.21157,-0.212382,nan,nan,nan,nan,nan,nan,nan,nan,nan,nan,nan,nan,nan,nan,nan,nan,nan,
nan,nan,nan,nan,nan,nan,nan,nan,nan,nan,nan,nan,nan,nan,-0.147556,-0.148485,-0.149651,-0.150921,-0.151791,-0.152751,-0.153932,-0.154827,-0.155484,-0.156094,-0.157043,-0.158291,-0.158968,-0.159771,-0.160363,-0.161004,-0.161996,-0.162863,-0.163339,-0.163966,-0.164344,-0.164694,-0.165479,-0.165715,-0.165844,-0.166419,-0.166675,-0.167083,-0.167471,-0.167759,-0.168114,-0.168628,-0.169167,-0.169533,-0.170557,-0.171045,-0.171731,-0.172455,-0.173195,-0.173676,-0.174334,-0.175096,-0.175959,-0.176783,-0.177744,-0.178673,-0.179472,-0.179971,-0.18092,-0.181914,-0.18238,-0.183284,-0.184668,-0.185263,-0.186195,-0.187212,-0.188044,-0.188613,-0.189145,-0.19013,-0.191324,-0.192107,-0.192735,-0.193481,-0.194637,-0.194894,-0.195508,-0.196365,-0.197034,-0.197681,-0.198247,-0.198838,-0.199268,-0.199879,-0.200208,-0.200504,-0.200869,-0.20124,-0.201742,-0.202503,-0.202762,-0.203316,-0.204005,-0.204327,-0.20485,-0.205064,-0.205523,-0.206054,-0.206185,-0.206736,-0.207087,-0.207182,-0.207316,-0.20738,-0.207766,-0.208563,-0.208684,-0.209227,-0.209909,-0.210436,-0.211264,-0.211781,-0.212405,nan,nan,nan,nan,nan,nan,nan,nan,nan,nan,nan,nan,nan,nan,nan,nan,nan,
nan,nan,nan,nan,nan,nan,nan,nan,nan,nan,nan,nan,nan,nan,-0.14742,-0.148683,-0.149574,-0.150686,-0.151726,-0.15268,-0.153895,-0.154812,-0.155627,-0.156348,-0.157188,-0.158032,-0.158971,-0.159632,-0.160229,-0.160931,-0.161997,-0.162701,-0.163638,-0.164271,-0.164607,-0.164888,-0.165348,-0.165634,-0.166019,-0.166693,-0.166839,-0.167223,-0.167552,-0.167878,-0.168247,-0.168639,-0.169059,-0.169498,-0.170328,-0.17091,-0.171531,-0.172463,-0.172925,-0.173348,-0.174095,-0.174481,-0.175485,-0.176397,-0.177343,-0.178272,-0.178994,-0.179538,-0.180706,-0.181627,-0.181935,-0.183093,-0.184235,-0.184743,-0.185955,-0.18672,-0.187463,-0.187991,-0.188774,-0.189869,-0.190858,-0.191907,-0.192877,-0.193734,-0.194577,-0.194988,-0.195552,-0.196038,-0.196831,-0.197295,-0.198225,-0.19858,-0.198897,-0.199591,-0.199923,-0.200647,-0.200988,-0.20112,-0.201812,-0.202415,-0.202679,-0.203307,-0.203603,-0.204394,-0.205002,-0.205267,-0.205591,-0.206019,-0.206045,-0.206267,-0.206691,-0.20677,-0.206983,-0.207156,-0.207533,-0.207931,-0.208333,-0.209147,-0.209827,-0.21061,-0.211567,-0.212602,-0.213429,nan,nan,nan,nan,nan,nan,nan,nan,nan,nan,nan,nan,nan,nan,nan,nan,nan,
nan,nan,nan,nan,nan,nan,nan,nan,nan,nan,nan,nan,nan,nan,-0.148079,-0.148877,-0.149859,-0.150757,-0.151788,-0.152578,-0.153512,-0.154853,-0.155854,-0.156622,-0.15722,-0.157833,-0.158763,-0.159545,-0.160393,-0.161341,-0.162098,-0.162791,-0.163486,-0.164414,-0.164874,-0.165303,-0.165814,-0.166098,-0.166274,-0.166783,-0.167305,-0.167465,-0.167764,-0.168052,-0.16813,-0.168536,-0.169257,-0.169745,-0.170396,-0.170906,-0.171347,-0.172016,-0.172936,-0.173262,-0.173682,-0.174308,-0.175215,-0.17613,-0.176808,-0.177694,-0.178549,-0.179172,-0.180148,-0.180873,-0.181501,-0.182628,-0.183957,-0.184787,-0.185516,-0.186451,-0.187292,-0.187911,-0.188613,-0.189776,-0.190589,-0.191752,-0.192847,-0.193606,-0.194181,-0.194695,-0.195062,-0.195772,-0.196352,-0.197337,-0.197788,-0.19844,-0.198648,-0.199216,-0.199811,-0.200182,-0.200776,-0.201252,-0.201895,-0.202349,-0.202631,-0.203307,-0.203918,-0.20436,-0.204857,-0.205008,-0.205389,-0.206009,-0.206211,-0.206428,-0.206448,-0.20694,-0.207046,-0.206984,-0.207114,-0.207979,-0.208337,-0.20904,-0.210143,-0.210892,-0.211464,-0.212433,-0.214267,nan,nan,nan,nan,nan,nan,nan,nan,nan,nan,nan,nan,nan,nan,nan,nan,nan,
nan,nan,nan,nan,nan,nan,nan,nan,nan,nan,nan,nan,nan,nan,-0.148464,-0.14912,-0.150001,-0.150831,-0.151641,-0.152439,-0.153444,-0.1547,-0.155798,-0.156488,-0.157111,-0.157939,-0.158733,-0.159506,-0.160501,-0.161367,-0.162069,-0.162958,-0.163734,-0.16457,-0.165261,-0.165428,-0.165889,-0.166405,-0.166656,-0.166935,-0.167256,-0.167507,-0.167751,-0.168114,-0.16838,-0.168699,-0.169066,-0.16968,-0.170346,-0.17081,-0.171267,-0.171765,-0.172317,-0.172933,-0.173337,-0.173806,-0.174815,-0.175618,-0.176287,-0.177578,-0.178475,-0.178887,-0.179656,-0.180204,-0.180967,-0.181935,-0.183131,-0.183994,-0.18492,-0.185985,-0.18675,-0.187475,-0.188269,-0.189549,-0.190437,-0.191599,-0.192562,-0.193366,-0.193567,-0.194049,-0.194588,-0.195339,-0.196066,-0.197122,-0.197546,-0.19794,-0.198058,-0.198923,-0.199579,-0.200168,-0.200751,-0.20122,-0.20204,-0.202254,-0.202555,-0.203171,-0.203839,-0.204391,-0.204737,-0.204707,-0.204947,-0.205376,-0.205463,-0.206048,-0.206143,-0.206386,-0.206858,-0.207289,-0.207598,-0.208087,-0.208709,-0.209502,-0.21025,-0.21154,-0.21257,-0.213459,-0.215184,nan,nan,nan,nan,nan,nan,nan,nan,nan,nan,nan,nan,nan,nan,nan,nan,nan,
nan,nan,nan,nan,nan,nan,nan,nan,nan,nan,nan,nan,nan,nan,-0.147392,-0.148537,-0.149768,-0.150712,-0.151742,-0.152684,-0.153311,-0.154384,-0.15517,-0.156002,-0.156666,-0.157825,-0.158783,-0.159707,-0.160567,-0.161319,-0.162204,-0.163086,-0.164046,-0.16489,-0.165441,-0.165755,-0.166131,-0.166334,-0.16652,-0.166574,-0.167179,-0.16734,-0.167765,-0.168119,-0.168394,-0.168554,-0.169,-0.169829,-0.170291,-0.170791,-0.171255,-0.171711,-0.172263,-0.172855,-0.173476,-0.173648,-0.174296,-0.175196,-0.176341,-0.1771,-0.177932,-0.178669,-0.178955,-0.179962,-0.180568,-0.181646,-0.183054,-0.184048,-0.184682,-0.185274,-0.186281,-0.187305,-0.188261,-0.189071,-0.190327,-0.191321,-0.192064,-0.192694,-0.193058,-0.19354,-0.194378,-0.195277,-0.196007,-0.19691,-0.197319,-0.197709,-0.198256,-0.198869,-0.199344,-0.199883,-0.200642,-0.201269,-0.201619,-0.202016,-0.202438,-0.203001,-0.203556,-0.204074,-0.204441,-0.204512,-0.204728,-0.204907,-0.205623,-0.206247,-0.206074,-0.206351,-0.206882,-0.207451,-0.20796,-0.208575,-0.209139,-0.209685,-0.210117,-0.210878,-0.211151,-0.211988,-0.214045,nan,nan,nan,nan,nan,nan,nan,nan,nan,nan,nan,nan,nan,nan,nan,nan,nan,
nan,nan,nan,nan,nan,nan,nan,nan,nan,nan,nan,nan,nan,nan,-0.147589,-0.148433,-0.149424,-0.150618,-0.151638,-0.152745,-0.153448,-0.154241,-0.155334,-0.156189,-0.156958,-0.157911,-0.158915,-0.159567,-0.160509,-0.161361,-0.162325,-0.162955,-0.163737,-0.16454,-0.165234,-0.165722,-0.166098,-0.166401,-0.166834,-0.166887,-0.167054,-0.167281,-0.167631,-0.16789,-0.168322,-0.168522,-0.169009,-0.169692,-0.170529,-0.170861,-0.171295,-0.171721,-0.172415,-0.172625,-0.173118,-0.173829,-0.174385,-0.175255,-0.176172,-0.176746,-0.177488,-0.178227,-0.178904,-0.17956,-0.180382,-0.181362,-0.182696,-0.183506,-0.184108,-0.185148,-0.185988,-0.186726,-0.187722,-0.188604,-0.189846,-0.191002,-0.191538,-0.191999,-0.192434,-0.19305,-0.194018,-0.194718,-0.195589,-0.19647,-0.197071,-0.19765,-0.198284,-0.19862,-0.199388,-0.199893,-0.200253,-0.200933,-0.201603,-0.201999,-0.202467,-0.203034,-0.203585,-0.203984,-0.204321,-0.204515,-0.204645,-0.20495,-0.205307,-0.20557,-0.20615,-0.206387,-0.206972,-0.207781,-0.208096,-0.208735,-0.209109,-0.209454,-0.210174,-0.210741,-0.21118,-0.212122,-0.213803,nan,nan,nan,nan,nan,nan,nan,nan,nan,nan,nan,nan,nan,nan,nan,nan,nan,
nan,nan,nan,nan,nan,nan,nan,nan,nan,nan,nan,nan,nan,nan,-0.147248,-0.148087,-0.14936,-0.150409,-0.151383,-0.15254,-0.153324,-0.154329,-0.155328,-0.156294,-0.157014,-0.157855,-0.159123,-0.159891,-0.160468,-0.161252,-0.162336,-0.163127,-0.163598,-0.164405,-0.165051,-0.165432,-0.166052,-0.166661,-0.166864,-0.167191,-0.167148,-0.167165,-0.167551,-0.168028,-0.16838,-0.168549,-0.168859,-0.169589,-0.170181,-0.170652,-0.171318,-0.171772,-0.172122,-0.172484,-0.172919,-0.173646,-0.174419,-0.174859,-0.175907,-0.176317,-0.176944,-0.177691,-0.178397,-0.179087,-0.180004,-0.181172,-0.182406,-0.183415,-0.183965,-0.184742,-0.185452,-0.186313,-0.187498,-0.188765,-0.189775,-0.190606,-0.191441,-0.191748,-0.1923,-0.192875,-0.193729,-0.194589,-0.195305,-0.196221,-0.196844,-0.197442,-0.198118,-0.198724,-0.199406,-0.199863,-0.200271,-0.200914,-0.201627,-0.202013,-0.202245,-0.202568,-0.203299,-0.203712,-0.204138,-0.204406,-0.204567,-0.205047,-0.205557,-0.205766,-0.206055,-0.206397,-0.206926,-0.207537,-0.207948,-0.208221,-0.208887,-0.209653,-0.210396,-0.211129,-0.211849,-0.212885,-0.213718,nan,nan,nan,nan,nan,nan,nan,nan,nan,nan,nan,nan,nan,nan,nan,nan,nan,
nan,nan,nan,nan,nan,nan,nan,nan,nan,nan,nan,nan,nan,nan,-0.146748,-0.148172,-0.149093,-0.150342,-0.151337,-0.152381,-0.153351,-0.154146,-0.155238,-0.156153,-0.15698,-0.157966,-0.158789,-0.159942,-0.160546,-0.161347,-0.162479,-0.162826,-0.163716,-0.164168,-0.165065,-0.165385,-0.165846,-0.166347,-0.166787,-0.166961,-0.166994,-0.167379,-0.167691,-0.168004,-0.168323,-0.168444,-0.169009,-0.169609,-0.170007,-0.17086,-0.17113,-0.171445,-0.17191,-0.172262,-0.172509,-0.173386,-0.174078,-0.174592,-0.175551,-0.175895,-0.176154,-0.176972,-0.177927,-0.178764,-0.179712,-0.180837,-0.182218,-0.183406,-0.183761,-0.1844,-0.185411,-0.186445,-0.187584,-0.188394,-0.189392,-0.190288,-0.191066,-0.191463,-0.19211,-0.192574,-0.193305,-0.194244,-0.195063,-0.19588,-0.196529,-0.19704,-0.197669,-0.198418,-0.199369,-0.199939,-0.200384,-0.200662,-0.201359,-0.201642,-0.202215,-0.202837,-0.203265,-0.203494,-0.204,-0.204385,-0.204677,-0.205178,-0.205247,-0.205411,-0.205896,-0.206137,-0.206531,-0.207021,-0.207398,-0.207921,-0.208758,-0.209322,-0.210103,-0.210696,-0.211718,-0.212198,-0.212175,nan,nan,nan,nan,nan,nan,nan,nan,nan,nan,nan,nan,nan,nan,nan,nan,nan,
nan,nan,nan,nan,nan,nan,nan,nan,nan,nan,nan,nan,nan,nan,-0.147056,-0.148244,-0.149161,-0.150263,-0.151153,-0.152468,-0.153524,-0.154236,-0.155309,-0.156361,-0.157151,-0.158168,-0.158933,-0.159528,-0.160435,-0.161353,-0.162194,-0.163027,-0.163745,-0.164633,-0.164958,-0.165332,-0.166216,-0.166513,-0.166652,-0.167044,-0.167012,-0.167389,-0.167642,-0.167721,-0.168397,-0.168502,-0.168935,-0.169402,-0.169906,-0.170637,-0.170835,-0.171317,-0.171711,-0.172261,-0.17255,-0.173068,-0.173795,-0.174613,-0.175234,-0.175455,-0.176014,-0.177061,-0.177753,-0.178679,-0.179365,-0.180656,-0.182173,-0.183182,-0.183799,-0.184293,-0.185333,-0.18645,-0.18751,-0.188192,-0.188926,-0.1901,-0.190666,-0.191079,-0.191444,-0.192439,-0.193114,-0.193839,-0.194714,-0.195493,-0.196138,-0.196716,-0.197175,-0.197963,-0.19873,-0.199283,-0.200226,-0.200352,-0.200894,-0.201576,-0.202251,-0.202931,-0.203624,-0.204027,-0.204151,-0.204525,-0.204976,-0.205078,-0.205401,-0.205529,-0.205893,-0.206114,-0.206304,-0.206902,-0.207501,-0.207994,-0.208547,-0.209292,-0.209943,-0.210627,-0.211945,-0.213079,-0.21307,nan,nan,nan,nan,nan,nan,nan,nan,nan,nan,nan,nan,nan,nan,nan,nan,nan,
nan,nan,nan,nan,nan,nan,nan,nan,nan,nan,nan,nan,nan,nan,-0.147084,-0.148272,-0.149204,-0.150326,-0.151359,-0.152443,-0.153451,-0.154376,-0.155047,-0.155997,-0.157109,-0.158164,-0.158966,-0.159778,-0.160488,-0.161319,-0.162502,-0.163521,-0.163891,-0.164588,-0.164943,-0.165678,-0.166122,-0.166323,-0.166558,-0.166814,-0.166968,-0.167247,-0.167547,-0.167756,-0.16828,-0.168483,-0.168971,-0.169692,-0.169657,-0.170273,-0.170808,-0.17136,-0.17179,-0.172257,-0.172726,-0.173119,-0.173622,-0.174376,-0.17492,-0.175276,-0.176042,-0.176783,-0.177633,-0.178571,-0.17934,-0.180444,-0.181716,-0.182746,-0.183173,-0.184118,-0.185149,-0.186392,-0.186897,-0.187751,-0.188919,-0.189583,-0.190183,-0.190595,-0.191518,-0.191985,-0.19294,-0.193582,-0.194137,-0.195006,-0.195641,-0.196324,-0.196834,-0.197506,-0.198515,-0.199059,-0.199922,-0.200058,-0.200696,-0.201638,-0.202166,-0.202889,-0.203217,-0.203747,-0.204173,-0.204492,-0.205056,-0.204977,-0.205301,-0.205341,-0.205696,-0.206372,-0.206653,-0.206902,-0.207691,-0.208244,-0.208507,-0.209127,-0.209776,-0.210485,-0.211365,-0.212264,-0.212365,nan,nan,nan,nan,nan,nan,nan,nan,nan,nan,nan,nan,nan,nan,nan,nan,nan,
nan,nan,nan,nan,nan,nan,nan,nan,nan,nan,nan,nan,nan,nan,-0.147113,-0.148165,-0.1491,-0.150149,-0.15117,-0.152472,-0.15347,-0.154334,-0.155304,-0.156169,-0.156971,-0.158171,-0.159022,-0.160185,-0.161107,-0.161867,-0.16268,-0.163404,-0.163978,-0.164543,-0.165017,-0.165548,-0.166068,-0.166312,-0.166554,-0.1666,-0.166975,-0.167003,-0.167143,-0.167799,-0.168002,-0.168542,-0.168849,-0.169313,-0.169371,-0.169762,-0.170226,-0.170789,-0.171375,-0.171901,-0.172613,-0.172832,-0.173611,-0.174363,-0.17504,-0.175304,-0.175893,-0.176878,-0.177743,-0.178478,-0.179232,-0.180585,-0.181578,-0.182514,-0.183211,-0.184082,-0.184633,-0.185732,-0.186627,-0.187606,-0.188325,-0.189189,-0.189974,-0.190381,-0.191371,-0.192222,-0.192799,-0.193418,-0.19412,-0.194958,-0.195481,-0.19597,-0.196681,-0.197177,-0.198432,-0.19904,-0.199414,-0.199916,-0.200771,-0.201499,-0.202234,-0.202676,-0.203089,-0.203449,-0.203662,-0.204026,-0.204411,-0.204874,-0.205201,-0.205505,-0.205756,-0.206271,-0.206707,-0.207145,-0.207728,-0.207981,-0.208657,-0.209654,-0.210071,-0.21072,-0.211569,-0.21214,-0.212471,nan,nan,nan,nan,nan,nan,nan,nan,nan,nan,nan,nan,nan,nan,nan,nan,nan,
nan,nan,nan,nan,nan,nan,nan,nan,nan,nan,nan,nan,nan,nan,-0.147055,-0.147979,-0.149016,-0.149917,-0.15103,-0.15227,-0.15339,-0.154122,-0.155497,-0.156599,-0.157258,-0.158307,-0.159262,-0.160093,-0.161519,-0.162305,-0.163066,-0.163682,-0.164014,-0.164396,-0.165115,-0.165688,-0.166205,-0.166568,-0.166549,-0.166617,-0.166998,-0.167079,-0.167278,-0.16769,-0.167932,-0.168561,-0.16865,-0.16904,-0.169553,-0.16985,-0.170118,-0.170563,-0.171088,-0.171684,-0.172322,-0.17264,-0.172958,-0.174178,-0.174747,-0.175258,-0.176128,-0.177057,-0.177561,-0.178315,-0.179154,-0.180445,-0.181598,-0.182206,-0.183024,-0.184052,-0.184604,-0.185338,-0.186106,-0.186974,-0.187979,-0.188864,-0.189574,-0.190316,-0.190852,-0.192014,-0.192741,-0.193438,-0.194108,-0.19478,-0.195268,-0.195598,-0.196546,-0.19738,-0.19812,-0.198655,-0.199104,-0.199709,-0.200638,-0.201376,-0.201979,-0.20245,-0.202733,-0.202976,-0.203365,-0.203741,-0.204135,-0.204365,-0.204733,-0.205305,-0.205718,-0.206373,-0.206847,-0.207138,-0.207332,-0.207893,-0.208578,-0.20924,-0.209853,-0.210545,-0.211437,-0.212306,-0.212845,nan,nan,nan,nan,nan,nan,nan,nan,nan,nan,nan,nan,nan,nan,nan,nan,nan,
nan,nan,nan,nan,nan,nan,nan,nan,nan,nan,nan,nan,nan,nan,-0.146788,-0.147803,-0.148848,-0.150038,-0.151329,-0.152366,-0.153257,-0.154311,-0.155234,-0.156268,-0.157286,-0.158154,-0.159034,-0.160097,-0.161263,-0.162154,-0.162895,-0.163484,-0.16398,-0.164617,-0.165064,-0.165613,-0.166348,-0.166566,-0.16666,-0.16684,-0.166967,-0.166995,-0.16746,-0.167885,-0.168215,-0.168464,-0.168569,-0.169015,-0.169591,-0.169653,-0.169939,-0.170316,-0.170845,-0.171505,-0.171919,-0.172439,-0.17324,-0.174168,-0.174668,-0.175377,-0.17627,-0.176865,-0.17745,-0.178351,-0.179109,-0.180155,-0.180874,-0.181811,-0.182814,-0.183474,-0.184234,-0.18526,-0.186153,-0.186912,-0.187706,-0.188603,-0.189205,-0.189837,-0.190482,-0.191484,-0.192383,-0.193159,-0.193668,-0.194067,-0.194803,-0.195704,-0.19634,-0.196792,-0.197718,-0.198352,-0.198865,-0.19946,-0.200457,-0.20138,-0.20175,-0.202247,-0.202463,-0.202814,-0.203109,-0.203487,-0.203887,-0.204263,-0.204773,-0.20508,-0.205875,-0.206293,-0.206542,-0.206832,-0.207135,-0.207901,-0.208205,-0.209065,-0.209725,-0.210225,-0.210517,-0.211851,-0.213415,nan,nan,nan,nan,nan,nan,nan,nan,nan,nan,nan,nan,nan,nan,nan,nan,nan,
nan,nan,nan,nan,nan,nan,nan,nan,nan,nan,nan,nan,nan,nan,-0.147131,-0.148287,-0.149325,-0.150367,-0.151238,-0.152294,-0.153278,-0.154371,-0.155428,-0.156195,-0.157205,-0.158391,-0.15925,-0.160151,-0.161365,-0.162196,-0.162797,-0.163358,-0.164204,-0.165057,-0.165457,-0.165792,-0.166428,-0.166796,-0.167012,-0.167244,-0.166979,-0.167128,-0.167424,-0.167691,-0.168002,-0.168028,-0.168294,-0.169005,-0.169215,-0.169925,-0.170245,-0.170531,-0.170946,-0.171342,-0.171795,-0.172468,-0.173218,-0.173808,-0.174463,-0.175317,-0.175943,-0.176744,-0.177377,-0.178256,-0.179154,-0.179839,-0.180601,-0.181323,-0.182396,-0.183349,-0.183961,-0.185031,-0.185911,-0.186371,-0.187262,-0.188267,-0.188939,-0.18981,-0.190717,-0.19128,-0.192135,-0.192811,-0.1933,-0.193943,-0.194532,-0.195541,-0.196203,-0.196662,-0.197446,-0.19797,-0.19851,-0.199148,-0.199913,-0.200712,-0.201378,-0.201925,-0.202259,-0.20283,-0.203336,-0.2037,-0.204202,-0.204335,-0.204588,-0.204866,-0.205481,-0.205865,-0.205909,-0.206711,-0.207044,-0.207641,-0.20816,-0.208836,-0.210011,-0.21059,-0.211383,-0.212313,-0.213316,nan,nan,nan,nan,nan,nan,nan,nan,nan,nan,nan,nan,nan,nan,nan,nan,nan,
nan,nan,nan,nan,nan,nan,nan,nan,nan,nan,nan,nan,nan,nan,-0.146703,-0.14814,-0.14899,-0.150142,-0.1511,-0.152199,-0.153256,-0.154325,-0.15557,-0.156475,-0.157348,-0.158318,-0.159493,-0.160421,-0.161606,-0.162612,-0.163258,-0.163615,-0.164323,-0.165184,-0.165568,-0.16609,-0.166334,-0.1669,-0.167165,-0.16727,-0.166976,-0.167174,-0.167194,-0.167519,-0.167863,-0.167973,-0.168116,-0.168483,-0.168962,-0.169539,-0.170089,-0.170544,-0.171156,-0.171646,-0.17155,-0.172181,-0.172789,-0.173609,-0.174327,-0.175125,-0.175793,-0.176501,-0.177091,-0.178138,-0.179021,-0.179724,-0.180403,-0.181085,-0.182003,-0.182989,-0.183973,-0.184837,-0.185685,-0.186359,-0.187295,-0.18806,-0.188815,-0.189466,-0.190392,-0.191095,-0.191702,-0.192331,-0.193002,-0.193687,-0.194485,-0.195324,-0.19616,-0.196565,-0.196992,-0.197717,-0.198324,-0.198817,-0.199571,-0.200577,-0.200914,-0.201561,-0.202104,-0.20255,-0.203153,-0.203365,-0.20386,-0.204283,-0.204328,-0.204642,-0.205338,-0.205764,-0.206247,-0.206755,-0.206844,-0.20789,-0.208385,-0.209082,-0.209858,-0.21041,-0.211209,-0.211998,-0.212544,nan,nan,nan,nan,nan,nan,nan,nan,nan,nan,nan,nan,nan,nan,nan,nan,nan,
nan,nan,nan,nan,nan,nan,nan,nan,nan,nan,nan,nan,nan,nan,-0.146427,-0.147765,-0.148613,-0.149689,-0.15096,-0.152143,-0.153157,-0.154376,-0.155481,-0.156539,-0.157276,-0.158354,-0.159742,-0.16071,-0.161749,-0.162675,-0.163438,-0.16373,-0.164566,-0.165287,-0.165831,-0.166094,-0.1662,-0.166713,-0.166855,-0.166825,-0.166644,-0.166841,-0.167221,-0.167424,-0.16755,-0.16768,-0.167885,-0.168158,-0.168579,-0.169192,-0.169635,-0.170201,-0.170674,-0.171397,-0.171527,-0.172201,-0.172859,-0.173394,-0.174329,-0.175163,-0.175753,-0.176327,-0.177279,-0.178,-0.178613,-0.179371,-0.180191,-0.180987,-0.181567,-0.1824,-0.183579,-0.184665,-0.185359,-0.186036,-0.187019,-0.187706,-0.188296,-0.189043,-0.190166,-0.190991,-0.191691,-0.192087,-0.193007,-0.193506,-0.194283,-0.195145,-0.196083,-0.196174,-0.196728,-0.197632,-0.198061,-0.19849,-0.199216,-0.200136,-0.200697,-0.201086,-0.201758,-0.202294,-0.202473,-0.202832,-0.20319,-0.203891,-0.204069,-0.204403,-0.204924,-0.205182,-0.205473,-0.206152,-0.206535,-0.20743,-0.208297,-0.208796,-0.209385,-0.209983,-0.210477,-0.211186,-0.211705,nan,nan,nan,nan,nan,nan,nan,nan,nan,nan,nan,nan,nan,nan,nan,nan,nan,
nan,nan,nan,nan,nan,nan,nan,nan,nan,nan,nan,nan,nan,nan,-0.146318,-0.14738,-0.148666,-0.14977,-0.150985,-0.151911,-0.153035,-0.154303,-0.155268,-0.156226,-0.157349,-0.15866,-0.160073,-0.161178,-0.162284,-0.162557,-0.163154,-0.163739,-0.164565,-0.165516,-0.165903,-0.16624,-0.166414,-0.166563,-0.166794,-0.166816,-0.166751,-0.16691,-0.166981,-0.16725,-0.167406,-0.167415,-0.167429,-0.167772,-0.16848,-0.169064,-0.16949,-0.169803,-0.170278,-0.171138,-0.171727,-0.172099,-0.17291,-0.173309,-0.174021,-0.1751,-0.175504,-0.176101,-0.176958,-0.177822,-0.17859,-0.179154,-0.179827,-0.180886,-0.181528,-0.181914,-0.183327,-0.184444,-0.184964,-0.185516,-0.186444,-0.187101,-0.18769,-0.188549,-0.189527,-0.191001,-0.191424,-0.191725,-0.19287,-0.19342,-0.194012,-0.194759,-0.195334,-0.19591,-0.1964,-0.197334,-0.197953,-0.198163,-0.198561,-0.199529,-0.200457,-0.200972,-0.201408,-0.201722,-0.20192,-0.202232,-0.203012,-0.203456,-0.203735,-0.204109,-0.204379,-0.204741,-0.204953,-0.205513,-0.205972,-0.206498,-0.207487,-0.208131,-0.208646,-0.209192,-0.209317,-0.209436,-0.209842,nan,nan,nan,nan,nan,nan,nan,nan,nan,nan,nan,nan,nan,nan,nan,nan,nan,
nan,nan,nan,nan,nan,nan,nan,nan,nan,nan,nan,nan,nan,nan,-0.146586,-0.14753,-0.148803,-0.149633,-0.150813,-0.151969,-0.152961,-0.154107,-0.155274,-0.156269,-0.157594,-0.158886,-0.160211,-0.161491,-0.162257,-0.162881,-0.163449,-0.163914,-0.164639,-0.1654,-0.165876,-0.166235,-0.16645,-0.166785,-0.167018,-0.167136,-0.1669,-0.16701,-0.167113,-0.167237,-0.167438,-0.167583,-0.16734,-0.167602,-0.168318,-0.16856,-0.169146,-0.169363,-0.170235,-0.170981,-0.171466,-0.172134,-0.1729,-0.173333,-0.174122,-0.174475,-0.175181,-0.176065,-0.176599,-0.177667,-0.178522,-0.178998,-0.179973,-0.180484,-0.181132,-0.18181,-0.182985,-0.18378,-0.184467,-0.185153,-0.185808,-0.186574,-0.187311,-0.188252,-0.189489,-0.190572,-0.19067,-0.19109,-0.192282,-0.193091,-0.193619,-0.19422,-0.195089,-0.195386,-0.196069,-0.197044,-0.197444,-0.198043,-0.198307,-0.199188,-0.199996,-0.200677,-0.201016,-0.201472,-0.201765,-0.201856,-0.202645,-0.202839,-0.203276,-0.203613,-0.203912,-0.204191,-0.204678,-0.205203,-0.205731,-0.206548,-0.206999,-0.207612,-0.208135,-0.208423,-0.208938,-0.20916,-0.208697,nan,nan,nan,nan,nan,nan,nan,nan,nan,nan,nan,nan,nan,nan,nan,nan,nan,
nan,nan,nan,nan,nan,nan,nan,nan,nan,nan,nan,nan,nan,nan,-0.146347,-0.14742,-0.148435,-0.149561,-0.150686,-0.15183,-0.152734,-0.153796,-0.155273,-0.156375,-0.157673,-0.158975,-0.160025,-0.161217,-0.162244,-0.163034,-0.163815,-0.164385,-0.165208,-0.165783,-0.166101,-0.166288,-0.166635,-0.166832,-0.166933,-0.16713,-0.166936,-0.166945,-0.166936,-0.167035,-0.167427,-0.167423,-0.167207,-0.167427,-0.167874,-0.168398,-0.169026,-0.169553,-0.170048,-0.170676,-0.17085,-0.17167,-0.172795,-0.173401,-0.174139,-0.174459,-0.17498,-0.175941,-0.176667,-0.177335,-0.178089,-0.178953,-0.179446,-0.180238,-0.18082,-0.181515,-0.182397,-0.183205,-0.183855,-0.184696,-0.185708,-0.186391,-0.187087,-0.188184,-0.18901,-0.190063,-0.190494,-0.190943,-0.191931,-0.192595,-0.193458,-0.193883,-0.194854,-0.195224,-0.195499,-0.196773,-0.197234,-0.197706,-0.198232,-0.198928,-0.199738,-0.200106,-0.20059,-0.20099,-0.201426,-0.2018,-0.202362,-0.202661,-0.202779,-0.203313,-0.204047,-0.2045,-0.204671,-0.204694,-0.205309,-0.205918,-0.206432,-0.207074,-0.207497,-0.208351,-0.208843,-0.208363,-0.207403,nan,nan,nan,nan,nan,nan,nan,nan,nan,nan,nan,nan,nan,nan,nan,nan,nan,
nan,nan,nan,nan,nan,nan,nan,nan,nan,nan,nan,nan,nan,nan,-0.146654,-0.147504,-0.148485,-0.149326,-0.15025,-0.151493,-0.152738,-0.153825,-0.155162,-0.156363,-0.157462,-0.158823,-0.160062,-0.161297,-0.16247,-0.16315,-0.164142,-0.164762,-0.165382,-0.166009,-0.166192,-0.166512,-0.166762,-0.166968,-0.166818,-0.167069,-0.166961,-0.166834,-0.167047,-0.167178,-0.167325,-0.16763,-0.167567,-0.168082,-0.167934,-0.168325,-0.168778,-0.169448,-0.169919,-0.170309,-0.17068,-0.17154,-0.172709,-0.173527,-0.174132,-0.174353,-0.174818,-0.176041,-0.176849,-0.177322,-0.17788,-0.178793,-0.179181,-0.18017,-0.180659,-0.18137,-0.182015,-0.182663,-0.183281,-0.184195,-0.185012,-0.185831,-0.186611,-0.18785,-0.188525,-0.189499,-0.190196,-0.190754,-0.191588,-0.192384,-0.192854,-0.193492,-0.194322,-0.194968,-0.19544,-0.196008,-0.19687,-0.197373,-0.197765,-0.198578,-0.199474,-0.199851,-0.200132,-0.200688,-0.201134,-0.201629,-0.201912,-0.202092,-0.202249,-0.202994,-0.203628,-0.204197,-0.204446,-0.204603,-0.205302,-0.20582,-0.206089,-0.206779,-0.207351,-0.207542,-0.207812,-0.207092,-0.205988,nan,nan,nan,nan,nan,nan,nan,nan,nan,nan,nan,nan,nan,nan,nan,nan,nan,
nan,nan,nan,nan,nan,nan,nan,nan,nan,nan,nan,nan,nan,nan,-0.146305,-0.147359,-0.148406,-0.149186,-0.150299,-0.151445,-0.152487,-0.153909,-0.155269,-0.156566,-0.157757,-0.158867,-0.160113,-0.161189,-0.162399,-0.163591,-0.164468,-0.16494,-0.16562,-0.166255,-0.166373,-0.166705,-0.166902,-0.166939,-0.166916,-0.167001,-0.167009,-0.166883,-0.167139,-0.167297,-0.167273,-0.167552,-0.167761,-0.168164,-0.167843,-0.168427,-0.168872,-0.168947,-0.169569,-0.170215,-0.170734,-0.17151,-0.172485,-0.173217,-0.173815,-0.174086,-0.17445,-0.175919,-0.176535,-0.177219,-0.177945,-0.178869,-0.179357,-0.179556,-0.180224,-0.180934,-0.181612,-0.182178,-0.183135,-0.184005,-0.18463,-0.185517,-0.186476,-0.187378,-0.188202,-0.189242,-0.190002,-0.190427,-0.191115,-0.192072,-0.192611,-0.193334,-0.194048,-0.194365,-0.195101,-0.195508,-0.195961,-0.196838,-0.19752,-0.198435,-0.199205,-0.199492,-0.199733,-0.20008,-0.200685,-0.201105,-0.20153,-0.202026,-0.201884,-0.202244,-0.203238,-0.203664,-0.204337,-0.204683,-0.205257,-0.205757,-0.206028,-0.206334,-0.206725,-0.20718,-0.207414,-0.207001,-0.205958,nan,nan,nan,nan,nan,nan,nan,nan,nan,nan,nan,nan,nan,nan,nan,nan,nan,
nan,nan,nan,nan,nan,nan,nan,nan,nan,nan,nan,nan,nan,nan,-0.146006,-0.147099,-0.148033,-0.149013,-0.150285,-0.151456,-0.152476,-0.153881,-0.155145,-0.156511,-0.157802,-0.158804,-0.15991,-0.161369,-0.162443,-0.163572,-0.164221,-0.165202,-0.165789,-0.166262,-0.166546,-0.166648,-0.166831,-0.166749,-0.166787,-0.166777,-0.166573,-0.166969,-0.16721,-0.167446,-0.167648,-0.167559,-0.1676,-0.168059,-0.167835,-0.168308,-0.168816,-0.168983,-0.169406,-0.169881,-0.170525,-0.171317,-0.172409,-0.172862,-0.173347,-0.174059,-0.174565,-0.175569,-0.176359,-0.177199,-0.177906,-0.178473,-0.178757,-0.179542,-0.179884,-0.180777,-0.181459,-0.182172,-0.182856,-0.183674,-0.184289,-0.185284,-0.186231,-0.187118,-0.188064,-0.188979,-0.189681,-0.190081,-0.190746,-0.191709,-0.192437,-0.193012,-0.193863,-0.194571,-0.194899,-0.195215,-0.195782,-0.196272,-0.197181,-0.1983,-0.198704,-0.198647,-0.199212,-0.199903,-0.200438,-0.200592,-0.201017,-0.201514,-0.201609,-0.20211,-0.202878,-0.203334,-0.203972,-0.204306,-0.204809,-0.205305,-0.205517,-0.205947,-0.206429,-0.206649,-0.206953,-0.206779,-0.20594,nan,nan,nan,nan,nan,nan,nan,nan,nan,nan,nan,nan,nan,nan,nan,nan,nan,
nan,nan,nan,nan,nan,nan,nan,nan,nan,nan,nan,nan,nan,nan,-0.145942,-0.147166,-0.147958,-0.149096,-0.150184,-0.151404,-0.152705,-0.153704,-0.154949,-0.156259,-0.157451,-0.15891,-0.160189,-0.161394,-0.162525,-0.163517,-0.164469,-0.164968,-0.165517,-0.166031,-0.166397,-0.166648,-0.16675,-0.166766,-0.166689,-0.166736,-0.166836,-0.16729,-0.167337,-0.167298,-0.167575,-0.167435,-0.167697,-0.168042,-0.16803,-0.168539,-0.168838,-0.169139,-0.169467,-0.169671,-0.170477,-0.171218,-0.171853,-0.172656,-0.17351,-0.173953,-0.174322,-0.175429,-0.176164,-0.176761,-0.177625,-0.178645,-0.178949,-0.1794,-0.180078,-0.180449,-0.181314,-0.181992,-0.182859,-0.183147,-0.184111,-0.185207,-0.186085,-0.186665,-0.1876,-0.188182,-0.189301,-0.189798,-0.19047,-0.191701,-0.19235,-0.192733,-0.193331,-0.19382,-0.194252,-0.194927,-0.195534,-0.196036,-0.196778,-0.197478,-0.198192,-0.198463,-0.198926,-0.199731,-0.200023,-0.200207,-0.200921,-0.2012,-0.201373,-0.201904,-0.202501,-0.202782,-0.20348,-0.203848,-0.204429,-0.204938,-0.205132,-0.20533,-0.205844,-0.206023,-0.206547,-0.206319,-0.205327,nan,nan,nan,nan,nan,nan,nan,nan,nan,nan,nan,nan,nan,nan,nan,nan,nan,
nan,nan,nan,nan,nan,nan,nan,nan,nan,nan,nan,nan,nan,nan,-0.145792,-0.146894,-0.147711,-0.148662,-0.150027,-0.151266,-0.15241,-0.153773,-0.155138,-0.156358,-0.157367,-0.158508,-0.160028,-0.161387,-0.162533,-0.163386,-0.164272,-0.164908,-0.165533,-0.165966,-0.16638,-0.166597,-0.166886,-0.166949,-0.166993,-0.166949,-0.167292,-0.167604,-0.16744,-0.167261,-0.167575,-0.167576,-0.167617,-0.168092,-0.1681,-0.168387,-0.168859,-0.169012,-0.169336,-0.169696,-0.169851,-0.170839,-0.171681,-0.172681,-0.173276,-0.173798,-0.17451,-0.175425,-0.17608,-0.176707,-0.177485,-0.178293,-0.178795,-0.178936,-0.179856,-0.180451,-0.181184,-0.181902,-0.182641,-0.183211,-0.184021,-0.185128,-0.186123,-0.186514,-0.187108,-0.187987,-0.188966,-0.189523,-0.190208,-0.191072,-0.192182,-0.192801,-0.193157,-0.193211,-0.193866,-0.194259,-0.194893,-0.195684,-0.196426,-0.196886,-0.19764,-0.19828,-0.19882,-0.199318,-0.19939,-0.199973,-0.200814,-0.200892,-0.201142,-0.201575,-0.202057,-0.202437,-0.202613,-0.203244,-0.204036,-0.204029,-0.204468,-0.204814,-0.205513,-0.20589,-0.20624,-0.205946,-0.205206,nan,nan,nan,nan,nan,nan,nan,nan,nan,nan,nan,nan,nan,nan,nan,nan,nan,
nan,nan,nan,nan,nan,nan,nan,nan,nan,nan,nan,nan,nan,nan,-0.145699,-0.146791,-0.147789,-0.148647,-0.149826,-0.151149,-0.152455,-0.153735,-0.155032,-0.156173,-0.157438,-0.15864,-0.160196,-0.161636,-0.162477,-0.163277,-0.164233,-0.165018,-0.165575,-0.165971,-0.166385,-0.16675,-0.166834,-0.167118,-0.167316,-0.167152,-0.167273,-0.167547,-0.167655,-0.167572,-0.167404,-0.16729,-0.167707,-0.167825,-0.167649,-0.167998,-0.168535,-0.168875,-0.169176,-0.169607,-0.169807,-0.170241,-0.171326,-0.172122,-0.172826,-0.173466,-0.174701,-0.175223,-0.175717,-0.176477,-0.176961,-0.177676,-0.17836,-0.1793,-0.17976,-0.180261,-0.181037,-0.181689,-0.18243,-0.182983,-0.183959,-0.184938,-0.185768,-0.186474,-0.186955,-0.187838,-0.188666,-0.189342,-0.190294,-0.191147,-0.191782,-0.192707,-0.193239,-0.19326,-0.193733,-0.194039,-0.194682,-0.195447,-0.196258,-0.196733,-0.197389,-0.197709,-0.19836,-0.198839,-0.199269,-0.199923,-0.200565,-0.200674,-0.200851,-0.201121,-0.20163,-0.202112,-0.202349,-0.202995,-0.203381,-0.203506,-0.20402,-0.204781,-0.205336,-0.205838,-0.205899,-0.205581,-0.205288,nan,nan,nan,nan,nan,nan,nan,nan,nan,nan,nan,nan,nan,nan,nan,nan,nan,
nan,nan,nan,nan,nan,nan,nan,nan,nan,nan,nan,nan,nan,nan,-0.14568,-0.146666,-0.147761,-0.148642,-0.149775,-0.150854,-0.152146,-0.153486,-0.154834,-0.156265,-0.157929,-0.158936,-0.16019,-0.161354,-0.162309,-0.16332,-0.164104,-0.164587,-0.165402,-0.16602,-0.166237,-0.1665,-0.16676,-0.167425,-0.167429,-0.167424,-0.167394,-0.167594,-0.167713,-0.167771,-0.167316,-0.167564,-0.167563,-0.167772,-0.167724,-0.167979,-0.168215,-0.168703,-0.169079,-0.169607,-0.169763,-0.170335,-0.171171,-0.171719,-0.172299,-0.173107,-0.17389,-0.174798,-0.175167,-0.175934,-0.176995,-0.17774,-0.178399,-0.178946,-0.179424,-0.179929,-0.180779,-0.181539,-0.182247,-0.182611,-0.183456,-0.184425,-0.185362,-0.186205,-0.186974,-0.187329,-0.188111,-0.188786,-0.189632,-0.190539,-0.191321,-0.192347,-0.19277,-0.193116,-0.193315,-0.193726,-0.194752,-0.195333,-0.196032,-0.196527,-0.196937,-0.196957,-0.197513,-0.198287,-0.199051,-0.199443,-0.199629,-0.2002,-0.200581,-0.200951,-0.20105,-0.20126,-0.201887,-0.202591,-0.203144,-0.203478,-0.20368,-0.204388,-0.204974,-0.205218,-0.205472,-0.205692,-0.205235,nan,nan,nan,nan,nan,nan,nan,nan,nan,nan,nan,nan,nan,nan,nan,nan,nan,
nan,nan,nan,nan,nan,nan,nan,nan,nan,nan,nan,nan,nan,nan,-0.145194,-0.146141,-0.147164,-0.148412,-0.149644,-0.150647,-0.151944,-0.153477,-0.154767,-0.156266,-0.157555,-0.158769,-0.159948,-0.16103,-0.161956,-0.163048,-0.164138,-0.164731,-0.165394,-0.165782,-0.165953,-0.166087,-0.166634,-0.167386,-0.167413,-0.167313,-0.167279,-0.167712,-0.167818,-0.167734,-0.167321,-0.167794,-0.167809,-0.168017,-0.167886,-0.167899,-0.168244,-0.168753,-0.169317,-0.169761,-0.169793,-0.170582,-0.171118,-0.171729,-0.172236,-0.173121,-0.173934,-0.174784,-0.175463,-0.176271,-0.176994,-0.177782,-0.178588,-0.178924,-0.179619,-0.180316,-0.180809,-0.181584,-0.182125,-0.182294,-0.183113,-0.183848,-0.184897,-0.185919,-0.186519,-0.187091,-0.187557,-0.188181,-0.189063,-0.189956,-0.190814,-0.19173,-0.192144,-0.192397,-0.192768,-0.193219,-0.194368,-0.195231,-0.195817,-0.196249,-0.196471,-0.196511,-0.197171,-0.197834,-0.198521,-0.199126,-0.19942,-0.199743,-0.200017,-0.200123,-0.200571,-0.201368,-0.202108,-0.202185,-0.202338,-0.202884,-0.202943,-0.203348,-0.203848,-0.204103,-0.204689,-0.204858,-0.204755,nan,nan,nan,nan,nan,nan,nan,nan,nan,nan,nan,nan,nan,nan,nan,nan,nan,
nan,nan,nan,nan,nan,nan,nan,nan,nan,nan,nan,nan,nan,nan,-0.144836,-0.14617,-0.14717,-0.148377,-0.149514,-0.150672,-0.152069,-0.153352,-0.154722,-0.156092,-0.157342,-0.158658,-0.159734,-0.16109,-0.161977,-0.163115,-0.164181,-0.164902,-0.16518,-0.165404,-0.165671,-0.166082,-0.166686,-0.167225,-0.167189,-0.167367,-0.167455,-0.167736,-0.167775,-0.167841,-0.167529,-0.167864,-0.167819,-0.167832,-0.167855,-0.167738,-0.168209,-0.168916,-0.169179,-0.169754,-0.170088,-0.170684,-0.171038,-0.172145,-0.172702,-0.173382,-0.17396,-0.174889,-0.17591,-0.176595,-0.176738,-0.177688,-0.178447,-0.178901,-0.179484,-0.180386,-0.180702,-0.18135,-0.182062,-0.182224,-0.182994,-0.183632,-0.184731,-0.185458,-0.186241,-0.186784,-0.187185,-0.188134,-0.188659,-0.189453,-0.190453,-0.190955,-0.191416,-0.191572,-0.192312,-0.192702,-0.193921,-0.194781,-0.195317,-0.196067,-0.19615,-0.19651,-0.197159,-0.197706,-0.198237,-0.198675,-0.199349,-0.19966,-0.199907,-0.199743,-0.200183,-0.200844,-0.201157,-0.201518,-0.20177,-0.202243,-0.202434,-0.202702,-0.203173,-0.203588,-0.204269,-0.204247,-0.204057,nan,nan,nan,nan,nan,nan,nan,nan,nan,nan,nan,nan,nan,nan,nan,nan,nan,
nan,nan,nan,nan,nan,nan,nan,nan,nan,nan,nan,nan,nan,nan,-0.145205,-0.146258,-0.147393,-0.148464,-0.149574,-0.150801,-0.152229,-0.153674,-0.154686,-0.156207,-0.157614,-0.158461,-0.159805,-0.161045,-0.162016,-0.16284,-0.163407,-0.164481,-0.16516,-0.16554,-0.16568,-0.166103,-0.166704,-0.167108,-0.167248,-0.167585,-0.167681,-0.167837,-0.167786,-0.167903,-0.167948,-0.167912,-0.16804,-0.167945,-0.168032,-0.167958,-0.168199,-0.169061,-0.169229,-0.169519,-0.170141,-0.170803,-0.171216,-0.172247,-0.172758,-0.173369,-0.173962,-0.174765,-0.175831,-0.176402,-0.176461,-0.17734,-0.178375,-0.178674,-0.178986,-0.180003,-0.180231,-0.181511,-0.182044,-0.182364,-0.182885,-0.183503,-0.184287,-0.185199,-0.185768,-0.186298,-0.186802,-0.187651,-0.188273,-0.188831,-0.189785,-0.190426,-0.19096,-0.19121,-0.191804,-0.19262,-0.193221,-0.194022,-0.194829,-0.195391,-0.19603,-0.19658,-0.197007,-0.197553,-0.198119,-0.198559,-0.199108,-0.199562,-0.199554,-0.199765,-0.200263,-0.200668,-0.200564,-0.201225,-0.201891,-0.202212,-0.202496,-0.202761,-0.203128,-0.203574,-0.204209,-0.204122,-0.203688,nan,nan,nan,nan,nan,nan,nan,nan,nan,nan,nan,nan,nan,nan,nan,nan,nan,
nan,nan,nan,nan,nan,nan,nan,nan,nan,nan,nan,nan,nan,nan,-0.145255,-0.146292,-0.147346,-0.148431,-0.149668,-0.151027,-0.152551,-0.153706,-0.154853,-0.1562,-0.157518,-0.158779,-0.160094,-0.161099,-0.161897,-0.16272,-0.16321,-0.164087,-0.165101,-0.165822,-0.16605,-0.166105,-0.16669,-0.167269,-0.167602,-0.167898,-0.167751,-0.167756,-0.168069,-0.168131,-0.168088,-0.168002,-0.168029,-0.16809,-0.168458,-0.168107,-0.168441,-0.169153,-0.16923,-0.169721,-0.170121,-0.170524,-0.17116,-0.172178,-0.172759,-0.173026,-0.173827,-0.174643,-0.175413,-0.17603,-0.176564,-0.177018,-0.177743,-0.178354,-0.178842,-0.179435,-0.180281,-0.181243,-0.181794,-0.182208,-0.182692,-0.183527,-0.18415,-0.184997,-0.185708,-0.185992,-0.186686,-0.187365,-0.187991,-0.188846,-0.189157,-0.189851,-0.190635,-0.190926,-0.191432,-0.192327,-0.192731,-0.193574,-0.194458,-0.195225,-0.195816,-0.196135,-0.196805,-0.19739,-0.197681,-0.198406,-0.198738,-0.199016,-0.199381,-0.19923,-0.199967,-0.200484,-0.200545,-0.200779,-0.201422,-0.201897,-0.201929,-0.202437,-0.20305,-0.203621,-0.204215,-0.204515,-0.204457,nan,nan,nan,nan,nan,nan,nan,nan,nan,nan,nan,nan,nan,nan,nan,nan,nan,
nan,nan,nan,nan,nan,nan,nan,nan,nan,nan,nan,nan,nan,nan,-0.145184,-0.146268,-0.147075,-0.148361,-0.149726,-0.150985,-0.15271,-0.153792,-0.154921,-0.156177,-0.157717,-0.158947,-0.159772,-0.160865,-0.161975,-0.16261,-0.163264,-0.16437,-0.165029,-0.165561,-0.16617,-0.166218,-0.166724,-0.167104,-0.167181,-0.167759,-0.167718,-0.167514,-0.167791,-0.16827,-0.16804,-0.167947,-0.168264,-0.168496,-0.168561,-0.168191,-0.168409,-0.168881,-0.169172,-0.169817,-0.170087,-0.170612,-0.171295,-0.172014,-0.172757,-0.173172,-0.173692,-0.174257,-0.175113,-0.175951,-0.176278,-0.176551,-0.177248,-0.178102,-0.178177,-0.179155,-0.180048,-0.180713,-0.181731,-0.182241,-0.182511,-0.183108,-0.184086,-0.185008,-0.185448,-0.186033,-0.186372,-0.186948,-0.187776,-0.188522,-0.188806,-0.189665,-0.190214,-0.19051,-0.191474,-0.191908,-0.192243,-0.193269,-0.194209,-0.194941,-0.195238,-0.195687,-0.196176,-0.196801,-0.197282,-0.197877,-0.198518,-0.198647,-0.198609,-0.198778,-0.199932,-0.200363,-0.200681,-0.201092,-0.201049,-0.201739,-0.201896,-0.202152,-0.203131,-0.203811,-0.204076,-0.20447,-0.20457,nan,nan,nan,nan,nan,nan,nan,nan,nan,nan,nan,nan,nan,nan,nan,nan,nan,
nan,nan,nan,nan,nan,nan,nan,nan,nan,nan,nan,nan,nan,nan,-0.145344,-0.146203,-0.147086,-0.14831,-0.149562,-0.151089,-0.152693,-0.153818,-0.155044,-0.15625,-0.15766,-0.158768,-0.159509,-0.160799,-0.162081,-0.162437,-0.163242,-0.164429,-0.164899,-0.165271,-0.165958,-0.166203,-0.166696,-0.166752,-0.167133,-0.167397,-0.167475,-0.167543,-0.167562,-0.167979,-0.168453,-0.168225,-0.168431,-0.168341,-0.168662,-0.168428,-0.168339,-0.168711,-0.168941,-0.169602,-0.17011,-0.171023,-0.171388,-0.171807,-0.172388,-0.173004,-0.173581,-0.174109,-0.174796,-0.1755,-0.175778,-0.176442,-0.176971,-0.177495,-0.17832,-0.179026,-0.179753,-0.180345,-0.181275,-0.181642,-0.182035,-0.18282,-0.183451,-0.184679,-0.185181,-0.185672,-0.186006,-0.187015,-0.187612,-0.187742,-0.188588,-0.189217,-0.189754,-0.190229,-0.191175,-0.191653,-0.19176,-0.19285,-0.19386,-0.194276,-0.194475,-0.195295,-0.196032,-0.196457,-0.197147,-0.197649,-0.198087,-0.198518,-0.198486,-0.198977,-0.199699,-0.199959,-0.200377,-0.201059,-0.20126,-0.201625,-0.202305,-0.202285,-0.203065,-0.203937,-0.204186,-0.204714,-0.205564,nan,nan,nan,nan,nan,nan,nan,nan,nan,nan,nan,nan,nan,nan,nan,nan,nan,
nan,nan,nan,nan,nan,nan,nan,nan,nan,nan,nan,nan,nan,nan,-0.145277,-0.146113,-0.147227,-0.148417,-0.149687,-0.151046,-0.152477,-0.153609,-0.155137,-0.156192,-0.157251,-0.158427,-0.15911,-0.160553,-0.161795,-0.162559,-0.163402,-0.164108,-0.164753,-0.16522,-0.165853,-0.166048,-0.166427,-0.166851,-0.167127,-0.167327,-0.167522,-0.167818,-0.167703,-0.167595,-0.167941,-0.168173,-0.168317,-0.168477,-0.168766,-0.168632,-0.168443,-0.169027,-0.169333,-0.169958,-0.170569,-0.17105,-0.171318,-0.171759,-0.172552,-0.172689,-0.173183,-0.174067,-0.17448,-0.175486,-0.176112,-0.176633,-0.176882,-0.177231,-0.178216,-0.179092,-0.179623,-0.180041,-0.181122,-0.18157,-0.182025,-0.182618,-0.183143,-0.184221,-0.185102,-0.185387,-0.185973,-0.186705,-0.187063,-0.187389,-0.188096,-0.188858,-0.18959,-0.190107,-0.19067,-0.191241,-0.19162,-0.192541,-0.193523,-0.194092,-0.194558,-0.195263,-0.195827,-0.196317,-0.196863,-0.197034,-0.197784,-0.197982,-0.198364,-0.199212,-0.198998,-0.199434,-0.200057,-0.200721,-0.201057,-0.201593,-0.201975,-0.20237,-0.20291,-0.203829,-0.204132,-0.20452,-0.205572,nan,nan,nan,nan,nan,nan,nan,nan,nan,nan,nan,nan,nan,nan,nan,nan,nan,
nan,nan,nan,nan,nan,nan,nan,nan,nan,nan,nan,nan,nan,nan,-0.145121,-0.145843,-0.146856,-0.148258,-0.149542,-0.150729,-0.152042,-0.153306,-0.154692,-0.155898,-0.1572,-0.158248,-0.159074,-0.160449,-0.161442,-0.162321,-0.163165,-0.163908,-0.164628,-0.165074,-0.165718,-0.166107,-0.166292,-0.166908,-0.167443,-0.16753,-0.167626,-0.167671,-0.167644,-0.167622,-0.167958,-0.168151,-0.16849,-0.168557,-0.168544,-0.168707,-0.169014,-0.169225,-0.169648,-0.17009,-0.170405,-0.171022,-0.171432,-0.171788,-0.172116,-0.172604,-0.173365,-0.173967,-0.174533,-0.175349,-0.175731,-0.176247,-0.176773,-0.177287,-0.177901,-0.178851,-0.179484,-0.179677,-0.180635,-0.18126,-0.181583,-0.182116,-0.182839,-0.183701,-0.184443,-0.18508,-0.18571,-0.186134,-0.186469,-0.18693,-0.187738,-0.188615,-0.189296,-0.189738,-0.190301,-0.190947,-0.191244,-0.192142,-0.193008,-0.193886,-0.194608,-0.194977,-0.195503,-0.196095,-0.196575,-0.197067,-0.197836,-0.197635,-0.19803,-0.198558,-0.198811,-0.199247,-0.199678,-0.200454,-0.20089,-0.201616,-0.201997,-0.202615,-0.203272,-0.203982,-0.203945,-0.204241,-0.205703,nan,nan,nan,nan,nan,nan,nan,nan,nan,nan,nan,nan,nan,nan,nan,nan,nan,
nan,nan,nan,nan,nan,nan,nan,nan,nan,nan,nan,nan,nan,nan,-0.145061,-0.145911,-0.146966,-0.148233,-0.149522,-0.15063,-0.151796,-0.153151,-0.154412,-0.155662,-0.156828,-0.158144,-0.159159,-0.160449,-0.16147,-0.162131,-0.163123,-0.163934,-0.164472,-0.165129,-0.165554,-0.16585,-0.166427,-0.167204,-0.16755,-0.167822,-0.167742,-0.167822,-0.16785,-0.167796,-0.168095,-0.168272,-0.168181,-0.168371,-0.168605,-0.169048,-0.168974,-0.169219,-0.169571,-0.169749,-0.170175,-0.170644,-0.171234,-0.171445,-0.172012,-0.172837,-0.173189,-0.173814,-0.174426,-0.175032,-0.175428,-0.176161,-0.176753,-0.177261,-0.177796,-0.178504,-0.179044,-0.179548,-0.179991,-0.180292,-0.181029,-0.181879,-0.182475,-0.183016,-0.183802,-0.184829,-0.185429,-0.185812,-0.186038,-0.186598,-0.187597,-0.187885,-0.188688,-0.189393,-0.189703,-0.190349,-0.191172,-0.19203,-0.192754,-0.193562,-0.194285,-0.194664,-0.195398,-0.195913,-0.196478,-0.197228,-0.197461,-0.19747,-0.197821,-0.198201,-0.198411,-0.199108,-0.199554,-0.199915,-0.200728,-0.201479,-0.202139,-0.202382,-0.202991,-0.203672,-0.203949,-0.204452,-0.20566,nan,nan,nan,nan,nan,nan,nan,nan,nan,nan,nan,nan,nan,nan,nan,nan,nan,
nan,nan,nan,nan,nan,nan,nan,nan,nan,nan,nan,nan,nan,nan,-0.144883,-0.145815,-0.146866,-0.147968,-0.149347,-0.150615,-0.151758,-0.153014,-0.154334,-0.155521,-0.156681,-0.158007,-0.158975,-0.16019,-0.161585,-0.162239,-0.163061,-0.163606,-0.164379,-0.165092,-0.165546,-0.165768,-0.166498,-0.166999,-0.167205,-0.167714,-0.167991,-0.168063,-0.167856,-0.16751,-0.167851,-0.168251,-0.168052,-0.168276,-0.168468,-0.168903,-0.168597,-0.169123,-0.169627,-0.170113,-0.170321,-0.170465,-0.171144,-0.17196,-0.172509,-0.17281,-0.173286,-0.173771,-0.174034,-0.175202,-0.175748,-0.176117,-0.176486,-0.17724,-0.177493,-0.17814,-0.178564,-0.178835,-0.179442,-0.180282,-0.180967,-0.181787,-0.18232,-0.182703,-0.183547,-0.184543,-0.184832,-0.185061,-0.18556,-0.186384,-0.187159,-0.187548,-0.187852,-0.188862,-0.189487,-0.189814,-0.19073,-0.19179,-0.192473,-0.193386,-0.194006,-0.194416,-0.195214,-0.195402,-0.196178,-0.196984,-0.197028,-0.197447,-0.197543,-0.19789,-0.198143,-0.198756,-0.199377,-0.199782,-0.200811,-0.201226,-0.201781,-0.202149,-0.20256,-0.203484,-0.203907,-0.204275,-0.205263,nan,nan,nan,nan,nan,nan,nan,nan,nan,nan,nan,nan,nan,nan,nan,nan,nan,
nan,nan,nan,nan,nan,nan,nan,nan,nan,nan,nan,nan,nan,nan,-0.144636,-0.145983,-0.146693,-0.147878,-0.149157,-0.15054,-0.151721,-0.152864,-0.154329,-0.155406,-0.156641,-0.15771,-0.158682,-0.159799,-0.161196,-0.162087,-0.162712,-0.163457,-0.164214,-0.164831,-0.165713,-0.166143,-0.166496,-0.166975,-0.167316,-0.167673,-0.167999,-0.168008,-0.16802,-0.167912,-0.16808,-0.168105,-0.16794,-0.168103,-0.168537,-0.168522,-0.168506,-0.169227,-0.169782,-0.170056,-0.170233,-0.170615,-0.17139,-0.171733,-0.17216,-0.172853,-0.173364,-0.173682,-0.173616,-0.174697,-0.175438,-0.175788,-0.176215,-0.176908,-0.17728,-0.177935,-0.178466,-0.178703,-0.179425,-0.180265,-0.18078,-0.181676,-0.182153,-0.182509,-0.182959,-0.183989,-0.184258,-0.184642,-0.184987,-0.185492,-0.186204,-0.186959,-0.187505,-0.188251,-0.188742,-0.189562,-0.19016,-0.191172,-0.191842,-0.19286,-0.193599,-0.194196,-0.194966,-0.195117,-0.19577,-0.196561,-0.196653,-0.197021,-0.197359,-0.197598,-0.197697,-0.198284,-0.198946,-0.199833,-0.200583,-0.201123,-0.201615,-0.202258,-0.202949,-0.20358,-0.203628,-0.203962,-0.204529,nan,nan,nan,nan,nan,nan,nan,nan,nan,nan,nan,nan,nan,nan,nan,nan,nan,
nan,nan,nan,nan,nan,nan,nan,nan,nan,nan,nan,nan,nan,nan,-0.144405,-0.145495,-0.146619,-0.147838,-0.149014,-0.150501,-0.151792,-0.152914,-0.154136,-0.155232,-0.156559,-0.157863,-0.158645,-0.159526,-0.160503,-0.161761,-0.16253,-0.163126,-0.16392,-0.164771,-0.165386,-0.165903,-0.166395,-0.16694,-0.167368,-0.167403,-0.1679,-0.167822,-0.167718,-0.16794,-0.167766,-0.168233,-0.168174,-0.168089,-0.168412,-0.168564,-0.168477,-0.168922,-0.169412,-0.169707,-0.170155,-0.170933,-0.171444,-0.171261,-0.171665,-0.172507,-0.173081,-0.173391,-0.17373,-0.17437,-0.175309,-0.175616,-0.176069,-0.176441,-0.177017,-0.177792,-0.178319,-0.178748,-0.1793,-0.17966,-0.180323,-0.181027,-0.181625,-0.182318,-0.182793,-0.183725,-0.184063,-0.184352,-0.184668,-0.184896,-0.185628,-0.186326,-0.186911,-0.187545,-0.188008,-0.188858,-0.189771,-0.190353,-0.19126,-0.192297,-0.193172,-0.193892,-0.194537,-0.195072,-0.195327,-0.19586,-0.196276,-0.196579,-0.197201,-0.197466,-0.19768,-0.198296,-0.199286,-0.199968,-0.200809,-0.201113,-0.201432,-0.202226,-0.202831,-0.203312,-0.203454,-0.203758,-0.20388,nan,nan,nan,nan,nan,nan,nan,nan,nan,nan,nan,nan,nan,nan,nan,nan,nan,
nan,nan,nan,nan,nan,nan,nan,nan,nan,nan,nan,nan,nan,nan,-0.143857,-0.145262,-0.146394,-0.147548,-0.148914,-0.150375,-0.151544,-0.153017,-0.154096,-0.155105,-0.156359,-0.157589,-0.158754,-0.159594,-0.160359,-0.161507,-0.162392,-0.163144,-0.163744,-0.164566,-0.164984,-0.165118,-0.166239,-0.166732,-0.167095,-0.167419,-0.167782,-0.167613,-0.167136,-0.167548,-0.167702,-0.167981,-0.168147,-0.167944,-0.167924,-0.168465,-0.168685,-0.168882,-0.169244,-0.16943,-0.170002,-0.170635,-0.170791,-0.170972,-0.171651,-0.172331,-0.172873,-0.173027,-0.173594,-0.174101,-0.174807,-0.175382,-0.175472,-0.175895,-0.176887,-0.177309,-0.177702,-0.178506,-0.178943,-0.179457,-0.180234,-0.180796,-0.181467,-0.181955,-0.182919,-0.183392,-0.183699,-0.18429,-0.184268,-0.184788,-0.185491,-0.185922,-0.186291,-0.187109,-0.18771,-0.188601,-0.189049,-0.190074,-0.191032,-0.191909,-0.192765,-0.193381,-0.194074,-0.194712,-0.19505,-0.195402,-0.195799,-0.196467,-0.197116,-0.197359,-0.198045,-0.198586,-0.199021,-0.199755,-0.200534,-0.201003,-0.201706,-0.202002,-0.20237,-0.203325,-0.203813,-0.203801,-0.203464,nan,nan,nan,nan,nan,nan,nan,nan,nan,nan,nan,nan,nan,nan,nan,nan,nan,
nan,nan,nan,nan,nan,nan,nan,nan,nan,nan,nan,nan,nan,nan,-0.14371,-0.145137,-0.146383,-0.147403,-0.148641,-0.15012,-0.151342,-0.152865,-0.154098,-0.155027,-0.156178,-0.157221,-0.158514,-0.159738,-0.16046,-0.161536,-0.162443,-0.163224,-0.163709,-0.164331,-0.164863,-0.165162,-0.166209,-0.166653,-0.167052,-0.167467,-0.167647,-0.167544,-0.167309,-0.167582,-0.167606,-0.167795,-0.167767,-0.167742,-0.168073,-0.168038,-0.16838,-0.16886,-0.169369,-0.169354,-0.169897,-0.170079,-0.170156,-0.170282,-0.17118,-0.172058,-0.172177,-0.172688,-0.173078,-0.173449,-0.174122,-0.174412,-0.17503,-0.175341,-0.176013,-0.176756,-0.177232,-0.17809,-0.178701,-0.179268,-0.179826,-0.180603,-0.181365,-0.181846,-0.182554,-0.183005,-0.18343,-0.183845,-0.183962,-0.184658,-0.185131,-0.185514,-0.186112,-0.186609,-0.187405,-0.188152,-0.188954,-0.189564,-0.190554,-0.191434,-0.192214,-0.192935,-0.193809,-0.194114,-0.194456,-0.195149,-0.195872,-0.196302,-0.196284,-0.196979,-0.197645,-0.198576,-0.199188,-0.199687,-0.200557,-0.201023,-0.201583,-0.202325,-0.202955,-0.203596,-0.204116,-0.204302,-0.203305,nan,nan,nan,nan,nan,nan,nan,nan,nan,nan,nan,nan,nan,nan,nan,nan,nan,
nan,nan,nan,nan,nan,nan,nan,nan,nan,nan,nan,nan,nan,nan,-0.143278,-0.144716,-0.146282,-0.147162,-0.148496,-0.150034,-0.151224,-0.152603,-0.153797,-0.155186,-0.1565,-0.157384,-0.158296,-0.159288,-0.160267,-0.161535,-0.162446,-0.163031,-0.163836,-0.164607,-0.165134,-0.165382,-0.16625,-0.166517,-0.166904,-0.16696,-0.167079,-0.167119,-0.16713,-0.16748,-0.167635,-0.167805,-0.167582,-0.168091,-0.16796,-0.167903,-0.168305,-0.168509,-0.16925,-0.16949,-0.170039,-0.170369,-0.17013,-0.170383,-0.170695,-0.171526,-0.171974,-0.172534,-0.172762,-0.173217,-0.173651,-0.173872,-0.174633,-0.175351,-0.175412,-0.176609,-0.177426,-0.177564,-0.177971,-0.178807,-0.179472,-0.180049,-0.180773,-0.181496,-0.182247,-0.18251,-0.183021,-0.183288,-0.18348,-0.18405,-0.184499,-0.185122,-0.185971,-0.18653,-0.187088,-0.187717,-0.188747,-0.189,-0.190008,-0.191162,-0.191809,-0.192657,-0.193501,-0.19383,-0.194254,-0.194988,-0.19562,-0.196259,-0.196645,-0.196759,-0.197457,-0.198575,-0.199184,-0.199737,-0.200377,-0.200736,-0.201536,-0.202355,-0.20305,-0.203282,-0.20366,-0.203375,-0.202186,nan,nan,nan,nan,nan,nan,nan,nan,nan,nan,nan,nan,nan,nan,nan,nan,nan,
nan,nan,nan,nan,nan,nan,nan,nan,nan,nan,nan,nan,nan,nan,-0.143476,-0.144862,-0.146184,-0.14698,-0.148315,-0.149613,-0.150937,-0.152369,-0.153706,-0.154974,-0.156193,-0.157231,-0.158072,-0.159131,-0.160382,-0.161392,-0.162291,-0.163097,-0.163561,-0.16417,-0.165241,-0.165445,-0.165887,-0.166282,-0.166678,-0.166674,-0.166651,-0.167103,-0.167101,-0.167287,-0.16746,-0.167345,-0.167864,-0.168048,-0.16777,-0.168024,-0.168279,-0.168813,-0.169079,-0.169507,-0.169712,-0.170195,-0.170131,-0.170391,-0.170859,-0.171052,-0.171502,-0.172465,-0.172692,-0.172737,-0.173101,-0.173848,-0.174364,-0.175121,-0.17553,-0.176326,-0.176837,-0.177479,-0.177897,-0.178387,-0.179194,-0.179873,-0.180423,-0.181073,-0.181898,-0.182234,-0.182407,-0.183032,-0.183187,-0.183723,-0.183883,-0.184608,-0.185546,-0.186029,-0.186763,-0.187723,-0.188369,-0.188859,-0.189361,-0.190426,-0.191604,-0.192307,-0.193297,-0.193779,-0.194063,-0.194577,-0.195186,-0.1961,-0.196601,-0.197092,-0.197698,-0.198475,-0.199244,-0.199705,-0.200137,-0.200576,-0.201445,-0.202127,-0.202349,-0.202639,-0.202934,-0.202234,-0.201169,nan,nan,nan,nan,nan,nan,nan,nan,nan,nan,nan,nan,nan,nan,nan,nan,nan,
nan,nan,nan,nan,nan,nan,nan,nan,nan,nan,nan,nan,nan,nan,-0.142402,-0.143728,-0.145326,-0.146662,-0.147913,-0.14929,-0.150896,-0.15226,-0.15372,-0.154941,-0.15575,-0.156969,-0.157843,-0.159182,-0.160314,-0.161375,-0.162203,-0.162717,-0.163591,-0.164177,-0.164899,-0.16554,-0.165666,-0.166,-0.166371,-0.166582,-0.166651,-0.167153,-0.167075,-0.167085,-0.167441,-0.167462,-0.16797,-0.16778,-0.167779,-0.167987,-0.168364,-0.168798,-0.168791,-0.169537,-0.169738,-0.169874,-0.170387,-0.170296,-0.170917,-0.17109,-0.171371,-0.172217,-0.172535,-0.172912,-0.17316,-0.173544,-0.174151,-0.17468,-0.17515,-0.175839,-0.17623,-0.177032,-0.177361,-0.177984,-0.17888,-0.179393,-0.180035,-0.180655,-0.181327,-0.181904,-0.182039,-0.182601,-0.183055,-0.183564,-0.183625,-0.184007,-0.184939,-0.185509,-0.18626,-0.187118,-0.188233,-0.188527,-0.189006,-0.190222,-0.191342,-0.19212,-0.193192,-0.193631,-0.194022,-0.194574,-0.195165,-0.195862,-0.196354,-0.196924,-0.1977,-0.198894,-0.199135,-0.19964,-0.200212,-0.200443,-0.201301,-0.201827,-0.201937,-0.202128,-0.202471,-0.20221,-0.20149,nan,nan,nan,nan,nan,nan,nan,nan,nan,nan,nan,nan,nan,nan,nan,nan,nan,
nan,nan,nan,nan,nan,nan,nan,nan,nan,nan,nan,nan,nan,nan,-0.141666,-0.143059,-0.144591,-0.146009,-0.147413,-0.148881,-0.150562,-0.152041,-0.153379,-0.154683,-0.155627,-0.156715,-0.157728,-0.159012,-0.160134,-0.161198,-0.161998,-0.162487,-0.16346,-0.164289,-0.164829,-0.165395,-0.165789,-0.165967,-0.16649,-0.166619,-0.16711,-0.16727,-0.167232,-0.167228,-0.167466,-0.168008,-0.16785,-0.167677,-0.167655,-0.168049,-0.168325,-0.168607,-0.169055,-0.169114,-0.169339,-0.169565,-0.170136,-0.170341,-0.170677,-0.171168,-0.171271,-0.171732,-0.172196,-0.172911,-0.172982,-0.17321,-0.173638,-0.174344,-0.174891,-0.175502,-0.17614,-0.176314,-0.176959,-0.177897,-0.178612,-0.178959,-0.179565,-0.180178,-0.180773,-0.181505,-0.181691,-0.182308,-0.182765,-0.183156,-0.183532,-0.183775,-0.184477,-0.184855,-0.185573,-0.186621,-0.187633,-0.188505,-0.189059,-0.190035,-0.191156,-0.192166,-0.192998,-0.193838,-0.194358,-0.194812,-0.195066,-0.195548,-0.196046,-0.19645,-0.197414,-0.19864,-0.198794,-0.19938,-0.199695,-0.200165,-0.200843,-0.201544,-0.202141,-0.202557,-0.203192,-0.20294,-0.202182,nan,nan,nan,nan,nan,nan,nan,nan,nan,nan,nan,nan,nan,nan,nan,nan,nan,
nan,nan,nan,nan,nan,nan,nan,nan,nan,nan,nan,nan,nan,nan,-0.140978,-0.142935,-0.144392,-0.145737,-0.147041,-0.148611,-0.150042,-0.151698,-0.153002,-0.154322,-0.155379,-0.156562,-0.157381,-0.15865,-0.159957,-0.160991,-0.161639,-0.162435,-0.163516,-0.164233,-0.164889,-0.165234,-0.165722,-0.166128,-0.166521,-0.166799,-0.167318,-0.167693,-0.167678,-0.167396,-0.167633,-0.167795,-0.167612,-0.167736,-0.167796,-0.168276,-0.1682,-0.168556,-0.168804,-0.168826,-0.168739,-0.169177,-0.169681,-0.169916,-0.170685,-0.171094,-0.171137,-0.171148,-0.171423,-0.172148,-0.172434,-0.173052,-0.17329,-0.173902,-0.174628,-0.174991,-0.175806,-0.17643,-0.176986,-0.177566,-0.178209,-0.178753,-0.179448,-0.179961,-0.180399,-0.181,-0.181409,-0.182024,-0.182531,-0.182628,-0.182971,-0.183475,-0.18377,-0.184194,-0.184977,-0.185842,-0.186947,-0.188061,-0.188725,-0.189607,-0.190775,-0.191895,-0.19293,-0.193604,-0.19387,-0.194399,-0.195172,-0.195575,-0.196048,-0.196745,-0.197485,-0.198497,-0.198846,-0.199135,-0.199413,-0.200194,-0.201049,-0.201738,-0.202277,-0.202284,-0.202782,-0.202825,-0.202835,nan,nan,nan,nan,nan,nan,nan,nan,nan,nan,nan,nan,nan,nan,nan,nan,nan,
nan,nan,nan,nan,nan,nan,nan,nan,nan,nan,nan,nan,nan,nan,-0.140372,-0.142604,-0.144283,-0.145804,-0.147122,-0.148498,-0.149989,-0.151428,-0.152891,-0.154246,-0.155253,-0.156393,-0.157276,-0.158629,-0.159993,-0.161028,-0.161476,-0.162185,-0.163368,-0.164031,-0.164846,-0.165172,-0.165642,-0.166239,-0.166454,-0.166999,-0.167126,-0.167644,-0.16777,-0.167618,-0.167818,-0.16776,-0.167485,-0.167546,-0.167724,-0.167854,-0.167873,-0.167989,-0.168588,-0.168705,-0.168361,-0.168685,-0.169462,-0.170022,-0.170565,-0.170935,-0.171338,-0.170927,-0.170973,-0.171699,-0.172153,-0.172423,-0.172677,-0.173384,-0.174414,-0.174452,-0.175256,-0.175901,-0.176491,-0.177165,-0.177872,-0.178561,-0.179054,-0.179733,-0.180081,-0.180497,-0.181184,-0.18163,-0.181994,-0.182293,-0.182644,-0.183271,-0.183352,-0.184004,-0.18453,-0.18532,-0.186693,-0.18765,-0.188365,-0.189202,-0.190067,-0.191262,-0.192437,-0.193232,-0.193665,-0.194125,-0.195168,-0.195909,-0.196379,-0.196639,-0.197392,-0.198134,-0.198409,-0.199181,-0.19987,-0.200283,-0.201116,-0.201626,-0.202183,-0.202656,-0.203011,-0.203468,-0.203736,nan,nan,nan,nan,nan,nan,nan,nan,nan,nan,nan,nan,nan,nan,nan,nan,nan,
nan,nan,nan,nan,nan,nan,nan,nan,nan,nan,nan,nan,nan,nan,-0.140943,-0.142781,-0.144462,-0.145846,-0.147246,-0.148407,-0.149726,-0.151164,-0.152468,-0.153867,-0.155104,-0.156205,-0.157226,-0.158529,-0.159654,-0.1607,-0.161403,-0.16216,-0.162811,-0.163735,-0.164398,-0.165083,-0.165517,-0.166019,-0.166416,-0.166645,-0.166983,-0.167673,-0.167811,-0.167752,-0.167765,-0.167835,-0.16747,-0.167367,-0.167885,-0.167782,-0.167903,-0.167825,-0.168424,-0.168364,-0.168329,-0.168677,-0.169366,-0.169759,-0.169814,-0.170462,-0.17092,-0.170666,-0.170717,-0.171371,-0.171618,-0.171877,-0.172379,-0.173067,-0.173819,-0.174258,-0.174825,-0.175306,-0.176177,-0.177121,-0.17765,-0.178276,-0.178835,-0.179517,-0.179826,-0.180267,-0.180891,-0.181165,-0.18153,-0.181997,-0.182191,-0.182797,-0.183303,-0.183758,-0.184382,-0.185185,-0.186425,-0.18766,-0.188176,-0.188938,-0.189628,-0.190758,-0.192024,-0.193276,-0.19379,-0.194081,-0.194883,-0.1957,-0.196172,-0.196645,-0.197354,-0.197629,-0.198197,-0.199104,-0.199726,-0.20046,-0.200856,-0.201339,-0.201941,-0.202756,-0.203385,-0.204399,-0.205305,nan,nan,nan,nan,nan,nan,nan,nan,nan,nan,nan,nan,nan,nan,nan,nan,nan,
nan,nan,nan,nan,nan,nan,nan,nan,nan,nan,nan,nan,nan,nan,-0.14079,-0.142598,-0.144313,-0.14556,-0.146866,-0.148312,-0.149545,-0.15102,-0.152054,-0.15338,-0.154863,-0.156004,-0.157059,-0.157895,-0.159158,-0.160312,-0.161036,-0.16208,-0.16283,-0.163608,-0.164218,-0.164891,-0.165335,-0.165701,-0.166263,-0.16664,-0.166904,-0.167451,-0.167747,-0.167742,-0.167641,-0.167824,-0.167466,-0.167333,-0.168159,-0.167962,-0.168109,-0.168188,-0.168246,-0.168061,-0.168224,-0.168485,-0.168965,-0.169371,-0.169457,-0.169846,-0.170317,-0.169938,-0.170178,-0.170951,-0.171579,-0.171929,-0.172331,-0.172752,-0.173247,-0.17381,-0.174449,-0.174911,-0.175489,-0.176587,-0.177381,-0.178051,-0.178472,-0.178973,-0.179376,-0.179619,-0.180251,-0.180682,-0.180903,-0.181452,-0.181808,-0.182442,-0.18335,-0.183809,-0.184219,-0.184978,-0.185978,-0.18731,-0.188082,-0.188518,-0.189506,-0.190821,-0.191966,-0.193068,-0.193869,-0.194372,-0.194813,-0.195479,-0.196131,-0.196697,-0.197442,-0.197701,-0.198345,-0.199012,-0.199739,-0.200211,-0.201013,-0.20155,-0.201867,-0.202578,-0.203338,-0.204228,-0.205099,nan,nan,nan,nan,nan,nan,nan,nan,nan,nan,nan,nan,nan,nan,nan,nan,nan,
nan,nan,nan,nan,nan,nan,nan,nan,nan,nan,nan,nan,nan,nan,-0.140313,-0.14256,-0.144076,-0.145331,-0.146588,-0.148085,-0.149268,-0.150587,-0.151913,-0.153034,-0.154518,-0.155676,-0.156882,-0.157668,-0.159086,-0.160141,-0.16082,-0.161854,-0.162647,-0.163342,-0.164149,-0.164521,-0.165102,-0.165697,-0.166133,-0.166635,-0.166767,-0.167218,-0.167487,-0.167802,-0.167805,-0.167707,-0.167527,-0.167498,-0.168288,-0.168169,-0.168073,-0.168266,-0.167986,-0.167924,-0.167881,-0.168186,-0.168567,-0.169071,-0.169198,-0.169932,-0.169979,-0.169623,-0.169846,-0.170573,-0.171137,-0.171507,-0.172034,-0.172211,-0.1728,-0.173385,-0.174118,-0.174647,-0.175347,-0.176392,-0.177129,-0.177948,-0.178055,-0.178218,-0.178582,-0.178796,-0.179522,-0.180159,-0.180425,-0.180992,-0.181641,-0.182246,-0.183101,-0.18369,-0.184176,-0.185002,-0.185731,-0.186745,-0.188028,-0.188792,-0.189635,-0.190852,-0.191713,-0.192594,-0.193815,-0.194128,-0.194634,-0.195279,-0.196096,-0.196764,-0.19721,-0.197751,-0.198088,-0.198941,-0.199798,-0.200084,-0.201151,-0.201828,-0.202116,-0.202788,-0.203448,-0.203979,-0.204861,nan,nan,nan,nan,nan,nan,nan,nan,nan,nan,nan,nan,nan,nan,nan,nan,nan,
nan,nan,nan,nan,nan,nan,nan,nan,nan,nan,nan,nan,nan,nan,-0.140144,-0.142518,-0.143849,-0.145207,-0.146423,-0.147645,-0.149055,-0.15031,-0.151706,-0.153,-0.154352,-0.15561,-0.156627,-0.157633,-0.158722,-0.160038,-0.161002,-0.161942,-0.162518,-0.163394,-0.163946,-0.164377,-0.165116,-0.165697,-0.166129,-0.166153,-0.166436,-0.166905,-0.167143,-0.167275,-0.167392,-0.167527,-0.167464,-0.167528,-0.168185,-0.168446,-0.168125,-0.16795,-0.167703,-0.167709,-0.167754,-0.168293,-0.168619,-0.168935,-0.169329,-0.169907,-0.169803,-0.169408,-0.169804,-0.170461,-0.170768,-0.171396,-0.171685,-0.171959,-0.172487,-0.173201,-0.173661,-0.174308,-0.175083,-0.175935,-0.176912,-0.177639,-0.17784,-0.178086,-0.178264,-0.178639,-0.178944,-0.179462,-0.179911,-0.180543,-0.181337,-0.181942,-0.182842,-0.183508,-0.18413,-0.185002,-0.185893,-0.186807,-0.187942,-0.188776,-0.189556,-0.190181,-0.19114,-0.192393,-0.193279,-0.193594,-0.19421,-0.195383,-0.195902,-0.196735,-0.197146,-0.197795,-0.198431,-0.198789,-0.199455,-0.200218,-0.200672,-0.201272,-0.201988,-0.202439,-0.203222,-0.204062,-0.20502,nan,nan,nan,nan,nan,nan,nan,nan,nan,nan,nan,nan,nan,nan,nan,nan,nan,
nan,nan,nan,nan,nan,nan,nan,nan,nan,nan,nan,nan,nan,nan,-0.140455,-0.14237,-0.143712,-0.144934,-0.146045,-0.147572,-0.148876,-0.150262,-0.151505,-0.152694,-0.153969,-0.155315,-0.156439,-0.157386,-0.1584,-0.159695,-0.160913,-0.162053,-0.162605,-0.163224,-0.163717,-0.164313,-0.165026,-0.165663,-0.166035,-0.166164,-0.166388,-0.166752,-0.166926,-0.167131,-0.167004,-0.167269,-0.167616,-0.167547,-0.16781,-0.168177,-0.168171,-0.167934,-0.167597,-0.167437,-0.167587,-0.168009,-0.168489,-0.169171,-0.16928,-0.169361,-0.169253,-0.168953,-0.169644,-0.170138,-0.170591,-0.170959,-0.171315,-0.171894,-0.172339,-0.17296,-0.173408,-0.174157,-0.174961,-0.175644,-0.176645,-0.177319,-0.17749,-0.177817,-0.178038,-0.178359,-0.178509,-0.178889,-0.179579,-0.18021,-0.180892,-0.181453,-0.18251,-0.183486,-0.184028,-0.18497,-0.185854,-0.186682,-0.187454,-0.188237,-0.189308,-0.189918,-0.190545,-0.19171,-0.192645,-0.193142,-0.193736,-0.195117,-0.196172,-0.19663,-0.196943,-0.197353,-0.198359,-0.198603,-0.199157,-0.200074,-0.200303,-0.200925,-0.201548,-0.202119,-0.203286,-0.204027,-0.204371,nan,nan,nan,nan,nan,nan,nan,nan,nan,nan,nan,nan,nan,nan,nan,nan,nan,
nan,nan,nan,nan,nan,nan,nan,nan,nan,nan,nan,nan,nan,nan,-0.14076,-0.142698,-0.144009,-0.145058,-0.146065,-0.147355,-0.148678,-0.150134,-0.151397,-0.152341,-0.153614,-0.154681,-0.155866,-0.156991,-0.158192,-0.159476,-0.160459,-0.161436,-0.16224,-0.163049,-0.163733,-0.164104,-0.164721,-0.165387,-0.16599,-0.166224,-0.16621,-0.166769,-0.166929,-0.166954,-0.167243,-0.167156,-0.167534,-0.167578,-0.167636,-0.167752,-0.167858,-0.16788,-0.167485,-0.167368,-0.167594,-0.167825,-0.168464,-0.168884,-0.169024,-0.169206,-0.168715,-0.169034,-0.169312,-0.169729,-0.170163,-0.170538,-0.171128,-0.171769,-0.172051,-0.172634,-0.173353,-0.174091,-0.17487,-0.175518,-0.175979,-0.176793,-0.177178,-0.177401,-0.177987,-0.178125,-0.178089,-0.178499,-0.1794,-0.180069,-0.180705,-0.181285,-0.182237,-0.183355,-0.183872,-0.184664,-0.185705,-0.186363,-0.187128,-0.187793,-0.188876,-0.189604,-0.19041,-0.191232,-0.19216,-0.1929,-0.193806,-0.195015,-0.195986,-0.196224,-0.196461,-0.196877,-0.197856,-0.198703,-0.199333,-0.199886,-0.200254,-0.201026,-0.20168,-0.202532,-0.203653,-0.204772,-0.205425,nan,nan,nan,nan,nan,nan,nan,nan,nan,nan,nan,nan,nan,nan,nan,nan,nan,
nan,nan,nan,nan,nan,nan,nan,nan,nan,nan,nan,nan,nan,nan,-0.141014,-0.142861,-0.144014,-0.145127,-0.146244,-0.147207,-0.148617,-0.149988,-0.151219,-0.15226,-0.153474,-0.154258,-0.155289,-0.156537,-0.157719,-0.15907,-0.16,-0.160751,-0.16164,-0.162502,-0.1633,-0.164068,-0.164678,-0.165089,-0.165646,-0.16615,-0.166159,-0.166716,-0.166713,-0.166881,-0.16729,-0.167298,-0.167458,-0.1677,-0.167485,-0.167403,-0.167335,-0.16731,-0.167353,-0.167176,-0.167482,-0.167739,-0.168386,-0.168353,-0.16871,-0.168977,-0.168495,-0.168916,-0.169074,-0.169604,-0.169925,-0.170348,-0.171189,-0.171716,-0.171931,-0.172516,-0.173161,-0.173632,-0.174259,-0.175048,-0.175507,-0.176158,-0.176765,-0.177104,-0.177778,-0.177914,-0.178084,-0.178529,-0.178966,-0.179893,-0.180829,-0.181598,-0.182396,-0.183206,-0.183718,-0.184392,-0.18534,-0.186251,-0.186726,-0.187408,-0.188592,-0.189395,-0.190091,-0.190989,-0.191866,-0.192552,-0.193869,-0.194582,-0.195039,-0.19584,-0.196251,-0.196872,-0.197507,-0.198314,-0.198927,-0.199631,-0.200421,-0.20137,-0.202131,-0.20261,-0.203487,-0.204845,-0.20563,nan,nan,nan,nan,nan,nan,nan,nan,nan,nan,nan,nan,nan,nan,nan,nan,nan,
nan,nan,nan,nan,nan,nan,nan,nan,nan,nan,nan,nan,nan,nan,-0.141297,-0.142579,-0.143793,-0.144849,-0.14597,-0.147177,-0.148282,-0.149728,-0.150966,-0.151908,-0.15305,-0.154021,-0.154955,-0.156172,-0.157602,-0.158486,-0.159673,-0.160322,-0.161082,-0.161796,-0.162745,-0.163728,-0.164316,-0.164977,-0.165513,-0.165834,-0.166308,-0.166736,-0.166684,-0.166936,-0.167016,-0.167257,-0.167443,-0.167697,-0.167491,-0.167266,-0.166936,-0.167029,-0.167074,-0.167056,-0.167129,-0.167457,-0.167858,-0.167848,-0.168179,-0.168611,-0.168385,-0.168737,-0.169159,-0.169613,-0.169901,-0.170134,-0.170865,-0.171415,-0.17181,-0.17253,-0.173005,-0.173623,-0.174145,-0.174699,-0.175504,-0.175688,-0.176344,-0.176871,-0.177359,-0.177821,-0.178189,-0.178295,-0.178953,-0.179825,-0.180736,-0.181638,-0.182046,-0.182758,-0.183619,-0.184318,-0.184886,-0.185812,-0.186479,-0.18718,-0.188353,-0.188927,-0.189463,-0.190572,-0.19149,-0.19214,-0.192922,-0.193391,-0.194498,-0.195292,-0.19587,-0.196634,-0.197235,-0.19775,-0.198582,-0.199322,-0.200186,-0.201174,-0.201959,-0.202722,-0.203562,-0.204773,-0.205776,nan,nan,nan,nan,nan,nan,nan,nan,nan,nan,nan,nan,nan,nan,nan,nan,nan,
nan,nan,nan,nan,nan,nan,nan,nan,nan,nan,nan,nan,nan,nan,-0.141211,-0.142246,-0.143596,-0.144816,-0.145751,-0.146917,-0.148326,-0.149462,-0.150792,-0.151859,-0.152876,-0.153564,-0.15475,-0.155927,-0.157373,-0.158412,-0.159397,-0.160098,-0.160743,-0.161583,-0.162503,-0.163104,-0.163804,-0.164568,-0.165274,-0.165847,-0.166117,-0.166248,-0.166512,-0.166609,-0.166759,-0.166928,-0.167164,-0.167241,-0.167231,-0.167078,-0.166952,-0.167102,-0.166832,-0.166981,-0.166996,-0.167519,-0.167693,-0.167732,-0.167793,-0.167942,-0.168122,-0.168821,-0.169112,-0.169199,-0.169782,-0.170313,-0.170552,-0.170924,-0.171445,-0.172035,-0.172703,-0.173326,-0.174064,-0.174454,-0.174843,-0.175159,-0.175771,-0.176464,-0.177115,-0.177757,-0.177939,-0.178146,-0.179011,-0.179903,-0.180439,-0.180981,-0.181369,-0.182046,-0.183081,-0.183721,-0.184527,-0.185368,-0.186423,-0.187134,-0.188058,-0.188436,-0.189081,-0.190001,-0.191004,-0.191924,-0.1923,-0.193039,-0.194119,-0.194649,-0.19514,-0.195984,-0.196963,-0.197453,-0.198567,-0.199333,-0.200026,-0.200621,-0.201954,-0.202889,-0.203851,-0.204967,-0.205774,nan,nan,nan,nan,nan,nan,nan,nan,nan,nan,nan,nan,nan,nan,nan,nan,nan,
nan,nan,nan,nan,nan,nan,nan,nan,nan,nan,nan,nan,nan,nan,-0.141878,-0.142784,-0.143896,-0.144963,-0.14599,-0.147189,-0.148489,-0.14955,-0.150815,-0.151972,-0.152891,-0.153302,-0.154487,-0.15582,-0.157106,-0.158168,-0.15896,-0.159783,-0.16057,-0.16136,-0.162176,-0.162626,-0.163197,-0.164196,-0.164877,-0.165565,-0.165778,-0.166122,-0.166222,-0.166464,-0.16663,-0.166817,-0.166788,-0.167013,-0.166831,-0.16682,-0.166859,-0.166702,-0.166632,-0.166944,-0.167027,-0.167508,-0.1679,-0.168042,-0.168047,-0.167926,-0.167807,-0.168541,-0.168837,-0.169195,-0.169295,-0.169895,-0.170254,-0.170792,-0.171169,-0.171733,-0.172383,-0.173062,-0.173737,-0.174173,-0.17435,-0.174729,-0.175507,-0.176217,-0.17694,-0.177268,-0.177671,-0.178298,-0.179019,-0.179738,-0.18019,-0.180825,-0.181364,-0.1819,-0.182648,-0.183212,-0.184312,-0.18502,-0.18593,-0.187057,-0.187476,-0.18816,-0.188766,-0.189359,-0.190521,-0.191139,-0.191723,-0.192923,-0.193722,-0.194446,-0.194926,-0.195876,-0.196746,-0.19711,-0.19802,-0.199005,-0.199936,-0.200633,-0.201404,-0.202429,-0.203447,-0.204192,-0.204758,nan,nan,nan,nan,nan,nan,nan,nan,nan,nan,nan,nan,nan,nan,nan,nan,nan,
nan,nan,nan,nan,nan,nan,nan,nan,nan,nan,nan,nan,nan,nan,-0.142319,-0.14351,-0.14419,-0.145153,-0.146234,-0.147319,-0.148231,-0.149348,-0.150671,-0.151953,-0.152729,-0.153458,-0.15419,-0.155454,-0.156993,-0.157795,-0.158671,-0.159627,-0.160537,-0.161403,-0.16207,-0.162584,-0.162914,-0.163928,-0.16463,-0.16511,-0.16546,-0.165805,-0.165812,-0.166184,-0.166708,-0.166749,-0.166362,-0.166724,-0.166885,-0.166809,-0.166839,-0.166713,-0.166543,-0.166792,-0.166994,-0.167413,-0.1678,-0.168042,-0.168199,-0.168446,-0.16798,-0.1683,-0.169025,-0.169357,-0.169323,-0.16953,-0.170035,-0.170622,-0.17109,-0.171676,-0.17225,-0.173089,-0.173513,-0.173867,-0.174231,-0.174585,-0.175223,-0.176036,-0.176755,-0.177036,-0.177398,-0.178244,-0.178857,-0.179502,-0.180238,-0.180788,-0.181305,-0.181968,-0.182597,-0.183198,-0.184222,-0.184859,-0.185633,-0.186706,-0.187073,-0.187873,-0.188449,-0.189396,-0.190134,-0.190709,-0.191652,-0.192556,-0.193168,-0.19398,-0.194681,-0.195481,-0.19628,-0.197215,-0.197857,-0.198666,-0.199528,-0.200705,-0.201465,-0.202489,-0.202863,-0.203516,-0.20453,nan,nan,nan,nan,nan,nan,nan,nan,nan,nan,nan,nan,nan,nan,nan,nan,nan,
nan,nan,nan,nan,nan,nan,nan,nan,nan,nan,nan,nan,nan,nan,-0.141867,-0.143496,-0.144088,-0.14535,-0.146328,-0.147415,-0.148321,-0.149228,-0.150421,-0.151405,-0.152263,-0.153306,-0.154185,-0.15495,-0.156513,-0.157566,-0.158594,-0.159814,-0.160141,-0.16102,-0.161711,-0.162374,-0.162908,-0.163692,-0.16431,-0.164953,-0.165239,-0.165307,-0.165569,-0.165816,-0.166285,-0.166404,-0.166225,-0.166584,-0.166807,-0.166642,-0.166892,-0.166708,-0.166539,-0.166631,-0.166908,-0.167249,-0.167524,-0.167866,-0.167927,-0.168289,-0.168233,-0.168414,-0.169034,-0.169283,-0.169649,-0.169753,-0.170037,-0.17075,-0.171055,-0.171695,-0.172301,-0.172636,-0.1731,-0.173513,-0.173749,-0.174209,-0.174782,-0.17565,-0.176207,-0.176744,-0.177368,-0.178097,-0.178717,-0.179195,-0.180135,-0.180603,-0.181167,-0.181813,-0.182611,-0.183392,-0.184142,-0.184753,-0.185514,-0.186455,-0.187025,-0.187602,-0.18826,-0.189099,-0.189979,-0.190869,-0.191878,-0.192418,-0.192752,-0.193617,-0.194365,-0.195146,-0.196047,-0.19699,-0.197745,-0.198933,-0.199465,-0.200371,-0.201479,-0.202451,-0.20317,-0.203811,-0.204874,nan,nan,nan,nan,nan,nan,nan,nan,nan,nan,nan,nan,nan,nan,nan,nan,nan,
nan,nan,nan,nan,nan,nan,nan,nan,nan,nan,nan,nan,nan,nan,-0.142438,-0.143532,-0.14442,-0.145312,-0.146269,-0.147467,-0.148432,-0.14939,-0.150204,-0.15098,-0.152174,-0.153125,-0.153909,-0.154765,-0.155968,-0.157211,-0.158405,-0.159581,-0.160063,-0.160665,-0.161468,-0.16196,-0.162873,-0.163548,-0.164006,-0.164481,-0.164797,-0.165287,-0.165594,-0.165623,-0.165665,-0.166067,-0.166105,-0.166157,-0.166514,-0.166522,-0.166464,-0.166321,-0.166299,-0.166583,-0.166867,-0.167058,-0.167445,-0.167716,-0.167872,-0.168135,-0.16848,-0.168545,-0.16893,-0.169492,-0.16975,-0.169886,-0.169924,-0.170586,-0.171197,-0.171864,-0.172106,-0.172431,-0.172725,-0.173103,-0.17358,-0.173967,-0.17469,-0.175377,-0.175797,-0.17644,-0.177228,-0.177788,-0.178668,-0.179157,-0.179641,-0.180144,-0.180964,-0.181909,-0.182567,-0.183203,-0.18379,-0.184555,-0.185174,-0.185856,-0.186632,-0.187284,-0.188221,-0.188996,-0.189913,-0.190809,-0.191793,-0.191981,-0.192378,-0.193242,-0.194384,-0.195186,-0.196113,-0.19704,-0.197714,-0.198825,-0.199459,-0.200178,-0.200906,-0.202395,-0.202981,-0.203325,-0.204761,nan,nan,nan,nan,nan,nan,nan,nan,nan,nan,nan,nan,nan,nan,nan,nan,nan,
nan,nan,nan,nan,nan,nan,nan,nan,nan,nan,nan,nan,nan,nan,-0.141794,-0.143081,-0.14421,-0.145071,-0.146308,-0.147461,-0.14831,-0.149214,-0.149879,-0.150918,-0.15207,-0.152758,-0.153553,-0.154702,-0.155657,-0.156737,-0.158049,-0.159021,-0.159953,-0.160806,-0.161461,-0.161899,-0.162765,-0.16334,-0.163588,-0.164287,-0.164641,-0.164846,-0.165168,-0.16535,-0.165515,-0.165757,-0.165808,-0.165966,-0.166136,-0.166239,-0.1662,-0.166142,-0.166344,-0.166384,-0.166608,-0.167262,-0.167329,-0.16761,-0.167969,-0.168408,-0.168616,-0.168717,-0.169231,-0.169587,-0.170068,-0.170032,-0.169879,-0.170202,-0.170818,-0.171482,-0.172047,-0.172733,-0.173,-0.173114,-0.173588,-0.174121,-0.174704,-0.175208,-0.175915,-0.176365,-0.176863,-0.177621,-0.178294,-0.179129,-0.179549,-0.180097,-0.181053,-0.181931,-0.182465,-0.18297,-0.183775,-0.184335,-0.184838,-0.185494,-0.186432,-0.187044,-0.18806,-0.188897,-0.189766,-0.190974,-0.191516,-0.191456,-0.191909,-0.192862,-0.194112,-0.194924,-0.196013,-0.197156,-0.197806,-0.1985,-0.199441,-0.200328,-0.201028,-0.202278,-0.202676,-0.203196,-0.204386,nan,nan,nan,nan,nan,nan,nan,nan,nan,nan,nan,nan,nan,nan,nan,nan,nan,
nan,nan,nan,nan,nan,nan,nan,nan,nan,nan,nan,nan,nan,nan,-0.141384,-0.142809,-0.143952,-0.145076,-0.146154,-0.147104,-0.148256,-0.149251,-0.149876,-0.150692,-0.151612,-0.152347,-0.153526,-0.154571,-0.155615,-0.156401,-0.157528,-0.158427,-0.159313,-0.160399,-0.161301,-0.161702,-0.162478,-0.163138,-0.163595,-0.163869,-0.164467,-0.164618,-0.164806,-0.164943,-0.165267,-0.165534,-0.1657,-0.166104,-0.166109,-0.165957,-0.166051,-0.166183,-0.166482,-0.16643,-0.166832,-0.167235,-0.167306,-0.167588,-0.168058,-0.168726,-0.168692,-0.168956,-0.169569,-0.169626,-0.17022,-0.170072,-0.169952,-0.170252,-0.170728,-0.171103,-0.171825,-0.172534,-0.173159,-0.173484,-0.173755,-0.174475,-0.174852,-0.175407,-0.17571,-0.176111,-0.176721,-0.177113,-0.178161,-0.178904,-0.179486,-0.180387,-0.181131,-0.181623,-0.182379,-0.18317,-0.18393,-0.184581,-0.18522,-0.18561,-0.186425,-0.186786,-0.187495,-0.188059,-0.189235,-0.190347,-0.190918,-0.191519,-0.191903,-0.192826,-0.193797,-0.194776,-0.195708,-0.196573,-0.197363,-0.198231,-0.198956,-0.19993,-0.200986,-0.201998,-0.202882,-0.203213,-0.203559,nan,nan,nan,nan,nan,nan,nan,nan,nan,nan,nan,nan,nan,nan,nan,nan,nan,
nan,nan,nan,nan,nan,nan,nan,nan,nan,nan,nan,nan,nan,nan,-0.141933,-0.143028,-0.144052,-0.145189,-0.145956,-0.14676,-0.147828,-0.148924,-0.149892,-0.150728,-0.151542,-0.152374,-0.153331,-0.154108,-0.155218,-0.155969,-0.156988,-0.158,-0.159094,-0.159964,-0.160806,-0.161422,-0.162281,-0.162953,-0.163437,-0.16371,-0.164216,-0.164658,-0.164659,-0.164868,-0.165135,-0.165475,-0.165792,-0.165955,-0.166272,-0.166065,-0.166025,-0.166041,-0.16613,-0.166562,-0.166754,-0.166996,-0.167257,-0.16741,-0.168071,-0.168261,-0.168494,-0.168976,-0.169378,-0.169606,-0.169933,-0.17012,-0.170305,-0.170684,-0.171017,-0.171146,-0.171528,-0.172045,-0.172854,-0.173479,-0.173871,-0.174235,-0.174867,-0.175402,-0.175497,-0.176107,-0.176677,-0.176863,-0.178115,-0.178731,-0.179332,-0.180202,-0.181024,-0.181509,-0.182129,-0.183112,-0.183755,-0.184771,-0.185392,-0.185613,-0.18629,-0.186562,-0.187022,-0.187959,-0.188864,-0.189538,-0.190659,-0.191312,-0.191854,-0.192574,-0.193544,-0.194551,-0.195239,-0.196086,-0.197008,-0.198089,-0.198411,-0.199786,-0.200907,-0.201568,-0.202462,-0.202909,-0.203067,nan,nan,nan,nan,nan,nan,nan,nan,nan,nan,nan,nan,nan,nan,nan,nan,nan,
nan,nan,nan,nan,nan,nan,nan,nan,nan,nan,nan,nan,nan,nan,-0.142001,-0.142873,-0.144041,-0.145117,-0.145894,-0.146561,-0.147446,-0.148379,-0.149537,-0.150598,-0.151473,-0.152356,-0.153067,-0.153919,-0.154786,-0.155549,-0.156517,-0.157534,-0.158488,-0.159402,-0.160137,-0.161047,-0.161829,-0.162542,-0.163023,-0.163623,-0.164062,-0.164561,-0.164869,-0.164941,-0.165206,-0.165587,-0.165645,-0.165784,-0.166113,-0.166111,-0.165859,-0.165852,-0.166076,-0.16663,-0.166592,-0.167049,-0.167368,-0.167666,-0.167905,-0.167972,-0.168289,-0.168846,-0.16913,-0.169585,-0.169992,-0.170345,-0.170705,-0.170923,-0.171096,-0.171275,-0.171616,-0.171969,-0.172648,-0.173257,-0.173445,-0.173678,-0.17466,-0.175105,-0.175384,-0.175804,-0.176549,-0.177066,-0.177871,-0.178405,-0.179223,-0.180077,-0.180777,-0.181363,-0.182267,-0.182882,-0.183679,-0.184644,-0.184936,-0.185563,-0.186302,-0.186341,-0.18699,-0.188161,-0.188558,-0.189402,-0.190491,-0.191145,-0.19197,-0.192544,-0.193317,-0.194286,-0.195126,-0.195767,-0.196614,-0.197626,-0.198281,-0.199331,-0.20021,-0.201101,-0.202121,-0.203144,-0.203772,nan,nan,nan,nan,nan,nan,nan,nan,nan,nan,nan,nan,nan,nan,nan,nan,nan,
nan,nan,nan,nan,nan,nan,nan,nan,nan,nan,nan,nan,nan,nan,-0.142268,-0.142852,-0.143844,-0.144718,-0.145611,-0.146291,-0.147148,-0.148038,-0.149021,-0.150312,-0.151221,-0.152007,-0.153003,-0.153844,-0.154471,-0.155306,-0.156185,-0.15734,-0.158041,-0.158748,-0.15965,-0.160538,-0.161498,-0.162134,-0.16289,-0.163253,-0.16369,-0.164353,-0.16465,-0.164571,-0.164667,-0.165342,-0.165383,-0.165292,-0.165587,-0.165891,-0.165902,-0.166029,-0.166159,-0.166625,-0.166975,-0.167125,-0.167544,-0.167918,-0.167895,-0.168186,-0.168554,-0.168982,-0.169291,-0.169698,-0.170193,-0.170501,-0.170825,-0.170723,-0.171229,-0.17144,-0.171553,-0.172195,-0.172697,-0.173006,-0.173148,-0.173621,-0.174325,-0.174723,-0.175078,-0.175533,-0.176352,-0.176622,-0.177684,-0.178436,-0.178971,-0.179749,-0.180474,-0.181173,-0.182063,-0.18256,-0.183437,-0.184667,-0.184838,-0.185351,-0.186178,-0.18636,-0.187132,-0.188071,-0.188613,-0.189673,-0.190495,-0.191136,-0.192083,-0.192554,-0.193222,-0.194103,-0.194631,-0.1954,-0.196354,-0.197128,-0.197962,-0.198727,-0.199796,-0.201005,-0.201752,-0.202885,-0.203622,nan,nan,nan,nan,nan,nan,nan,nan,nan,nan,nan,nan,nan,nan,nan,nan,nan,
nan,nan,nan,nan,nan,nan,nan,nan,nan,nan,nan,nan,nan,nan,-0.141315,-0.142587,-0.143464,-0.144373,-0.145259,-0.146032,-0.14686,-0.147687,-0.148804,-0.149876,-0.150842,-0.151704,-0.15262,-0.153486,-0.154335,-0.155101,-0.156072,-0.157349,-0.158021,-0.158619,-0.159381,-0.160158,-0.161082,-0.161851,-0.162666,-0.163016,-0.163524,-0.163812,-0.163996,-0.164314,-0.16444,-0.165091,-0.165172,-0.165061,-0.165213,-0.165509,-0.16591,-0.166179,-0.166143,-0.166588,-0.167069,-0.16738,-0.167714,-0.167928,-0.168121,-0.168124,-0.16896,-0.169282,-0.169549,-0.169797,-0.170172,-0.170769,-0.171047,-0.170978,-0.171479,-0.171643,-0.171856,-0.172299,-0.172788,-0.17276,-0.173,-0.17341,-0.174006,-0.174502,-0.174875,-0.175456,-0.176023,-0.176494,-0.177452,-0.17821,-0.17901,-0.179666,-0.180356,-0.180857,-0.18151,-0.182161,-0.183177,-0.184269,-0.184709,-0.185196,-0.185727,-0.186333,-0.187223,-0.188116,-0.188819,-0.189475,-0.190339,-0.191021,-0.191679,-0.191869,-0.192413,-0.193564,-0.194166,-0.195007,-0.196371,-0.197164,-0.197747,-0.19833,-0.199389,-0.200445,-0.20109,-0.202164,-0.202653,nan,nan,nan,nan,nan,nan,nan,nan,nan,nan,nan,nan,nan,nan,nan,nan,nan,
nan,nan,nan,nan,nan,nan,nan,nan,nan,nan,nan,nan,nan,nan,-0.141314,-0.142476,-0.143324,-0.144316,-0.144968,-0.145729,-0.146524,-0.147378,-0.148476,-0.149585,-0.150507,-0.151434,-0.152109,-0.153229,-0.154112,-0.1549,-0.156003,-0.157108,-0.157576,-0.158655,-0.159347,-0.159977,-0.160819,-0.161684,-0.162389,-0.162585,-0.163048,-0.16334,-0.163726,-0.163994,-0.164478,-0.164755,-0.164969,-0.165075,-0.165102,-0.165226,-0.165645,-0.166156,-0.166267,-0.166538,-0.167032,-0.167661,-0.167896,-0.16788,-0.168046,-0.168307,-0.168934,-0.169167,-0.169626,-0.170044,-0.170279,-0.170901,-0.171249,-0.171442,-0.17161,-0.171705,-0.172153,-0.172393,-0.172553,-0.17288,-0.172841,-0.173022,-0.173754,-0.174195,-0.174614,-0.175208,-0.17584,-0.176626,-0.177281,-0.177987,-0.178782,-0.179583,-0.180142,-0.180792,-0.181573,-0.182314,-0.183221,-0.183936,-0.184411,-0.185097,-0.185495,-0.186201,-0.187067,-0.188002,-0.188767,-0.189297,-0.189918,-0.190635,-0.191069,-0.191661,-0.192086,-0.193176,-0.194099,-0.194974,-0.196096,-0.196879,-0.197399,-0.197959,-0.199071,-0.199963,-0.200632,-0.201635,-0.201787,nan,nan,nan,nan,nan,nan,nan,nan,nan,nan,nan,nan,nan,nan,nan,nan,nan,
nan,nan,nan,nan,nan,nan,nan,nan,nan,nan,nan,nan,nan,nan,-0.141958,-0.142508,-0.143222,-0.144024,-0.144846,-0.145625,-0.146428,-0.147429,-0.14835,-0.149218,-0.15017,-0.150901,-0.151786,-0.152673,-0.15349,-0.154522,-0.155658,-0.156708,-0.157264,-0.158347,-0.159217,-0.159837,-0.160846,-0.16166,-0.162321,-0.162604,-0.162765,-0.163143,-0.163507,-0.163686,-0.163866,-0.164298,-0.164708,-0.165057,-0.164918,-0.165104,-0.165579,-0.166094,-0.166284,-0.166623,-0.167113,-0.167817,-0.168011,-0.168108,-0.168402,-0.168542,-0.168719,-0.169243,-0.16961,-0.170118,-0.170629,-0.171292,-0.171475,-0.171744,-0.171856,-0.172004,-0.172325,-0.172477,-0.172454,-0.172715,-0.172543,-0.173032,-0.17367,-0.173858,-0.174335,-0.17508,-0.175853,-0.176642,-0.17738,-0.177905,-0.178562,-0.179132,-0.179856,-0.180859,-0.181432,-0.182267,-0.183383,-0.184026,-0.184194,-0.184818,-0.185725,-0.186196,-0.186968,-0.187663,-0.188672,-0.189447,-0.189805,-0.190362,-0.190993,-0.191664,-0.19228,-0.193256,-0.193848,-0.194951,-0.195961,-0.196587,-0.196983,-0.197847,-0.198949,-0.199462,-0.200425,-0.2013,-0.200984,nan,nan,nan,nan,nan,nan,nan,nan,nan,nan,nan,nan,nan,nan,nan,nan,nan,
nan,nan,nan,nan,nan,nan,nan,nan,nan,nan,nan,nan,nan,nan,-0.141443,-0.142215,-0.143015,-0.14371,-0.144385,-0.145329,-0.146278,-0.147285,-0.14814,-0.148865,-0.14969,-0.150716,-0.151501,-0.152151,-0.153185,-0.153987,-0.155178,-0.156253,-0.157154,-0.157855,-0.158735,-0.159573,-0.160444,-0.16119,-0.161796,-0.162338,-0.162826,-0.162985,-0.163196,-0.163497,-0.163844,-0.16434,-0.164557,-0.164886,-0.164912,-0.165266,-0.165624,-0.165999,-0.166099,-0.166557,-0.1672,-0.16764,-0.168015,-0.168247,-0.168539,-0.168614,-0.168877,-0.169427,-0.169483,-0.170081,-0.170818,-0.17136,-0.171646,-0.171826,-0.172016,-0.172383,-0.172494,-0.172504,-0.172804,-0.172768,-0.172647,-0.173219,-0.17374,-0.173992,-0.174256,-0.174898,-0.175595,-0.176376,-0.177192,-0.177447,-0.178329,-0.17903,-0.179668,-0.180401,-0.181346,-0.182049,-0.183068,-0.183881,-0.184215,-0.184724,-0.185512,-0.186314,-0.186937,-0.187114,-0.188214,-0.189094,-0.189581,-0.190226,-0.190798,-0.191122,-0.191951,-0.193026,-0.193658,-0.194449,-0.195456,-0.19609,-0.196916,-0.198111,-0.198701,-0.199429,-0.200218,-0.200667,-0.200808,nan,nan,nan,nan,nan,nan,nan,nan,nan,nan,nan,nan,nan,nan,nan,nan,nan,
nan,nan,nan,nan,nan,nan,nan,nan,nan,nan,nan,nan,nan,nan,-0.140986,-0.141576,-0.14231,-0.143008,-0.143945,-0.144823,-0.145756,-0.146638,-0.147309,-0.148054,-0.148866,-0.150029,-0.150937,-0.151782,-0.152775,-0.153612,-0.154785,-0.155965,-0.156783,-0.15751,-0.15846,-0.159337,-0.160062,-0.160736,-0.161123,-0.161702,-0.162429,-0.162455,-0.162758,-0.162996,-0.163593,-0.164025,-0.16449,-0.164774,-0.164952,-0.165421,-0.165617,-0.165967,-0.16627,-0.166422,-0.166875,-0.167359,-0.167731,-0.168246,-0.1684,-0.168776,-0.169277,-0.169605,-0.169711,-0.170283,-0.170899,-0.17138,-0.171804,-0.171631,-0.171759,-0.172306,-0.172499,-0.172551,-0.172578,-0.172892,-0.173068,-0.173141,-0.173481,-0.174051,-0.174491,-0.174984,-0.175558,-0.176182,-0.176905,-0.177196,-0.177623,-0.178697,-0.179603,-0.18019,-0.181002,-0.182034,-0.182861,-0.183456,-0.18415,-0.184897,-0.185385,-0.18624,-0.186849,-0.18723,-0.188131,-0.189004,-0.189034,-0.189529,-0.190052,-0.190693,-0.191806,-0.192322,-0.193265,-0.194012,-0.194696,-0.195654,-0.196656,-0.197779,-0.198348,-0.199373,-0.199976,-0.200447,-0.200787,nan,nan,nan,nan,nan,nan,nan,nan,nan,nan,nan,nan,nan,nan,nan,nan,nan,
nan,nan,nan,nan,nan,nan,nan,nan,nan,nan,nan,nan,nan,nan,-0.140246,-0.140686,-0.141705,-0.142497,-0.143604,-0.144547,-0.145522,-0.14624,-0.146787,-0.147627,-0.148155,-0.148939,-0.150357,-0.151514,-0.152395,-0.153584,-0.154586,-0.155505,-0.156379,-0.157213,-0.158021,-0.158835,-0.159565,-0.160318,-0.160702,-0.161355,-0.161928,-0.162078,-0.162372,-0.162567,-0.16297,-0.163522,-0.1641,-0.164586,-0.164927,-0.165529,-0.165742,-0.166214,-0.166578,-0.166615,-0.167039,-0.167622,-0.167889,-0.168482,-0.168854,-0.169047,-0.169287,-0.169821,-0.169958,-0.170209,-0.170817,-0.1714,-0.171646,-0.171564,-0.171698,-0.172008,-0.172309,-0.172406,-0.172557,-0.172896,-0.173332,-0.173369,-0.173292,-0.173793,-0.174406,-0.175146,-0.17587,-0.176444,-0.176917,-0.177167,-0.177285,-0.178183,-0.17928,-0.180024,-0.180772,-0.181909,-0.182551,-0.183362,-0.184227,-0.184787,-0.185427,-0.186173,-0.187086,-0.187631,-0.187955,-0.188451,-0.188676,-0.189257,-0.189826,-0.190608,-0.19162,-0.191951,-0.192821,-0.193763,-0.194442,-0.195597,-0.196237,-0.196763,-0.197537,-0.198398,-0.199315,-0.199625,-0.199879,nan,nan,nan,nan,nan,nan,nan,nan,nan,nan,nan,nan,nan,nan,nan,nan,nan,
nan,nan,nan,nan,nan,nan,nan,nan,nan,nan,nan,nan,nan,nan,-0.139861,-0.140518,-0.141336,-0.142077,-0.14305,-0.144173,-0.145186,-0.145916,-0.146501,-0.147505,-0.148154,-0.148653,-0.149884,-0.151062,-0.152253,-0.153409,-0.154567,-0.155162,-0.155999,-0.156966,-0.157532,-0.158371,-0.159025,-0.159643,-0.160269,-0.160902,-0.161418,-0.161724,-0.161987,-0.162217,-0.162603,-0.163337,-0.163797,-0.164188,-0.164839,-0.165616,-0.166124,-0.166423,-0.166639,-0.166799,-0.167416,-0.167854,-0.168206,-0.168401,-0.168874,-0.169049,-0.169175,-0.169604,-0.169785,-0.170014,-0.170636,-0.170859,-0.171129,-0.171566,-0.171599,-0.17164,-0.172046,-0.172156,-0.172531,-0.172909,-0.173482,-0.173696,-0.173355,-0.173466,-0.174272,-0.175061,-0.175598,-0.176076,-0.176512,-0.176856,-0.177437,-0.178208,-0.179069,-0.179954,-0.181064,-0.181885,-0.182557,-0.183386,-0.18415,-0.184435,-0.185064,-0.186538,-0.187053,-0.187397,-0.187879,-0.18819,-0.18857,-0.189163,-0.189471,-0.190212,-0.191271,-0.191938,-0.192594,-0.193352,-0.194227,-0.195088,-0.195617,-0.196392,-0.197253,-0.197994,-0.198521,-0.198753,-0.199054,nan,nan,nan,nan,nan,nan,nan,nan,nan,nan,nan,nan,nan,nan,nan,nan,nan,
nan,nan,nan,nan,nan,nan,nan,nan,nan,nan,nan,nan,nan,nan,-0.139938,-0.140405,-0.141243,-0.141876,-0.14281,-0.143682,-0.144693,-0.145269,-0.146176,-0.14714,-0.148195,-0.148669,-0.149389,-0.150454,-0.151728,-0.153218,-0.154115,-0.155008,-0.155778,-0.156555,-0.157329,-0.158077,-0.158652,-0.159115,-0.159634,-0.160337,-0.160871,-0.161292,-0.161521,-0.161945,-0.162566,-0.163035,-0.163681,-0.164306,-0.164909,-0.165557,-0.166243,-0.166755,-0.166915,-0.167091,-0.167442,-0.167759,-0.168264,-0.168677,-0.168676,-0.168888,-0.169095,-0.169348,-0.169831,-0.170045,-0.17078,-0.170723,-0.170855,-0.170956,-0.171235,-0.171335,-0.171562,-0.171848,-0.172319,-0.172635,-0.173039,-0.173199,-0.173345,-0.173325,-0.174151,-0.174737,-0.17533,-0.175687,-0.176,-0.176685,-0.177369,-0.178059,-0.179018,-0.179917,-0.180984,-0.181846,-0.182732,-0.183311,-0.184072,-0.184496,-0.185252,-0.1864,-0.186994,-0.187301,-0.187844,-0.188144,-0.188544,-0.188906,-0.189469,-0.190094,-0.190956,-0.191631,-0.192399,-0.193233,-0.193775,-0.194417,-0.195161,-0.195732,-0.196807,-0.197562,-0.197915,-0.198185,-0.198437,nan,nan,nan,nan,nan,nan,nan,nan,nan,nan,nan,nan,nan,nan,nan,nan,nan,
nan,nan,nan,nan,nan,nan,nan,nan,nan,nan,nan,nan,nan,nan,-0.140512,-0.140577,-0.141258,-0.141891,-0.142669,-0.143621,-0.144757,-0.145214,-0.145912,-0.147067,-0.14794,-0.148665,-0.149425,-0.150341,-0.151385,-0.152872,-0.153572,-0.154464,-0.155228,-0.155854,-0.156664,-0.157362,-0.157861,-0.158568,-0.159091,-0.159762,-0.160424,-0.160893,-0.161038,-0.161638,-0.162343,-0.162745,-0.163298,-0.164376,-0.16485,-0.165431,-0.166261,-0.166632,-0.166975,-0.167304,-0.16754,-0.167796,-0.168152,-0.168734,-0.168822,-0.168902,-0.168992,-0.16937,-0.169789,-0.169967,-0.170607,-0.170674,-0.170824,-0.170644,-0.171036,-0.171288,-0.171337,-0.171781,-0.172288,-0.172275,-0.172646,-0.1726,-0.173123,-0.173416,-0.174063,-0.17463,-0.175226,-0.175587,-0.176039,-0.176899,-0.177374,-0.178276,-0.179151,-0.179438,-0.180612,-0.181538,-0.18241,-0.183483,-0.184321,-0.184668,-0.185109,-0.186026,-0.186765,-0.187019,-0.187158,-0.187853,-0.188387,-0.188767,-0.189512,-0.190247,-0.190705,-0.191546,-0.192414,-0.192952,-0.193468,-0.194155,-0.194761,-0.195467,-0.196185,-0.196831,-0.197433,-0.19725,-0.197051,nan,nan,nan,nan,nan,nan,nan,nan,nan,nan,nan,nan,nan,nan,nan,nan,nan,
nan,nan,nan,nan,nan,nan,nan,nan,nan,nan,nan,nan,nan,nan,-0.139941,-0.140232,-0.140814,-0.141724,-0.142694,-0.143363,-0.144463,-0.145131,-0.14606,-0.146879,-0.147774,-0.148655,-0.149502,-0.150371,-0.151359,-0.15241,-0.153293,-0.15398,-0.154922,-0.155525,-0.156117,-0.156844,-0.157393,-0.158106,-0.158763,-0.159488,-0.159968,-0.160185,-0.160597,-0.161448,-0.161996,-0.162453,-0.163299,-0.164128,-0.164692,-0.165346,-0.166064,-0.166355,-0.166879,-0.167254,-0.167382,-0.168059,-0.16833,-0.168613,-0.169021,-0.169108,-0.169164,-0.169291,-0.169593,-0.169959,-0.170372,-0.170676,-0.170713,-0.170836,-0.170803,-0.171034,-0.171123,-0.171525,-0.171911,-0.171957,-0.172558,-0.172596,-0.172779,-0.173405,-0.173948,-0.174404,-0.1749,-0.175702,-0.176408,-0.177199,-0.177647,-0.178474,-0.179153,-0.179512,-0.180458,-0.181116,-0.182215,-0.183385,-0.184109,-0.184622,-0.185014,-0.186079,-0.186496,-0.186969,-0.187144,-0.187819,-0.18841,-0.188785,-0.189301,-0.189997,-0.1905,-0.191318,-0.192203,-0.19256,-0.193223,-0.193883,-0.194475,-0.195169,-0.195766,-0.196386,-0.196808,-0.196519,-0.19617,nan,nan,nan,nan,nan,nan,nan,nan,nan,nan,nan,nan,nan,nan,nan,nan,nan,
nan,nan,nan,nan,nan,nan,nan,nan,nan,nan,nan,nan,nan,nan,-0.139237,-0.14011,-0.140758,-0.141686,-0.142608,-0.143414,-0.143994,-0.144973,-0.145744,-0.146485,-0.147401,-0.148499,-0.14967,-0.150442,-0.151347,-0.152284,-0.152974,-0.153739,-0.154725,-0.155414,-0.156149,-0.156587,-0.157083,-0.157809,-0.158434,-0.159107,-0.159633,-0.15993,-0.160274,-0.160976,-0.161765,-0.162276,-0.163202,-0.16384,-0.164603,-0.165176,-0.165786,-0.16621,-0.166794,-0.167225,-0.167372,-0.16808,-0.168384,-0.168466,-0.169009,-0.169316,-0.169183,-0.168991,-0.169359,-0.169963,-0.170315,-0.170528,-0.170646,-0.170657,-0.170679,-0.170913,-0.171014,-0.171326,-0.171814,-0.172003,-0.172585,-0.172596,-0.172445,-0.17292,-0.173657,-0.174119,-0.17486,-0.17567,-0.176538,-0.177233,-0.177494,-0.178516,-0.179146,-0.179909,-0.180868,-0.181592,-0.182191,-0.183231,-0.183994,-0.18462,-0.185357,-0.185728,-0.186732,-0.187235,-0.187364,-0.187883,-0.188334,-0.188966,-0.189692,-0.189838,-0.190571,-0.191116,-0.19193,-0.192456,-0.193178,-0.193672,-0.194208,-0.19472,-0.195553,-0.196427,-0.196822,-0.197035,-0.196842,nan,nan,nan,nan,nan,nan,nan,nan,nan,nan,nan,nan,nan,nan,nan,nan,nan,
nan,nan,nan,nan,nan,nan,nan,nan,nan,nan,nan,nan,nan,nan,-0.139198,-0.140348,-0.140862,-0.14176,-0.142618,-0.143461,-0.143982,-0.144923,-0.145578,-0.14624,-0.147168,-0.148063,-0.14927,-0.150184,-0.151014,-0.151849,-0.152624,-0.15347,-0.154292,-0.154989,-0.155838,-0.156484,-0.156658,-0.15746,-0.158082,-0.158603,-0.159244,-0.159482,-0.159912,-0.160799,-0.161385,-0.162222,-0.162763,-0.163616,-0.164607,-0.165111,-0.165736,-0.166101,-0.166729,-0.167171,-0.167535,-0.167903,-0.167938,-0.168439,-0.168771,-0.168911,-0.169029,-0.169068,-0.169218,-0.169747,-0.170073,-0.170306,-0.170749,-0.170607,-0.170805,-0.170816,-0.171106,-0.171571,-0.171955,-0.172237,-0.172499,-0.172404,-0.172373,-0.172736,-0.173699,-0.174122,-0.174661,-0.175419,-0.176179,-0.177048,-0.177635,-0.178409,-0.179102,-0.179862,-0.180874,-0.181688,-0.182453,-0.183239,-0.183947,-0.184693,-0.18549,-0.185982,-0.186769,-0.187206,-0.187391,-0.187816,-0.188376,-0.189033,-0.18966,-0.189903,-0.190416,-0.191057,-0.191718,-0.192055,-0.192701,-0.193832,-0.194268,-0.194863,-0.195664,-0.196157,-0.196674,-0.197324,-0.196982,nan,nan,nan,nan,nan,nan,nan,nan,nan,nan,nan,nan,nan,nan,nan,nan,nan,
nan,nan,nan,nan,nan,nan,nan,nan,nan,nan,nan,nan,nan,nan,-0.138146,-0.13949,-0.140654,-0.14151,-0.142257,-0.143208,-0.144034,-0.144887,-0.145427,-0.146408,-0.147099,-0.148022,-0.14876,-0.14968,-0.150892,-0.151438,-0.152141,-0.153001,-0.153899,-0.154774,-0.155235,-0.156227,-0.156681,-0.157099,-0.157627,-0.158094,-0.158621,-0.158939,-0.159452,-0.16049,-0.161287,-0.162037,-0.162842,-0.163613,-0.164535,-0.16515,-0.165662,-0.166158,-0.166802,-0.167231,-0.167442,-0.167834,-0.167546,-0.168162,-0.168579,-0.168422,-0.168549,-0.169004,-0.169071,-0.169413,-0.169869,-0.170084,-0.170402,-0.170744,-0.170607,-0.170561,-0.17096,-0.171428,-0.171798,-0.17215,-0.172426,-0.172469,-0.172616,-0.172942,-0.173598,-0.174043,-0.174732,-0.175452,-0.176175,-0.177157,-0.177734,-0.178248,-0.179097,-0.179922,-0.180685,-0.18151,-0.182444,-0.183095,-0.183878,-0.184875,-0.185781,-0.186354,-0.186781,-0.187333,-0.18775,-0.188117,-0.188698,-0.189187,-0.189629,-0.189857,-0.190237,-0.190989,-0.191611,-0.192028,-0.192706,-0.193419,-0.194456,-0.194991,-0.195576,-0.195874,-0.19637,-0.196882,-0.196661,nan,nan,nan,nan,nan,nan,nan,nan,nan,nan,nan,nan,nan,nan,nan,nan,nan,
nan,nan,nan,nan,nan,nan,nan,nan,nan,nan,nan,nan,nan,nan,-0.137448,-0.138928,-0.140069,-0.140905,-0.141859,-0.142787,-0.143614,-0.144559,-0.145231,-0.146212,-0.147287,-0.148036,-0.148883,-0.149554,-0.150629,-0.150956,-0.151621,-0.152721,-0.153642,-0.154281,-0.154985,-0.155768,-0.156328,-0.156752,-0.157101,-0.157645,-0.158226,-0.15874,-0.159362,-0.160166,-0.161126,-0.161851,-0.162595,-0.163451,-0.164279,-0.16497,-0.165448,-0.166123,-0.166837,-0.167336,-0.167793,-0.168156,-0.167895,-0.168052,-0.168392,-0.168527,-0.168509,-0.168668,-0.169006,-0.169221,-0.169615,-0.169789,-0.170186,-0.170502,-0.170383,-0.17062,-0.171087,-0.171317,-0.171303,-0.171959,-0.172443,-0.172397,-0.172676,-0.173261,-0.173688,-0.1739,-0.174718,-0.175561,-0.176127,-0.176702,-0.177298,-0.178262,-0.178881,-0.179602,-0.180518,-0.181549,-0.182334,-0.183058,-0.183942,-0.184942,-0.185784,-0.186256,-0.186807,-0.18723,-0.187901,-0.188537,-0.189008,-0.189196,-0.189667,-0.189869,-0.190252,-0.19094,-0.191395,-0.192071,-0.19302,-0.193389,-0.194116,-0.194526,-0.195142,-0.195844,-0.196595,-0.196623,-0.196103,nan,nan,nan,nan,nan,nan,nan,nan,nan,nan,nan,nan,nan,nan,nan,nan,nan,
nan,nan,nan,nan,nan,nan,nan,nan,nan,nan,nan,nan,nan,nan,-0.137939,-0.139309,-0.139836,-0.140341,-0.141514,-0.142514,-0.143341,-0.144406,-0.145257,-0.146075,-0.14719,-0.148008,-0.149015,-0.149686,-0.150457,-0.150838,-0.151537,-0.152379,-0.153183,-0.153862,-0.154537,-0.155328,-0.155826,-0.156215,-0.156867,-0.157489,-0.158091,-0.158516,-0.159515,-0.160139,-0.160785,-0.161603,-0.162579,-0.163441,-0.16421,-0.164942,-0.165595,-0.166005,-0.166547,-0.166958,-0.167542,-0.168052,-0.168248,-0.168298,-0.168352,-0.168611,-0.168611,-0.16855,-0.168984,-0.169199,-0.169315,-0.169372,-0.169936,-0.170173,-0.170245,-0.170511,-0.17076,-0.171218,-0.171221,-0.171769,-0.17212,-0.17248,-0.172859,-0.173475,-0.173873,-0.174112,-0.174618,-0.17547,-0.176206,-0.176776,-0.177223,-0.178111,-0.178604,-0.179278,-0.180231,-0.181122,-0.18196,-0.183038,-0.184235,-0.184979,-0.185549,-0.186175,-0.186963,-0.187009,-0.187895,-0.188751,-0.189124,-0.189397,-0.189765,-0.190282,-0.190316,-0.190789,-0.191241,-0.191606,-0.19275,-0.193402,-0.194276,-0.194777,-0.195533,-0.196179,-0.196982,-0.197461,-0.197387,nan,nan,nan,nan,nan,nan,nan,nan,nan,nan,nan,nan,nan,nan,nan,nan,nan,
nan,nan,nan,nan,nan,nan,nan,nan,nan,nan,nan,nan,nan,nan,-0.137368,-0.138704,-0.13969,-0.140637,-0.141206,-0.142098,-0.142941,-0.143877,-0.145158,-0.145956,-0.146825,-0.147815,-0.14871,-0.149156,-0.150222,-0.150634,-0.151431,-0.152273,-0.152969,-0.153427,-0.154221,-0.154799,-0.155514,-0.15596,-0.156543,-0.157188,-0.15772,-0.15838,-0.159162,-0.160078,-0.160737,-0.161473,-0.162433,-0.163181,-0.163979,-0.164787,-0.165401,-0.165754,-0.166215,-0.16693,-0.167286,-0.167869,-0.168212,-0.168173,-0.168343,-0.168475,-0.168467,-0.168567,-0.168804,-0.169088,-0.169292,-0.169291,-0.16955,-0.16982,-0.170078,-0.17043,-0.170806,-0.170977,-0.171257,-0.171659,-0.172079,-0.172603,-0.173047,-0.173488,-0.173771,-0.174332,-0.174879,-0.175255,-0.176559,-0.177107,-0.177378,-0.178154,-0.178741,-0.179526,-0.180288,-0.181137,-0.182118,-0.183131,-0.184081,-0.18497,-0.185442,-0.185968,-0.186657,-0.187173,-0.187659,-0.188279,-0.188767,-0.189634,-0.190094,-0.190148,-0.190128,-0.190554,-0.191094,-0.191689,-0.192735,-0.193315,-0.194624,-0.195267,-0.195813,-0.196658,-0.197256,-0.197649,-0.198424,nan,nan,nan,nan,nan,nan,nan,nan,nan,nan,nan,nan,nan,nan,nan,nan,nan,
nan,nan,nan,nan,nan,nan,nan,nan,nan,nan,nan,nan,nan,nan,-0.137382,-0.138566,-0.139418,-0.140411,-0.141306,-0.1421,-0.142745,-0.143512,-0.144488,-0.145574,-0.146553,-0.147415,-0.14834,-0.148977,-0.149794,-0.150349,-0.151276,-0.152115,-0.152772,-0.153204,-0.154109,-0.154467,-0.155166,-0.155848,-0.156419,-0.157178,-0.157626,-0.158343,-0.159216,-0.159885,-0.160721,-0.161579,-0.162372,-0.162944,-0.16379,-0.16453,-0.165074,-0.165649,-0.166339,-0.167258,-0.167589,-0.16796,-0.168224,-0.168109,-0.168056,-0.168292,-0.168159,-0.168347,-0.168798,-0.169107,-0.169431,-0.169544,-0.169384,-0.169449,-0.169787,-0.170193,-0.170777,-0.171034,-0.171247,-0.171778,-0.172117,-0.172089,-0.172778,-0.173496,-0.173857,-0.174371,-0.175032,-0.175333,-0.176154,-0.176571,-0.177497,-0.178318,-0.179128,-0.179843,-0.18048,-0.181345,-0.182301,-0.183205,-0.183844,-0.184507,-0.185059,-0.185705,-0.186656,-0.187308,-0.187846,-0.188093,-0.188624,-0.189188,-0.189883,-0.190045,-0.190386,-0.190806,-0.191586,-0.19216,-0.192701,-0.193584,-0.194269,-0.195352,-0.195822,-0.196535,-0.197473,-0.197889,-0.198332,nan,nan,nan,nan,nan,nan,nan,nan,nan,nan,nan,nan,nan,nan,nan,nan,nan,
nan,nan,nan,nan,nan,nan,nan,nan,nan,nan,nan,nan,nan,nan,-0.137776,-0.138602,-0.139367,-0.14006,-0.141068,-0.141949,-0.142854,-0.143846,-0.144632,-0.145372,-0.146335,-0.147289,-0.148037,-0.149145,-0.149708,-0.150268,-0.151095,-0.151727,-0.152382,-0.152931,-0.153747,-0.154209,-0.155046,-0.155435,-0.156199,-0.157072,-0.157733,-0.158306,-0.159211,-0.159874,-0.160632,-0.161696,-0.162567,-0.163158,-0.163936,-0.164384,-0.165098,-0.165748,-0.166042,-0.166873,-0.167307,-0.167424,-0.167492,-0.167583,-0.167554,-0.16777,-0.167628,-0.167926,-0.168615,-0.168902,-0.169057,-0.169278,-0.169447,-0.169444,-0.16972,-0.17014,-0.170568,-0.171033,-0.171223,-0.171623,-0.17187,-0.172055,-0.172484,-0.173175,-0.173672,-0.174266,-0.175011,-0.175302,-0.17592,-0.176409,-0.177433,-0.178483,-0.179265,-0.180023,-0.180688,-0.18145,-0.182027,-0.182932,-0.183596,-0.184085,-0.185012,-0.185661,-0.186651,-0.187419,-0.187618,-0.188066,-0.188799,-0.189415,-0.189858,-0.190232,-0.190721,-0.191115,-0.191942,-0.192518,-0.193078,-0.193708,-0.194488,-0.195223,-0.19582,-0.196759,-0.197982,-0.199285,-0.19974,nan,nan,nan,nan,nan,nan,nan,nan,nan,nan,nan,nan,nan,nan,nan,nan,nan,
nan,nan,nan,nan,nan,nan,nan,nan,nan,nan,nan,nan,nan,nan,-0.138262,-0.138928,-0.139316,-0.139912,-0.140785,-0.141872,-0.142804,-0.143751,-0.144566,-0.145256,-0.146004,-0.147047,-0.147765,-0.148653,-0.149482,-0.15,-0.150693,-0.151402,-0.152067,-0.152792,-0.153172,-0.1537,-0.15459,-0.155028,-0.155795,-0.156965,-0.157734,-0.158329,-0.159111,-0.159951,-0.160817,-0.161807,-0.162282,-0.163149,-0.16392,-0.16426,-0.165083,-0.165626,-0.165745,-0.166387,-0.167026,-0.167082,-0.16705,-0.167275,-0.167341,-0.167373,-0.167419,-0.167546,-0.168123,-0.168676,-0.16853,-0.168911,-0.169362,-0.169558,-0.169878,-0.170112,-0.170714,-0.17101,-0.171093,-0.171436,-0.171847,-0.17215,-0.172562,-0.172953,-0.173466,-0.173886,-0.17469,-0.175295,-0.175805,-0.176552,-0.177395,-0.178294,-0.179214,-0.180049,-0.180876,-0.181659,-0.182097,-0.182808,-0.183517,-0.184109,-0.184862,-0.185548,-0.186388,-0.187304,-0.187486,-0.187895,-0.188509,-0.18938,-0.189902,-0.190471,-0.190633,-0.191001,-0.191929,-0.192636,-0.193424,-0.193962,-0.194592,-0.195369,-0.196407,-0.197205,-0.198745,-0.200012,-0.200117,nan,nan,nan,nan,nan,nan,nan,nan,nan,nan,nan,nan,nan,nan,nan,nan,nan,
nan,nan,nan,nan,nan,nan,nan,nan,nan,nan,nan,nan,nan,nan,-0.137471,-0.138207,-0.138707,-0.139538,-0.140261,-0.141474,-0.142273,-0.143239,-0.144181,-0.144673,-0.145324,-0.146513,-0.147282,-0.148167,-0.148963,-0.149464,-0.150181,-0.151026,-0.151811,-0.152624,-0.152875,-0.153482,-0.154213,-0.154831,-0.155492,-0.156594,-0.157371,-0.158091,-0.159289,-0.159835,-0.160663,-0.1619,-0.162189,-0.162969,-0.163949,-0.164427,-0.165102,-0.165276,-0.165787,-0.166421,-0.16654,-0.166612,-0.166812,-0.166988,-0.1672,-0.167267,-0.167291,-0.167398,-0.167811,-0.16822,-0.168321,-0.168412,-0.168975,-0.169528,-0.169897,-0.17015,-0.17063,-0.170709,-0.170843,-0.171263,-0.171848,-0.172301,-0.172772,-0.173159,-0.173663,-0.174149,-0.17477,-0.175354,-0.175764,-0.17638,-0.17739,-0.178387,-0.17928,-0.179872,-0.180856,-0.181518,-0.182152,-0.182852,-0.183407,-0.184194,-0.184701,-0.185513,-0.186323,-0.186837,-0.187421,-0.187707,-0.188367,-0.189149,-0.190051,-0.190287,-0.190679,-0.191363,-0.191677,-0.192445,-0.193164,-0.194025,-0.194786,-0.19543,-0.19648,-0.19709,-0.198731,-0.200126,-0.200115,nan,nan,nan,nan,nan,nan,nan,nan,nan,nan,nan,nan,nan,nan,nan,nan,nan,
nan,nan,nan,nan,nan,nan,nan,nan,nan,nan,nan,nan,nan,nan,-0.136564,-0.137411,-0.137956,-0.138953,-0.139934,-0.1408,-0.141822,-0.142484,-0.143504,-0.144226,-0.144912,-0.146136,-0.146791,-0.147622,-0.148699,-0.149132,-0.149964,-0.15096,-0.151576,-0.152227,-0.152819,-0.153273,-0.154001,-0.154681,-0.155262,-0.1564,-0.157316,-0.158127,-0.159212,-0.159945,-0.16045,-0.16179,-0.162369,-0.16298,-0.163951,-0.164438,-0.165053,-0.165209,-0.165598,-0.16594,-0.165966,-0.166022,-0.166267,-0.166561,-0.166554,-0.166691,-0.166738,-0.167205,-0.167576,-0.167633,-0.168011,-0.168134,-0.168738,-0.169127,-0.169491,-0.170013,-0.170269,-0.170469,-0.170827,-0.171154,-0.171509,-0.172308,-0.172863,-0.173313,-0.173491,-0.174159,-0.174777,-0.175131,-0.175568,-0.176363,-0.177298,-0.178242,-0.179076,-0.179704,-0.180668,-0.181216,-0.182271,-0.182719,-0.183199,-0.184071,-0.184726,-0.185433,-0.185943,-0.186574,-0.187228,-0.187576,-0.188494,-0.189075,-0.189717,-0.190329,-0.190899,-0.191437,-0.192128,-0.192521,-0.193326,-0.194166,-0.19484,-0.195637,-0.196265,-0.197121,-0.198733,-0.199876,-0.199616,nan,nan,nan,nan,nan,nan,nan,nan,nan,nan,nan,nan,nan,nan,nan,nan,nan,
nan,nan,nan,nan,nan,nan,nan,nan,nan,nan,nan,nan,nan,nan,-0.135618,-0.136423,-0.137405,-0.138384,-0.139312,-0.140438,-0.141261,-0.141897,-0.142652,-0.143541,-0.144526,-0.145423,-0.146348,-0.147199,-0.148169,-0.149014,-0.149456,-0.150498,-0.151246,-0.151981,-0.152715,-0.152991,-0.153751,-0.154779,-0.155257,-0.156398,-0.157539,-0.158284,-0.158979,-0.159804,-0.160448,-0.161346,-0.162061,-0.162895,-0.163584,-0.164282,-0.164784,-0.165073,-0.165291,-0.165447,-0.16557,-0.165786,-0.165626,-0.165872,-0.165879,-0.166106,-0.166139,-0.16659,-0.167211,-0.167257,-0.167405,-0.167948,-0.168374,-0.168774,-0.169406,-0.169854,-0.170184,-0.170416,-0.170942,-0.171084,-0.171381,-0.171922,-0.172514,-0.17296,-0.173436,-0.17388,-0.174659,-0.17508,-0.175542,-0.176475,-0.177131,-0.177943,-0.17884,-0.179533,-0.180292,-0.181091,-0.182104,-0.182741,-0.183083,-0.183995,-0.184951,-0.185405,-0.185772,-0.186752,-0.187276,-0.187913,-0.188559,-0.189071,-0.189831,-0.190152,-0.190799,-0.19146,-0.192329,-0.19263,-0.193456,-0.194417,-0.1948,-0.195994,-0.197137,-0.197582,-0.199196,-0.199907,-0.199566,nan,nan,nan,nan,nan,nan,nan,nan,nan,nan,nan,nan,nan,nan,nan,nan,nan,
nan,nan,nan,nan,nan,nan,nan,nan,nan,nan,nan,nan,nan,nan,-0.135166,-0.136091,-0.136987,-0.13779,-0.138802,-0.139806,-0.140632,-0.141173,-0.142123,-0.142974,-0.143905,-0.145008,-0.145807,-0.146581,-0.147785,-0.148589,-0.149152,-0.149998,-0.150894,-0.151577,-0.152443,-0.15275,-0.153529,-0.154576,-0.155273,-0.156205,-0.157151,-0.157919,-0.158686,-0.159305,-0.160141,-0.161027,-0.16184,-0.162525,-0.163324,-0.163975,-0.164255,-0.164585,-0.164954,-0.165069,-0.165024,-0.165201,-0.165247,-0.165306,-0.165378,-0.165654,-0.165786,-0.166131,-0.166538,-0.166785,-0.166915,-0.167284,-0.167697,-0.168296,-0.168916,-0.169527,-0.170128,-0.170362,-0.170912,-0.171121,-0.171171,-0.171439,-0.172116,-0.172868,-0.173426,-0.173755,-0.174438,-0.175125,-0.175829,-0.176575,-0.176989,-0.177837,-0.178562,-0.179198,-0.18025,-0.181177,-0.181776,-0.182505,-0.183011,-0.183416,-0.184479,-0.185326,-0.185811,-0.18672,-0.187175,-0.187672,-0.188672,-0.18911,-0.189553,-0.18987,-0.190463,-0.191556,-0.19227,-0.192925,-0.193459,-0.194455,-0.195454,-0.196554,-0.197007,-0.197895,-0.199244,-0.200657,-0.201493,nan,nan,nan,nan,nan,nan,nan,nan,nan,nan,nan,nan,nan,nan,nan,nan,nan,
nan,nan,nan,nan,nan,nan,nan,nan,nan,nan,nan,nan,nan,nan,-0.134582,-0.135603,-0.136276,-0.137027,-0.137942,-0.138971,-0.139702,-0.140695,-0.141611,-0.142513,-0.143755,-0.144665,-0.14549,-0.146566,-0.147341,-0.147794,-0.149052,-0.149687,-0.150477,-0.151335,-0.151943,-0.152515,-0.153228,-0.154017,-0.155072,-0.156018,-0.156938,-0.157725,-0.158648,-0.159228,-0.159902,-0.160789,-0.161652,-0.162387,-0.162893,-0.163376,-0.163682,-0.163959,-0.164409,-0.164604,-0.164324,-0.164551,-0.164818,-0.164645,-0.16477,-0.165087,-0.165401,-0.165874,-0.166086,-0.16643,-0.166824,-0.166931,-0.167193,-0.167754,-0.168327,-0.16892,-0.16966,-0.170138,-0.170651,-0.170596,-0.170608,-0.171017,-0.171918,-0.172668,-0.17337,-0.17377,-0.174189,-0.174717,-0.175424,-0.176141,-0.177013,-0.177346,-0.178361,-0.179149,-0.180271,-0.180899,-0.181437,-0.182017,-0.182749,-0.183296,-0.184113,-0.185168,-0.185724,-0.186249,-0.18686,-0.187238,-0.187988,-0.188742,-0.18935,-0.18971,-0.190462,-0.19147,-0.192119,-0.192829,-0.193777,-0.194785,-0.195534,-0.19647,-0.196874,-0.198077,-0.199355,-0.200484,-0.201605,nan,nan,nan,nan,nan,nan,nan,nan,nan,nan,nan,nan,nan,nan,nan,nan,nan,
nan,nan,nan,nan,nan,nan,nan,nan,nan,nan,nan,nan,nan,nan,-0.13397,-0.134738,-0.135606,-0.136554,-0.137247,-0.138376,-0.139131,-0.139898,-0.14098,-0.142094,-0.143384,-0.144157,-0.145191,-0.145992,-0.146521,-0.14727,-0.148518,-0.14917,-0.14954,-0.150715,-0.151683,-0.152383,-0.153167,-0.153854,-0.154721,-0.155873,-0.156638,-0.157629,-0.158631,-0.159149,-0.159951,-0.160401,-0.161166,-0.161817,-0.162248,-0.162872,-0.163259,-0.163554,-0.163788,-0.163998,-0.16411,-0.16413,-0.164197,-0.163951,-0.164256,-0.164599,-0.16494,-0.165516,-0.165818,-0.165984,-0.166264,-0.166528,-0.166784,-0.167548,-0.168167,-0.168765,-0.169236,-0.169579,-0.170387,-0.170551,-0.170774,-0.171093,-0.171627,-0.17207,-0.172931,-0.173398,-0.17374,-0.174447,-0.174828,-0.175825,-0.176958,-0.177431,-0.178246,-0.179321,-0.180015,-0.180965,-0.181559,-0.181809,-0.182535,-0.183122,-0.184017,-0.185001,-0.18566,-0.186324,-0.187022,-0.187499,-0.187717,-0.188699,-0.189388,-0.190253,-0.190879,-0.191491,-0.192393,-0.192661,-0.193465,-0.194666,-0.195505,-0.196184,-0.197445,-0.198333,-0.199869,-0.200762,-0.201145,nan,nan,nan,nan,nan,nan,nan,nan,nan,nan,nan,nan,nan,nan,nan,nan,nan,
nan,nan,nan,nan,nan,nan,nan,nan,nan,nan,nan,nan,nan,nan,-0.133555,-0.134378,-0.135146,-0.135881,-0.136959,-0.137867,-0.138591,-0.139387,-0.140252,-0.141664,-0.142784,-0.143736,-0.144632,-0.145404,-0.145849,-0.146947,-0.147958,-0.148789,-0.14964,-0.150308,-0.151187,-0.15236,-0.153224,-0.153844,-0.154601,-0.155693,-0.156341,-0.157447,-0.15821,-0.158752,-0.159664,-0.160139,-0.160765,-0.161316,-0.161816,-0.162354,-0.162667,-0.162921,-0.163267,-0.16336,-0.163406,-0.163455,-0.16371,-0.16345,-0.16363,-0.164213,-0.164533,-0.164957,-0.165328,-0.165414,-0.165789,-0.165899,-0.166469,-0.167272,-0.16775,-0.168234,-0.168847,-0.169345,-0.169917,-0.170091,-0.170293,-0.170864,-0.171326,-0.171784,-0.172373,-0.172903,-0.173408,-0.174156,-0.17497,-0.175972,-0.17694,-0.177596,-0.178286,-0.179338,-0.180124,-0.181033,-0.182053,-0.182026,-0.18218,-0.183129,-0.18412,-0.184908,-0.185531,-0.18631,-0.186649,-0.187345,-0.187806,-0.188768,-0.189747,-0.190486,-0.19086,-0.191469,-0.192296,-0.192665,-0.193188,-0.194163,-0.195086,-0.196188,-0.197069,-0.198303,-0.199649,-0.20066,-0.201416,nan,nan,nan,nan,nan,nan,nan,nan,nan,nan,nan,nan,nan,nan,nan,nan,nan,
nan,nan,nan,nan,nan,nan,nan,nan,nan,nan,nan,nan,nan,nan,-0.132712,-0.133771,-0.134611,-0.135504,-0.136491,-0.137279,-0.138005,-0.138897,-0.139786,-0.140994,-0.141992,-0.143049,-0.143828,-0.144826,-0.145636,-0.14669,-0.147527,-0.148254,-0.148936,-0.150177,-0.151096,-0.151968,-0.152809,-0.153451,-0.15435,-0.155163,-0.156128,-0.157117,-0.157598,-0.158289,-0.159262,-0.159835,-0.160394,-0.160988,-0.161255,-0.161976,-0.162301,-0.162458,-0.162791,-0.162675,-0.162747,-0.162757,-0.163073,-0.163088,-0.163163,-0.163836,-0.163871,-0.164235,-0.164622,-0.165032,-0.165597,-0.165595,-0.166138,-0.16681,-0.167352,-0.168035,-0.168599,-0.169106,-0.169314,-0.169614,-0.169824,-0.170329,-0.171069,-0.171541,-0.172059,-0.172656,-0.172944,-0.173713,-0.174528,-0.1756,-0.176762,-0.177562,-0.178118,-0.179293,-0.180078,-0.180845,-0.181632,-0.182407,-0.182665,-0.183,-0.183897,-0.184932,-0.185802,-0.186211,-0.186736,-0.187704,-0.188412,-0.189094,-0.189715,-0.190122,-0.190736,-0.191759,-0.19224,-0.1927,-0.193391,-0.194301,-0.195131,-0.195834,-0.19679,-0.198098,-0.199391,-0.200656,-0.201305,nan,nan,nan,nan,nan,nan,nan,nan,nan,nan,nan,nan,nan,nan,nan,nan,nan,
nan,nan,nan,nan,nan,nan,nan,nan,nan,nan,nan,nan,nan,nan,-0.132142,-0.133048,-0.134012,-0.13504,-0.135835,-0.136845,-0.137602,-0.138645,-0.139109,-0.140108,-0.141102,-0.142382,-0.143562,-0.144098,-0.145169,-0.146345,-0.147294,-0.147778,-0.148998,-0.149925,-0.15057,-0.151747,-0.152294,-0.152954,-0.153769,-0.154826,-0.155669,-0.156533,-0.157089,-0.15771,-0.158939,-0.159486,-0.159901,-0.16056,-0.160981,-0.161502,-0.161819,-0.16217,-0.162223,-0.162052,-0.162428,-0.162552,-0.16258,-0.162722,-0.162867,-0.162962,-0.163096,-0.163559,-0.164147,-0.164669,-0.164988,-0.165104,-0.165553,-0.166323,-0.167063,-0.16797,-0.168503,-0.168666,-0.168996,-0.169528,-0.17006,-0.170357,-0.170811,-0.17117,-0.171345,-0.172115,-0.172644,-0.173682,-0.174518,-0.175384,-0.176415,-0.177403,-0.178307,-0.179355,-0.179994,-0.181117,-0.181748,-0.182171,-0.182959,-0.183367,-0.183969,-0.184667,-0.185615,-0.186396,-0.187008,-0.187936,-0.188906,-0.189217,-0.189579,-0.190115,-0.190556,-0.191703,-0.192088,-0.192707,-0.19358,-0.19419,-0.19501,-0.195646,-0.196687,-0.197796,-0.198968,-0.200395,-0.201204,nan,nan,nan,nan,nan,nan,nan,nan,nan,nan,nan,nan,nan,nan,nan,nan,nan,
nan,nan,nan,nan,nan,nan,nan,nan,nan,nan,nan,nan,nan,nan,-0.131795,-0.13293,-0.133613,-0.134489,-0.135257,-0.135981,-0.136964,-0.137979,-0.138338,-0.139355,-0.14051,-0.141792,-0.142854,-0.143854,-0.145067,-0.145977,-0.146668,-0.147322,-0.148703,-0.149616,-0.150525,-0.151141,-0.151725,-0.15242,-0.153443,-0.15434,-0.155197,-0.156039,-0.156696,-0.157493,-0.1584,-0.159058,-0.159483,-0.160036,-0.160551,-0.161041,-0.161333,-0.161264,-0.161531,-0.161721,-0.161681,-0.161904,-0.161811,-0.161898,-0.161984,-0.162231,-0.162586,-0.163078,-0.163572,-0.164394,-0.164808,-0.165042,-0.165368,-0.165993,-0.166738,-0.167424,-0.167963,-0.168309,-0.168652,-0.169318,-0.169727,-0.170064,-0.170441,-0.170911,-0.17162,-0.172081,-0.1726,-0.173583,-0.17449,-0.175299,-0.176316,-0.177249,-0.178231,-0.179145,-0.180226,-0.180947,-0.181611,-0.182241,-0.182863,-0.183651,-0.184242,-0.184946,-0.185669,-0.186291,-0.186961,-0.188014,-0.188458,-0.188977,-0.189465,-0.189955,-0.190727,-0.191381,-0.192029,-0.192953,-0.193522,-0.193982,-0.19477,-0.195378,-0.196164,-0.197371,-0.1987,-0.200061,-0.201341,nan,nan,nan,nan,nan,nan,nan,nan,nan,nan,nan,nan,nan,nan,nan,nan,nan,
nan,nan,nan,nan,nan,nan,nan,nan,nan,nan,nan,nan,nan,nan,-0.131555,-0.1324,-0.133112,-0.133802,-0.134412,-0.135377,-0.136315,-0.137091,-0.137865,-0.138789,-0.140123,-0.140963,-0.142072,-0.143477,-0.14457,-0.145369,-0.146256,-0.146907,-0.147946,-0.149291,-0.150169,-0.150645,-0.151504,-0.152038,-0.153069,-0.153765,-0.154637,-0.155436,-0.156353,-0.156897,-0.157656,-0.158484,-0.158842,-0.159349,-0.159941,-0.160663,-0.160865,-0.160855,-0.161064,-0.161302,-0.16138,-0.161549,-0.161517,-0.161639,-0.16176,-0.162059,-0.162329,-0.162812,-0.163393,-0.163989,-0.164709,-0.165069,-0.165262,-0.165562,-0.166347,-0.167101,-0.167777,-0.167953,-0.16813,-0.169063,-0.169373,-0.169765,-0.170237,-0.170629,-0.171779,-0.172209,-0.172761,-0.173519,-0.174346,-0.17515,-0.17616,-0.177079,-0.177956,-0.179305,-0.180162,-0.180705,-0.181558,-0.182145,-0.182825,-0.183791,-0.184253,-0.185291,-0.185778,-0.186426,-0.187409,-0.188149,-0.188517,-0.189164,-0.189617,-0.189931,-0.190562,-0.191246,-0.19175,-0.192596,-0.193278,-0.193461,-0.194121,-0.195303,-0.196185,-0.197455,-0.198738,-0.199858,-0.200896,nan,nan,nan,nan,nan,nan,nan,nan,nan,nan,nan,nan,nan,nan,nan,nan,nan,
nan,nan,nan,nan,nan,nan,nan,nan,nan,nan,nan,nan,nan,nan,-0.131017,-0.131713,-0.13224,-0.132914,-0.133721,-0.134552,-0.135737,-0.136272,-0.137175,-0.137926,-0.139233,-0.140361,-0.141216,-0.142566,-0.143863,-0.144782,-0.14568,-0.146152,-0.147393,-0.148841,-0.149555,-0.150213,-0.151154,-0.151657,-0.152438,-0.153418,-0.15426,-0.154726,-0.155597,-0.156435,-0.157127,-0.157754,-0.158174,-0.159086,-0.159728,-0.160134,-0.160343,-0.160399,-0.160504,-0.160884,-0.161073,-0.161264,-0.161495,-0.161514,-0.161864,-0.161964,-0.162177,-0.162557,-0.163353,-0.163575,-0.164241,-0.164707,-0.165088,-0.165368,-0.166208,-0.167097,-0.16757,-0.16756,-0.167992,-0.168634,-0.169217,-0.169545,-0.170289,-0.170851,-0.171419,-0.172169,-0.173071,-0.173622,-0.17411,-0.175018,-0.17587,-0.17705,-0.178117,-0.179186,-0.179878,-0.180609,-0.181402,-0.182132,-0.183011,-0.184002,-0.184431,-0.185174,-0.185613,-0.186496,-0.187331,-0.187961,-0.18879,-0.189287,-0.189982,-0.190313,-0.190735,-0.191578,-0.191895,-0.192703,-0.193333,-0.193869,-0.19426,-0.194846,-0.195799,-0.196941,-0.198135,-0.199237,-0.199927,nan,nan,nan,nan,nan,nan,nan,nan,nan,nan,nan,nan,nan,nan,nan,nan,nan,
nan,nan,nan,nan,nan,nan,nan,nan,nan,nan,nan,nan,nan,nan,-0.129902,-0.130707,-0.13144,-0.13205,-0.132915,-0.134025,-0.134798,-0.135534,-0.136358,-0.137294,-0.138376,-0.139634,-0.140677,-0.141832,-0.143087,-0.144066,-0.145288,-0.145863,-0.146673,-0.148075,-0.149189,-0.150037,-0.150603,-0.151186,-0.152091,-0.153034,-0.153654,-0.154254,-0.154861,-0.155804,-0.156531,-0.157167,-0.157514,-0.158232,-0.159224,-0.159624,-0.159844,-0.159776,-0.160012,-0.160238,-0.160285,-0.160405,-0.160718,-0.160815,-0.161569,-0.16195,-0.162217,-0.162511,-0.16304,-0.163415,-0.164048,-0.16438,-0.16502,-0.16549,-0.166,-0.166768,-0.167115,-0.167639,-0.167909,-0.168113,-0.168764,-0.169235,-0.170353,-0.171212,-0.17167,-0.172207,-0.17274,-0.173355,-0.174107,-0.17502,-0.175861,-0.17711,-0.178259,-0.178829,-0.179846,-0.180627,-0.181407,-0.182186,-0.182944,-0.183725,-0.184276,-0.185272,-0.185775,-0.186436,-0.187284,-0.187899,-0.188862,-0.189511,-0.189874,-0.19071,-0.191119,-0.191671,-0.192407,-0.193038,-0.19371,-0.194367,-0.194701,-0.195125,-0.196013,-0.196942,-0.197817,-0.198416,-0.199267,nan,nan,nan,nan,nan,nan,nan,nan,nan,nan,nan,nan,nan,nan,nan,nan,nan,
nan,nan,nan,nan,nan,nan,nan,nan,nan,nan,nan,nan,nan,nan,-0.129054,-0.129841,-0.13052,-0.131236,-0.132182,-0.133418,-0.134074,-0.134577,-0.13566,-0.136483,-0.137365,-0.138959,-0.139959,-0.141138,-0.142485,-0.14325,-0.144333,-0.145434,-0.14614,-0.1473,-0.148465,-0.149183,-0.14998,-0.150743,-0.151658,-0.152562,-0.153119,-0.15378,-0.154315,-0.154929,-0.155875,-0.156565,-0.156714,-0.157356,-0.158088,-0.158786,-0.159279,-0.159284,-0.159448,-0.159635,-0.159907,-0.159888,-0.160082,-0.160644,-0.161241,-0.161701,-0.161803,-0.162149,-0.162681,-0.163328,-0.163792,-0.164025,-0.164543,-0.165283,-0.165933,-0.16656,-0.167023,-0.167472,-0.167735,-0.167942,-0.168408,-0.169061,-0.170128,-0.170892,-0.171572,-0.17199,-0.172698,-0.173217,-0.173914,-0.175012,-0.175976,-0.177022,-0.178296,-0.178922,-0.179608,-0.180547,-0.181356,-0.181943,-0.18291,-0.183468,-0.184213,-0.185147,-0.185808,-0.186886,-0.187636,-0.188405,-0.189157,-0.189853,-0.190256,-0.190735,-0.191146,-0.19161,-0.192422,-0.19345,-0.194177,-0.194811,-0.1951,-0.195681,-0.196353,-0.197201,-0.19804,-0.198852,-0.199875,nan,nan,nan,nan,nan,nan,nan,nan,nan,nan,nan,nan,nan,nan,nan,nan,nan,
nan,nan,nan,nan,nan,nan,nan,nan,nan,nan,nan,nan,nan,nan,-0.128763,-0.129552,-0.129991,-0.130559,-0.131438,-0.132713,-0.13344,-0.133951,-0.134975,-0.135642,-0.136666,-0.137811,-0.138914,-0.140224,-0.141324,-0.14243,-0.143358,-0.144704,-0.145499,-0.146581,-0.147708,-0.148583,-0.149292,-0.150207,-0.151031,-0.151846,-0.152664,-0.153018,-0.153953,-0.154818,-0.155237,-0.155781,-0.15643,-0.157092,-0.157611,-0.157851,-0.158284,-0.158577,-0.158807,-0.159006,-0.159438,-0.159829,-0.159953,-0.160463,-0.160957,-0.16115,-0.161582,-0.161798,-0.162515,-0.163047,-0.163376,-0.163633,-0.164132,-0.164761,-0.165628,-0.166353,-0.167054,-0.167281,-0.167782,-0.167868,-0.168435,-0.169166,-0.169845,-0.170656,-0.171747,-0.172318,-0.172758,-0.173393,-0.174386,-0.175402,-0.176209,-0.177303,-0.178398,-0.179282,-0.179675,-0.180783,-0.181534,-0.182204,-0.183032,-0.183932,-0.184526,-0.185244,-0.185999,-0.187075,-0.187734,-0.188612,-0.189503,-0.19025,-0.190664,-0.190889,-0.19161,-0.192058,-0.192638,-0.193562,-0.194404,-0.195446,-0.195853,-0.195909,-0.196674,-0.197532,-0.198555,-0.199427,-0.200349,nan,nan,nan,nan,nan,nan,nan,nan,nan,nan,nan,nan,nan,nan,nan,nan,nan,
nan,nan,nan,nan,nan,nan,nan,nan,nan,nan,nan,nan,nan,nan,-0.128216,-0.128762,-0.129227,-0.130027,-0.130701,-0.131535,-0.132241,-0.133172,-0.134133,-0.135042,-0.135859,-0.136846,-0.13807,-0.139265,-0.140481,-0.141537,-0.142418,-0.143688,-0.14467,-0.145836,-0.146787,-0.147902,-0.148633,-0.149379,-0.150614,-0.151215,-0.15182,-0.152306,-0.15323,-0.15405,-0.154791,-0.155473,-0.155881,-0.156725,-0.157305,-0.157502,-0.157835,-0.158058,-0.158493,-0.158607,-0.158903,-0.159437,-0.159846,-0.159972,-0.160577,-0.160883,-0.161282,-0.161501,-0.162176,-0.16269,-0.162881,-0.16323,-0.164024,-0.164642,-0.165253,-0.165673,-0.166501,-0.166831,-0.167374,-0.167898,-0.16826,-0.168755,-0.16969,-0.170641,-0.171708,-0.172391,-0.172901,-0.173444,-0.174391,-0.175495,-0.176374,-0.177439,-0.178539,-0.17918,-0.180044,-0.181034,-0.181992,-0.182876,-0.183383,-0.183932,-0.184701,-0.185506,-0.186116,-0.187014,-0.187757,-0.188515,-0.18964,-0.19026,-0.190681,-0.191167,-0.191758,-0.192435,-0.193037,-0.193968,-0.195077,-0.195893,-0.196046,-0.196355,-0.197218,-0.198236,-0.199014,-0.199761,-0.200759,nan,nan,nan,nan,nan,nan,nan,nan,nan,nan,nan,nan,nan,nan,nan,nan,nan,
nan,nan,nan,nan,nan,nan,nan,nan,nan,nan,nan,nan,nan,nan,-0.126608,-0.127777,-0.128461,-0.128822,-0.129651,-0.130716,-0.131575,-0.132344,-0.133124,-0.13424,-0.134962,-0.135882,-0.137111,-0.137986,-0.139302,-0.140479,-0.141856,-0.142707,-0.143667,-0.144872,-0.145697,-0.147091,-0.147889,-0.148657,-0.14968,-0.150452,-0.151242,-0.151944,-0.152766,-0.15349,-0.154383,-0.15505,-0.155306,-0.156186,-0.156906,-0.157125,-0.157237,-0.157763,-0.158187,-0.158458,-0.158591,-0.159035,-0.159498,-0.159607,-0.160092,-0.160516,-0.160782,-0.161217,-0.161902,-0.1626,-0.162888,-0.163046,-0.16368,-0.164265,-0.164682,-0.165184,-0.165954,-0.166539,-0.166868,-0.167556,-0.168179,-0.168738,-0.169772,-0.170685,-0.17182,-0.1725,-0.173092,-0.173845,-0.174592,-0.175592,-0.176595,-0.177605,-0.178752,-0.179536,-0.180141,-0.180908,-0.181809,-0.182998,-0.183752,-0.184333,-0.185002,-0.18585,-0.186339,-0.187053,-0.188235,-0.188898,-0.189844,-0.190588,-0.191176,-0.191523,-0.192259,-0.192964,-0.193651,-0.194399,-0.19509,-0.195738,-0.195891,-0.19625,-0.197461,-0.198538,-0.199592,-0.200891,-0.201836,nan,nan,nan,nan,nan,nan,nan,nan,nan,nan,nan,nan,nan,nan,nan,nan,nan,
nan,nan,nan,nan,nan,nan,nan,nan,nan,nan,nan,nan,nan,nan,-0.125577,-0.126485,-0.127191,-0.128023,-0.12895,-0.13001,-0.130631,-0.131619,-0.132494,-0.133241,-0.134188,-0.134933,-0.136305,-0.137131,-0.138325,-0.139664,-0.140689,-0.141799,-0.142817,-0.14405,-0.145234,-0.145988,-0.146968,-0.147562,-0.14861,-0.149675,-0.15067,-0.151895,-0.152196,-0.152854,-0.153918,-0.154446,-0.155005,-0.155418,-0.156193,-0.156619,-0.156962,-0.157217,-0.157459,-0.158248,-0.158474,-0.158865,-0.15926,-0.159351,-0.159797,-0.160265,-0.160525,-0.160848,-0.161481,-0.162175,-0.162408,-0.162707,-0.16327,-0.163627,-0.163908,-0.16463,-0.165548,-0.166307,-0.166632,-0.167412,-0.168205,-0.168936,-0.169566,-0.170466,-0.171422,-0.172375,-0.173255,-0.174015,-0.174897,-0.175694,-0.176798,-0.177928,-0.17902,-0.179915,-0.180834,-0.181176,-0.181824,-0.182769,-0.183875,-0.1846,-0.18531,-0.186034,-0.186689,-0.187415,-0.18841,-0.189249,-0.189953,-0.190826,-0.19166,-0.192368,-0.192882,-0.193342,-0.194329,-0.194851,-0.195089,-0.195637,-0.196095,-0.197327,-0.198256,-0.199155,-0.200347,-0.201285,-0.202178,nan,nan,nan,nan,nan,nan,nan,nan,nan,nan,nan,nan,nan,nan,nan,nan,nan,
nan,nan,nan,nan,nan,nan,nan,nan,nan,nan,nan,nan,nan,nan,-0.12436,-0.124865,-0.125905,-0.126774,-0.127669,-0.128885,-0.129721,-0.130274,-0.131318,-0.132298,-0.133117,-0.134115,-0.135245,-0.13618,-0.137387,-0.138673,-0.139822,-0.141017,-0.142322,-0.143201,-0.143981,-0.144982,-0.145957,-0.146985,-0.147889,-0.148825,-0.149708,-0.151235,-0.151756,-0.152559,-0.15337,-0.154019,-0.154559,-0.155057,-0.155885,-0.156256,-0.156458,-0.156861,-0.157229,-0.157666,-0.158202,-0.158609,-0.158827,-0.158955,-0.15934,-0.159868,-0.160062,-0.160493,-0.161129,-0.161859,-0.16193,-0.162342,-0.162799,-0.163039,-0.163661,-0.164276,-0.165078,-0.165994,-0.166507,-0.167261,-0.168065,-0.168609,-0.169385,-0.170317,-0.171228,-0.172263,-0.173447,-0.17416,-0.175288,-0.176149,-0.17673,-0.178162,-0.179247,-0.180044,-0.18071,-0.181089,-0.181805,-0.182827,-0.183737,-0.184785,-0.185408,-0.186219,-0.186829,-0.187782,-0.18867,-0.189473,-0.190188,-0.19132,-0.192099,-0.192767,-0.193255,-0.19368,-0.194519,-0.195145,-0.195717,-0.195981,-0.196797,-0.198127,-0.19892,-0.20009,-0.200911,-0.201989,-0.203201,nan,nan,nan,nan,nan,nan,nan,nan,nan,nan,nan,nan,nan,nan,nan,nan,nan,
nan,nan,nan,nan,nan,nan,nan,nan,nan,nan,nan,nan,nan,nan,-0.123441,-0.123755,-0.124902,-0.125692,-0.126383,-0.127583,-0.128557,-0.129195,-0.130284,-0.131064,-0.13205,-0.133039,-0.134199,-0.135436,-0.136599,-0.137644,-0.138485,-0.140014,-0.141091,-0.142166,-0.143062,-0.144081,-0.144958,-0.145945,-0.147106,-0.147923,-0.149049,-0.150404,-0.151331,-0.15222,-0.153043,-0.1538,-0.15426,-0.154854,-0.155252,-0.155723,-0.156069,-0.15622,-0.15677,-0.157472,-0.157969,-0.158088,-0.158413,-0.158778,-0.158908,-0.159381,-0.159842,-0.160144,-0.160811,-0.161313,-0.161472,-0.16188,-0.162418,-0.162725,-0.163414,-0.163913,-0.164811,-0.165855,-0.166434,-0.167055,-0.167776,-0.168433,-0.16961,-0.170634,-0.171447,-0.172414,-0.173465,-0.174492,-0.175359,-0.176279,-0.177142,-0.17832,-0.179272,-0.180149,-0.180862,-0.181256,-0.181808,-0.182852,-0.184,-0.184556,-0.185402,-0.186478,-0.187251,-0.188261,-0.188981,-0.189893,-0.190488,-0.191538,-0.192491,-0.193107,-0.193693,-0.194441,-0.195071,-0.195604,-0.19605,-0.196876,-0.197915,-0.198871,-0.199808,-0.201087,-0.201888,-0.203021,-0.204254,nan,nan,nan,nan,nan,nan,nan,nan,nan,nan,nan,nan,nan,nan,nan,nan,nan,
nan,nan,nan,nan,nan,nan,nan,nan,nan,nan,nan,nan,nan,nan,-0.122317,-0.122628,-0.123846,-0.124614,-0.125391,-0.126321,-0.127224,-0.128225,-0.129369,-0.130149,-0.130779,-0.132082,-0.133228,-0.134267,-0.135305,-0.136369,-0.137341,-0.138811,-0.139793,-0.140966,-0.141942,-0.142882,-0.144197,-0.14537,-0.146542,-0.147558,-0.148584,-0.149589,-0.150727,-0.15133,-0.152211,-0.152764,-0.153626,-0.154241,-0.154767,-0.15519,-0.15559,-0.155904,-0.156268,-0.157055,-0.157613,-0.157913,-0.158136,-0.158391,-0.158814,-0.159542,-0.159856,-0.159946,-0.160576,-0.160943,-0.161397,-0.161829,-0.162185,-0.162409,-0.162946,-0.163528,-0.164367,-0.165463,-0.165921,-0.166651,-0.167575,-0.168159,-0.169096,-0.17038,-0.171275,-0.172132,-0.173415,-0.174582,-0.175427,-0.17653,-0.177501,-0.178607,-0.17957,-0.180273,-0.181039,-0.181645,-0.182082,-0.183056,-0.184136,-0.184696,-0.185943,-0.186487,-0.187453,-0.188605,-0.189508,-0.190448,-0.191311,-0.192217,-0.192997,-0.193625,-0.194454,-0.194907,-0.19565,-0.19649,-0.196974,-0.197935,-0.198767,-0.199669,-0.200746,-0.201768,-0.203041,-0.204176,-0.20512,nan,nan,nan,nan,nan,nan,nan,nan,nan,nan,nan,nan,nan,nan,nan,nan,nan,
nan,nan,nan,nan,nan,nan,nan,nan,nan,nan,nan,nan,nan,nan,-0.121182,-0.121789,-0.122654,-0.123487,-0.124407,-0.125265,-0.126214,-0.127083,-0.128179,-0.129087,-0.129933,-0.131069,-0.132113,-0.133259,-0.134322,-0.135083,-0.136221,-0.137202,-0.138621,-0.139893,-0.140722,-0.141745,-0.143228,-0.144647,-0.145708,-0.146799,-0.147739,-0.148856,-0.149865,-0.150455,-0.151124,-0.152064,-0.152939,-0.153604,-0.154128,-0.154376,-0.15501,-0.155662,-0.156398,-0.156824,-0.157303,-0.15785,-0.15799,-0.157982,-0.158525,-0.159255,-0.159629,-0.159741,-0.16031,-0.16083,-0.161244,-0.161566,-0.161999,-0.162048,-0.162428,-0.163135,-0.163974,-0.164868,-0.165268,-0.165917,-0.166795,-0.167789,-0.16896,-0.170277,-0.171279,-0.172128,-0.173218,-0.174274,-0.175193,-0.176347,-0.177505,-0.178647,-0.179521,-0.180403,-0.181277,-0.181892,-0.182712,-0.183642,-0.184633,-0.185367,-0.186127,-0.187066,-0.187791,-0.188957,-0.189877,-0.191047,-0.191964,-0.192834,-0.193483,-0.194107,-0.194697,-0.195558,-0.196308,-0.197026,-0.197818,-0.198496,-0.199619,-0.200455,-0.201505,-0.202612,-0.203516,-0.204539,-0.205366,nan,nan,nan,nan,nan,nan,nan,nan,nan,nan,nan,nan,nan,nan,nan,nan,nan,
nan,nan,nan,nan,nan,nan,nan,nan,nan,nan,nan,nan,nan,nan,-0.119183,-0.119957,-0.120989,-0.121952,-0.122919,-0.123866,-0.124873,-0.126212,-0.127013,-0.127931,-0.129012,-0.130082,-0.131322,-0.132361,-0.133217,-0.134067,-0.135042,-0.136173,-0.137687,-0.138584,-0.139914,-0.141012,-0.142364,-0.143599,-0.144886,-0.14611,-0.146984,-0.148052,-0.148993,-0.149776,-0.150566,-0.151549,-0.15226,-0.152883,-0.153588,-0.154148,-0.154909,-0.155266,-0.155994,-0.156656,-0.156975,-0.157502,-0.157897,-0.157895,-0.158394,-0.158664,-0.159079,-0.159515,-0.159893,-0.16051,-0.160798,-0.1612,-0.161723,-0.161595,-0.161895,-0.162699,-0.163534,-0.164506,-0.165049,-0.165937,-0.166788,-0.167518,-0.168693,-0.170037,-0.171103,-0.171841,-0.172906,-0.174104,-0.175139,-0.176111,-0.177129,-0.178707,-0.18001,-0.180951,-0.181814,-0.182369,-0.18319,-0.184222,-0.185331,-0.185947,-0.186614,-0.18768,-0.18868,-0.189722,-0.190865,-0.192009,-0.192876,-0.193687,-0.194226,-0.194709,-0.195494,-0.19617,-0.19683,-0.197753,-0.198646,-0.199312,-0.200291,-0.201317,-0.202313,-0.203419,-0.204502,-0.205663,-0.206722,nan,nan,nan,nan,nan,nan,nan,nan,nan,nan,nan,nan,nan,nan,nan,nan,nan,
nan,nan,nan,nan,nan,nan,nan,nan,nan,nan,nan,nan,nan,nan,-0.117768,-0.118675,-0.119943,-0.120875,-0.121939,-0.122925,-0.12388,-0.124613,-0.125684,-0.126825,-0.12811,-0.129192,-0.130317,-0.131318,-0.132325,-0.133024,-0.133901,-0.135052,-0.136483,-0.137663,-0.138721,-0.140166,-0.141401,-0.142427,-0.144007,-0.145348,-0.146374,-0.147006,-0.148172,-0.149056,-0.149909,-0.150652,-0.151596,-0.15251,-0.153205,-0.153958,-0.154438,-0.154837,-0.155456,-0.155826,-0.156342,-0.156622,-0.15725,-0.157753,-0.158053,-0.158506,-0.158744,-0.159446,-0.159628,-0.159873,-0.160326,-0.160711,-0.161175,-0.161254,-0.161774,-0.1626,-0.163387,-0.164222,-0.164898,-0.165746,-0.166471,-0.167458,-0.168317,-0.169698,-0.170989,-0.171986,-0.17285,-0.174249,-0.175497,-0.176565,-0.177537,-0.17884,-0.179978,-0.181331,-0.18247,-0.183124,-0.183914,-0.18494,-0.185641,-0.186696,-0.187583,-0.188141,-0.189214,-0.190301,-0.191432,-0.192385,-0.193245,-0.194395,-0.194809,-0.195465,-0.19636,-0.197015,-0.197684,-0.198488,-0.199298,-0.200356,-0.201393,-0.202526,-0.203396,-0.20445,-0.205925,-0.207266,-0.20798,nan,nan,nan,nan,nan,nan,nan,nan,nan,nan,nan,nan,nan,nan,nan,nan,nan,
nan,nan,nan,nan,nan,nan,nan,nan,nan,nan,nan,nan,nan,nan,-0.11608,-0.117291,-0.118452,-0.119624,-0.120793,-0.121589,-0.122485,-0.12344,-0.12451,-0.125542,-0.12671,-0.127752,-0.128904,-0.130092,-0.13128,-0.13196,-0.132785,-0.134101,-0.135419,-0.136552,-0.137757,-0.139134,-0.140456,-0.141467,-0.142786,-0.144606,-0.145465,-0.146604,-0.147554,-0.148316,-0.149301,-0.150163,-0.150882,-0.151945,-0.152883,-0.153721,-0.154159,-0.154566,-0.154882,-0.155331,-0.155602,-0.156116,-0.156652,-0.157368,-0.15772,-0.158014,-0.158372,-0.158752,-0.159245,-0.159826,-0.160022,-0.160388,-0.160795,-0.161456,-0.161737,-0.162237,-0.162958,-0.163848,-0.1646,-0.16553,-0.166261,-0.167413,-0.168134,-0.16908,-0.170525,-0.172073,-0.172891,-0.174064,-0.175381,-0.176391,-0.177808,-0.179029,-0.179993,-0.181441,-0.183094,-0.184062,-0.184802,-0.185651,-0.186191,-0.187283,-0.188418,-0.189019,-0.189884,-0.190994,-0.192034,-0.192716,-0.193538,-0.194459,-0.195125,-0.195797,-0.196612,-0.197361,-0.198491,-0.199262,-0.200014,-0.201108,-0.202036,-0.203197,-0.204163,-0.205281,-0.206761,-0.207769,-0.207843,nan,nan,nan,nan,nan,nan,nan,nan,nan,nan,nan,nan,nan,nan,nan,nan,nan,
nan,nan,nan,nan,nan,nan,nan,nan,nan,nan,nan,nan,nan,nan,-0.114958,-0.115818,-0.11706,-0.118473,-0.1194,-0.12049,-0.121526,-0.122437,-0.123195,-0.124098,-0.125389,-0.126329,-0.127157,-0.128806,-0.129864,-0.13057,-0.131597,-0.132974,-0.13415,-0.135295,-0.136497,-0.137886,-0.139317,-0.140359,-0.141777,-0.143396,-0.144525,-0.145775,-0.147064,-0.147851,-0.148731,-0.14988,-0.15058,-0.151531,-0.152692,-0.153539,-0.153891,-0.154224,-0.154501,-0.155092,-0.154965,-0.15573,-0.156535,-0.156896,-0.157148,-0.15771,-0.158058,-0.158602,-0.159101,-0.159822,-0.159916,-0.160277,-0.160782,-0.161283,-0.161752,-0.162033,-0.162578,-0.163644,-0.164544,-0.165326,-0.166387,-0.167191,-0.167955,-0.168845,-0.170375,-0.171698,-0.172865,-0.174197,-0.175307,-0.176611,-0.177829,-0.179356,-0.180245,-0.181559,-0.183078,-0.184068,-0.185358,-0.185801,-0.18665,-0.187662,-0.189054,-0.190218,-0.190976,-0.19204,-0.193137,-0.193663,-0.194086,-0.195009,-0.195812,-0.19628,-0.197191,-0.19814,-0.199036,-0.199944,-0.200915,-0.201758,-0.202604,-0.203799,-0.204868,-0.20606,-0.207686,-0.208983,-0.20962,nan,nan,nan,nan,nan,nan,nan,nan,nan,nan,nan,nan,nan,nan,nan,nan,nan,
nan,nan,nan,nan,nan,nan,nan,nan,nan,nan,nan,nan,nan,nan,-0.113926,-0.114568,-0.115824,-0.116812,-0.118023,-0.119369,-0.120167,-0.120914,-0.12189,-0.12296,-0.124087,-0.124841,-0.125976,-0.126999,-0.128397,-0.129358,-0.130846,-0.131829,-0.132803,-0.134221,-0.135422,-0.136844,-0.137967,-0.139683,-0.140752,-0.142135,-0.143448,-0.144612,-0.145965,-0.14701,-0.148108,-0.149168,-0.150066,-0.151475,-0.152117,-0.152798,-0.153416,-0.153759,-0.154252,-0.154607,-0.154779,-0.155264,-0.155928,-0.15642,-0.156922,-0.15768,-0.15783,-0.15856,-0.158909,-0.159449,-0.159938,-0.160363,-0.160815,-0.161369,-0.16177,-0.162446,-0.162732,-0.163317,-0.164211,-0.165189,-0.1659,-0.16674,-0.167788,-0.16915,-0.170318,-0.171528,-0.173005,-0.17441,-0.175558,-0.176673,-0.177823,-0.179386,-0.180545,-0.181667,-0.183168,-0.184531,-0.1855,-0.186505,-0.187646,-0.18876,-0.189676,-0.190535,-0.191363,-0.192494,-0.193327,-0.194125,-0.194907,-0.195566,-0.196557,-0.19733,-0.198379,-0.199509,-0.200152,-0.200813,-0.201633,-0.202591,-0.203405,-0.204211,-0.205664,-0.207189,-0.208471,-0.210068,-0.211183,nan,nan,nan,nan,nan,nan,nan,nan,nan,nan,nan,nan,nan,nan,nan,nan,nan,
nan,nan,nan,nan,nan,nan,nan,nan,nan,nan,nan,nan,nan,nan,-0.112201,-0.113159,-0.114306,-0.115299,-0.116484,-0.117519,-0.118462,-0.119524,-0.120526,-0.12149,-0.12272,-0.123704,-0.124547,-0.125651,-0.127254,-0.12831,-0.129425,-0.13014,-0.131423,-0.133002,-0.134187,-0.135518,-0.136683,-0.137963,-0.139593,-0.141316,-0.142512,-0.143547,-0.144969,-0.145917,-0.146748,-0.14819,-0.14939,-0.150465,-0.151485,-0.152427,-0.152904,-0.153646,-0.153864,-0.154145,-0.154581,-0.155151,-0.155722,-0.15623,-0.156878,-0.157377,-0.158009,-0.158448,-0.158986,-0.159487,-0.159713,-0.160315,-0.160883,-0.161026,-0.161617,-0.162257,-0.162666,-0.163074,-0.163947,-0.165004,-0.166037,-0.166757,-0.16795,-0.169283,-0.170041,-0.171411,-0.172998,-0.174331,-0.175714,-0.176956,-0.178485,-0.179816,-0.180827,-0.18216,-0.183582,-0.184807,-0.186235,-0.187218,-0.188,-0.18946,-0.190484,-0.191429,-0.192122,-0.193217,-0.194361,-0.195312,-0.196135,-0.196776,-0.19786,-0.198639,-0.199621,-0.200791,-0.201564,-0.202037,-0.202708,-0.203321,-0.203951,-0.20539,-0.2065,-0.207673,-0.209324,-0.210668,-0.211358,nan,nan,nan,nan,nan,nan,nan,nan,nan,nan,nan,nan,nan,nan,nan,nan,nan,
nan,nan,nan,nan,nan,nan,nan,nan,nan,nan,nan,nan,nan,nan,-0.110271,-0.111502,-0.11289,-0.113914,-0.115011,-0.116255,-0.117196,-0.118256,-0.119161,-0.120322,-0.121213,-0.122064,-0.123029,-0.124188,-0.125348,-0.126301,-0.127754,-0.12914,-0.130167,-0.131398,-0.132964,-0.134042,-0.135181,-0.13686,-0.138129,-0.139814,-0.141415,-0.142816,-0.143942,-0.144697,-0.145734,-0.146873,-0.148016,-0.149207,-0.150536,-0.151433,-0.152297,-0.152909,-0.153338,-0.153732,-0.154352,-0.155189,-0.155667,-0.155982,-0.156525,-0.157215,-0.157762,-0.158265,-0.158801,-0.15929,-0.15943,-0.160107,-0.160685,-0.160822,-0.161582,-0.162027,-0.162478,-0.163417,-0.164294,-0.165176,-0.1662,-0.167101,-0.168132,-0.169009,-0.170179,-0.171333,-0.172898,-0.17425,-0.175668,-0.177175,-0.178903,-0.180221,-0.181266,-0.182474,-0.183805,-0.185297,-0.186777,-0.187874,-0.188831,-0.189896,-0.191324,-0.192318,-0.1934,-0.194525,-0.195628,-0.196454,-0.197452,-0.198499,-0.199431,-0.200409,-0.200867,-0.201675,-0.2028,-0.20317,-0.203816,-0.204488,-0.205148,-0.206093,-0.207405,-0.208595,-0.210361,-0.21166,-0.212132,nan,nan,nan,nan,nan,nan,nan,nan,nan,nan,nan,nan,nan,nan,nan,nan,nan,
nan,nan,nan,nan,nan,nan,nan,nan,nan,nan,nan,nan,nan,nan,-0.109191,-0.110317,-0.111471,-0.112606,-0.113727,-0.114874,-0.115923,-0.11666,-0.117427,-0.118381,-0.119547,-0.120455,-0.121726,-0.122648,-0.123658,-0.124769,-0.126064,-0.127276,-0.128805,-0.129955,-0.131479,-0.132721,-0.133893,-0.135331,-0.136946,-0.138275,-0.13994,-0.141433,-0.142541,-0.143146,-0.144333,-0.145475,-0.146739,-0.148015,-0.149342,-0.15045,-0.151241,-0.152301,-0.152943,-0.153425,-0.153943,-0.154479,-0.155316,-0.155891,-0.156319,-0.157029,-0.157301,-0.157734,-0.158266,-0.158896,-0.159261,-0.159714,-0.160514,-0.160992,-0.161381,-0.161624,-0.162673,-0.163701,-0.164431,-0.165614,-0.166073,-0.167177,-0.168379,-0.169317,-0.17038,-0.17158,-0.17296,-0.174349,-0.176017,-0.177536,-0.17893,-0.180353,-0.1813,-0.182877,-0.184612,-0.185997,-0.187135,-0.188474,-0.18985,-0.190711,-0.191982,-0.193335,-0.194649,-0.195791,-0.196611,-0.197622,-0.198513,-0.199565,-0.200626,-0.201572,-0.20223,-0.202876,-0.20362,-0.20429,-0.204974,-0.205825,-0.206644,-0.207708,-0.209074,-0.20994,-0.21127,-0.212039,-0.212353,nan,nan,nan,nan,nan,nan,nan,nan,nan,nan,nan,nan,nan,nan,nan,nan,nan,
nan,nan,nan,nan,nan,nan,nan,nan,nan,nan,nan,nan,nan,nan,-0.107254,-0.109042,-0.109918,-0.111022,-0.112173,-0.113467,-0.114387,-0.114877,-0.115818,-0.11711,-0.117771,-0.11883,-0.119769,-0.120639,-0.121737,-0.122958,-0.12421,-0.12564,-0.127197,-0.128807,-0.130015,-0.131164,-0.132357,-0.133842,-0.135285,-0.137115,-0.138403,-0.140012,-0.141113,-0.142003,-0.14337,-0.144553,-0.145628,-0.146803,-0.147952,-0.149334,-0.150638,-0.151186,-0.152289,-0.153027,-0.153348,-0.154031,-0.154817,-0.155203,-0.155636,-0.156491,-0.156874,-0.157506,-0.158056,-0.158491,-0.159144,-0.159577,-0.160306,-0.16098,-0.161304,-0.161706,-0.162845,-0.163811,-0.164603,-0.165435,-0.166347,-0.167453,-0.168525,-0.169732,-0.170538,-0.171904,-0.173094,-0.174948,-0.17652,-0.177538,-0.179081,-0.180369,-0.181654,-0.183226,-0.184874,-0.186574,-0.187659,-0.189392,-0.190624,-0.191797,-0.193059,-0.194361,-0.195682,-0.196942,-0.197783,-0.198802,-0.199928,-0.201139,-0.201966,-0.202724,-0.2035,-0.204237,-0.204722,-0.205485,-0.205951,-0.206571,-0.207493,-0.208973,-0.21002,-0.211085,-0.212066,-0.21319,-0.214054,nan,nan,nan,nan,nan,nan,nan,nan,nan,nan,nan,nan,nan,nan,nan,nan,nan,
nan,nan,nan,nan,nan,nan,nan,nan,nan,nan,nan,nan,nan,nan,-0.105601,-0.106727,-0.107984,-0.109121,-0.1101,-0.111163,-0.112347,-0.113313,-0.11397,-0.115134,-0.115901,-0.117036,-0.117923,-0.118764,-0.119893,-0.1211,-0.122498,-0.123922,-0.125299,-0.126715,-0.128326,-0.129623,-0.130817,-0.132187,-0.133637,-0.135359,-0.13681,-0.138249,-0.139568,-0.140726,-0.142174,-0.143436,-0.144323,-0.145431,-0.146898,-0.148121,-0.149285,-0.149978,-0.151404,-0.152441,-0.152891,-0.153777,-0.154363,-0.154701,-0.155451,-0.156017,-0.156522,-0.157181,-0.157818,-0.158364,-0.158665,-0.159268,-0.159917,-0.160617,-0.161167,-0.162082,-0.162909,-0.163703,-0.164657,-0.165315,-0.166555,-0.167491,-0.168527,-0.169709,-0.170884,-0.172186,-0.173431,-0.17505,-0.176478,-0.177798,-0.179263,-0.180581,-0.182148,-0.183508,-0.185385,-0.187086,-0.188354,-0.19014,-0.191622,-0.192844,-0.194108,-0.195529,-0.196731,-0.197639,-0.198859,-0.2001,-0.201063,-0.202195,-0.203371,-0.204194,-0.204755,-0.205488,-0.206231,-0.206784,-0.207347,-0.208112,-0.20907,-0.209768,-0.210876,-0.211801,-0.212276,-0.212783,-0.213293,nan,nan,nan,nan,nan,nan,nan,nan,nan,nan,nan,nan,nan,nan,nan,nan,nan,
nan,nan,nan,nan,nan,nan,nan,nan,nan,nan,nan,nan,nan,nan,-0.103316,-0.104833,-0.105755,-0.106911,-0.1079,-0.109085,-0.110235,-0.110986,-0.111969,-0.112791,-0.114021,-0.114866,-0.115853,-0.116744,-0.117919,-0.119165,-0.120361,-0.121981,-0.123161,-0.124668,-0.126027,-0.127384,-0.128739,-0.130481,-0.132315,-0.133692,-0.135232,-0.136892,-0.137911,-0.139115,-0.140472,-0.142038,-0.143052,-0.143973,-0.145653,-0.146867,-0.147769,-0.14912,-0.150408,-0.151585,-0.152123,-0.153001,-0.153865,-0.154233,-0.154739,-0.155393,-0.156006,-0.156607,-0.157224,-0.15803,-0.158358,-0.158931,-0.159714,-0.160479,-0.161133,-0.161892,-0.162873,-0.163592,-0.164448,-0.165454,-0.166543,-0.167834,-0.169211,-0.170284,-0.171268,-0.172334,-0.173718,-0.17523,-0.176605,-0.178112,-0.179714,-0.181216,-0.182756,-0.184356,-0.186274,-0.18782,-0.189489,-0.19095,-0.192549,-0.193844,-0.195094,-0.196397,-0.197554,-0.198887,-0.200306,-0.201284,-0.202357,-0.203268,-0.20432,-0.205337,-0.205975,-0.206749,-0.207328,-0.208048,-0.208948,-0.209682,-0.210503,-0.211057,-0.211862,-0.213003,-0.213716,-0.214045,-0.214212,nan,nan,nan,nan,nan,nan,nan,nan,nan,nan,nan,nan,nan,nan,nan,nan,nan,
nan,nan,nan,nan,nan,nan,nan,nan,nan,nan,nan,nan,nan,nan,-0.101467,-0.10297,-0.10402,-0.104955,-0.105975,-0.106853,-0.10784,-0.108617,-0.109814,-0.110488,-0.111456,-0.11274,-0.113513,-0.114559,-0.115836,-0.116722,-0.118253,-0.119676,-0.121256,-0.122627,-0.124278,-0.125501,-0.126988,-0.128414,-0.129996,-0.13165,-0.133455,-0.134955,-0.136696,-0.137567,-0.13902,-0.140924,-0.142185,-0.143476,-0.144473,-0.14546,-0.146368,-0.147511,-0.149145,-0.150428,-0.151187,-0.151951,-0.153153,-0.153438,-0.153872,-0.154693,-0.155236,-0.155919,-0.15651,-0.157285,-0.158314,-0.158766,-0.159344,-0.160421,-0.161114,-0.161831,-0.163098,-0.163916,-0.164738,-0.165775,-0.166891,-0.168396,-0.169802,-0.171151,-0.171969,-0.173171,-0.174157,-0.175656,-0.177511,-0.178759,-0.180234,-0.18211,-0.184001,-0.185527,-0.187517,-0.189351,-0.190831,-0.192242,-0.193601,-0.195251,-0.196601,-0.19801,-0.199291,-0.200285,-0.20141,-0.202606,-0.203679,-0.204976,-0.205607,-0.206393,-0.207111,-0.207813,-0.208599,-0.209625,-0.210415,-0.211335,-0.212003,-0.212725,-0.213522,-0.214079,-0.21476,-0.21504,-0.215226,nan,nan,nan,nan,nan,nan,nan,nan,nan,nan,nan,nan,nan,nan,nan,nan,nan,
nan,nan,nan,nan,nan,nan,nan,nan,nan,nan,nan,nan,nan,nan,-0.099532,-0.100613,-0.101837,-0.102682,-0.104012,-0.104942,-0.105481,-0.106158,-0.107235,-0.10813,-0.109133,-0.110276,-0.111267,-0.112123,-0.113437,-0.114558,-0.115865,-0.117568,-0.119101,-0.120263,-0.122253,-0.123395,-0.124852,-0.126308,-0.127884,-0.129641,-0.131305,-0.133386,-0.134821,-0.136017,-0.137281,-0.139087,-0.140851,-0.141936,-0.143067,-0.144113,-0.144931,-0.146221,-0.147827,-0.149002,-0.150071,-0.150892,-0.15204,-0.152596,-0.153216,-0.153742,-0.1548,-0.155488,-0.156247,-0.15725,-0.157938,-0.158668,-0.159334,-0.160294,-0.161304,-0.162071,-0.163126,-0.164017,-0.164848,-0.165983,-0.167197,-0.16865,-0.170115,-0.171487,-0.17286,-0.173755,-0.174751,-0.176622,-0.178093,-0.179377,-0.181164,-0.182794,-0.185234,-0.186731,-0.188391,-0.190375,-0.192188,-0.193963,-0.19552,-0.196948,-0.198123,-0.199722,-0.200757,-0.201932,-0.203123,-0.204304,-0.205283,-0.206223,-0.207241,-0.207622,-0.20839,-0.209306,-0.210328,-0.211578,-0.2123,-0.21296,-0.213776,-0.2143,-0.214707,-0.215486,-0.216292,-0.216447,-0.216147,nan,nan,nan,nan,nan,nan,nan,nan,nan,nan,nan,nan,nan,nan,nan,nan,nan,
nan,nan,nan,nan,nan,nan,nan,nan,nan,nan,nan,nan,nan,nan,-0.0980479,-0.0988585,-0.0998723,-0.10102,-0.10179,-0.102364,-0.103085,-0.103492,-0.104551,-0.105642,-0.106599,-0.107589,-0.108848,-0.109909,-0.110907,-0.112002,-0.113433,-0.114719,-0.116397,-0.117851,-0.120054,-0.121271,-0.122733,-0.124205,-0.125747,-0.127487,-0.129264,-0.130908,-0.132713,-0.133966,-0.135527,-0.137288,-0.13872,-0.140382,-0.141475,-0.142743,-0.143746,-0.1447,-0.146189,-0.14767,-0.148813,-0.149719,-0.151023,-0.15187,-0.152403,-0.153144,-0.154033,-0.155196,-0.156068,-0.15695,-0.157843,-0.158451,-0.159271,-0.16044,-0.161305,-0.162221,-0.16323,-0.164218,-0.165262,-0.166175,-0.167424,-0.168874,-0.170686,-0.171936,-0.173222,-0.174254,-0.175549,-0.17737,-0.178835,-0.180432,-0.182252,-0.184063,-0.185617,-0.187704,-0.189287,-0.191309,-0.193604,-0.195608,-0.197096,-0.198475,-0.19978,-0.201004,-0.202116,-0.203372,-0.204419,-0.20555,-0.20674,-0.207398,-0.208492,-0.209362,-0.21039,-0.211139,-0.212283,-0.213415,-0.214052,-0.21476,-0.215428,-0.215992,-0.21645,-0.217187,-0.218013,-0.218408,-0.218596,nan,nan,nan,nan,nan,nan,nan,nan,nan,nan,nan,nan,nan,nan,nan,nan,nan,
nan,nan,nan,nan,nan,nan,nan,nan,nan,nan,nan,nan,nan,nan,-0.0955363,-0.0965213,-0.0974958,-0.0983255,-0.0991888,-0.0997365,-0.1005,-0.101056,-0.102058,-0.102843,-0.10429,-0.105228,-0.106336,-0.107399,-0.108416,-0.10926,-0.110607,-0.112141,-0.113784,-0.115517,-0.117384,-0.118816,-0.120265,-0.122062,-0.123348,-0.125117,-0.127257,-0.128722,-0.130347,-0.132012,-0.133112,-0.135121,-0.136712,-0.13848,-0.139969,-0.141169,-0.142339,-0.143199,-0.144726,-0.146146,-0.14748,-0.148754,-0.149967,-0.151002,-0.151692,-0.152382,-0.153271,-0.154545,-0.155638,-0.156671,-0.157596,-0.158324,-0.159462,-0.160625,-0.161338,-0.162387,-0.163336,-0.164593,-0.165891,-0.166858,-0.167899,-0.169327,-0.171047,-0.172373,-0.173614,-0.174896,-0.176342,-0.177954,-0.179682,-0.181475,-0.183137,-0.185116,-0.186948,-0.188843,-0.190779,-0.192802,-0.194894,-0.196962,-0.198538,-0.200043,-0.201327,-0.202703,-0.203853,-0.204899,-0.206345,-0.207258,-0.20799,-0.2095,-0.210428,-0.211266,-0.212196,-0.212987,-0.214126,-0.215274,-0.215825,-0.216472,-0.21705,-0.217708,-0.218262,-0.218896,-0.219634,-0.219863,-0.220275,nan,nan,nan,nan,nan,nan,nan,nan,nan,nan,nan,nan,nan,nan,nan,nan,nan,
nan,nan,nan,nan,nan,nan,nan,nan,nan,nan,nan,nan,nan,nan,-0.0931549,-0.0937405,-0.0945036,-0.0955478,-0.0966685,-0.0971968,-0.0980472,-0.0985103,-0.0993961,-0.100484,-0.101549,-0.102495,-0.103712,-0.104699,-0.105901,-0.107007,-0.108309,-0.109711,-0.11125,-0.113056,-0.114667,-0.116279,-0.11778,-0.119083,-0.120896,-0.122648,-0.124615,-0.126293,-0.127758,-0.129723,-0.130584,-0.132536,-0.134538,-0.135923,-0.137937,-0.139458,-0.140655,-0.141872,-0.143351,-0.144811,-0.146148,-0.147391,-0.148613,-0.150058,-0.150825,-0.151625,-0.152585,-0.15378,-0.155132,-0.156457,-0.157453,-0.158234,-0.159319,-0.160756,-0.161569,-0.162896,-0.163982,-0.164886,-0.166445,-0.167563,-0.168623,-0.170066,-0.171715,-0.173097,-0.174296,-0.175616,-0.177287,-0.178806,-0.180786,-0.182783,-0.184709,-0.186235,-0.188423,-0.190521,-0.192388,-0.194497,-0.196436,-0.198528,-0.200085,-0.201844,-0.203195,-0.204445,-0.205728,-0.207,-0.208374,-0.209261,-0.21039,-0.211643,-0.212593,-0.213358,-0.214137,-0.214856,-0.215866,-0.216915,-0.217723,-0.21841,-0.218954,-0.219619,-0.220151,-0.22111,-0.221909,-0.222181,-0.222554,nan,nan,nan,nan,nan,nan,nan,nan,nan,nan,nan,nan,nan,nan,nan,nan,nan,
nan,nan,nan,nan,nan,nan,nan,nan,nan,nan,nan,nan,nan,nan,-0.0904809,-0.091062,-0.0919926,-0.0927923,-0.0936812,-0.0945225,-0.095212,-0.0959516,-0.0964349,-0.0975234,-0.098735,-0.0995562,-0.100704,-0.101891,-0.102835,-0.104216,-0.10527,-0.107242,-0.108706,-0.110286,-0.111932,-0.113261,-0.114804,-0.116539,-0.118237,-0.119856,-0.122055,-0.123935,-0.125223,-0.12704,-0.128665,-0.130424,-0.131917,-0.133575,-0.135647,-0.13703,-0.138383,-0.140169,-0.141729,-0.143116,-0.144604,-0.145854,-0.147179,-0.149084,-0.1499,-0.150722,-0.151803,-0.153125,-0.154371,-0.155896,-0.156935,-0.157686,-0.158932,-0.160536,-0.161901,-0.163225,-0.164566,-0.165815,-0.167272,-0.168283,-0.169611,-0.171143,-0.172825,-0.174124,-0.175544,-0.177074,-0.178466,-0.180295,-0.182232,-0.183837,-0.185967,-0.18799,-0.190085,-0.192554,-0.194319,-0.196339,-0.198542,-0.200121,-0.201802,-0.203477,-0.204816,-0.205995,-0.20754,-0.208608,-0.209827,-0.210937,-0.212117,-0.213411,-0.214491,-0.215311,-0.216075,-0.216711,-0.217482,-0.218443,-0.219261,-0.220143,-0.22064,-0.22125,-0.222102,-0.223016,-0.22384,-0.224228,-0.224569,nan,nan,nan,nan,nan,nan,nan,nan,nan,nan,nan,nan,nan,nan,nan,nan,nan,
nan,nan,nan,nan,nan,nan,nan,nan,nan,nan,nan,nan,nan,nan,-0.0875245,-0.0879165,-0.0888308,-0.0897498,-0.0907002,-0.091364,-0.0921192,-0.092862,-0.0934735,-0.0943016,-0.0955226,-0.0968699,-0.0978955,-0.0988196,-0.0998419,-0.101013,-0.102776,-0.104145,-0.10576,-0.107055,-0.108553,-0.11017,-0.112059,-0.113959,-0.115771,-0.117286,-0.119208,-0.121266,-0.122909,-0.12434,-0.126006,-0.127874,-0.129707,-0.131561,-0.133341,-0.13517,-0.13685,-0.137857,-0.139488,-0.141193,-0.142432,-0.14399,-0.145684,-0.147388,-0.148777,-0.1496,-0.150817,-0.15244,-0.154165,-0.155205,-0.156455,-0.157596,-0.159054,-0.160463,-0.16239,-0.163792,-0.165294,-0.167042,-0.168423,-0.169869,-0.171105,-0.172616,-0.174378,-0.175504,-0.176883,-0.178373,-0.18009,-0.182249,-0.184086,-0.186047,-0.187955,-0.189821,-0.19199,-0.194264,-0.196141,-0.197989,-0.200153,-0.201873,-0.20365,-0.205567,-0.206977,-0.208339,-0.209627,-0.210658,-0.212017,-0.212937,-0.214191,-0.215445,-0.216302,-0.216897,-0.217738,-0.218384,-0.219296,-0.220215,-0.221007,-0.221799,-0.222578,-0.223399,-0.224146,-0.224987,-0.225888,-0.226418,-0.226603,nan,nan,nan,nan,nan,nan,nan,nan,nan,nan,nan,nan,nan,nan,nan,nan,nan,
nan,nan,nan,nan,nan,nan,nan,nan,nan,nan,nan,nan,nan,nan,-0.0846577,-0.0851002,-0.0859329,-0.0867714,-0.0874317,-0.0883028,-0.0892655,-0.0899626,-0.0905509,-0.0916963,-0.0924691,-0.0934153,-0.0948793,-0.0958415,-0.0969153,-0.0982328,-0.0996379,-0.100896,-0.102527,-0.104164,-0.105747,-0.107309,-0.10902,-0.111025,-0.112893,-0.114442,-0.116483,-0.118202,-0.119915,-0.121947,-0.12344,-0.125242,-0.127047,-0.129207,-0.131003,-0.132816,-0.134317,-0.13554,-0.137199,-0.138714,-0.140268,-0.141606,-0.143869,-0.145553,-0.146982,-0.148388,-0.149874,-0.151549,-0.153217,-0.154758,-0.155991,-0.157498,-0.159156,-0.16125,-0.163358,-0.164878,-0.166533,-0.168566,-0.169929,-0.171386,-0.172805,-0.174297,-0.175745,-0.177239,-0.178377,-0.180203,-0.18218,-0.183956,-0.185998,-0.187991,-0.189938,-0.19199,-0.194506,-0.196413,-0.198103,-0.199841,-0.201727,-0.203988,-0.205906,-0.207783,-0.209166,-0.210206,-0.21131,-0.212421,-0.21393,-0.214995,-0.216139,-0.217572,-0.218484,-0.219169,-0.219902,-0.220353,-0.221238,-0.222217,-0.223042,-0.223673,-0.224507,-0.225486,-0.226477,-0.227469,-0.228336,-0.228873,-0.229057,nan,nan,nan,nan,nan,nan,nan,nan,nan,nan,nan,nan,nan,nan,nan,nan,nan,
nan,nan,nan,nan,nan,nan,nan,nan,nan,nan,nan,nan,nan,nan,-0.0810888,-0.0814983,-0.0824494,-0.0833401,-0.0838607,-0.0851156,-0.0858594,-0.0863992,-0.0872961,-0.0880367,-0.0891738,-0.090441,-0.0917223,-0.0926214,-0.0936434,-0.0949787,-0.0965129,-0.098022,-0.099361,-0.101053,-0.102452,-0.104266,-0.105885,-0.10783,-0.109471,-0.111498,-0.113649,-0.115318,-0.117294,-0.119004,-0.120156,-0.122004,-0.123966,-0.126464,-0.128761,-0.13026,-0.131512,-0.132924,-0.134597,-0.13599,-0.1376,-0.139206,-0.141269,-0.143339,-0.145388,-0.147041,-0.148875,-0.150603,-0.151992,-0.154132,-0.155967,-0.157814,-0.159642,-0.162134,-0.164473,-0.166335,-0.168243,-0.170089,-0.17182,-0.173166,-0.174769,-0.176291,-0.177873,-0.179454,-0.181097,-0.182694,-0.184501,-0.18644,-0.188167,-0.190107,-0.192489,-0.194479,-0.196806,-0.198673,-0.2007,-0.202435,-0.204234,-0.206439,-0.208422,-0.20987,-0.21115,-0.212694,-0.213693,-0.214716,-0.216211,-0.217344,-0.218517,-0.219764,-0.220723,-0.2214,-0.222117,-0.222776,-0.223695,-0.224521,-0.225208,-0.225999,-0.226729,-0.227445,-0.228413,-0.229375,-0.230241,-0.230899,-0.231252,nan,nan,nan,nan,nan,nan,nan,nan,nan,nan,nan,nan,nan,nan,nan,nan,nan,
nan,nan,nan,nan,nan,nan,nan,nan,nan,nan,nan,nan,nan,nan,-0.0773461,-0.0780815,-0.0787815,-0.0794107,-0.0804207,-0.081527,-0.082526,-0.0830953,-0.0842682,-0.0850873,-0.0858989,-0.0871081,-0.0884566,-0.0892961,-0.0905944,-0.0916844,-0.0935317,-0.0946055,-0.0960463,-0.0976809,-0.0992514,-0.10076,-0.102443,-0.103838,-0.105735,-0.107919,-0.110175,-0.112055,-0.114026,-0.115593,-0.117183,-0.1189,-0.1206,-0.123008,-0.12542,-0.126946,-0.128378,-0.12991,-0.131414,-0.13297,-0.134689,-0.136354,-0.138647,-0.141081,-0.14357,-0.145574,-0.147549,-0.149456,-0.151502,-0.153528,-0.156014,-0.15833,-0.160572,-0.163272,-0.166051,-0.168179,-0.170128,-0.172006,-0.17375,-0.175098,-0.176914,-0.178604,-0.18024,-0.181892,-0.183694,-0.185361,-0.18697,-0.189308,-0.191205,-0.193279,-0.19523,-0.197585,-0.199665,-0.201703,-0.203841,-0.205474,-0.207501,-0.209031,-0.210863,-0.212818,-0.214055,-0.214875,-0.216417,-0.217359,-0.21848,-0.219855,-0.221291,-0.222142,-0.223015,-0.224181,-0.224952,-0.225458,-0.225872,-0.226837,-0.227505,-0.227952,-0.228884,-0.22971,-0.230737,-0.231612,-0.232407,-0.233002,-0.233318,nan,nan,nan,nan,nan,nan,nan,nan,nan,nan,nan,nan,nan,nan,nan,nan,nan,
nan,nan,nan,nan,nan,nan,nan,nan,nan,nan,nan,nan,nan,nan,-0.0736473,-0.0747879,-0.0754049,-0.0763354,-0.0772304,-0.0780316,-0.0789623,-0.0797062,-0.0807623,-0.0816143,-0.0824415,-0.0835559,-0.0851112,-0.085708,-0.0871871,-0.088471,-0.0899471,-0.0912475,-0.0928654,-0.0940029,-0.0956568,-0.0971452,-0.0984606,-0.100197,-0.102038,-0.103987,-0.10618,-0.108276,-0.11014,-0.111502,-0.113666,-0.115226,-0.117171,-0.119359,-0.121305,-0.12316,-0.124557,-0.126041,-0.127785,-0.129563,-0.131616,-0.133187,-0.135474,-0.138052,-0.140733,-0.143347,-0.146292,-0.147966,-0.150518,-0.15309,-0.155673,-0.15856,-0.161404,-0.164885,-0.167956,-0.170256,-0.172363,-0.174125,-0.175909,-0.177486,-0.179485,-0.181154,-0.183195,-0.185094,-0.186599,-0.188442,-0.190875,-0.192935,-0.195048,-0.1972,-0.198779,-0.200787,-0.202937,-0.205208,-0.207351,-0.209068,-0.21058,-0.21203,-0.213761,-0.21541,-0.216622,-0.217634,-0.218946,-0.220203,-0.220944,-0.222322,-0.223807,-0.224668,-0.225788,-0.226929,-0.227418,-0.228031,-0.228675,-0.229413,-0.22996,-0.23071,-0.231236,-0.232288,-0.233149,-0.23376,-0.234531,-0.235247,-0.235579,nan,nan,nan,nan,nan,nan,nan,nan,nan,nan,nan,nan,nan,nan,nan,nan,nan,
nan,nan,nan,nan,nan,nan,nan,nan,nan,nan,nan,nan,nan,nan,-0.0715468,-0.0721589,-0.0726086,-0.0732428,-0.0738517,-0.0748732,-0.0755662,-0.0763853,-0.0770392,-0.0778604,-0.0790338,-0.0800114,-0.0813933,-0.0820673,-0.0835682,-0.0848446,-0.0862033,-0.0877093,-0.089104,-0.0907618,-0.0921683,-0.0936288,-0.0950491,-0.0963662,-0.0983212,-0.100366,-0.102358,-0.104094,-0.105579,-0.107526,-0.109755,-0.111364,-0.113525,-0.114911,-0.116953,-0.118843,-0.120322,-0.122116,-0.123737,-0.125435,-0.127643,-0.129782,-0.132022,-0.135066,-0.137788,-0.140706,-0.14415,-0.146843,-0.149365,-0.15235,-0.155789,-0.158877,-0.162853,-0.166706,-0.170098,-0.172676,-0.175199,-0.176825,-0.178882,-0.180747,-0.182634,-0.184554,-0.186906,-0.188703,-0.190544,-0.192861,-0.194758,-0.196843,-0.199012,-0.200581,-0.202266,-0.204441,-0.206359,-0.208493,-0.210677,-0.212284,-0.213701,-0.215599,-0.21704,-0.218464,-0.219632,-0.220801,-0.222055,-0.223167,-0.224262,-0.225341,-0.226487,-0.227193,-0.228446,-0.229401,-0.229634,-0.230613,-0.231388,-0.232097,-0.232833,-0.233046,-0.23384,-0.234756,-0.235538,-0.236314,-0.236665,-0.237052,-0.237074,nan,nan,nan,nan,nan,nan,nan,nan,nan,nan,nan,nan,nan,nan,nan,nan,nan,
nan,nan,nan,nan,nan,nan,nan,nan,nan,nan,nan,nan,nan,nan,-0.0681605,-0.0689324,-0.0692893,-0.070047,-0.0706548,-0.0713136,-0.0720096,-0.072479,-0.0734063,-0.074157,-0.0751704,-0.0762808,-0.0774267,-0.0786856,-0.0798544,-0.0811514,-0.082282,-0.0837697,-0.0853794,-0.0867408,-0.088256,-0.0897313,-0.0907155,-0.0926802,-0.0944047,-0.0963723,-0.0980185,-0.0999359,-0.10145,-0.103758,-0.105375,-0.107262,-0.108741,-0.110342,-0.112171,-0.114198,-0.115661,-0.117443,-0.119093,-0.120921,-0.123399,-0.125407,-0.127887,-0.131225,-0.134657,-0.137484,-0.141238,-0.145174,-0.147452,-0.151444,-0.155957,-0.159524,-0.164675,-0.168597,-0.172461,-0.175862,-0.178298,-0.180556,-0.182953,-0.18474,-0.187028,-0.188935,-0.190682,-0.192935,-0.195099,-0.197266,-0.199269,-0.200981,-0.202848,-0.204474,-0.206139,-0.207759,-0.209865,-0.212093,-0.214103,-0.215681,-0.217047,-0.218595,-0.219832,-0.221345,-0.222819,-0.224046,-0.225541,-0.226501,-0.227174,-0.228495,-0.22931,-0.230523,-0.23139,-0.232176,-0.232583,-0.233039,-0.233875,-0.234555,-0.235422,-0.235742,-0.236203,-0.237083,-0.237378,-0.237843,-0.23837,-0.238541,-0.238829,nan,nan,nan,nan,nan,nan,nan,nan,nan,nan,nan,nan,nan,nan,nan,nan,nan,
nan,nan,nan,nan,nan,nan,nan,nan,nan,nan,nan,nan,nan,nan,-0.0646478,-0.0650941,-0.0655325,-0.0662312,-0.0669281,-0.067833,-0.0680398,-0.0686518,-0.0693476,-0.0702293,-0.0710814,-0.0724582,-0.0737384,-0.0749321,-0.076046,-0.077162,-0.0783075,-0.0796172,-0.0814748,-0.0830203,-0.0840055,-0.0854686,-0.0865511,-0.0884727,-0.090201,-0.0921976,-0.0936926,-0.0954375,-0.0969491,-0.099509,-0.101149,-0.10212,-0.103773,-0.105433,-0.10729,-0.109234,-0.110686,-0.112629,-0.114574,-0.116249,-0.11856,-0.120384,-0.123457,-0.126287,-0.13009,-0.134385,-0.138678,-0.142638,-0.145532,-0.151165,-0.156011,-0.16034,-0.166024,-0.170456,-0.17509,-0.179476,-0.182294,-0.184991,-0.187666,-0.189608,-0.191984,-0.19386,-0.195733,-0.197792,-0.200323,-0.202425,-0.203839,-0.205257,-0.206866,-0.208452,-0.20992,-0.211569,-0.213399,-0.215586,-0.217535,-0.219363,-0.220693,-0.221893,-0.223029,-0.224183,-0.225698,-0.227072,-0.228289,-0.229115,-0.229846,-0.231255,-0.232316,-0.233183,-0.233956,-0.23457,-0.234934,-0.235455,-0.236143,-0.236549,-0.237668,-0.238308,-0.238779,-0.239157,-0.239424,-0.240118,-0.240961,-0.241426,-0.241479,nan,nan,nan,nan,nan,nan,nan,nan,nan,nan,nan,nan,nan,nan,nan,nan,nan,
nan,nan,nan,nan,nan,nan,nan,nan,nan,nan,nan,nan,nan,nan,-0.06112,-0.0612674,-0.0618417,-0.062633,-0.0630789,-0.0636928,-0.0641319,-0.0648832,-0.0656776,-0.0665577,-0.0675379,-0.0685711,-0.0696572,-0.0707874,-0.0719989,-0.0733404,-0.0741866,-0.0755399,-0.0771228,-0.078519,-0.079679,-0.081376,-0.0825625,-0.0840815,-0.0859775,-0.0876189,-0.0889379,-0.091155,-0.0926815,-0.0944968,-0.0961296,-0.0973316,-0.098885,-0.100402,-0.101815,-0.103816,-0.105216,-0.10675,-0.109154,-0.111065,-0.113426,-0.115217,-0.117505,-0.121327,-0.125114,-0.13121,nan,nan,nan,nan,nan,nan,nan,nan,nan,-0.182824,-0.186779,-0.190054,-0.192348,-0.194302,-0.197356,-0.199561,-0.201487,-0.203259,-0.205282,-0.20706,-0.208582,-0.209908,-0.210978,-0.212486,-0.214364,-0.216127,-0.217671,-0.21936,-0.221032,-0.222832,-0.224243,-0.225137,-0.226087,-0.227528,-0.228788,-0.229958,-0.231236,-0.232596,-0.233498,-0.234223,-0.235276,-0.235977,-0.236507,-0.237218,-0.237794,-0.238719,-0.239215,-0.239797,-0.24023,-0.24039,-0.240672,-0.241161,-0.241805,-0.242564,-0.243291,-0.243564,-0.2437,nan,nan,nan,nan,nan,nan,nan,nan,nan,nan,nan,nan,nan,nan,nan,nan,nan,
nan,nan,nan,nan,nan,nan,nan,nan,nan,nan,nan,nan,nan,nan,-0.05684,-0.0575304,-0.0580708,-0.058626,-0.0591381,-0.0596589,-0.0604713,-0.0612727,-0.0619224,-0.0629857,-0.0639618,-0.0650559,-0.0656472,-0.0666448,-0.0679023,-0.0690606,-0.0700179,-0.0710062,-0.0723061,-0.0740049,-0.0752833,-0.0766132,-0.0780334,-0.0794315,-0.0808214,-0.082507,-0.0842087,-0.0860682,-0.0879075,-0.0894051,-0.0909652,-0.0922254,-0.0931425,-0.0949989,-0.0966263,-0.0977592,-0.0994517,-0.100989,-0.102894,-0.105106,-0.10685,-0.109515,-0.111132,nan,nan,nan,nan,nan,nan,nan,nan,nan,nan,nan,nan,nan,nan,nan,-0.19782,-0.200329,-0.203694,-0.205698,-0.207113,-0.208908,-0.210718,-0.211891,-0.213473,-0.214615,-0.215973,-0.217368,-0.21867,-0.220636,-0.222602,-0.223875,-0.22519,-0.226659,-0.227824,-0.228664,-0.229638,-0.230652,-0.232004,-0.232991,-0.234159,-0.23571,-0.236569,-0.237406,-0.238332,-0.239217,-0.239861,-0.240248,-0.240621,-0.241413,-0.241809,-0.24212,-0.242614,-0.242839,-0.242977,-0.243482,-0.243945,-0.244656,-0.245401,-0.246067,-0.246451,nan,nan,nan,nan,nan,nan,nan,nan,nan,nan,nan,nan,nan,nan,nan,nan,nan,
nan,nan,nan,nan,nan,nan,nan,nan,nan,nan,nan,nan,nan,nan,-0.0519892,-0.0528888,-0.0537892,-0.0545185,-0.0556386,-0.0563265,-0.0566975,-0.0575511,-0.0584471,-0.0592954,-0.0601616,-0.0607499,-0.0619362,-0.0627262,-0.0637301,-0.0648645,-0.0659626,-0.0670947,-0.0683597,-0.0697074,-0.0709302,-0.0721155,-0.0735187,-0.0747059,-0.0761966,-0.0775949,-0.0791764,-0.0813701,-0.0829987,-0.0842591,-0.0855478,-0.0867869,-0.0878183,-0.0892222,-0.0906818,-0.0919045,-0.0929593,-0.0945789,-0.0970593,-0.0991331,-0.100227,nan,nan,nan,nan,nan,nan,nan,nan,nan,nan,nan,nan,nan,nan,nan,nan,nan,nan,nan,-0.210319,-0.211654,-0.212986,-0.214166,-0.215388,-0.2168,-0.218271,-0.219417,-0.220773,-0.221719,-0.22315,-0.225297,-0.226991,-0.227829,-0.228938,-0.230397,-0.231647,-0.232208,-0.233215,-0.233972,-0.234746,-0.235894,-0.237326,-0.238862,-0.239924,-0.240492,-0.241216,-0.2419,-0.242409,-0.243181,-0.243002,-0.243398,-0.244088,-0.244636,-0.245017,-0.245131,-0.245164,-0.245671,-0.246517,-0.246959,-0.247404,-0.247614,-0.247669,nan,nan,nan,nan,nan,nan,nan,nan,nan,nan,nan,nan,nan,nan,nan,nan,nan,
nan,nan,nan,nan,nan,nan,nan,nan,nan,nan,nan,nan,nan,nan,-0.0485766,-0.0492008,-0.0500551,-0.0506893,-0.0516457,-0.0521889,-0.0527236,-0.0539088,-0.0548842,-0.0556606,-0.0563323,-0.0570165,-0.0582647,-0.0591778,-0.0598996,-0.0605796,-0.0616447,-0.0626898,-0.0642167,-0.0652067,-0.0663817,-0.0675569,-0.0688547,-0.0699601,-0.0714211,-0.0726094,-0.0746462,-0.0763986,-0.0779993,-0.0790612,-0.0805871,-0.0814225,-0.0822699,-0.0835974,-0.084965,-0.0858572,-0.0872288,-0.0875612,-0.0902545,-0.0932312,nan,nan,nan,nan,nan,nan,nan,nan,nan,nan,nan,nan,nan,nan,nan,nan,nan,nan,nan,nan,nan,nan,-0.217948,-0.219627,-0.220397,-0.221575,-0.222915,-0.223953,-0.224836,-0.225826,-0.227339,-0.22906,-0.230479,-0.23161,-0.232845,-0.233846,-0.234833,-0.235528,-0.236171,-0.236799,-0.238024,-0.239452,-0.240743,-0.241826,-0.242843,-0.243589,-0.244059,-0.244605,-0.244882,-0.245631,-0.245915,-0.246212,-0.246733,-0.246928,-0.247284,-0.247685,-0.247809,-0.248047,-0.248536,-0.248999,-0.249626,-0.249894,-0.249962,nan,nan,nan,nan,nan,nan,nan,nan,nan,nan,nan,nan,nan,nan,nan,nan,nan,
nan,nan,nan,nan,nan,nan,nan,nan,nan,nan,nan,nan,nan,nan,-0.0445031,-0.0454432,-0.0463583,-0.0470936,-0.0478654,-0.0485559,-0.0492713,-0.0498596,-0.0511141,-0.0521476,-0.0526891,-0.0536827,-0.0543704,-0.0552911,-0.0561512,-0.0567326,-0.0577425,-0.0585953,-0.0598146,-0.060727,-0.0618018,-0.0628328,-0.0643405,-0.0652396,-0.0667794,-0.0680891,-0.0697629,-0.0712837,-0.072652,-0.0735956,-0.0746093,-0.075906,-0.0769433,-0.0781381,-0.0790489,-0.0804066,-0.0824088,-0.0824332,-0.0837397,nan,nan,nan,nan,nan,nan,nan,nan,nan,nan,nan,nan,nan,nan,nan,nan,nan,nan,nan,nan,nan,nan,nan,nan,-0.224321,-0.225273,-0.226555,-0.227148,-0.228239,-0.22978,-0.230465,-0.231,-0.233252,-0.234767,-0.235483,-0.23679,-0.237835,-0.238527,-0.23915,-0.239682,-0.240394,-0.241378,-0.242605,-0.243307,-0.244533,-0.245711,-0.246544,-0.246786,-0.247064,-0.247559,-0.248135,-0.248459,-0.249075,-0.249558,-0.249514,-0.249885,-0.250625,-0.250807,-0.250851,-0.25112,-0.251544,-0.251995,-0.252198,-0.252075,nan,nan,nan,nan,nan,nan,nan,nan,nan,nan,nan,nan,nan,nan,nan,nan,nan,
nan,nan,nan,nan,nan,nan,nan,nan,nan,nan,nan,nan,nan,nan,-0.0404988,-0.0416745,-0.0427647,-0.0435756,-0.0441574,-0.0449897,-0.0456235,-0.0463335,-0.0473019,-0.048653,-0.048958,-0.0499109,-0.0506813,-0.0513461,-0.0521276,-0.0529402,-0.0537692,-0.054529,-0.0554804,-0.0565097,-0.0571905,-0.0584829,-0.0596431,-0.0607757,-0.061926,-0.0633683,-0.0649799,-0.0664402,-0.067437,-0.0679628,-0.0695984,-0.0706643,-0.0715697,-0.0724088,-0.073912,-0.0755958,-0.0765904,-0.0798755,nan,nan,nan,nan,nan,nan,nan,nan,nan,nan,nan,nan,nan,nan,nan,nan,nan,nan,nan,nan,nan,nan,nan,nan,nan,nan,-0.230362,-0.230979,-0.232035,-0.232851,-0.234045,-0.234216,-0.235609,-0.236901,-0.238298,-0.23934,-0.240335,-0.241599,-0.242267,-0.242599,-0.242704,-0.243527,-0.244383,-0.245301,-0.24639,-0.246995,-0.247785,-0.248226,-0.249302,-0.249741,-0.249741,-0.250074,-0.251035,-0.251819,-0.251971,-0.252063,-0.252215,-0.252512,-0.252664,-0.253019,-0.253169,-0.253194,-0.253566,-0.253515,-0.253485,nan,nan,nan,nan,nan,nan,nan,nan,nan,nan,nan,nan,nan,nan,nan,nan,nan,
nan,nan,nan,nan,nan,nan,nan,nan,nan,nan,nan,nan,nan,nan,-0.0363417,-0.0376678,-0.0387344,-0.03977,-0.0406209,-0.0414385,-0.0422975,-0.0429646,-0.0433507,-0.0447214,-0.0452805,-0.0463799,-0.0470295,-0.047969,-0.0483674,-0.0492012,-0.0499546,-0.0505943,-0.0513125,-0.0522097,-0.0531105,-0.0540728,-0.0551362,-0.0559595,-0.0570203,-0.058656,-0.0599791,-0.0616398,-0.0626798,-0.0635382,-0.0649088,-0.0660538,-0.0668476,-0.0674935,-0.0693624,-0.0713066,-0.0732143,nan,nan,nan,nan,nan,nan,nan,nan,nan,nan,nan,nan,nan,nan,nan,nan,nan,nan,nan,nan,nan,nan,nan,nan,nan,nan,nan,nan,-0.23651,-0.23696,-0.237277,-0.237692,-0.238019,-0.239288,-0.240578,-0.241832,-0.24283,-0.243779,-0.244905,-0.245353,-0.24557,-0.245912,-0.246565,-0.247068,-0.24802,-0.248891,-0.249608,-0.250062,-0.250694,-0.251412,-0.251546,-0.251733,-0.251923,-0.252761,-0.253482,-0.254066,-0.254464,-0.254484,-0.254797,-0.254742,-0.25475,-0.255211,-0.255489,-0.256004,-0.255747,-0.25528,nan,nan,nan,nan,nan,nan,nan,nan,nan,nan,nan,nan,nan,nan,nan,nan,nan,
nan,nan,nan,nan,nan,nan,nan,nan,nan,nan,nan,nan,nan,nan,-0.0325301,-0.0339847,-0.0350309,-0.0361578,-0.0371984,-0.0382408,-0.039066,-0.0393459,-0.040493,-0.0413759,-0.0420056,-0.0429331,-0.0435767,-0.044329,-0.0447568,-0.0456841,-0.0464361,-0.0472428,-0.0474173,-0.0482971,-0.0492743,-0.0500753,-0.0510145,-0.0518891,-0.0528418,-0.0537784,-0.0554122,-0.057391,-0.0587617,-0.0598388,-0.0607907,-0.0620946,-0.0634489,-0.0646609,-0.0663016,-0.0679444,nan,nan,nan,nan,nan,nan,nan,nan,nan,nan,nan,nan,nan,nan,nan,nan,nan,nan,nan,nan,nan,nan,nan,nan,nan,nan,nan,nan,nan,-0.240477,-0.240416,-0.240477,-0.240817,-0.241945,-0.242933,-0.244179,-0.245692,-0.246555,-0.247095,-0.247528,-0.248063,-0.248227,-0.24883,-0.249156,-0.249453,-0.250391,-0.251033,-0.251865,-0.252035,-0.252532,-0.253297,-0.253702,-0.254317,-0.254512,-0.254944,-0.255331,-0.255665,-0.256423,-0.256606,-0.256542,-0.257156,-0.257651,-0.257824,-0.257962,-0.258175,-0.257666,-0.25713,nan,nan,nan,nan,nan,nan,nan,nan,nan,nan,nan,nan,nan,nan,nan,nan,nan,
nan,nan,nan,nan,nan,nan,nan,nan,nan,nan,nan,nan,nan,nan,-0.0287704,-0.0304663,-0.0318751,-0.0329765,-0.0336833,-0.0347663,-0.0356142,-0.0362544,-0.037275,-0.0380522,-0.0387655,-0.0394732,-0.0401785,-0.0410391,-0.0416805,-0.0423014,-0.0431545,-0.0438615,-0.0438693,-0.0444776,-0.0452656,-0.0462962,-0.0474159,-0.0484381,-0.0491727,-0.0501908,-0.0514878,-0.0534451,-0.05523,-0.0562732,-0.0576964,-0.059218,-0.0605052,-0.0626252,-0.0653405,nan,nan,nan,nan,nan,nan,nan,nan,nan,nan,nan,nan,nan,nan,nan,nan,nan,nan,nan,nan,nan,nan,nan,nan,nan,nan,nan,nan,nan,nan,nan,-0.241816,-0.243598,-0.244463,-0.245464,-0.246608,-0.247831,-0.24916,-0.249575,-0.249098,-0.249729,-0.250427,-0.250605,-0.250972,-0.251235,-0.251566,-0.252478,-0.253218,-0.253692,-0.25397,-0.254546,-0.255137,-0.255521,-0.25605,-0.256482,-0.256947,-0.257297,-0.257661,-0.258217,-0.258325,-0.258722,-0.259307,-0.259818,-0.259931,-0.25982,-0.260039,-0.259792,-0.25947,nan,nan,nan,nan,nan,nan,nan,nan,nan,nan,nan,nan,nan,nan,nan,nan,nan,
nan,nan,nan,nan,nan,nan,nan,nan,nan,nan,nan,nan,nan,nan,-0.0263301,-0.0279444,-0.0290943,-0.0301635,-0.03076,-0.0317799,-0.0324177,-0.0331518,-0.0341317,-0.0347094,-0.0355981,-0.0366128,-0.037404,-0.038093,-0.0388668,-0.0392731,-0.0397721,-0.0403246,-0.0405149,-0.041137,-0.0416581,-0.0425521,-0.0438391,-0.0449877,-0.0458276,-0.0466619,-0.0481087,-0.0506335,-0.0523558,-0.0533505,-0.0543404,-0.0556432,-0.0575441,-0.0589546,-0.0620904,nan,nan,nan,nan,nan,nan,nan,nan,nan,nan,nan,nan,nan,nan,nan,nan,nan,nan,nan,nan,nan,nan,nan,nan,nan,nan,nan,nan,nan,nan,nan,nan,-0.246107,-0.246615,-0.248008,-0.248949,-0.249492,-0.250744,-0.251418,-0.251127,-0.251808,-0.252302,-0.252511,-0.252794,-0.253352,-0.254056,-0.254821,-0.255294,-0.255827,-0.25592,-0.256335,-0.256656,-0.25701,-0.257663,-0.258376,-0.258884,-0.259156,-0.259903,-0.260135,-0.259874,-0.260343,-0.261105,-0.261383,-0.261489,-0.261687,-0.26157,-0.261421,-0.261564,nan,nan,nan,nan,nan,nan,nan,nan,nan,nan,nan,nan,nan,nan,nan,nan,nan,
nan,nan,nan,nan,nan,nan,nan,nan,nan,nan,nan,nan,nan,nan,-0.023181,-0.0245777,-0.0258171,-0.0271672,-0.0279992,-0.0291046,-0.0297356,-0.0305183,-0.0317685,-0.032227,-0.033084,-0.0337631,-0.0342828,-0.0352452,-0.0358168,-0.0363868,-0.036664,-0.0373174,-0.0378486,-0.0382388,-0.0390385,-0.0394828,-0.0409112,-0.041795,-0.0428146,-0.0433027,-0.0445895,-0.0478907,-0.0492389,-0.0504063,-0.051555,-0.0532704,-0.0558397,-0.0581859,nan,nan,nan,nan,nan,nan,nan,nan,nan,nan,nan,nan,nan,nan,nan,nan,nan,nan,nan,nan,nan,nan,nan,nan,nan,nan,nan,nan,nan,nan,nan,nan,nan,-0.24756,-0.249106,-0.250061,-0.250352,-0.251696,-0.253367,-0.253282,-0.253374,-0.25377,-0.254447,-0.254702,-0.254976,-0.255014,-0.255566,-0.256529,-0.256853,-0.257156,-0.257359,-0.257523,-0.258299,-0.258674,-0.259239,-0.260115,-0.260584,-0.260827,-0.26115,-0.261597,-0.261599,-0.261918,-0.262538,-0.263026,-0.263309,-0.263496,-0.263383,-0.263565,-0.263718,nan,nan,nan,nan,nan,nan,nan,nan,nan,nan,nan,nan,nan,nan,nan,nan,nan,
nan,nan,nan,nan,nan,nan,nan,nan,nan,nan,nan,nan,nan,nan,-0.0204558,-0.0219718,-0.0230272,-0.0243121,-0.0253152,-0.0262684,-0.0272759,-0.028118,-0.0290353,-0.0300987,-0.0302955,-0.0309185,-0.0315905,-0.032273,-0.0327042,-0.0332777,-0.0339905,-0.03445,-0.0348479,-0.0354475,-0.036015,-0.0369465,-0.0380242,-0.0391871,-0.0398718,-0.0403617,-0.0417615,-0.0444685,-0.046234,-0.0488337,-0.0508958,-0.0520525,-0.0547111,-0.0577158,nan,nan,nan,nan,nan,nan,nan,nan,nan,nan,nan,nan,nan,nan,nan,nan,nan,nan,nan,nan,nan,nan,nan,nan,nan,nan,nan,nan,nan,nan,nan,nan,nan,nan,-0.250222,-0.251361,-0.252385,-0.253997,-0.255271,-0.254921,-0.255117,-0.255515,-0.255796,-0.256255,-0.256429,-0.256375,-0.25676,-0.257493,-0.258066,-0.258195,-0.258292,-0.258548,-0.259233,-0.259898,-0.260641,-0.261398,-0.261723,-0.261976,-0.26244,-0.26306,-0.263161,-0.263468,-0.264055,-0.264315,-0.264344,-0.264765,-0.26495,-0.265281,-0.265439,nan,nan,nan,nan,nan,nan,nan,nan,nan,nan,nan,nan,nan,nan,nan,nan,nan,
nan,nan,nan,nan,nan,nan,nan,nan,nan,nan,nan,nan,nan,nan,-0.0177486,-0.019268,-0.0206383,-0.0218121,-0.0227764,-0.0237135,-0.0247618,-0.0258471,-0.0267779,-0.0275928,-0.0279672,-0.0286123,-0.0289909,-0.0296336,-0.0304233,-0.0308391,-0.0315857,-0.0319022,-0.0323714,-0.0327597,-0.0334477,-0.0344471,-0.0350787,-0.0363691,-0.0369103,-0.037728,-0.0388574,-0.0414951,-0.0439425,-0.0462437,-0.0486529,-0.0514791,-0.0545781,nan,nan,nan,nan,nan,nan,nan,nan,nan,nan,nan,nan,nan,nan,nan,nan,nan,nan,nan,nan,nan,nan,nan,nan,nan,nan,nan,nan,nan,nan,nan,nan,nan,nan,nan,-0.251134,-0.252693,-0.254053,-0.255659,-0.256482,-0.256548,-0.256128,-0.256607,-0.256705,-0.257163,-0.25749,-0.257484,-0.257822,-0.258264,-0.258838,-0.259105,-0.259399,-0.259609,-0.259892,-0.260812,-0.261498,-0.26236,-0.26302,-0.263289,-0.263618,-0.264155,-0.26447,-0.264695,-0.265019,-0.264992,-0.264954,-0.265296,-0.265454,-0.265696,-0.266023,nan,nan,nan,nan,nan,nan,nan,nan,nan,nan,nan,nan,nan,nan,nan,nan,nan,
nan,nan,nan,nan,nan,nan,nan,nan,nan,nan,nan,nan,nan,nan,-0.0152833,-0.0168035,-0.0183483,-0.0194344,-0.0204194,-0.0213392,-0.0224781,-0.0237237,-0.0243892,-0.0254274,-0.0258881,-0.0263581,-0.0266607,-0.0274183,-0.028255,-0.0289077,-0.0295934,-0.0294917,-0.0299493,-0.0308094,-0.0312601,-0.0322634,-0.0329953,-0.0338105,-0.0344626,-0.0352775,-0.0365502,-0.0392815,-0.0412511,-0.0440489,-0.0465718,-0.0492393,-0.0526314,nan,nan,nan,nan,nan,nan,nan,nan,nan,nan,nan,nan,nan,nan,nan,nan,nan,nan,nan,nan,nan,nan,nan,nan,nan,nan,nan,nan,nan,nan,nan,nan,nan,nan,nan,-0.251122,-0.254589,-0.255202,-0.25655,-0.256878,-0.256994,-0.257137,-0.257442,-0.257681,-0.258074,-0.258162,-0.258298,-0.258789,-0.258831,-0.259153,-0.259484,-0.259805,-0.260157,-0.26072,-0.261599,-0.262058,-0.262765,-0.263257,-0.263758,-0.264037,-0.264284,-0.264694,-0.265008,-0.265193,-0.265442,-0.265736,-0.265852,-0.265814,-0.266285,-0.266511,nan,nan,nan,nan,nan,nan,nan,nan,nan,nan,nan,nan,nan,nan,nan,nan,nan,
nan,nan,nan,nan,nan,nan,nan,nan,nan,nan,nan,nan,nan,nan,-0.0132319,-0.0151809,-0.0164413,-0.0175323,-0.0184543,-0.0192708,-0.0203321,-0.0214889,-0.0222329,-0.0228551,-0.0237359,-0.0242219,-0.0245848,-0.0253564,-0.0261201,-0.0272713,-0.0277356,-0.0279224,-0.0284386,-0.0287109,-0.0293873,-0.0303771,-0.0310399,-0.0318315,-0.0323426,-0.0330929,-0.0353425,-0.037247,-0.0393988,-0.0420603,-0.0441883,-0.0472335,-0.051272,nan,nan,nan,nan,nan,nan,nan,nan,nan,nan,nan,nan,nan,nan,nan,nan,nan,nan,nan,nan,nan,nan,nan,nan,nan,nan,nan,nan,nan,nan,nan,nan,nan,nan,nan,-0.253034,-0.255104,-0.256022,-0.257003,-0.257123,-0.257249,-0.257837,-0.257965,-0.258289,-0.258432,-0.258306,-0.258704,-0.259171,-0.259222,-0.259249,-0.259578,-0.2602,-0.260633,-0.261284,-0.262272,-0.262571,-0.26288,-0.263694,-0.26392,-0.264135,-0.264427,-0.264545,-0.264984,-0.26553,-0.265775,-0.266297,-0.266457,-0.266574,-0.266595,-0.266464,nan,nan,nan,nan,nan,nan,nan,nan,nan,nan,nan,nan,nan,nan,nan,nan,nan,
nan,nan,nan,nan,nan,nan,nan,nan,nan,nan,nan,nan,nan,nan,-0.0122229,-0.0139211,-0.0150474,-0.0159282,-0.0168204,-0.0176153,-0.0185591,-0.019729,-0.0203202,-0.0210107,-0.0220036,-0.0225512,-0.0230324,-0.0236064,-0.0247192,-0.0255218,-0.0257893,-0.0263967,-0.0268691,-0.0271673,-0.0277131,-0.028396,-0.0294623,-0.0302753,-0.0308639,-0.031838,-0.0338171,-0.0356023,-0.0380805,-0.0401574,-0.0430161,-0.0468014,-0.0510632,nan,nan,nan,nan,nan,nan,nan,nan,nan,nan,nan,nan,nan,nan,nan,nan,nan,nan,nan,nan,nan,nan,nan,nan,nan,nan,nan,nan,nan,nan,nan,nan,nan,nan,nan,nan,-0.254952,-0.256693,-0.256639,-0.25665,-0.256854,-0.257589,-0.258037,-0.25803,-0.25828,-0.25857,-0.258894,-0.259078,-0.259214,-0.259427,-0.2596,-0.260051,-0.26054,-0.261335,-0.262068,-0.262337,-0.262652,-0.263155,-0.263711,-0.264305,-0.264857,-0.26506,-0.265256,-0.265637,-0.265876,-0.266045,-0.266037,-0.266545,-0.266747,-0.266233,nan,nan,nan,nan,nan,nan,nan,nan,nan,nan,nan,nan,nan,nan,nan,nan,nan,
nan,nan,nan,nan,nan,nan,nan,nan,nan,nan,nan,nan,nan,nan,-0.0111004,-0.0124001,-0.0135421,-0.0142414,-0.0153023,-0.016288,-0.0170267,-0.0180466,-0.0190398,-0.0200189,-0.0208411,-0.0212887,-0.0219092,-0.022573,-0.0231711,-0.0239312,-0.0244141,-0.0250422,-0.0254908,-0.0259278,-0.0264246,-0.0272012,-0.0282223,-0.028895,-0.0298514,-0.0305499,-0.0325748,-0.0346424,-0.0366656,-0.0395433,-0.042704,-0.0461178,-0.0507293,nan,nan,nan,nan,nan,nan,nan,nan,nan,nan,nan,nan,nan,nan,nan,nan,nan,nan,nan,nan,nan,nan,nan,nan,nan,nan,nan,nan,nan,nan,nan,nan,nan,nan,nan,nan,-0.254194,-0.254593,-0.255396,-0.256357,-0.256923,-0.257149,-0.257679,-0.257893,-0.258393,-0.258528,-0.258238,-0.258678,-0.258719,-0.258911,-0.259572,-0.259623,-0.260181,-0.260918,-0.261517,-0.261893,-0.261937,-0.262867,-0.263429,-0.26375,-0.264261,-0.264722,-0.264943,-0.265617,-0.265903,-0.265841,-0.265955,-0.266422,-0.266256,-0.265632,nan,nan,nan,nan,nan,nan,nan,nan,nan,nan,nan,nan,nan,nan,nan,nan,nan,
nan,nan,nan,nan,nan,nan,nan,nan,nan,nan,nan,nan,nan,nan,-0.00988907,-0.011302,-0.0123444,-0.0132117,-0.0140598,-0.0148739,-0.0159344,-0.0167529,-0.0179893,-0.0190191,-0.0197319,-0.0206967,-0.0208084,-0.0214081,-0.0221824,-0.0229992,-0.0235468,-0.0240024,-0.0246231,-0.0251125,-0.0255408,-0.0263889,-0.0274022,-0.0281262,-0.0287662,-0.0303431,-0.0315042,-0.0336191,-0.0360359,-0.0378947,-0.0408857,-0.04415,-0.047896,nan,nan,nan,nan,nan,nan,nan,nan,nan,nan,nan,nan,nan,nan,nan,nan,nan,nan,nan,nan,nan,nan,nan,nan,nan,nan,nan,nan,nan,nan,nan,nan,nan,nan,nan,nan,-0.252365,-0.25392,-0.254796,-0.255622,-0.256414,-0.256836,-0.257183,-0.257442,-0.257594,-0.257685,-0.257696,-0.258005,-0.258246,-0.258736,-0.259205,-0.25931,-0.259579,-0.259994,-0.260832,-0.261246,-0.261185,-0.261906,-0.262597,-0.263163,-0.263767,-0.264297,-0.264444,-0.264985,-0.265338,-0.265365,-0.265372,-0.265647,-0.266077,-0.265698,nan,nan,nan,nan,nan,nan,nan,nan,nan,nan,nan,nan,nan,nan,nan,nan,nan,
nan,nan,nan,nan,nan,nan,nan,nan,nan,nan,nan,nan,nan,nan,-0.00944822,-0.0107883,-0.011804,-0.0126388,-0.0134282,-0.0140501,-0.0147822,-0.0159844,-0.0169424,-0.0177727,-0.0190069,-0.0198931,-0.0202623,-0.0206779,-0.0215983,-0.0222248,-0.0226997,-0.0230144,-0.0238846,-0.0245049,-0.0247644,-0.0256776,-0.0266221,-0.0273433,-0.0280767,-0.0295209,-0.0307476,-0.0326856,-0.0348683,-0.0367269,-0.03879,-0.0420446,-0.0451164,nan,nan,nan,nan,nan,nan,nan,nan,nan,nan,nan,nan,nan,nan,nan,nan,nan,nan,nan,nan,nan,nan,nan,nan,nan,nan,nan,nan,nan,nan,nan,nan,nan,nan,nan,nan,-0.251334,-0.252909,-0.253554,-0.254396,-0.254947,-0.256122,-0.256566,-0.256454,-0.256882,-0.256896,-0.256889,-0.257087,-0.257351,-0.257845,-0.258298,-0.258836,-0.259116,-0.259394,-0.260024,-0.260567,-0.260599,-0.261168,-0.261828,-0.262711,-0.263636,-0.26358,-0.263674,-0.264373,-0.264811,-0.264723,-0.264492,-0.264567,-0.264702,-0.264629,nan,nan,nan,nan,nan,nan,nan,nan,nan,nan,nan,nan,nan,nan,nan,nan,nan,
nan,nan,nan,nan,nan,nan,nan,nan,nan,nan,nan,nan,nan,nan,-0.00876063,-0.00988016,-0.0110331,-0.0118318,-0.0127428,-0.0136022,-0.014562,-0.015676,-0.0164486,-0.0171205,-0.0181102,-0.0191983,-0.0195856,-0.0202663,-0.0208483,-0.0216216,-0.0222179,-0.0226123,-0.0233118,-0.0239015,-0.0245489,-0.0254179,-0.0261671,-0.0267834,-0.0278176,-0.0288362,-0.0304451,-0.0318589,-0.0333169,-0.0355292,-0.0368103,-0.0396827,-0.0420693,nan,nan,nan,nan,nan,nan,nan,nan,nan,nan,nan,nan,nan,nan,nan,nan,nan,nan,nan,nan,nan,nan,nan,nan,nan,nan,nan,nan,nan,nan,nan,nan,nan,nan,nan,nan,-0.249911,-0.251067,-0.252119,-0.253132,-0.254059,-0.254613,-0.255297,-0.255739,-0.255816,-0.255814,-0.25585,-0.256072,-0.256565,-0.25691,-0.257012,-0.257577,-0.258201,-0.258915,-0.259688,-0.259818,-0.259986,-0.260753,-0.261168,-0.261723,-0.262403,-0.262601,-0.262944,-0.263403,-0.263749,-0.263452,-0.263583,-0.263802,-0.26368,-0.263471,nan,nan,nan,nan,nan,nan,nan,nan,nan,nan,nan,nan,nan,nan,nan,nan,nan,
nan,nan,nan,nan,nan,nan,nan,nan,nan,nan,nan,nan,nan,nan,-0.00883121,-0.00963983,-0.0108289,-0.0115813,-0.0123878,-0.0134551,-0.0142839,-0.0152712,-0.0159621,-0.0168034,-0.0174913,-0.01844,-0.0189002,-0.0196444,-0.0202725,-0.0213864,-0.0217366,-0.0224991,-0.0233114,-0.0239152,-0.024699,-0.0253706,-0.0260285,-0.0268949,-0.0279445,-0.0292239,-0.030541,-0.0313614,-0.0325202,-0.0334393,-0.0349623,-0.0354144,-0.0369065,nan,nan,nan,nan,nan,nan,nan,nan,nan,nan,nan,nan,nan,nan,nan,nan,nan,nan,nan,nan,nan,nan,nan,nan,nan,nan,nan,nan,nan,nan,nan,nan,nan,nan,nan,nan,-0.249375,-0.250287,-0.251184,-0.251926,-0.252292,-0.252869,-0.253522,-0.254011,-0.254628,-0.254416,-0.254806,-0.255299,-0.255739,-0.255901,-0.255928,-0.256109,-0.256689,-0.257612,-0.258123,-0.258328,-0.259105,-0.259323,-0.259755,-0.260561,-0.261009,-0.261567,-0.261556,-0.261612,-0.261958,-0.26203,-0.262024,-0.262413,-0.262418,-0.261717,nan,nan,nan,nan,nan,nan,nan,nan,nan,nan,nan,nan,nan,nan,nan,nan,nan,
nan,nan,nan,nan,nan,nan,nan,nan,nan,nan,nan,nan,nan,nan,-0.010308,-0.0105656,-0.0114028,-0.0120732,-0.012688,-0.0134087,-0.0140325,-0.0149848,-0.0158464,-0.0167749,-0.0174784,-0.0182821,-0.0189882,-0.0194282,-0.0204816,-0.0212804,-0.0219823,-0.0226444,-0.0232764,-0.0241824,-0.0250654,-0.025797,-0.0264031,-0.0272404,-0.027981,-0.0288604,-0.0299444,-0.0309029,-0.031687,-0.0315238,-0.0321104,-0.0340498,-0.0357238,nan,nan,nan,nan,nan,nan,nan,nan,nan,nan,nan,nan,nan,nan,nan,nan,nan,nan,nan,nan,nan,nan,nan,nan,nan,nan,nan,nan,nan,nan,nan,nan,nan,nan,nan,-0.246515,-0.248655,-0.248618,-0.249903,-0.250071,-0.250631,-0.251362,-0.251894,-0.252213,-0.252829,-0.253183,-0.253569,-0.253528,-0.253767,-0.254204,-0.254422,-0.254382,-0.254992,-0.256081,-0.256443,-0.25685,-0.257489,-0.257919,-0.258459,-0.259186,-0.259795,-0.259897,-0.259717,-0.259622,-0.259755,-0.260054,-0.260232,-0.260882,-0.260813,-0.260195,nan,nan,nan,nan,nan,nan,nan,nan,nan,nan,nan,nan,nan,nan,nan,nan,nan,
nan,nan,nan,nan,nan,nan,nan,nan,nan,nan,nan,nan,nan,nan,-0.00995186,-0.0102365,-0.0108916,-0.0116649,-0.0126145,-0.0133831,-0.0141619,-0.015088,-0.0160501,-0.0170781,-0.0175798,-0.0185773,-0.0193517,-0.0198309,-0.0205829,-0.0211958,-0.0221518,-0.0230654,-0.0237523,-0.0244441,-0.0256608,-0.0263119,-0.0267747,-0.0271626,-0.0283644,-0.0289071,-0.0297389,-0.0306927,-0.0313671,-0.0316182,-0.0334051,-0.034824,-0.0366917,nan,nan,nan,nan,nan,nan,nan,nan,nan,nan,nan,nan,nan,nan,nan,nan,nan,nan,nan,nan,nan,nan,nan,nan,nan,nan,nan,nan,nan,nan,nan,nan,nan,nan,nan,-0.24625,-0.246163,-0.246653,-0.247921,-0.248002,-0.248847,-0.249573,-0.250373,-0.250599,-0.250917,-0.251579,-0.251974,-0.251661,-0.251708,-0.252065,-0.252446,-0.252687,-0.253463,-0.254667,-0.254899,-0.254974,-0.255648,-0.256323,-0.256709,-0.257245,-0.257833,-0.257849,-0.257791,-0.257933,-0.258092,-0.258448,-0.258581,-0.258995,-0.259014,-0.258542,nan,nan,nan,nan,nan,nan,nan,nan,nan,nan,nan,nan,nan,nan,nan,nan,nan,
nan,nan,nan,nan,nan,nan,nan,nan,nan,nan,nan,nan,nan,nan,-0.00970029,-0.0101079,-0.0110904,-0.0119307,-0.0128436,-0.013711,-0.014584,-0.015385,-0.0166666,-0.0175111,-0.0184072,-0.0191368,-0.0198771,-0.0205041,-0.0212877,-0.0218558,-0.0226741,-0.0237285,-0.0243012,-0.0250863,-0.0259639,-0.026612,-0.0270837,-0.0277842,-0.0288871,-0.0296145,-0.0303488,-0.0303107,-0.0311343,-0.0329934,-0.035028,-0.0364303,-0.0382216,nan,nan,nan,nan,nan,nan,nan,nan,nan,nan,nan,nan,nan,nan,nan,nan,nan,nan,nan,nan,nan,nan,nan,nan,nan,nan,nan,nan,nan,nan,nan,nan,nan,nan,nan,-0.243144,-0.24442,-0.244792,-0.245119,-0.245766,-0.246409,-0.247838,-0.248576,-0.248473,-0.24855,-0.249194,-0.249689,-0.249596,-0.249916,-0.250006,-0.250302,-0.250809,-0.251261,-0.252198,-0.253087,-0.253328,-0.253613,-0.254331,-0.2549,-0.255178,-0.255954,-0.256107,-0.255914,-0.256517,-0.256213,-0.256578,-0.257015,-0.257157,-0.257041,-0.256281,nan,nan,nan,nan,nan,nan,nan,nan,nan,nan,nan,nan,nan,nan,nan,nan,nan,
nan,nan,nan,nan,nan,nan,nan,nan,nan,nan,nan,nan,nan,nan,-0.0101791,-0.0109065,-0.0117543,-0.0126963,-0.0135842,-0.0146239,-0.0154217,-0.0162998,-0.017386,-0.0182799,-0.0193568,-0.0201608,-0.0209038,-0.0214575,-0.0219471,-0.0229061,-0.0236799,-0.0245698,-0.0255268,-0.0261884,-0.0267451,-0.0275687,-0.0278459,-0.028976,-0.0298383,-0.0306494,-0.0312488,-0.0312495,-0.0323626,-0.0339519,-0.035666,-0.037441,-0.038244,-0.0395498,nan,nan,nan,nan,nan,nan,nan,nan,nan,nan,nan,nan,nan,nan,nan,nan,nan,nan,nan,nan,nan,nan,nan,nan,nan,nan,nan,nan,nan,nan,nan,nan,nan,nan,-0.239433,-0.241163,-0.241416,-0.242445,-0.243143,-0.243978,-0.245181,-0.245582,-0.245507,-0.245883,-0.246415,-0.247092,-0.247262,-0.247724,-0.248089,-0.24815,-0.24866,-0.249361,-0.249903,-0.25083,-0.251213,-0.251571,-0.252253,-0.252966,-0.253313,-0.253736,-0.253914,-0.254197,-0.254452,-0.254304,-0.254343,-0.254275,-0.25471,-0.254468,-0.25378,nan,nan,nan,nan,nan,nan,nan,nan,nan,nan,nan,nan,nan,nan,nan,nan,nan,
nan,nan,nan,nan,nan,nan,nan,nan,nan,nan,nan,nan,nan,nan,-0.0110555,-0.0117352,-0.0125231,-0.0135524,-0.0145594,-0.0154597,-0.0163675,-0.0173594,-0.0184408,-0.0193504,-0.0203474,-0.0212841,-0.0219289,-0.022702,-0.0234192,-0.0241827,-0.0249742,-0.0259104,-0.0266581,-0.0273639,-0.0280237,-0.0289966,-0.029699,-0.0305248,-0.0313916,-0.0321784,-0.0325609,-0.0329561,-0.0339495,-0.0354296,-0.0368173,-0.0374554,-0.0373204,-0.0387101,nan,nan,nan,nan,nan,nan,nan,nan,nan,nan,nan,nan,nan,nan,nan,nan,nan,nan,nan,nan,nan,nan,nan,nan,nan,nan,nan,nan,nan,nan,nan,nan,nan,-0.234949,-0.236541,-0.237391,-0.238055,-0.239433,-0.240206,-0.240948,-0.241931,-0.242593,-0.243144,-0.24323,-0.24346,-0.244297,-0.24471,-0.245081,-0.245518,-0.245617,-0.246197,-0.247069,-0.247424,-0.247965,-0.248368,-0.249365,-0.249976,-0.250345,-0.250711,-0.25088,-0.251118,-0.251777,-0.252196,-0.252172,-0.252361,-0.252229,-0.252277,-0.252059,-0.251485,nan,nan,nan,nan,nan,nan,nan,nan,nan,nan,nan,nan,nan,nan,nan,nan,nan,
nan,nan,nan,nan,nan,nan,nan,nan,nan,nan,nan,nan,nan,nan,-0.0126865,-0.0132478,-0.0138746,-0.0150187,-0.0158289,-0.0167406,-0.0176031,-0.0186231,-0.0199087,-0.0207888,-0.0217344,-0.022745,-0.0231703,-0.0238815,-0.0248833,-0.0257203,-0.0264549,-0.0273102,-0.0281341,-0.0287083,-0.0298711,-0.030678,-0.0314375,-0.0324929,-0.0333837,-0.0339176,-0.0341854,-0.0347164,-0.035873,-0.0369164,-0.0377579,-0.0378095,-0.0383557,-0.0382817,nan,nan,nan,nan,nan,nan,nan,nan,nan,nan,nan,nan,nan,nan,nan,nan,nan,nan,nan,nan,nan,nan,nan,nan,nan,nan,nan,nan,nan,nan,nan,nan,nan,-0.232366,-0.232973,-0.234124,-0.235337,-0.235922,-0.237008,-0.237722,-0.238533,-0.239406,-0.240026,-0.240353,-0.240789,-0.241089,-0.241461,-0.242136,-0.24242,-0.242803,-0.243765,-0.244495,-0.244871,-0.245497,-0.245989,-0.246525,-0.247222,-0.24805,-0.248132,-0.248532,-0.248825,-0.249078,-0.249894,-0.250121,-0.250516,-0.250619,-0.250603,-0.250759,-0.250529,nan,nan,nan,nan,nan,nan,nan,nan,nan,nan,nan,nan,nan,nan,nan,nan,nan,
nan,nan,nan,nan,nan,nan,nan,nan,nan,nan,nan,nan,nan,nan,-0.0140781,-0.0145593,-0.0152478,-0.0163904,-0.017483,-0.0182038,-0.0193402,-0.020415,-0.0215583,-0.0224342,-0.023411,-0.024292,-0.0249483,-0.0255903,-0.0263146,-0.027291,-0.0282211,-0.0289853,-0.0299816,-0.030684,-0.0314832,-0.0326388,-0.0335992,-0.0345797,-0.035485,-0.0363736,-0.0366419,-0.0375882,-0.03825,-0.0391794,-0.0398576,-0.039844,-0.0401456,-0.0402069,-0.0404411,nan,nan,nan,nan,nan,nan,nan,nan,nan,nan,nan,nan,nan,nan,nan,nan,nan,nan,nan,nan,nan,nan,nan,nan,nan,nan,nan,nan,nan,nan,nan,nan,-0.22864,-0.229694,-0.23018,-0.231427,-0.232183,-0.23333,-0.234143,-0.234617,-0.235695,-0.236567,-0.237046,-0.237462,-0.238014,-0.238454,-0.239296,-0.239799,-0.239893,-0.240752,-0.241435,-0.241615,-0.242321,-0.24312,-0.243648,-0.244204,-0.245363,-0.246047,-0.246373,-0.24671,-0.24699,-0.247362,-0.247575,-0.247676,-0.248038,-0.248239,-0.248311,-0.248166,nan,nan,nan,nan,nan,nan,nan,nan,nan,nan,nan,nan,nan,nan,nan,nan,nan,
nan,nan,nan,nan,nan,nan,nan,nan,nan,nan,nan,nan,nan,nan,-0.0158944,-0.0161892,-0.0168771,-0.017807,-0.018902,-0.0199025,-0.0212999,-0.0223096,-0.0233224,-0.023956,-0.0250119,-0.0258829,-0.0268078,-0.0275992,-0.0280072,-0.0290056,-0.0300979,-0.0308422,-0.0318377,-0.0325602,-0.0336038,-0.0348474,-0.0359433,-0.0369253,-0.0378786,-0.0388888,-0.0394898,-0.0402211,-0.0404113,-0.0420258,-0.0426722,-0.0430747,-0.0429985,-0.0432716,-0.0437503,nan,nan,nan,nan,nan,nan,nan,nan,nan,nan,nan,nan,nan,nan,nan,nan,nan,nan,nan,nan,nan,nan,nan,nan,nan,nan,nan,nan,nan,nan,nan,-0.2229,-0.223962,-0.225342,-0.226163,-0.227139,-0.22788,-0.228598,-0.229775,-0.230504,-0.231648,-0.232422,-0.232881,-0.233597,-0.234304,-0.234902,-0.235687,-0.236321,-0.23678,-0.237405,-0.238245,-0.238374,-0.239089,-0.240087,-0.240947,-0.241752,-0.242423,-0.243064,-0.243713,-0.244074,-0.244162,-0.24461,-0.244871,-0.245233,-0.245643,-0.245497,-0.24531,-0.24524,nan,nan,nan,nan,nan,nan,nan,nan,nan,nan,nan,nan,nan,nan,nan,nan,nan,
nan,nan,nan,nan,nan,nan,nan,nan,nan,nan,nan,nan,nan,nan,-0.0173072,-0.0178898,-0.0184663,-0.0196145,-0.0208581,-0.021845,-0.0230239,-0.0240819,-0.0251542,-0.0256883,-0.0267627,-0.0276307,-0.0287654,-0.029475,-0.0300607,-0.0309923,-0.0320995,-0.032889,-0.0340915,-0.0348578,-0.0362649,-0.0372885,-0.0385766,-0.0393629,-0.0407138,-0.0414363,-0.0422587,-0.0433868,-0.0440622,-0.0450698,-0.0460625,-0.046263,-0.0467225,-0.0471783,-0.0478715,-0.0473484,nan,nan,nan,nan,nan,nan,nan,nan,nan,nan,nan,nan,nan,nan,nan,nan,nan,nan,nan,nan,nan,nan,nan,nan,nan,nan,nan,nan,nan,-0.21873,-0.218808,-0.219502,-0.220563,-0.221624,-0.222442,-0.223014,-0.22368,-0.225079,-0.226037,-0.22713,-0.227606,-0.228244,-0.2292,-0.229815,-0.230579,-0.231652,-0.232404,-0.233354,-0.23387,-0.234436,-0.235282,-0.236065,-0.236972,-0.237658,-0.238404,-0.239354,-0.240086,-0.240661,-0.241193,-0.241708,-0.241782,-0.241768,-0.242104,-0.242283,-0.242259,-0.242391,-0.24294,nan,nan,nan,nan,nan,nan,nan,nan,nan,nan,nan,nan,nan,nan,nan,nan,nan,
nan,nan,nan,nan,nan,nan,nan,nan,nan,nan,nan,nan,nan,nan,-0.0186681,-0.0195629,-0.0203933,-0.0216052,-0.0228957,-0.0238323,-0.0250045,-0.0261229,-0.0270845,-0.0278388,-0.0287774,-0.0297165,-0.0308002,-0.0316835,-0.0324562,-0.0332182,-0.0340661,-0.0351607,-0.0363922,-0.0374181,-0.0385862,-0.0401712,-0.0415044,-0.0423844,-0.0436333,-0.044551,-0.0456234,-0.0469694,-0.0481066,-0.0490669,-0.0502404,-0.0507025,-0.0511076,-0.0518723,-0.0521436,-0.0518799,-0.0511243,nan,nan,nan,nan,nan,nan,nan,nan,nan,nan,nan,nan,nan,nan,nan,nan,nan,nan,nan,nan,nan,nan,nan,nan,nan,nan,nan,nan,-0.213277,-0.213508,-0.214218,-0.215547,-0.216428,-0.217342,-0.218154,-0.218841,-0.220053,-0.221072,-0.222122,-0.223129,-0.223808,-0.224678,-0.225609,-0.226472,-0.22736,-0.228249,-0.228934,-0.229744,-0.230469,-0.231643,-0.232531,-0.23341,-0.234441,-0.234945,-0.2358,-0.236721,-0.237399,-0.238127,-0.238815,-0.238963,-0.239135,-0.23903,-0.239379,-0.2395,-0.239538,-0.240116,nan,nan,nan,nan,nan,nan,nan,nan,nan,nan,nan,nan,nan,nan,nan,nan,nan,
nan,nan,nan,nan,nan,nan,nan,nan,nan,nan,nan,nan,nan,nan,-0.0203534,-0.0215551,-0.0224858,-0.0238394,-0.0249439,-0.0261957,-0.0271888,-0.0283245,-0.0294372,-0.0304109,-0.0311364,-0.0321449,-0.0333744,-0.0341291,-0.0349484,-0.0357455,-0.0366897,-0.0379446,-0.0391823,-0.0404327,-0.0414551,-0.0431791,-0.0443294,-0.0457586,-0.0469049,-0.0478667,-0.0490661,-0.0505486,-0.0515154,-0.0530806,-0.0544169,-0.0553976,-0.0558173,-0.0566158,-0.0570396,-0.056811,-0.0560747,-0.0560934,nan,nan,nan,nan,nan,nan,nan,nan,nan,nan,nan,nan,nan,nan,nan,nan,nan,nan,nan,nan,nan,nan,nan,nan,nan,nan,-0.207174,-0.207146,-0.207694,-0.208898,-0.2099,-0.210912,-0.211906,-0.212544,-0.213316,-0.214851,-0.216218,-0.217296,-0.218418,-0.219342,-0.220371,-0.221242,-0.22212,-0.222895,-0.223692,-0.224587,-0.225489,-0.226831,-0.227926,-0.228678,-0.229592,-0.230822,-0.231608,-0.23205,-0.232571,-0.233821,-0.234681,-0.234993,-0.235297,-0.236057,-0.236436,-0.236902,-0.237153,-0.237349,-0.238167,nan,nan,nan,nan,nan,nan,nan,nan,nan,nan,nan,nan,nan,nan,nan,nan,nan,
nan,nan,nan,nan,nan,nan,nan,nan,nan,nan,nan,nan,nan,nan,-0.0229961,-0.0238453,-0.024721,-0.0260571,-0.0273626,-0.0285057,-0.0296009,-0.0307818,-0.0319231,-0.0331278,-0.0340151,-0.0348917,-0.0358323,-0.0368718,-0.0377693,-0.0385416,-0.0397242,-0.0410054,-0.0424013,-0.04361,-0.0446636,-0.0461898,-0.0474512,-0.048766,-0.0502828,-0.0515034,-0.0527694,-0.0542213,-0.0551993,-0.0570196,-0.0583838,-0.0597043,-0.0604184,-0.0612448,-0.0615166,-0.0618332,-0.0622904,-0.0631885,-0.0639754,nan,nan,nan,nan,nan,nan,nan,nan,nan,nan,nan,nan,nan,nan,nan,nan,nan,nan,nan,nan,nan,nan,nan,nan,-0.198301,-0.199352,-0.200534,-0.201658,-0.203008,-0.204249,-0.205334,-0.206345,-0.207046,-0.208022,-0.209469,-0.210936,-0.212167,-0.213287,-0.214622,-0.215724,-0.216596,-0.217525,-0.218585,-0.21938,-0.220266,-0.221339,-0.22266,-0.223821,-0.224665,-0.225607,-0.226798,-0.227602,-0.228177,-0.229017,-0.229802,-0.230853,-0.231511,-0.231662,-0.232435,-0.233014,-0.233369,-0.233911,-0.234615,-0.23519,nan,nan,nan,nan,nan,nan,nan,nan,nan,nan,nan,nan,nan,nan,nan,nan,nan,
nan,nan,nan,nan,nan,nan,nan,nan,nan,nan,nan,nan,nan,nan,-0.0254306,-0.0260208,-0.0270748,-0.028252,-0.0296234,-0.0308531,-0.0321569,-0.0334202,-0.03455,-0.0359194,-0.0368233,-0.0378231,-0.0386941,-0.0397108,-0.040666,-0.0417409,-0.0427938,-0.0439762,-0.0455715,-0.046684,-0.0480091,-0.0495439,-0.0506845,-0.0524199,-0.0540808,-0.0550278,-0.0566468,-0.0577255,-0.058993,-0.0611308,-0.0627301,-0.0643183,-0.0652554,-0.0660099,-0.0668755,-0.0679809,-0.0689906,-0.069581,-0.0701753,-0.0715084,nan,nan,nan,nan,nan,nan,nan,nan,nan,nan,nan,nan,nan,nan,nan,nan,nan,nan,nan,nan,nan,nan,-0.190423,-0.191224,-0.192386,-0.193695,-0.194577,-0.196571,-0.198331,-0.19957,-0.200498,-0.201284,-0.20253,-0.20402,-0.205571,-0.206987,-0.208281,-0.209992,-0.21109,-0.21177,-0.212722,-0.21377,-0.214804,-0.216203,-0.217532,-0.218854,-0.219896,-0.220967,-0.22177,-0.222529,-0.223478,-0.224419,-0.225335,-0.225849,-0.227031,-0.227907,-0.228347,-0.228844,-0.229337,-0.229656,-0.230389,-0.231352,-0.231944,nan,nan,nan,nan,nan,nan,nan,nan,nan,nan,nan,nan,nan,nan,nan,nan,nan,
nan,nan,nan,nan,nan,nan,nan,nan,nan,nan,nan,nan,nan,nan,-0.0270069,-0.0281789,-0.0292669,-0.0306756,-0.0320702,-0.0334306,-0.0347988,-0.0359413,-0.0372698,-0.0384174,-0.0395273,-0.0406922,-0.0420043,-0.0429879,-0.0437131,-0.044959,-0.0460299,-0.0472581,-0.0487466,-0.050156,-0.0516813,-0.0531053,-0.0543842,-0.0562253,-0.057529,-0.0589612,-0.0602844,-0.0617151,-0.0631665,-0.0653736,-0.0670898,-0.0687976,-0.0698364,-0.0713276,-0.0722677,-0.0731319,-0.0743323,-0.0754939,-0.0766781,-0.0786955,-0.0804514,nan,nan,nan,nan,nan,nan,nan,nan,nan,nan,nan,nan,nan,nan,nan,nan,nan,nan,nan,-0.180627,-0.18169,-0.183111,-0.183854,-0.185841,-0.187001,-0.188303,-0.190055,-0.191715,-0.19312,-0.194281,-0.195655,-0.197233,-0.198901,-0.200442,-0.201957,-0.203348,-0.205063,-0.206412,-0.207259,-0.208305,-0.209452,-0.21088,-0.212304,-0.21351,-0.21491,-0.215825,-0.216922,-0.217747,-0.218432,-0.219614,-0.220377,-0.220996,-0.222124,-0.223344,-0.224237,-0.224483,-0.225132,-0.225677,-0.226276,-0.226983,-0.227999,-0.228956,nan,nan,nan,nan,nan,nan,nan,nan,nan,nan,nan,nan,nan,nan,nan,nan,nan,
nan,nan,nan,nan,nan,nan,nan,nan,nan,nan,nan,nan,nan,nan,-0.0295834,-0.0307858,-0.0318016,-0.0332747,-0.0346172,-0.0360045,-0.0373904,-0.0386706,-0.0397964,-0.0408415,-0.0424014,-0.0434323,-0.0444436,-0.0458262,-0.0467006,-0.0480789,-0.0492443,-0.0506358,-0.0519902,-0.0534721,-0.0550734,-0.0565621,-0.0581854,-0.0595663,-0.0611251,-0.0630134,-0.0643767,-0.0656456,-0.0674913,-0.0696529,-0.071154,-0.0729064,-0.0740656,-0.0755205,-0.0769362,-0.0784981,-0.0793328,-0.0807128,-0.0820661,-0.0837124,-0.0863855,-0.0883578,-0.0910104,nan,nan,nan,nan,nan,nan,nan,nan,nan,nan,nan,nan,nan,nan,nan,-0.16964,-0.171002,-0.17325,-0.175296,-0.176578,-0.177486,-0.179316,-0.181118,-0.182636,-0.184015,-0.185678,-0.187238,-0.188879,-0.190728,-0.19199,-0.193719,-0.195279,-0.196593,-0.198407,-0.199974,-0.201607,-0.202581,-0.203831,-0.205109,-0.206728,-0.20804,-0.208953,-0.210415,-0.211446,-0.212603,-0.213546,-0.214784,-0.215739,-0.216388,-0.217496,-0.218417,-0.219337,-0.220256,-0.221124,-0.221814,-0.222289,-0.223167,-0.224075,-0.224882,-0.225568,nan,nan,nan,nan,nan,nan,nan,nan,nan,nan,nan,nan,nan,nan,nan,nan,nan,
nan,nan,nan,nan,nan,nan,nan,nan,nan,nan,nan,nan,nan,nan,-0.0325173,-0.0334702,-0.0345293,-0.0359785,-0.0372974,-0.0387121,-0.0400079,-0.0410217,-0.0421912,-0.0433891,-0.0449787,-0.0461161,-0.0469398,-0.0481776,-0.0494512,-0.0509493,-0.0520827,-0.0536806,-0.0552454,-0.0567492,-0.0584294,-0.0601789,-0.0616573,-0.0632095,-0.0649991,-0.0668195,-0.0682416,-0.0695939,-0.0716748,-0.0733533,-0.0752568,-0.0769485,-0.0784985,-0.0798031,-0.0814027,-0.0829943,-0.0839831,-0.0850309,-0.086823,-0.0889686,-0.0916271,-0.0933822,-0.0962211,-0.0991174,-0.101629,-0.105507,nan,nan,nan,nan,nan,nan,nan,nan,nan,-0.154784,-0.157474,-0.160059,-0.162656,-0.165327,-0.167005,-0.16897,-0.170781,-0.171984,-0.173488,-0.174953,-0.176779,-0.178643,-0.180472,-0.182024,-0.183655,-0.185274,-0.186568,-0.188446,-0.189921,-0.191512,-0.193648,-0.195293,-0.197068,-0.198149,-0.199784,-0.201042,-0.20242,-0.203745,-0.204821,-0.206144,-0.207399,-0.208682,-0.209713,-0.210799,-0.211632,-0.21244,-0.213619,-0.214616,-0.215424,-0.216142,-0.217253,-0.218197,-0.218927,-0.219744,-0.220359,-0.220913,-0.221615,nan,nan,nan,nan,nan,nan,nan,nan,nan,nan,nan,nan,nan,nan,nan,nan,nan,
nan,nan,nan,nan,nan,nan,nan,nan,nan,nan,nan,nan,nan,nan,-0.0349018,-0.0359952,-0.0371353,-0.0385382,-0.0399453,-0.0412916,-0.0423699,-0.0433918,-0.0445865,-0.0458461,-0.0472548,-0.0486738,-0.0498127,-0.0509055,-0.0523944,-0.0534723,-0.0548557,-0.0564919,-0.0581065,-0.0599838,-0.0616939,-0.0635302,-0.0651053,-0.0667948,-0.068455,-0.0705418,-0.072037,-0.0736271,-0.0754253,-0.0773201,-0.0791762,-0.0810013,-0.0827119,-0.0839229,-0.0852395,-0.0864588,-0.0877024,-0.0892949,-0.0912831,-0.0936455,-0.0961209,-0.0982893,-0.100877,-0.103511,-0.105436,-0.108133,-0.111782,-0.115079,-0.118956,-0.122762,-0.126779,-0.131338,-0.137206,-0.141295,-0.146294,-0.150474,-0.153118,-0.155421,-0.15751,-0.159612,-0.16131,-0.163163,-0.165428,-0.166694,-0.168447,-0.169642,-0.171396,-0.173219,-0.175092,-0.17656,-0.178298,-0.180045,-0.181542,-0.1833,-0.185065,-0.186974,-0.189089,-0.190983,-0.192625,-0.194055,-0.195624,-0.196999,-0.198079,-0.199618,-0.201044,-0.20206,-0.203519,-0.204782,-0.20575,-0.207008,-0.207953,-0.208783,-0.209604,-0.210617,-0.21154,-0.212426,-0.213571,-0.214623,-0.215305,-0.216057,-0.216697,-0.217429,-0.218191,nan,nan,nan,nan,nan,nan,nan,nan,nan,nan,nan,nan,nan,nan,nan,nan,nan,
nan,nan,nan,nan,nan,nan,nan,nan,nan,nan,nan,nan,nan,nan,-0.0372533,-0.0385864,-0.039906,-0.0411786,-0.0425213,-0.0437229,-0.0448409,-0.0460022,-0.0471515,-0.0484824,-0.0498526,-0.0510778,-0.0523685,-0.0536263,-0.0547441,-0.0561463,-0.0578617,-0.0592688,-0.0608793,-0.0628949,-0.0644243,-0.0662482,-0.0680172,-0.0698727,-0.0716296,-0.0736037,-0.0755956,-0.076987,-0.0787623,-0.0809,-0.0827048,-0.0845817,-0.0863291,-0.0876423,-0.0891553,-0.0905505,-0.0915696,-0.0935303,-0.0952838,-0.0975898,-0.0998613,-0.101982,-0.104057,-0.106349,-0.10851,-0.110668,-0.113989,-0.11645,-0.120142,-0.123291,-0.126417,-0.130366,-0.135428,-0.13881,-0.143222,-0.146779,-0.149077,-0.151346,-0.153147,-0.154753,-0.156534,-0.158188,-0.160011,-0.162042,-0.163463,-0.164983,-0.166375,-0.16796,-0.170069,-0.17173,-0.173571,-0.175729,-0.177048,-0.178779,-0.180891,-0.182608,-0.184691,-0.186516,-0.188291,-0.189905,-0.191252,-0.192723,-0.193937,-0.195495,-0.197067,-0.198387,-0.199859,-0.200786,-0.201801,-0.203165,-0.204587,-0.205435,-0.206242,-0.207047,-0.208012,-0.208723,-0.209863,-0.210898,-0.211641,-0.212446,-0.213396,-0.214142,-0.214741,nan,nan,nan,nan,nan,nan,nan,nan,nan,nan,nan,nan,nan,nan,nan,nan,nan,
nan,nan,nan,nan,nan,nan,nan,nan,nan,nan,nan,nan,nan,nan,-0.0397115,-0.0411639,-0.0426307,-0.0436842,-0.0449376,-0.0462535,-0.047456,-0.0485984,-0.0498704,-0.0508901,-0.0523574,-0.0535427,-0.0547497,-0.0560978,-0.0573798,-0.0589751,-0.0602788,-0.0621135,-0.0636287,-0.0655838,-0.0673295,-0.0690602,-0.0705327,-0.0724007,-0.0744725,-0.0765529,-0.0783828,-0.07981,-0.0818948,-0.0837215,-0.0858428,-0.0876456,-0.0893261,-0.0909068,-0.0928682,-0.0944051,-0.0954972,-0.0972589,-0.0993265,-0.101164,-0.103353,-0.104518,-0.10674,-0.109034,-0.11097,-0.113285,-0.115914,-0.117896,-0.120381,-0.12299,-0.125967,-0.129668,-0.133313,-0.136396,-0.140475,-0.142739,-0.145597,-0.147611,-0.149376,-0.1511,-0.152865,-0.154344,-0.155997,-0.157488,-0.159067,-0.160539,-0.161929,-0.163769,-0.165898,-0.167578,-0.1696,-0.171519,-0.173047,-0.174856,-0.176787,-0.178802,-0.180715,-0.182452,-0.184271,-0.185997,-0.187274,-0.188725,-0.190161,-0.191462,-0.192985,-0.194484,-0.195768,-0.196701,-0.197963,-0.199213,-0.200674,-0.201872,-0.202667,-0.203575,-0.204503,-0.20518,-0.206158,-0.206948,-0.208108,-0.208693,-0.209501,-0.210166,-0.210966,nan,nan,nan,nan,nan,nan,nan,nan,nan,nan,nan,nan,nan,nan,nan,nan,nan,
nan,nan,nan,nan,nan,nan,nan,nan,nan,nan,nan,nan,nan,nan,-0.041808,-0.0433725,-0.0446812,-0.0459438,-0.0472283,-0.0484387,-0.0497215,-0.0508607,-0.0521385,-0.0534551,-0.0547257,-0.0562444,-0.0573042,-0.0586587,-0.0601086,-0.0613478,-0.0628577,-0.0649579,-0.0663139,-0.0682226,-0.0701166,-0.0718045,-0.0734923,-0.0751778,-0.0772887,-0.0791146,-0.0809999,-0.0828037,-0.0846647,-0.0867535,-0.0886082,-0.0905109,-0.0922525,-0.0939856,-0.0957414,-0.0973155,-0.0989168,-0.100708,-0.102173,-0.103793,-0.10523,-0.107016,-0.109048,-0.111268,-0.113192,-0.1152,-0.11726,-0.118772,-0.120958,-0.123452,-0.125626,-0.128847,-0.131768,-0.134592,-0.137452,-0.140361,-0.142135,-0.144413,-0.146365,-0.147929,-0.149635,-0.15086,-0.152189,-0.153341,-0.154994,-0.156596,-0.158301,-0.160237,-0.162125,-0.164157,-0.165997,-0.167585,-0.169538,-0.171419,-0.173359,-0.174967,-0.176961,-0.178945,-0.180507,-0.182036,-0.183435,-0.185133,-0.186552,-0.18774,-0.189003,-0.19051,-0.191831,-0.19287,-0.194132,-0.195804,-0.197117,-0.198317,-0.199241,-0.200221,-0.200902,-0.201567,-0.202646,-0.203574,-0.204529,-0.205189,-0.205903,-0.206489,-0.20733,nan,nan,nan,nan,nan,nan,nan,nan,nan,nan,nan,nan,nan,nan,nan,nan,nan,
nan,nan,nan,nan,nan,nan,nan,nan,nan,nan,nan,nan,nan,nan,-0.0439076,-0.045432,-0.0467027,-0.048178,-0.0496804,-0.0509945,-0.0522101,-0.0531958,-0.0544143,-0.0559673,-0.0574252,-0.05879,-0.0601054,-0.0613683,-0.0624117,-0.0637867,-0.0654108,-0.067313,-0.0689359,-0.0707325,-0.0725544,-0.0741462,-0.0760977,-0.077948,-0.0795586,-0.0813704,-0.0835005,-0.0854924,-0.0874852,-0.0894605,-0.0913677,-0.0929205,-0.0947961,-0.0965388,-0.0980842,-0.0998868,-0.10152,-0.103122,-0.104383,-0.105964,-0.107123,-0.108886,-0.111058,-0.113061,-0.115043,-0.116251,-0.118234,-0.119549,-0.121692,-0.123433,-0.125461,-0.127981,-0.130308,-0.133261,-0.135414,-0.137607,-0.139433,-0.141244,-0.143017,-0.144751,-0.146335,-0.147227,-0.148529,-0.150014,-0.15161,-0.153177,-0.154945,-0.157058,-0.158611,-0.160577,-0.162496,-0.164245,-0.166245,-0.168264,-0.170082,-0.171946,-0.173723,-0.175666,-0.177214,-0.17852,-0.180008,-0.181906,-0.183021,-0.184301,-0.185534,-0.186885,-0.188204,-0.189369,-0.190734,-0.192271,-0.193791,-0.194852,-0.195641,-0.196788,-0.197518,-0.198345,-0.199238,-0.200435,-0.201312,-0.202137,-0.202719,-0.203277,-0.204186,nan,nan,nan,nan,nan,nan,nan,nan,nan,nan,nan,nan,nan,nan,nan,nan,nan,
nan,nan,nan,nan,nan,nan,nan,nan,nan,nan,nan,nan,nan,nan,-0.0467523,-0.048085,-0.0494164,-0.0508191,-0.0521767,-0.0535188,-0.054647,-0.0558743,-0.0571362,-0.0584167,-0.0596644,-0.0611453,-0.0623689,-0.0634661,-0.0649745,-0.0662085,-0.0676505,-0.0694203,-0.0712457,-0.0730374,-0.0748924,-0.0764507,-0.078324,-0.0800997,-0.0817969,-0.0835631,-0.0856938,-0.0874315,-0.0898007,-0.0915899,-0.0934454,-0.094863,-0.0966041,-0.0983749,-0.0999243,-0.101765,-0.10319,-0.104637,-0.1066,-0.107923,-0.109333,-0.110653,-0.112531,-0.114225,-0.115874,-0.117097,-0.118832,-0.1202,-0.121855,-0.123724,-0.125295,-0.127262,-0.129465,-0.131692,-0.133458,-0.135377,-0.137038,-0.138512,-0.140086,-0.141384,-0.14298,-0.144407,-0.145583,-0.147081,-0.148871,-0.150347,-0.152139,-0.154113,-0.155494,-0.157386,-0.159187,-0.160695,-0.162897,-0.164986,-0.167085,-0.16903,-0.170972,-0.172664,-0.17394,-0.17547,-0.176807,-0.178503,-0.179414,-0.180867,-0.182252,-0.183402,-0.184668,-0.186155,-0.187533,-0.188715,-0.19017,-0.191299,-0.192203,-0.193168,-0.194084,-0.195432,-0.196012,-0.197151,-0.198337,-0.199002,-0.199652,-0.200225,-0.20116,nan,nan,nan,nan,nan,nan,nan,nan,nan,nan,nan,nan,nan,nan,nan,nan,nan,
nan,nan,nan,nan,nan,nan,nan,nan,nan,nan,nan,nan,nan,nan,-0.0487025,-0.0504416,-0.0516497,-0.053125,-0.054433,-0.0558103,-0.0571338,-0.0584183,-0.0594467,-0.0607278,-0.0617177,-0.0632209,-0.0643065,-0.0655829,-0.0670366,-0.0681982,-0.0699234,-0.071672,-0.0735797,-0.0754172,-0.0772788,-0.0789526,-0.0808691,-0.0822275,-0.0838771,-0.0854963,-0.0874194,-0.0895294,-0.091671,-0.09319,-0.0949728,-0.0964126,-0.0983369,-0.0999672,-0.101546,-0.103356,-0.105175,-0.106614,-0.108237,-0.109589,-0.110795,-0.112294,-0.113464,-0.115228,-0.116978,-0.118464,-0.119644,-0.12095,-0.122255,-0.123845,-0.125309,-0.126738,-0.128508,-0.130176,-0.131651,-0.133192,-0.134925,-0.136434,-0.137848,-0.139401,-0.140915,-0.142303,-0.143092,-0.144779,-0.146388,-0.147929,-0.149706,-0.151467,-0.152985,-0.154662,-0.156435,-0.158154,-0.160186,-0.162185,-0.164169,-0.16578,-0.168033,-0.169511,-0.170684,-0.172212,-0.173657,-0.175229,-0.176124,-0.177633,-0.179204,-0.180381,-0.181657,-0.182887,-0.184355,-0.185879,-0.187066,-0.188012,-0.18881,-0.190077,-0.191099,-0.192224,-0.19317,-0.193998,-0.195057,-0.195796,-0.196452,-0.197206,-0.198137,nan,nan,nan,nan,nan,nan,nan,nan,nan,nan,nan,nan,nan,nan,nan,nan,nan,
nan,nan,nan,nan,nan,nan,nan,nan,nan,nan,nan,nan,nan,nan,-0.0505707,-0.0524947,-0.0537849,-0.0552452,-0.0565059,-0.0577885,-0.0591719,-0.0604146,-0.0615795,-0.0627415,-0.0639987,-0.0649039,-0.0661597,-0.0677276,-0.0689417,-0.0702581,-0.0718354,-0.073564,-0.0755382,-0.0772905,-0.0792746,-0.0810154,-0.0827064,-0.0840839,-0.085493,-0.0874489,-0.089177,-0.0910411,-0.0931556,-0.0949775,-0.0963626,-0.0977118,-0.0999175,-0.10156,-0.103329,-0.105018,-0.106395,-0.107886,-0.109367,-0.110927,-0.111842,-0.113304,-0.114743,-0.115929,-0.117612,-0.119322,-0.120377,-0.121525,-0.12285,-0.123948,-0.125252,-0.126425,-0.127701,-0.12928,-0.130577,-0.131923,-0.133325,-0.134653,-0.136171,-0.137802,-0.13902,-0.139896,-0.141213,-0.142607,-0.144053,-0.145718,-0.147611,-0.149178,-0.150959,-0.15237,-0.15435,-0.155899,-0.157813,-0.159667,-0.161174,-0.163338,-0.165156,-0.166604,-0.167948,-0.169141,-0.170503,-0.171954,-0.173277,-0.174664,-0.176317,-0.177585,-0.178784,-0.180238,-0.181652,-0.183184,-0.184253,-0.184868,-0.185583,-0.187143,-0.188392,-0.189288,-0.190362,-0.191179,-0.192117,-0.192831,-0.193409,-0.194249,-0.195412,nan,nan,nan,nan,nan,nan,nan,nan,nan,nan,nan,nan,nan,nan,nan,nan,nan,
nan,nan,nan,nan,nan,nan,nan,nan,nan,nan,nan,nan,nan,nan,-0.0529847,-0.0546487,-0.0560519,-0.0573556,-0.0584546,-0.0597544,-0.0608278,-0.0619414,-0.0633184,-0.0646639,-0.0657585,-0.0667246,-0.0680006,-0.0694644,-0.0705271,-0.0719664,-0.073665,-0.0753769,-0.0770491,-0.0792061,-0.0809002,-0.0827084,-0.084254,-0.0856561,-0.0871473,-0.0890112,-0.0906748,-0.0919582,-0.094152,-0.0963131,-0.0975407,-0.0989632,-0.101034,-0.102427,-0.104462,-0.105817,-0.107043,-0.108684,-0.110173,-0.111519,-0.112653,-0.113656,-0.115379,-0.1166,-0.117885,-0.11921,-0.120436,-0.121783,-0.122712,-0.124129,-0.125294,-0.126235,-0.127242,-0.12848,-0.129734,-0.13079,-0.132398,-0.133158,-0.13416,-0.135996,-0.137375,-0.138541,-0.139511,-0.140685,-0.142252,-0.143617,-0.145699,-0.146965,-0.148651,-0.150652,-0.152089,-0.153391,-0.155279,-0.157087,-0.158692,-0.160783,-0.162157,-0.163773,-0.165328,-0.166432,-0.167516,-0.168819,-0.170291,-0.171801,-0.173712,-0.174962,-0.17613,-0.177683,-0.178882,-0.179994,-0.181189,-0.181833,-0.182944,-0.184489,-0.185809,-0.186751,-0.187528,-0.188289,-0.189201,-0.189835,-0.190439,-0.191219,-0.192366,nan,nan,nan,nan,nan,nan,nan,nan,nan,nan,nan,nan,nan,nan,nan,nan,nan,
nan,nan,nan,nan,nan,nan,nan,nan,nan,nan,nan,nan,nan,nan,-0.0547832,-0.0564218,-0.0577604,-0.0589289,-0.0602335,-0.0615866,-0.0624431,-0.0637744,-0.0648533,-0.0663772,-0.0672583,-0.0685575,-0.0698699,-0.0711808,-0.0721986,-0.0732484,-0.0752831,-0.0770439,-0.0786402,-0.0807934,-0.0826988,-0.0840776,-0.0856472,-0.08714,-0.0888121,-0.090105,-0.0917997,-0.093316,-0.0953235,-0.0972398,-0.0989236,-0.100394,-0.102178,-0.103324,-0.104748,-0.105987,-0.107579,-0.109333,-0.110413,-0.112035,-0.113012,-0.114009,-0.11534,-0.116729,-0.117909,-0.119223,-0.120408,-0.121705,-0.122537,-0.12363,-0.124875,-0.125781,-0.126801,-0.12762,-0.128869,-0.129934,-0.131262,-0.132135,-0.133119,-0.134551,-0.13589,-0.137222,-0.13839,-0.139642,-0.140746,-0.142059,-0.143731,-0.144995,-0.14651,-0.147964,-0.149826,-0.151445,-0.152974,-0.155001,-0.156641,-0.158378,-0.159536,-0.160903,-0.162565,-0.163869,-0.164935,-0.166051,-0.167708,-0.169025,-0.17057,-0.172029,-0.17327,-0.174406,-0.175853,-0.177053,-0.178364,-0.179398,-0.180534,-0.181866,-0.183372,-0.184066,-0.184708,-0.185628,-0.186471,-0.187092,-0.187478,-0.18836,-0.189417,nan,nan,nan,nan,nan,nan,nan,nan,nan,nan,nan,nan,nan,nan,nan,nan,nan,
nan,nan,nan,nan,nan,nan,nan,nan,nan,nan,nan,nan,nan,nan,-0.0561719,-0.0579151,-0.0594989,-0.0607272,-0.0620407,-0.0634914,-0.0641587,-0.0654675,-0.0666147,-0.0678119,-0.0687645,-0.0699235,-0.0713429,-0.0728563,-0.0741478,-0.0752559,-0.0768971,-0.0785087,-0.0802009,-0.0821382,-0.083966,-0.0851356,-0.0866936,-0.0886377,-0.0902818,-0.0913025,-0.0929425,-0.0945923,-0.0963478,-0.0982343,-0.0996709,-0.101231,-0.102632,-0.103759,-0.105402,-0.106599,-0.108245,-0.109845,-0.110849,-0.112316,-0.113332,-0.114001,-0.115414,-0.116543,-0.117882,-0.119095,-0.120399,-0.121127,-0.122227,-0.123147,-0.124092,-0.125319,-0.126413,-0.127092,-0.128058,-0.128764,-0.13005,-0.131138,-0.132224,-0.133558,-0.134517,-0.135771,-0.137151,-0.138415,-0.139418,-0.140896,-0.141968,-0.143617,-0.144987,-0.145909,-0.147787,-0.149323,-0.150917,-0.152827,-0.154365,-0.155895,-0.157147,-0.158772,-0.160311,-0.161732,-0.162802,-0.163707,-0.165455,-0.166487,-0.167733,-0.169026,-0.170272,-0.171576,-0.173012,-0.174746,-0.175852,-0.176833,-0.178087,-0.179289,-0.18056,-0.181316,-0.181889,-0.182847,-0.183711,-0.184235,-0.1851,-0.185788,-0.186728,nan,nan,nan,nan,nan,nan,nan,nan,nan,nan,nan,nan,nan,nan,nan,nan,nan,
nan,nan,nan,nan,nan,nan,nan,nan,nan,nan,nan,nan,nan,nan,-0.0577431,-0.0593174,-0.0609456,-0.0622992,-0.0635361,-0.0651432,-0.0659739,-0.0670407,-0.0680999,-0.0692881,-0.0702464,-0.0714595,-0.0730016,-0.0743672,-0.0758246,-0.0772721,-0.0784949,-0.0800469,-0.0815388,-0.0834501,-0.0847333,-0.0861425,-0.0879416,-0.0897059,-0.0909475,-0.0922484,-0.0937615,-0.0955889,-0.097033,-0.0987828,-0.100188,-0.101501,-0.103175,-0.104424,-0.105995,-0.107192,-0.108701,-0.11006,-0.11106,-0.112284,-0.113493,-0.114407,-0.115768,-0.116866,-0.117834,-0.119104,-0.120155,-0.120827,-0.121494,-0.122481,-0.123556,-0.124687,-0.125654,-0.126537,-0.127082,-0.127763,-0.128852,-0.130088,-0.131087,-0.132447,-0.133595,-0.134717,-0.135643,-0.137189,-0.138364,-0.139458,-0.140785,-0.142222,-0.143386,-0.144141,-0.145635,-0.147218,-0.148776,-0.150462,-0.152191,-0.153568,-0.154709,-0.15653,-0.158037,-0.15968,-0.160695,-0.161652,-0.162843,-0.164203,-0.165658,-0.166611,-0.167868,-0.169218,-0.17066,-0.172257,-0.173298,-0.17448,-0.175558,-0.176455,-0.177566,-0.178553,-0.179391,-0.180337,-0.18113,-0.181843,-0.182735,-0.183491,-0.184565,nan,nan,nan,nan,nan,nan,nan,nan,nan,nan,nan,nan,nan,nan,nan,nan,nan,
nan,nan,nan,nan,nan,nan,nan,nan,nan,nan,nan,nan,nan,nan,-0.0591822,-0.0607655,-0.0621957,-0.0635448,-0.0648594,-0.0662736,-0.0673462,-0.0684104,-0.0695647,-0.0707087,-0.0716904,-0.0729586,-0.0744944,-0.0755178,-0.0772097,-0.078509,-0.0799958,-0.0814417,-0.0827786,-0.0843464,-0.0856285,-0.0873786,-0.0888345,-0.0903378,-0.0914972,-0.0928299,-0.0944143,-0.0963094,-0.0978792,-0.0990577,-0.100854,-0.102436,-0.103393,-0.104477,-0.105675,-0.107338,-0.108824,-0.110018,-0.110959,-0.112284,-0.113626,-0.114871,-0.116179,-0.116943,-0.11788,-0.118972,-0.119926,-0.120345,-0.120998,-0.12202,-0.122912,-0.124037,-0.124753,-0.125448,-0.126372,-0.127083,-0.128013,-0.129098,-0.13017,-0.131269,-0.132651,-0.133537,-0.134678,-0.13592,-0.137159,-0.138255,-0.139364,-0.140731,-0.141736,-0.142865,-0.144128,-0.145637,-0.147076,-0.148668,-0.150394,-0.151677,-0.153089,-0.154448,-0.155717,-0.157302,-0.158638,-0.159544,-0.160638,-0.16204,-0.163187,-0.16439,-0.165858,-0.167055,-0.168563,-0.169733,-0.170971,-0.172325,-0.173087,-0.174212,-0.175419,-0.176399,-0.177272,-0.178274,-0.17901,-0.179901,-0.18066,-0.18161,-0.182857,nan,nan,nan,nan,nan,nan,nan,nan,nan,nan,nan,nan,nan,nan,nan,nan,nan,
nan,nan,nan,nan,nan,nan,nan,nan,nan,nan,nan,nan,nan,nan,-0.0602422,-0.061799,-0.063322,-0.0649243,-0.0660885,-0.067539,-0.0689968,-0.0696565,-0.0710111,-0.071993,-0.0731877,-0.0742577,-0.075642,-0.0767085,-0.0783843,-0.079905,-0.0814246,-0.0827603,-0.0840227,-0.0856648,-0.0868519,-0.088577,-0.0898779,-0.0913601,-0.0926111,-0.0938234,-0.0955501,-0.0968212,-0.0982157,-0.0995978,-0.101033,-0.102498,-0.103265,-0.104688,-0.106114,-0.10729,-0.108926,-0.109872,-0.110715,-0.112322,-0.113816,-0.114862,-0.115968,-0.116941,-0.117729,-0.118742,-0.119381,-0.119714,-0.120563,-0.121506,-0.122218,-0.123285,-0.123925,-0.124534,-0.125303,-0.126121,-0.127078,-0.127991,-0.129156,-0.130256,-0.131503,-0.132399,-0.13346,-0.134812,-0.13581,-0.136958,-0.137998,-0.13912,-0.140587,-0.141535,-0.14298,-0.144509,-0.145613,-0.147115,-0.148329,-0.149961,-0.151519,-0.15272,-0.153921,-0.155502,-0.156701,-0.157683,-0.158866,-0.160086,-0.161154,-0.1624,-0.163943,-0.165226,-0.166439,-0.167671,-0.169111,-0.170175,-0.171132,-0.172712,-0.173644,-0.174531,-0.175331,-0.176148,-0.177112,-0.177949,-0.178565,-0.179345,-0.180696,nan,nan,nan,nan,nan,nan,nan,nan,nan,nan,nan,nan,nan,nan,nan,nan,nan,
nan,nan,nan,nan,nan,nan,nan,nan,nan,nan,nan,nan,nan,nan,-0.061311,-0.0630727,-0.0645172,-0.0659553,-0.0672042,-0.0688094,-0.0703627,-0.0714767,-0.0725215,-0.0736902,-0.0747497,-0.0757468,-0.0767777,-0.0780399,-0.0795215,-0.0812578,-0.0824523,-0.0838028,-0.0849213,-0.0866487,-0.0880703,-0.089486,-0.0911673,-0.0922726,-0.0934425,-0.094823,-0.0962569,-0.0973755,-0.0984644,-0.099726,-0.101334,-0.102516,-0.103606,-0.105071,-0.106516,-0.107418,-0.108829,-0.109979,-0.110947,-0.112014,-0.113385,-0.11458,-0.115586,-0.116465,-0.117003,-0.118187,-0.118718,-0.119382,-0.119845,-0.120912,-0.121898,-0.122519,-0.123333,-0.123877,-0.124479,-0.12528,-0.126327,-0.127152,-0.127937,-0.12904,-0.130391,-0.1313,-0.132246,-0.133783,-0.134443,-0.135658,-0.136803,-0.138012,-0.139253,-0.139937,-0.141559,-0.143011,-0.144433,-0.145677,-0.146763,-0.148241,-0.149554,-0.150903,-0.152276,-0.153746,-0.154592,-0.15586,-0.157059,-0.158032,-0.159398,-0.160599,-0.161888,-0.163262,-0.164474,-0.165824,-0.167226,-0.168326,-0.169353,-0.170677,-0.171611,-0.172359,-0.173362,-0.173937,-0.174989,-0.17588,-0.176658,-0.177973,-0.17895,nan,nan,nan,nan,nan,nan,nan,nan,nan,nan,nan,nan,nan,nan,nan,nan,nan,
nan,nan,nan,nan,nan,nan,nan,nan,nan,nan,nan,nan,nan,nan,-0.0618702,-0.0640497,-0.0655294,-0.0670608,-0.0684724,-0.0700166,-0.0714352,-0.0728815,-0.0736111,-0.0748064,-0.0757749,-0.0768708,-0.0778935,-0.079251,-0.0807558,-0.0819388,-0.0833997,-0.0846593,-0.0859128,-0.0876095,-0.0889742,-0.0905204,-0.0918342,-0.0928411,-0.0940268,-0.0954914,-0.0966968,-0.0978918,-0.0990916,-0.0999712,-0.101391,-0.10303,-0.104304,-0.105356,-0.10628,-0.107338,-0.10849,-0.109791,-0.111145,-0.112104,-0.112877,-0.114153,-0.115264,-0.115862,-0.116701,-0.117764,-0.118139,-0.118832,-0.119392,-0.120126,-0.120966,-0.121438,-0.122394,-0.122897,-0.123652,-0.124428,-0.125202,-0.126312,-0.126945,-0.128117,-0.129071,-0.130171,-0.130929,-0.131988,-0.13315,-0.134498,-0.135435,-0.136584,-0.137638,-0.138769,-0.139999,-0.141356,-0.143081,-0.144211,-0.14562,-0.146665,-0.148019,-0.149586,-0.150584,-0.151796,-0.152877,-0.154018,-0.155118,-0.156265,-0.157739,-0.158848,-0.160079,-0.161392,-0.162671,-0.163881,-0.165495,-0.166466,-0.167584,-0.168407,-0.169468,-0.170286,-0.171313,-0.172247,-0.173317,-0.174012,-0.174925,-0.175996,-0.176788,nan,nan,nan,nan,nan,nan,nan,nan,nan,nan,nan,nan,nan,nan,nan,nan,nan,
nan,nan,nan,nan,nan,nan,nan,nan,nan,nan,nan,nan,nan,nan,-0.0631722,-0.0650551,-0.0667533,-0.0683932,-0.0696039,-0.0709732,-0.0723501,-0.0733659,-0.0744283,-0.0755047,-0.0765523,-0.078059,-0.0790765,-0.0802828,-0.0816261,-0.0826874,-0.0840566,-0.0854207,-0.086783,-0.0882679,-0.0896596,-0.0910481,-0.0922114,-0.0934989,-0.0947104,-0.0958742,-0.0972452,-0.0980645,-0.099218,-0.100204,-0.101313,-0.103005,-0.104104,-0.105642,-0.106076,-0.107035,-0.10826,-0.109263,-0.110735,-0.111471,-0.112489,-0.11367,-0.114988,-0.115495,-0.11604,-0.116823,-0.117485,-0.118182,-0.118872,-0.11946,-0.120189,-0.121068,-0.121609,-0.122172,-0.123071,-0.123734,-0.124443,-0.125119,-0.126009,-0.12703,-0.128022,-0.128846,-0.129757,-0.130749,-0.131901,-0.133147,-0.134553,-0.135349,-0.136425,-0.137601,-0.138908,-0.140311,-0.141807,-0.142842,-0.144397,-0.14528,-0.146724,-0.147916,-0.148806,-0.150212,-0.151276,-0.152288,-0.153559,-0.15475,-0.156172,-0.157333,-0.158581,-0.159989,-0.161064,-0.162367,-0.163765,-0.164609,-0.165712,-0.166671,-0.167403,-0.168214,-0.169291,-0.170581,-0.17173,-0.172258,-0.173096,-0.173819,-0.174426,nan,nan,nan,nan,nan,nan,nan,nan,nan,nan,nan,nan,nan,nan,nan,nan,nan,
nan,nan,nan,nan,nan,nan,nan,nan,nan,nan,nan,nan,nan,nan,-0.0644252,-0.0663459,-0.0678547,-0.0691121,-0.0705101,-0.0717161,-0.0727897,-0.0739355,-0.0751124,-0.0761521,-0.0774649,-0.0789544,-0.0799597,-0.080995,-0.0820395,-0.0837746,-0.0845903,-0.0862893,-0.0874598,-0.0888785,-0.0904793,-0.091672,-0.0929126,-0.0941142,-0.0950402,-0.096232,-0.0971858,-0.0983499,-0.0993795,-0.100022,-0.101426,-0.10288,-0.104055,-0.105068,-0.105725,-0.106929,-0.108158,-0.109182,-0.110303,-0.111125,-0.112036,-0.113286,-0.114424,-0.114825,-0.11561,-0.116334,-0.116852,-0.117408,-0.118233,-0.118762,-0.119283,-0.12019,-0.120846,-0.121265,-0.122401,-0.123278,-0.123789,-0.124445,-0.12517,-0.126085,-0.127031,-0.12768,-0.128693,-0.12972,-0.130818,-0.132052,-0.1334,-0.134176,-0.135365,-0.136556,-0.137892,-0.139316,-0.140382,-0.141596,-0.142458,-0.143907,-0.145042,-0.146215,-0.147351,-0.148342,-0.149713,-0.150815,-0.152056,-0.153218,-0.154521,-0.155745,-0.156876,-0.15811,-0.159511,-0.160891,-0.161994,-0.163,-0.163675,-0.164887,-0.165712,-0.166357,-0.167382,-0.168638,-0.16956,-0.170463,-0.171228,-0.17201,-0.172785,nan,nan,nan,nan,nan,nan,nan,nan,nan,nan,nan,nan,nan,nan,nan,nan,nan,
nan,nan,nan,nan,nan,nan,nan,nan,nan,nan,nan,nan,nan,nan,-0.0651793,-0.0668051,-0.0683418,-0.0695745,-0.0709663,-0.0719125,-0.0732037,-0.0744003,-0.0755774,-0.0766918,-0.0781749,-0.0795114,-0.0808432,-0.0816952,-0.0829905,-0.0841316,-0.0853217,-0.0867267,-0.0878616,-0.0892528,-0.0909694,-0.0920208,-0.0932169,-0.0942386,-0.0952431,-0.0964088,-0.0974149,-0.0984617,-0.0994271,-0.100287,-0.101418,-0.102715,-0.10378,-0.104546,-0.105704,-0.106975,-0.10814,-0.109026,-0.109942,-0.110648,-0.111514,-0.112504,-0.113522,-0.114035,-0.115108,-0.115855,-0.116463,-0.116952,-0.117737,-0.118183,-0.11907,-0.119767,-0.120126,-0.120874,-0.12167,-0.122264,-0.123049,-0.123676,-0.124366,-0.125146,-0.125966,-0.126647,-0.127755,-0.128484,-0.129537,-0.130841,-0.132154,-0.132855,-0.134038,-0.135139,-0.136773,-0.137634,-0.138925,-0.140261,-0.141099,-0.142416,-0.143581,-0.144897,-0.145843,-0.146685,-0.148108,-0.149247,-0.150455,-0.151618,-0.153052,-0.154091,-0.155403,-0.156396,-0.15772,-0.158982,-0.160304,-0.161376,-0.162383,-0.163249,-0.163972,-0.164941,-0.165975,-0.167035,-0.167999,-0.168764,-0.16933,-0.169939,-0.171259,nan,nan,nan,nan,nan,nan,nan,nan,nan,nan,nan,nan,nan,nan,nan,nan,nan,
nan,nan,nan,nan,nan,nan,nan,nan,nan,nan,nan,nan,nan,nan,-0.0664618,-0.0678326,-0.0692655,-0.0703767,-0.0713375,-0.072403,-0.0737283,-0.0749012,-0.076224,-0.0772341,-0.0786152,-0.0799256,-0.0814375,-0.0823039,-0.0835192,-0.0843961,-0.0858313,-0.0869541,-0.0883633,-0.0895386,-0.0910589,-0.0922066,-0.0931859,-0.0943381,-0.0954284,-0.0965121,-0.0974943,-0.0983265,-0.0994661,-0.100425,-0.101299,-0.102396,-0.103454,-0.104421,-0.105696,-0.106599,-0.107626,-0.10856,-0.109313,-0.110165,-0.110933,-0.111701,-0.112606,-0.113555,-0.114433,-0.114933,-0.115498,-0.116105,-0.116775,-0.117639,-0.118492,-0.119112,-0.119597,-0.120119,-0.120798,-0.121572,-0.122346,-0.122578,-0.123448,-0.124109,-0.12507,-0.125831,-0.126638,-0.127569,-0.128333,-0.129894,-0.130925,-0.131851,-0.132798,-0.134062,-0.135251,-0.136239,-0.137635,-0.138793,-0.139838,-0.14101,-0.142352,-0.143472,-0.144537,-0.145409,-0.146459,-0.147789,-0.149154,-0.150538,-0.151793,-0.152825,-0.153919,-0.155144,-0.155914,-0.157235,-0.158445,-0.159944,-0.161107,-0.161931,-0.162653,-0.163595,-0.164927,-0.165677,-0.166596,-0.167358,-0.167869,-0.168346,-0.169767,nan,nan,nan,nan,nan,nan,nan,nan,nan,nan,nan,nan,nan,nan,nan,nan,nan,
nan,nan,nan,nan,nan,nan,nan,nan,nan,nan,nan,nan,nan,nan,-0.0668219,-0.0686524,-0.0697521,-0.0709362,-0.0718942,-0.0730589,-0.0742554,-0.0756466,-0.0768899,-0.077887,-0.0789217,-0.0803218,-0.0817053,-0.0826235,-0.0836832,-0.0848604,-0.0861657,-0.0875383,-0.0891283,-0.0900713,-0.0914443,-0.0924533,-0.0932935,-0.094506,-0.0957535,-0.0966653,-0.0974318,-0.0983997,-0.0994657,-0.1003,-0.101059,-0.102102,-0.103118,-0.104063,-0.105324,-0.106213,-0.107277,-0.108054,-0.108755,-0.109748,-0.110286,-0.111283,-0.111971,-0.112816,-0.113655,-0.11428,-0.114775,-0.115339,-0.115981,-0.117021,-0.117765,-0.118404,-0.118879,-0.119399,-0.119979,-0.120661,-0.121356,-0.121989,-0.122822,-0.123103,-0.123981,-0.124753,-0.125867,-0.126598,-0.127673,-0.128853,-0.129881,-0.130844,-0.131825,-0.133057,-0.133906,-0.135082,-0.136267,-0.137581,-0.13877,-0.139897,-0.140999,-0.142162,-0.143244,-0.144177,-0.14543,-0.146748,-0.14795,-0.149618,-0.150603,-0.151774,-0.152458,-0.153592,-0.154421,-0.155607,-0.156935,-0.158422,-0.159609,-0.160387,-0.161483,-0.162413,-0.163423,-0.164275,-0.165093,-0.165938,-0.166333,-0.166731,-0.168141,nan,nan,nan,nan,nan,nan,nan,nan,nan,nan,nan,nan,nan,nan,nan,nan,nan,
nan,nan,nan,nan,nan,nan,nan,nan,nan,nan,nan,nan,nan,nan,-0.067378,-0.0690774,-0.0703702,-0.0714501,-0.0724828,-0.0737119,-0.0746668,-0.0759632,-0.0775052,-0.0785981,-0.0795136,-0.0810011,-0.0821119,-0.0830893,-0.0841681,-0.0849362,-0.0864867,-0.0879374,-0.0888424,-0.0900244,-0.0914891,-0.0925235,-0.0935364,-0.094352,-0.0960287,-0.0966967,-0.0973819,-0.0987255,-0.0994328,-0.100529,-0.101232,-0.102182,-0.103092,-0.103955,-0.104989,-0.10595,-0.106874,-0.107743,-0.108544,-0.109285,-0.110008,-0.11082,-0.11138,-0.112267,-0.112764,-0.113389,-0.113995,-0.114518,-0.115663,-0.116505,-0.117004,-0.117717,-0.118162,-0.11862,-0.118989,-0.119708,-0.120417,-0.121105,-0.121794,-0.122174,-0.122994,-0.123645,-0.124817,-0.125764,-0.126968,-0.127905,-0.128925,-0.129639,-0.130693,-0.131698,-0.132727,-0.133976,-0.135075,-0.136338,-0.137747,-0.138732,-0.139864,-0.141077,-0.141911,-0.142977,-0.144314,-0.145344,-0.146638,-0.147985,-0.149412,-0.150546,-0.151388,-0.152318,-0.152903,-0.154033,-0.155439,-0.156733,-0.158262,-0.158963,-0.159995,-0.161093,-0.161831,-0.162642,-0.163791,-0.164498,-0.165344,-0.166029,-0.167288,nan,nan,nan,nan,nan,nan,nan,nan,nan,nan,nan,nan,nan,nan,nan,nan,nan,
nan,nan,nan,nan,nan,nan,nan,nan,nan,nan,nan,nan,nan,nan,-0.067972,-0.0696237,-0.0707421,-0.0720672,-0.0730619,-0.0742063,-0.0752523,-0.0765087,-0.0776466,-0.0787551,-0.0799591,-0.081096,-0.0822646,-0.0832964,-0.0844219,-0.085194,-0.0867036,-0.0881687,-0.0889036,-0.0901335,-0.0911634,-0.0924586,-0.0937515,-0.0945675,-0.0957821,-0.0966591,-0.0976831,-0.098805,-0.0994074,-0.100522,-0.101388,-0.102058,-0.102791,-0.103831,-0.104551,-0.105516,-0.106414,-0.107473,-0.108459,-0.108949,-0.109552,-0.109935,-0.110869,-0.111433,-0.112055,-0.112769,-0.113164,-0.114049,-0.114999,-0.115696,-0.116477,-0.117156,-0.117669,-0.117813,-0.118248,-0.118983,-0.119264,-0.120073,-0.120818,-0.121158,-0.121995,-0.12273,-0.123826,-0.124813,-0.126125,-0.127084,-0.128064,-0.128882,-0.129476,-0.130752,-0.131697,-0.133051,-0.134078,-0.13515,-0.13648,-0.137557,-0.138845,-0.139722,-0.140619,-0.14181,-0.14312,-0.144106,-0.145606,-0.147014,-0.148094,-0.149128,-0.15002,-0.151026,-0.151695,-0.152943,-0.154305,-0.155753,-0.157131,-0.157608,-0.15857,-0.15936,-0.160301,-0.161337,-0.162406,-0.163295,-0.164346,-0.165226,-0.166618,-0.168548,nan,nan,nan,nan,nan,nan,nan,nan,nan,nan,nan,nan,nan,nan,nan,nan,
nan,nan,nan,nan,nan,nan,nan,nan,nan,nan,nan,nan,nan,nan,-0.0679141,-0.0697288,-0.0707051,-0.0720406,-0.0731879,-0.0745427,-0.075732,-0.077073,-0.0778089,-0.0789382,-0.0799828,-0.0811143,-0.0822111,-0.0833253,-0.0841957,-0.0853445,-0.086676,-0.0881909,-0.0891615,-0.0903815,-0.0914488,-0.0926223,-0.0937164,-0.094665,-0.0954786,-0.0965336,-0.0975919,-0.0984352,-0.0994548,-0.100118,-0.100974,-0.101968,-0.102696,-0.103713,-0.104348,-0.105249,-0.105846,-0.107011,-0.107928,-0.108463,-0.109097,-0.109491,-0.110135,-0.110594,-0.111639,-0.112156,-0.112838,-0.11368,-0.114156,-0.114867,-0.115782,-0.116307,-0.116638,-0.116931,-0.117414,-0.118204,-0.118636,-0.119026,-0.119618,-0.120253,-0.120778,-0.121674,-0.122808,-0.123528,-0.125169,-0.126142,-0.127161,-0.127965,-0.128664,-0.129734,-0.130762,-0.13213,-0.133082,-0.134118,-0.135559,-0.136562,-0.137634,-0.138447,-0.139357,-0.140476,-0.141654,-0.142949,-0.144368,-0.145823,-0.146784,-0.147744,-0.148772,-0.149664,-0.150634,-0.152125,-0.153313,-0.154356,-0.155614,-0.156525,-0.157249,-0.157984,-0.159084,-0.160062,-0.161258,-0.162301,-0.163269,-0.164126,-0.165339,-0.167142,nan,nan,nan,nan,nan,nan,nan,nan,nan,nan,nan,nan,nan,nan,nan,nan,
nan,nan,nan,nan,nan,nan,nan,nan,nan,nan,nan,nan,nan,nan,-0.0688489,-0.0701738,-0.0712176,-0.0722941,-0.0734362,-0.074834,-0.0759617,-0.0771437,-0.0779269,-0.0789897,-0.0799556,-0.0811498,-0.0822229,-0.0834773,-0.0841883,-0.085388,-0.0869545,-0.0883552,-0.0893123,-0.090677,-0.0917182,-0.0928111,-0.0936612,-0.0943739,-0.0956014,-0.09649,-0.0974976,-0.0987539,-0.0994597,-0.0997901,-0.100654,-0.101811,-0.102627,-0.103308,-0.103999,-0.104526,-0.10577,-0.106538,-0.107088,-0.107686,-0.108317,-0.10874,-0.109462,-0.110163,-0.110755,-0.111247,-0.112085,-0.113016,-0.113653,-0.114208,-0.114747,-0.115367,-0.115892,-0.116215,-0.116637,-0.117133,-0.11751,-0.118074,-0.118765,-0.119509,-0.11989,-0.120873,-0.121862,-0.122558,-0.123547,-0.124716,-0.125867,-0.127048,-0.127671,-0.128507,-0.129616,-0.130942,-0.13172,-0.1331,-0.134632,-0.135548,-0.136358,-0.13728,-0.138406,-0.13949,-0.140569,-0.141727,-0.143096,-0.14445,-0.145421,-0.146488,-0.147481,-0.148361,-0.149482,-0.150701,-0.151785,-0.152643,-0.153769,-0.155261,-0.156105,-0.156924,-0.158012,-0.159162,-0.160274,-0.161282,-0.161895,-0.162621,-0.163728,-0.165261,nan,nan,nan,nan,nan,nan,nan,nan,nan,nan,nan,nan,nan,nan,nan,nan,
nan,nan,nan,nan,nan,nan,nan,nan,nan,nan,nan,nan,nan,nan,-0.0692401,-0.0704086,-0.0715178,-0.072584,-0.073926,-0.0748978,-0.0759852,-0.0771215,-0.0778247,-0.0788385,-0.0799359,-0.0811478,-0.0822862,-0.0835957,-0.084596,-0.0859907,-0.0873025,-0.0883258,-0.0895073,-0.09055,-0.0915537,-0.0926522,-0.0938017,-0.0944734,-0.0954897,-0.0962361,-0.0973479,-0.0984966,-0.0991941,-0.0996756,-0.100667,-0.101457,-0.102133,-0.102698,-0.103574,-0.104464,-0.105547,-0.105907,-0.106757,-0.10696,-0.107424,-0.108011,-0.108668,-0.10929,-0.110018,-0.110697,-0.111382,-0.112374,-0.112864,-0.113348,-0.114196,-0.115034,-0.115211,-0.115534,-0.115993,-0.116438,-0.116624,-0.117352,-0.117978,-0.118476,-0.119238,-0.119836,-0.120939,-0.121731,-0.12254,-0.123598,-0.12457,-0.125522,-0.1267,-0.127514,-0.128605,-0.129626,-0.130584,-0.131986,-0.133508,-0.134285,-0.135386,-0.13619,-0.137523,-0.138608,-0.139918,-0.140865,-0.142367,-0.143476,-0.144263,-0.145212,-0.145977,-0.147172,-0.148371,-0.149278,-0.150486,-0.15155,-0.152804,-0.153989,-0.154721,-0.155552,-0.156594,-0.158101,-0.159022,-0.159784,-0.160534,-0.161305,-0.162535,-0.163861,nan,nan,nan,nan,nan,nan,nan,nan,nan,nan,nan,nan,nan,nan,nan,nan,
nan,nan,nan,nan,nan,nan,nan,nan,nan,nan,nan,nan,nan,nan,-0.0691664,-0.0704584,-0.071554,-0.0725859,-0.0737511,-0.0745785,-0.0758895,-0.0768969,-0.0776583,-0.0789626,-0.0803138,-0.0813719,-0.0822214,-0.0836807,-0.0846737,-0.0859065,-0.0873767,-0.0882144,-0.0895216,-0.0902961,-0.0912689,-0.0926097,-0.0937733,-0.0944506,-0.0953229,-0.0961044,-0.0969494,-0.0980778,-0.0986873,-0.0993368,-0.100356,-0.10099,-0.101952,-0.102524,-0.103599,-0.104133,-0.105037,-0.105613,-0.105945,-0.106394,-0.106946,-0.107712,-0.107895,-0.108369,-0.109293,-0.110086,-0.110643,-0.111672,-0.11218,-0.11282,-0.113469,-0.113614,-0.114183,-0.114507,-0.114919,-0.115551,-0.115981,-0.116563,-0.117414,-0.118086,-0.11865,-0.119082,-0.119722,-0.120696,-0.121597,-0.12252,-0.123624,-0.124468,-0.125536,-0.126621,-0.12778,-0.128551,-0.1296,-0.130637,-0.132328,-0.133368,-0.134312,-0.135475,-0.136556,-0.137539,-0.138577,-0.139814,-0.141255,-0.142227,-0.143377,-0.144168,-0.145049,-0.146142,-0.147266,-0.148453,-0.149413,-0.150482,-0.151718,-0.152771,-0.153494,-0.154344,-0.155328,-0.156475,-0.157732,-0.158783,-0.159737,-0.160496,-0.161816,-0.163082,nan,nan,nan,nan,nan,nan,nan,nan,nan,nan,nan,nan,nan,nan,nan,nan,
nan,nan,nan,nan,nan,nan,nan,nan,nan,nan,nan,nan,nan,nan,-0.069665,-0.0706006,-0.071548,-0.0724974,-0.0735834,-0.0747531,-0.0757921,-0.0765095,-0.0776745,-0.0789121,-0.0802103,-0.0813174,-0.082334,-0.083472,-0.0845913,-0.0859608,-0.0873433,-0.088213,-0.0893252,-0.0903596,-0.0913534,-0.0923919,-0.093332,-0.0942105,-0.0951442,-0.096017,-0.096839,-0.0979765,-0.0985348,-0.0991607,-0.100137,-0.100821,-0.101733,-0.102162,-0.102976,-0.103639,-0.104313,-0.104903,-0.105604,-0.106069,-0.106707,-0.107424,-0.107532,-0.107926,-0.108968,-0.109346,-0.109802,-0.110733,-0.111553,-0.11191,-0.112534,-0.112978,-0.113251,-0.113872,-0.114291,-0.114816,-0.115265,-0.116031,-0.11657,-0.117265,-0.117701,-0.118017,-0.118552,-0.119385,-0.120472,-0.121388,-0.12256,-0.123284,-0.124593,-0.125798,-0.126592,-0.127408,-0.128197,-0.12946,-0.130791,-0.132137,-0.133161,-0.134529,-0.135522,-0.136383,-0.137195,-0.138515,-0.139814,-0.141151,-0.142305,-0.143285,-0.144019,-0.145072,-0.146189,-0.147487,-0.148286,-0.149529,-0.1505,-0.151662,-0.152486,-0.153456,-0.154195,-0.155356,-0.156562,-0.157768,-0.158566,-0.159097,-0.160378,-0.162004,nan,nan,nan,nan,nan,nan,nan,nan,nan,nan,nan,nan,nan,nan,nan,nan,
nan,nan,nan,nan,nan,nan,nan,nan,nan,nan,nan,nan,nan,nan,-0.0702562,-0.0706261,-0.0716621,-0.0725394,-0.0737125,-0.0746399,-0.0756231,-0.0766718,-0.0778145,-0.0789037,-0.0800954,-0.0814268,-0.0824027,-0.0835234,-0.0848704,-0.085931,-0.087085,-0.0882215,-0.0893417,-0.0903552,-0.091481,-0.0921585,-0.0931566,-0.0941041,-0.0951191,-0.0958665,-0.0967077,-0.0976906,-0.0982713,-0.0992962,-0.100164,-0.100676,-0.101776,-0.102307,-0.102652,-0.103251,-0.103743,-0.104387,-0.105104,-0.105614,-0.106003,-0.106747,-0.106859,-0.107505,-0.108479,-0.108836,-0.10941,-0.109984,-0.110818,-0.111372,-0.11181,-0.112283,-0.11256,-0.113004,-0.113465,-0.113974,-0.114385,-0.115036,-0.115512,-0.115971,-0.116538,-0.117022,-0.117557,-0.118194,-0.119121,-0.120294,-0.121405,-0.122479,-0.123661,-0.124546,-0.125323,-0.126426,-0.127297,-0.128389,-0.129646,-0.130887,-0.131839,-0.133244,-0.134339,-0.135201,-0.136458,-0.137551,-0.138574,-0.139977,-0.14091,-0.141713,-0.142775,-0.143844,-0.144855,-0.146132,-0.14754,-0.148572,-0.149582,-0.150573,-0.151356,-0.152431,-0.153529,-0.154788,-0.155913,-0.156913,-0.157833,-0.158136,-0.159073,-0.160853,nan,nan,nan,nan,nan,nan,nan,nan,nan,nan,nan,nan,nan,nan,nan,nan,
nan,nan,nan,nan,nan,nan,nan,nan,nan,nan,nan,nan,nan,nan,-0.0704522,-0.0706945,-0.0717219,-0.0725116,-0.0735054,-0.0744214,-0.0752398,-0.0766352,-0.0778526,-0.0789675,-0.0800163,-0.0814513,-0.082513,-0.0837227,-0.0847094,-0.0858015,-0.0869095,-0.0879898,-0.0890655,-0.0902714,-0.0914505,-0.0918354,-0.0930698,-0.0940211,-0.0950604,-0.095846,-0.0967492,-0.0974657,-0.0981216,-0.099112,-0.100029,-0.100494,-0.101206,-0.101847,-0.102517,-0.102848,-0.103546,-0.104147,-0.104477,-0.105278,-0.105672,-0.106151,-0.106569,-0.107229,-0.107898,-0.108392,-0.108879,-0.109468,-0.110506,-0.110514,-0.110803,-0.111188,-0.11145,-0.112051,-0.112453,-0.112959,-0.113561,-0.113956,-0.114429,-0.115062,-0.115748,-0.116039,-0.116813,-0.117542,-0.118224,-0.119308,-0.120197,-0.121414,-0.122537,-0.123442,-0.12426,-0.125128,-0.126319,-0.127042,-0.128543,-0.129531,-0.130584,-0.131842,-0.133113,-0.134472,-0.135416,-0.136458,-0.13753,-0.138594,-0.139513,-0.14028,-0.141521,-0.142584,-0.143664,-0.145158,-0.146541,-0.147375,-0.148687,-0.149553,-0.150319,-0.151377,-0.152971,-0.154091,-0.155145,-0.155929,-0.156629,-0.157175,-0.158129,-0.160253,nan,nan,nan,nan,nan,nan,nan,nan,nan,nan,nan,nan,nan,nan,nan,nan,
nan,nan,nan,nan,nan,nan,nan,nan,nan,nan,nan,nan,nan,nan,-0.0697032,-0.0702646,-0.0714046,-0.0723327,-0.0732826,-0.0743655,-0.0753825,-0.0761443,-0.0776793,-0.0788832,-0.0796702,-0.081073,-0.0820264,-0.0835509,-0.0847253,-0.0859535,-0.0869001,-0.0878813,-0.0890079,-0.0901614,-0.0913498,-0.091994,-0.093127,-0.0939327,-0.0950951,-0.0959245,-0.0965361,-0.0971811,-0.0979765,-0.0988467,-0.0995085,-0.0999952,-0.10063,-0.101307,-0.101949,-0.10245,-0.103007,-0.103538,-0.10404,-0.104702,-0.104843,-0.105612,-0.106044,-0.106501,-0.107265,-0.10801,-0.108322,-0.108773,-0.109672,-0.109914,-0.110118,-0.110329,-0.110567,-0.111043,-0.111456,-0.111928,-0.112653,-0.113232,-0.113463,-0.114136,-0.115003,-0.115466,-0.116159,-0.116932,-0.117663,-0.118593,-0.119337,-0.120666,-0.121663,-0.122294,-0.123158,-0.124168,-0.125272,-0.126505,-0.127517,-0.128596,-0.129511,-0.130748,-0.131894,-0.133337,-0.134136,-0.135146,-0.136377,-0.137179,-0.138332,-0.139264,-0.140509,-0.141707,-0.142523,-0.143992,-0.145188,-0.146618,-0.147517,-0.148566,-0.14933,-0.150383,-0.151929,-0.15296,-0.154091,-0.154868,-0.155646,-0.156232,-0.157285,-0.159186,nan,nan,nan,nan,nan,nan,nan,nan,nan,nan,nan,nan,nan,nan,nan,nan,
nan,nan,nan,nan,nan,nan,nan,nan,nan,nan,nan,nan,nan,nan,-0.0690983,-0.0699609,-0.0711877,-0.0723006,-0.0731645,-0.0741516,-0.0752576,-0.0761936,-0.0776876,-0.0789035,-0.0798635,-0.0808756,-0.0822486,-0.0836067,-0.084713,-0.085687,-0.0865304,-0.0878607,-0.0889134,-0.0900721,-0.0910626,-0.0920913,-0.093341,-0.094248,-0.0949989,-0.0957735,-0.0963912,-0.0969715,-0.0978554,-0.0984307,-0.0991392,-0.0997996,-0.100194,-0.100714,-0.101602,-0.101979,-0.102095,-0.102898,-0.103452,-0.103982,-0.104515,-0.104898,-0.105369,-0.105891,-0.10697,-0.107314,-0.107871,-0.108123,-0.10865,-0.109261,-0.109347,-0.10932,-0.109821,-0.110332,-0.110825,-0.111436,-0.111905,-0.112103,-0.112545,-0.113468,-0.113965,-0.114845,-0.115459,-0.116081,-0.116924,-0.117712,-0.118634,-0.119947,-0.12064,-0.121199,-0.122184,-0.1234,-0.124239,-0.125429,-0.126271,-0.127469,-0.128532,-0.129823,-0.130743,-0.13214,-0.13306,-0.134095,-0.13559,-0.136453,-0.137411,-0.138444,-0.139696,-0.140687,-0.141607,-0.142857,-0.144227,-0.145514,-0.146242,-0.147645,-0.148655,-0.149674,-0.151265,-0.15206,-0.152961,-0.153887,-0.154872,-0.15549,-0.15644,-0.157798,nan,nan,nan,nan,nan,nan,nan,nan,nan,nan,nan,nan,nan,nan,nan,nan,
nan,nan,nan,nan,nan,nan,nan,nan,nan,nan,nan,nan,nan,nan,-0.0687986,-0.0694845,-0.0706765,-0.0717656,-0.072936,-0.0742103,-0.0751847,-0.0764526,-0.0777394,-0.0786163,-0.0797332,-0.0807649,-0.0822982,-0.0835242,-0.0842671,-0.0852595,-0.0865449,-0.0875908,-0.088475,-0.0897584,-0.0908057,-0.0915033,-0.0928021,-0.0939778,-0.0944467,-0.0953973,-0.0960766,-0.0968035,-0.0975176,-0.0980053,-0.0988629,-0.099562,-0.0999382,-0.100493,-0.10114,-0.101449,-0.101444,-0.102248,-0.102841,-0.10335,-0.10387,-0.104405,-0.104712,-0.105399,-0.106135,-0.106749,-0.107224,-0.107319,-0.10777,-0.108324,-0.108996,-0.108923,-0.109029,-0.109832,-0.110425,-0.110697,-0.110821,-0.111269,-0.111808,-0.112735,-0.113237,-0.113963,-0.114871,-0.11543,-0.116297,-0.117058,-0.117803,-0.118948,-0.119874,-0.120491,-0.121784,-0.12259,-0.123113,-0.124237,-0.125561,-0.126511,-0.127646,-0.128657,-0.129703,-0.130811,-0.13193,-0.133236,-0.13476,-0.135737,-0.136637,-0.137528,-0.138663,-0.139886,-0.141122,-0.14191,-0.143289,-0.144595,-0.145643,-0.146714,-0.148014,-0.148587,-0.150108,-0.151222,-0.152085,-0.152919,-0.154102,-0.154858,-0.155737,-0.157334,nan,nan,nan,nan,nan,nan,nan,nan,nan,nan,nan,nan,nan,nan,nan,nan,
nan,nan,nan,nan,nan,nan,nan,nan,nan,nan,nan,nan,nan,nan,-0.068958,-0.0696028,-0.070603,-0.0717503,-0.0726089,-0.0738281,-0.0750081,-0.0759954,-0.0771508,-0.0782419,-0.0794172,-0.0805292,-0.0818058,-0.0832645,-0.0841816,-0.0851578,-0.086377,-0.0872448,-0.0880011,-0.0892356,-0.0903941,-0.0912154,-0.0924293,-0.0933806,-0.0941739,-0.0952026,-0.0955347,-0.0964968,-0.0970284,-0.0976823,-0.0983257,-0.098939,-0.0995142,-0.100064,-0.100536,-0.100705,-0.101141,-0.101642,-0.102132,-0.102868,-0.103399,-0.103843,-0.104151,-0.104889,-0.105563,-0.10617,-0.106438,-0.106713,-0.107057,-0.107492,-0.108058,-0.108172,-0.10845,-0.109144,-0.109574,-0.110064,-0.110166,-0.110626,-0.111027,-0.111869,-0.112575,-0.113542,-0.114321,-0.114703,-0.11576,-0.116188,-0.117027,-0.118177,-0.118965,-0.119961,-0.121114,-0.121821,-0.12219,-0.12325,-0.124696,-0.125717,-0.126731,-0.127556,-0.128601,-0.129522,-0.130715,-0.132157,-0.133717,-0.134334,-0.135638,-0.136803,-0.13804,-0.139122,-0.140248,-0.141025,-0.142454,-0.143606,-0.144763,-0.145932,-0.147096,-0.147674,-0.148982,-0.150355,-0.151343,-0.15227,-0.153729,-0.154581,-0.155443,-0.156888,nan,nan,nan,nan,nan,nan,nan,nan,nan,nan,nan,nan,nan,nan,nan,nan,
nan,nan,nan,nan,nan,nan,nan,nan,nan,nan,nan,nan,nan,nan,-0.0687091,-0.069386,-0.07029,-0.0713549,-0.0722715,-0.0735639,-0.074646,-0.0756778,-0.0765105,-0.0779425,-0.0790124,-0.080349,-0.0815681,-0.0828841,-0.0837762,-0.0847536,-0.0860366,-0.0871708,-0.0880169,-0.0890528,-0.0901423,-0.0910543,-0.0921459,-0.0928286,-0.0936813,-0.0946294,-0.0951396,-0.0958513,-0.0967315,-0.0974148,-0.0978105,-0.0985782,-0.0987244,-0.0995473,-0.0998825,-0.100406,-0.100805,-0.100959,-0.101696,-0.102424,-0.102769,-0.103104,-0.103774,-0.104439,-0.104932,-0.105427,-0.105959,-0.106287,-0.106594,-0.107,-0.107598,-0.107628,-0.107863,-0.10845,-0.108937,-0.10922,-0.109558,-0.110205,-0.110495,-0.111206,-0.111947,-0.112735,-0.113462,-0.114141,-0.114936,-0.115227,-0.11635,-0.117426,-0.11823,-0.119128,-0.120159,-0.120711,-0.121406,-0.122468,-0.123608,-0.124711,-0.125822,-0.126675,-0.127838,-0.128767,-0.129633,-0.130943,-0.132414,-0.133543,-0.134702,-0.135921,-0.136991,-0.138132,-0.139179,-0.140187,-0.141502,-0.142661,-0.143963,-0.145187,-0.146224,-0.147186,-0.148216,-0.149591,-0.150551,-0.151576,-0.15273,-0.153728,-0.154619,-0.15587,nan,nan,nan,nan,nan,nan,nan,nan,nan,nan,nan,nan,nan,nan,nan,nan,
nan,nan,nan,nan,nan,nan,nan,nan,nan,nan,nan,nan,nan,nan,-0.067979,-0.0687299,-0.0696701,-0.0708875,-0.0720919,-0.0733572,-0.0743998,-0.0752992,-0.0763079,-0.0774821,-0.0787931,-0.0801091,-0.0810141,-0.0822998,-0.0836193,-0.0846623,-0.0857601,-0.0867995,-0.0874534,-0.0884632,-0.0894117,-0.0904181,-0.0914454,-0.0923899,-0.0931763,-0.094031,-0.0946453,-0.095344,-0.0964428,-0.0970125,-0.0975217,-0.0980178,-0.0984303,-0.0990455,-0.0995284,-0.100096,-0.10012,-0.100613,-0.100991,-0.101994,-0.102365,-0.102709,-0.103462,-0.104016,-0.104253,-0.105059,-0.105503,-0.105953,-0.10635,-0.106527,-0.107038,-0.107106,-0.10719,-0.107957,-0.108259,-0.108775,-0.109188,-0.109657,-0.110069,-0.110864,-0.11133,-0.111976,-0.112947,-0.113643,-0.114288,-0.114995,-0.115609,-0.116293,-0.117061,-0.11786,-0.119018,-0.119792,-0.120516,-0.121684,-0.122789,-0.123381,-0.124653,-0.125946,-0.127062,-0.127875,-0.128976,-0.130251,-0.131475,-0.132354,-0.133723,-0.134996,-0.136028,-0.137305,-0.13835,-0.13925,-0.140479,-0.141728,-0.142945,-0.144094,-0.145102,-0.146212,-0.147404,-0.148978,-0.150101,-0.150851,-0.151996,-0.153105,-0.153891,-0.154956,nan,nan,nan,nan,nan,nan,nan,nan,nan,nan,nan,nan,nan,nan,nan,nan,
nan,nan,nan,nan,nan,nan,nan,nan,nan,nan,nan,nan,nan,nan,-0.0672734,-0.0683844,-0.0692563,-0.0706581,-0.071709,-0.0728386,-0.0738395,-0.0748195,-0.076144,-0.0772469,-0.0786445,-0.0797382,-0.0808631,-0.0819223,-0.0832959,-0.084206,-0.085131,-0.0861145,-0.0868558,-0.0878308,-0.088908,-0.0897783,-0.090743,-0.0914947,-0.0924293,-0.0936863,-0.0943535,-0.0952291,-0.0960516,-0.0962838,-0.0971232,-0.097683,-0.0979282,-0.0984047,-0.0989083,-0.0991719,-0.0998661,-0.100286,-0.100538,-0.101579,-0.101956,-0.102218,-0.10295,-0.103403,-0.103866,-0.104237,-0.104919,-0.105505,-0.105977,-0.106235,-0.106525,-0.106747,-0.10696,-0.107481,-0.107808,-0.108353,-0.108423,-0.108944,-0.109671,-0.110292,-0.110881,-0.111523,-0.112094,-0.112655,-0.113521,-0.114268,-0.114896,-0.115438,-0.116005,-0.117167,-0.118159,-0.118994,-0.119534,-0.120593,-0.12175,-0.122697,-0.123681,-0.124961,-0.126029,-0.126894,-0.128186,-0.129356,-0.130818,-0.131565,-0.132733,-0.134092,-0.135276,-0.136454,-0.137678,-0.138535,-0.139561,-0.140788,-0.141867,-0.143162,-0.144165,-0.145215,-0.146752,-0.148096,-0.149311,-0.150162,-0.15115,-0.15219,-0.152979,-0.153883,nan,nan,nan,nan,nan,nan,nan,nan,nan,nan,nan,nan,nan,nan,nan,nan,
nan,nan,nan,nan,nan,nan,nan,nan,nan,nan,nan,nan,nan,nan,-0.0671191,-0.0677671,-0.0689049,-0.0701078,-0.0710766,-0.072076,-0.0734642,-0.0746545,-0.0758444,-0.0766819,-0.078175,-0.0792982,-0.0805729,-0.0815818,-0.0826719,-0.0836695,-0.0843375,-0.0854008,-0.0862826,-0.0875194,-0.0884862,-0.0890578,-0.0904968,-0.0910465,-0.0919943,-0.0929692,-0.0938009,-0.0947986,-0.0953721,-0.0959872,-0.0967613,-0.0973251,-0.0974694,-0.0978169,-0.0984141,-0.0985894,-0.0992877,-0.0998169,-0.100234,-0.100699,-0.101147,-0.101916,-0.102445,-0.102761,-0.103275,-0.103753,-0.104223,-0.10511,-0.105496,-0.105992,-0.105975,-0.105942,-0.106322,-0.106992,-0.107288,-0.107762,-0.108255,-0.108643,-0.109217,-0.109949,-0.11048,-0.111103,-0.11133,-0.112362,-0.113054,-0.113636,-0.114052,-0.114836,-0.115672,-0.116602,-0.117395,-0.118235,-0.119303,-0.120171,-0.121057,-0.122063,-0.122806,-0.123701,-0.124891,-0.12604,-0.127347,-0.128433,-0.12946,-0.13086,-0.132083,-0.133114,-0.134223,-0.13564,-0.137057,-0.137987,-0.13893,-0.140131,-0.141301,-0.142439,-0.143896,-0.144855,-0.145759,-0.146829,-0.148009,-0.14929,-0.150017,-0.151434,-0.152185,-0.152567,nan,nan,nan,nan,nan,nan,nan,nan,nan,nan,nan,nan,nan,nan,nan,nan,
nan,nan,nan,nan,nan,nan,nan,nan,nan,nan,nan,nan,nan,nan,-0.067027,-0.0678593,-0.068928,-0.0698519,-0.070702,-0.0717544,-0.0732029,-0.0742947,-0.0753946,-0.0766501,-0.077824,-0.0788224,-0.0799044,-0.0810345,-0.0821432,-0.0829835,-0.0839019,-0.0849168,-0.0859406,-0.0868731,-0.0878861,-0.0889249,-0.0897302,-0.0905371,-0.0915766,-0.0926649,-0.0935452,-0.0942032,-0.0950077,-0.0957218,-0.0964526,-0.0969186,-0.0970985,-0.0972947,-0.0976881,-0.0982098,-0.09912,-0.0997023,-0.0998286,-0.100359,-0.101141,-0.101541,-0.102066,-0.102557,-0.102951,-0.103292,-0.103861,-0.104445,-0.105026,-0.10546,-0.105497,-0.105748,-0.106273,-0.106752,-0.107266,-0.107626,-0.108085,-0.10839,-0.109135,-0.109551,-0.109912,-0.110733,-0.11096,-0.111671,-0.112526,-0.112928,-0.113499,-0.114486,-0.115136,-0.115696,-0.116664,-0.117618,-0.118465,-0.119438,-0.120267,-0.121343,-0.122101,-0.122793,-0.123923,-0.125259,-0.126523,-0.127344,-0.128242,-0.129856,-0.131093,-0.132459,-0.133367,-0.134974,-0.136177,-0.137186,-0.138128,-0.139525,-0.140875,-0.141894,-0.142978,-0.143906,-0.144852,-0.146101,-0.146876,-0.14818,-0.149132,-0.150488,-0.151445,-0.151708,nan,nan,nan,nan,nan,nan,nan,nan,nan,nan,nan,nan,nan,nan,nan,nan,
nan,nan,nan,nan,nan,nan,nan,nan,nan,nan,nan,nan,nan,nan,-0.066743,-0.067849,-0.0687527,-0.0694805,-0.0705273,-0.0716637,-0.0728469,-0.0740526,-0.0751175,-0.0764624,-0.0775082,-0.0783719,-0.0793143,-0.0803785,-0.0814676,-0.0823996,-0.0835551,-0.0844133,-0.0853963,-0.0864032,-0.0874125,-0.088329,-0.0890679,-0.0901375,-0.0911196,-0.0924853,-0.0931385,-0.0938806,-0.0947483,-0.0955131,-0.0961016,-0.0964333,-0.0967405,-0.0971677,-0.0974525,-0.0979825,-0.0987049,-0.0992706,-0.0994637,-0.100039,-0.100918,-0.101318,-0.101913,-0.102481,-0.102781,-0.102938,-0.103241,-0.103736,-0.104179,-0.104896,-0.105219,-0.105402,-0.105745,-0.10637,-0.10698,-0.107143,-0.107739,-0.108352,-0.108712,-0.109181,-0.109573,-0.11021,-0.110549,-0.111279,-0.112005,-0.112466,-0.113037,-0.113889,-0.114617,-0.115301,-0.11602,-0.11698,-0.11771,-0.118622,-0.11969,-0.120739,-0.121286,-0.122185,-0.123392,-0.124534,-0.125629,-0.126545,-0.127488,-0.128737,-0.130433,-0.13156,-0.132947,-0.134235,-0.135519,-0.136385,-0.137405,-0.138554,-0.139759,-0.140897,-0.141988,-0.142847,-0.144056,-0.144979,-0.14608,-0.147331,-0.148274,-0.149582,-0.150517,-0.151034,nan,nan,nan,nan,nan,nan,nan,nan,nan,nan,nan,nan,nan,nan,nan,nan,
nan,nan,nan,nan,nan,nan,nan,nan,nan,nan,nan,nan,nan,nan,-0.0668497,-0.0675059,-0.0683509,-0.0692674,-0.0702355,-0.0713294,-0.0723774,-0.0734162,-0.0747395,-0.0757772,-0.0768215,-0.0779616,-0.0789676,-0.0797911,-0.0808948,-0.0820559,-0.0831318,-0.0840087,-0.08492,-0.085943,-0.0872236,-0.0879143,-0.0887,-0.0895431,-0.0904906,-0.091681,-0.0927625,-0.0935553,-0.0944302,-0.0951994,-0.09578,-0.0960584,-0.0961307,-0.0967929,-0.097339,-0.0979291,-0.0983602,-0.0986143,-0.0992214,-0.0995199,-0.100043,-0.100616,-0.101251,-0.101753,-0.102188,-0.102561,-0.102862,-0.103232,-0.103809,-0.104339,-0.10469,-0.104974,-0.105229,-0.105684,-0.106276,-0.106593,-0.10714,-0.107786,-0.108278,-0.108742,-0.109432,-0.109649,-0.11023,-0.110927,-0.111333,-0.11214,-0.112513,-0.113443,-0.113929,-0.114696,-0.115264,-0.11608,-0.117049,-0.118016,-0.119042,-0.119943,-0.120628,-0.121664,-0.122933,-0.123926,-0.124751,-0.125819,-0.127215,-0.128671,-0.129744,-0.131011,-0.132081,-0.133192,-0.134658,-0.1355,-0.136548,-0.137712,-0.138891,-0.139976,-0.141075,-0.142062,-0.143054,-0.1438,-0.145009,-0.146113,-0.147315,-0.148717,-0.149759,-0.150819,nan,nan,nan,nan,nan,nan,nan,nan,nan,nan,nan,nan,nan,nan,nan,nan,
nan,nan,nan,nan,nan,nan,nan,nan,nan,nan,nan,nan,nan,nan,-0.0667873,-0.067617,-0.068248,-0.0689803,-0.0698956,-0.0707414,-0.0719168,-0.0729587,-0.0741107,-0.0752653,-0.0764709,-0.0774559,-0.0784792,-0.0793979,-0.080541,-0.0816444,-0.0825651,-0.0835678,-0.0844947,-0.0855738,-0.0865725,-0.0873988,-0.0883136,-0.0892078,-0.0899844,-0.0909493,-0.0922292,-0.0930575,-0.0938697,-0.0949622,-0.0955169,-0.0956099,-0.0959251,-0.0963964,-0.0969715,-0.0975151,-0.0977811,-0.0982571,-0.09886,-0.099057,-0.0997357,-0.100018,-0.100442,-0.101139,-0.101655,-0.102283,-0.102092,-0.102422,-0.103022,-0.10367,-0.104123,-0.104637,-0.104988,-0.105293,-0.105879,-0.10631,-0.106886,-0.107409,-0.107641,-0.108256,-0.108783,-0.109408,-0.109898,-0.110423,-0.111085,-0.111826,-0.112312,-0.112961,-0.113117,-0.114051,-0.114627,-0.115519,-0.116386,-0.117154,-0.118146,-0.119062,-0.120064,-0.12119,-0.122201,-0.123083,-0.124135,-0.125096,-0.126718,-0.128025,-0.129221,-0.130425,-0.131511,-0.132469,-0.133654,-0.134689,-0.135551,-0.136765,-0.137946,-0.13858,-0.139709,-0.140783,-0.14175,-0.142696,-0.143899,-0.145069,-0.146213,-0.146987,-0.147826,-0.148809,nan,nan,nan,nan,nan,nan,nan,nan,nan,nan,nan,nan,nan,nan,nan,nan,
nan,nan,nan,nan,nan,nan,nan,nan,nan,nan,nan,nan,nan,nan,-0.0662445,-0.0673544,-0.0679481,-0.0686179,-0.0697061,-0.0707992,-0.0717256,-0.072756,-0.0733495,-0.0746156,-0.0756269,-0.0770217,-0.0780773,-0.0788682,-0.0796543,-0.0807852,-0.082094,-0.0831477,-0.0840397,-0.0849406,-0.0859924,-0.0867949,-0.0876039,-0.0887122,-0.0895461,-0.0905757,-0.0916086,-0.092246,-0.093249,-0.0940026,-0.0948655,-0.0953602,-0.0954645,-0.0962702,-0.096965,-0.0969709,-0.0972698,-0.0973794,-0.0982311,-0.0985548,-0.0991253,-0.0996755,-0.0999223,-0.100668,-0.101289,-0.101789,-0.101787,-0.102132,-0.102812,-0.103194,-0.103726,-0.10422,-0.104566,-0.104932,-0.105393,-0.105992,-0.106476,-0.106942,-0.107315,-0.107871,-0.108558,-0.108868,-0.108992,-0.109917,-0.110501,-0.110914,-0.111323,-0.112097,-0.112671,-0.113331,-0.113931,-0.114879,-0.115885,-0.116558,-0.117413,-0.118552,-0.11939,-0.120247,-0.12123,-0.122477,-0.123512,-0.124853,-0.125919,-0.127351,-0.128497,-0.129698,-0.130795,-0.13164,-0.132749,-0.133581,-0.134393,-0.135877,-0.136689,-0.137458,-0.138584,-0.139237,-0.140239,-0.141391,-0.142495,-0.143805,-0.144761,-0.145363,-0.146116,-0.147973,nan,nan,nan,nan,nan,nan,nan,nan,nan,nan,nan,nan,nan,nan,nan,nan,
nan,nan,nan,nan,nan,nan,nan,nan,nan,nan,nan,nan,nan,nan,-0.0660197,-0.0670564,-0.0677714,-0.0685732,-0.0694794,-0.0704025,-0.0714988,-0.0721427,-0.0730023,-0.0740621,-0.07517,-0.0761964,-0.0773807,-0.0781122,-0.0794091,-0.0803413,-0.0815752,-0.0824922,-0.0835424,-0.0841451,-0.0851457,-0.0863153,-0.0872068,-0.0880875,-0.0890737,-0.0900913,-0.0910517,-0.091857,-0.0926438,-0.093528,-0.0941938,-0.0949001,-0.0952959,-0.0959236,-0.0967,-0.0968047,-0.0972481,-0.0971005,-0.0976062,-0.0981954,-0.0988374,-0.0993505,-0.0995119,-0.0999383,-0.100644,-0.101188,-0.101426,-0.101578,-0.102038,-0.102542,-0.103301,-0.103922,-0.104255,-0.104581,-0.105218,-0.105861,-0.105739,-0.106219,-0.106797,-0.107163,-0.107727,-0.108196,-0.108512,-0.109275,-0.109965,-0.110218,-0.11074,-0.111479,-0.111978,-0.112433,-0.113207,-0.114161,-0.115123,-0.11584,-0.116926,-0.117553,-0.118597,-0.119446,-0.120368,-0.12182,-0.122913,-0.124219,-0.125381,-0.126388,-0.127545,-0.128756,-0.130012,-0.1307,-0.1315,-0.132244,-0.133701,-0.134884,-0.135874,-0.136768,-0.137417,-0.138218,-0.139213,-0.140298,-0.141434,-0.142289,-0.143488,-0.144838,-0.145998,-0.147972,nan,nan,nan,nan,nan,nan,nan,nan,nan,nan,nan,nan,nan,nan,nan,nan,
nan,nan,nan,nan,nan,nan,nan,nan,nan,nan,nan,nan,nan,nan,-0.0663252,-0.0669524,-0.0675741,-0.0682891,-0.0689931,-0.069954,-0.0709875,-0.0718025,-0.0725953,-0.0735983,-0.0745684,-0.0757112,-0.0767222,-0.0775216,-0.0788549,-0.0800233,-0.0811159,-0.0816689,-0.0828803,-0.0836001,-0.0847738,-0.0856568,-0.0867999,-0.087812,-0.0885581,-0.0896816,-0.0905589,-0.0911155,-0.0921448,-0.0930171,-0.094141,-0.0945866,-0.0950134,-0.0954022,-0.0961496,-0.0962108,-0.096473,-0.096827,-0.0974472,-0.0981467,-0.0985733,-0.0990749,-0.0992974,-0.0997765,-0.100222,-0.100605,-0.101269,-0.101387,-0.101932,-0.10241,-0.102936,-0.103518,-0.10397,-0.104287,-0.104751,-0.1053,-0.105778,-0.106151,-0.106398,-0.106722,-0.107311,-0.107507,-0.107784,-0.108378,-0.109073,-0.109524,-0.110132,-0.110616,-0.11122,-0.111766,-0.1127,-0.113847,-0.11464,-0.115329,-0.116109,-0.116999,-0.117747,-0.118784,-0.119836,-0.120954,-0.122156,-0.123261,-0.124371,-0.125241,-0.126345,-0.127403,-0.128794,-0.129627,-0.130314,-0.131361,-0.132703,-0.133839,-0.134877,-0.135602,-0.136248,-0.137127,-0.138188,-0.139139,-0.140283,-0.141532,-0.142915,-0.143915,-0.144798,-0.145913,nan,nan,nan,nan,nan,nan,nan,nan,nan,nan,nan,nan,nan,nan,nan,nan,
nan,nan,nan,nan,nan,nan,nan,nan,nan,nan,nan,nan,nan,nan,-0.0659814,-0.0663641,-0.0670782,-0.0677945,-0.0686127,-0.0694429,-0.0703293,-0.0713487,-0.0721796,-0.0732185,-0.0742279,-0.0752386,-0.0762652,-0.0773695,-0.0786342,-0.0797225,-0.0805825,-0.0811578,-0.0822433,-0.0830251,-0.0840802,-0.085175,-0.0863544,-0.0872491,-0.0880004,-0.0892361,-0.0902032,-0.09084,-0.0914715,-0.0922479,-0.0934012,-0.0939507,-0.0943175,-0.0949138,-0.0954054,-0.0956339,-0.0959714,-0.0961008,-0.0968328,-0.0975718,-0.0980482,-0.0982715,-0.0990059,-0.0994083,-0.100241,-0.100531,-0.101114,-0.101523,-0.102151,-0.102898,-0.103053,-0.103104,-0.103696,-0.104274,-0.104229,-0.10498,-0.105384,-0.105471,-0.106003,-0.106494,-0.106871,-0.10682,-0.107042,-0.107566,-0.108215,-0.108666,-0.109323,-0.110037,-0.110451,-0.111098,-0.112044,-0.113011,-0.113826,-0.114614,-0.115591,-0.116305,-0.117326,-0.118488,-0.119377,-0.120225,-0.121322,-0.122169,-0.123337,-0.124316,-0.12547,-0.126483,-0.127836,-0.128733,-0.129724,-0.130685,-0.131614,-0.132729,-0.133575,-0.134501,-0.135419,-0.136049,-0.136862,-0.138041,-0.139176,-0.14028,-0.141568,-0.142728,-0.143779,-0.14513,nan,nan,nan,nan,nan,nan,nan,nan,nan,nan,nan,nan,nan,nan,nan,nan,
nan,nan,nan,nan,nan,nan,nan,nan,nan,nan,nan,nan,nan,nan,-0.0649083,-0.0656064,-0.0664712,-0.0673479,-0.0682775,-0.0693068,-0.0700885,-0.0709959,-0.0719683,-0.0730357,-0.0737265,-0.0750666,-0.075817,-0.076775,-0.0780867,-0.0793016,-0.0798103,-0.0803134,-0.0814454,-0.0822794,-0.0835428,-0.0844619,-0.0854307,-0.0865362,-0.0875376,-0.0888415,-0.0899192,-0.0903869,-0.0911252,-0.091815,-0.0926784,-0.0934953,-0.0937299,-0.0941719,-0.0947649,-0.0952436,-0.0956093,-0.0961448,-0.0966844,-0.0967791,-0.097552,-0.0981559,-0.0986081,-0.0992175,-0.0998888,-0.100003,-0.100571,-0.101083,-0.101676,-0.102541,-0.102732,-0.102738,-0.103397,-0.103727,-0.104062,-0.104477,-0.104925,-0.105037,-0.105839,-0.105789,-0.106293,-0.106538,-0.106753,-0.10721,-0.107943,-0.108487,-0.108849,-0.109558,-0.110264,-0.110718,-0.11153,-0.112631,-0.113364,-0.114049,-0.114791,-0.116043,-0.117141,-0.118039,-0.118876,-0.119568,-0.120623,-0.121561,-0.122742,-0.1237,-0.124571,-0.125944,-0.127356,-0.128243,-0.128946,-0.129909,-0.130696,-0.131914,-0.132696,-0.133534,-0.134095,-0.134647,-0.135909,-0.13689,-0.138168,-0.139247,-0.140457,-0.142024,-0.143315,-0.144362,nan,nan,nan,nan,nan,nan,nan,nan,nan,nan,nan,nan,nan,nan,nan,nan,
nan,nan,nan,nan,nan,nan,nan,nan,nan,nan,nan,nan,nan,nan,-0.0643278,-0.0652239,-0.0660345,-0.0670858,-0.068026,-0.0689516,-0.0699687,-0.0708717,-0.0716793,-0.0725386,-0.0733902,-0.0746031,-0.0754482,-0.0764488,-0.0774843,-0.0783249,-0.0791194,-0.0797738,-0.0804948,-0.0814478,-0.0828476,-0.0838768,-0.0846737,-0.0857695,-0.0870772,-0.0882205,-0.0889835,-0.0898911,-0.0906925,-0.0911794,-0.0920859,-0.0927902,-0.0934296,-0.093832,-0.0941165,-0.094815,-0.0953479,-0.0957306,-0.0962507,-0.0966147,-0.0972889,-0.0976671,-0.0983854,-0.098798,-0.0994829,-0.099865,-0.10024,-0.100779,-0.101305,-0.101679,-0.102137,-0.102101,-0.102775,-0.103559,-0.103653,-0.103993,-0.104605,-0.104663,-0.105078,-0.105262,-0.105588,-0.105782,-0.106327,-0.106998,-0.10713,-0.107706,-0.108355,-0.108956,-0.109783,-0.110537,-0.111205,-0.112071,-0.112943,-0.113806,-0.114353,-0.115391,-0.116132,-0.117214,-0.118352,-0.11935,-0.120193,-0.121246,-0.122256,-0.123155,-0.123883,-0.125288,-0.126567,-0.127468,-0.128199,-0.129252,-0.129898,-0.131082,-0.131665,-0.132282,-0.133115,-0.1338,-0.134679,-0.135962,-0.13726,-0.138504,-0.139978,-0.141539,-0.142869,-0.143918,nan,nan,nan,nan,nan,nan,nan,nan,nan,nan,nan,nan,nan,nan,nan,nan,
nan,nan,nan,nan,nan,nan,nan,nan,nan,nan,nan,nan,nan,nan,-0.0642623,-0.0650255,-0.0658792,-0.0669513,-0.0677284,-0.0687551,-0.069497,-0.07039,-0.0710398,-0.0720669,-0.0727582,-0.0739137,-0.0748893,-0.0756123,-0.0764407,-0.0772531,-0.0783315,-0.0791661,-0.0799652,-0.0810888,-0.0822587,-0.0830697,-0.0839812,-0.0852024,-0.0864072,-0.0876899,-0.0884905,-0.0892976,-0.0901442,-0.090708,-0.0915462,-0.0921471,-0.0929186,-0.0930848,-0.0935283,-0.0943828,-0.0949228,-0.0954256,-0.0959662,-0.0963366,-0.0966739,-0.0973026,-0.0979201,-0.0983911,-0.0992027,-0.0993295,-0.0998819,-0.100707,-0.100932,-0.101006,-0.101228,-0.101709,-0.102157,-0.103033,-0.103216,-0.103786,-0.103809,-0.103965,-0.104558,-0.104723,-0.105101,-0.105433,-0.105822,-0.106362,-0.106636,-0.107004,-0.107573,-0.108581,-0.109452,-0.110372,-0.110761,-0.111471,-0.112209,-0.112999,-0.113711,-0.114585,-0.115475,-0.116524,-0.11767,-0.118516,-0.119681,-0.120673,-0.12174,-0.122726,-0.123419,-0.124716,-0.125841,-0.126821,-0.127729,-0.128494,-0.129271,-0.129895,-0.130715,-0.131514,-0.132206,-0.133049,-0.133684,-0.134814,-0.136108,-0.137541,-0.138749,-0.140039,-0.141518,-0.143176,nan,nan,nan,nan,nan,nan,nan,nan,nan,nan,nan,nan,nan,nan,nan,nan,
nan,nan,nan,nan,nan,nan,nan,nan,nan,nan,nan,nan,nan,nan,-0.0641151,-0.0650924,-0.0657231,-0.0666447,-0.0674335,-0.0681783,-0.0690882,-0.069863,-0.0703944,-0.0715547,-0.0721611,-0.0730008,-0.0741329,-0.0748231,-0.0753886,-0.0763403,-0.0771771,-0.078315,-0.079274,-0.0802621,-0.08135,-0.0823057,-0.0835459,-0.0845253,-0.085536,-0.0867674,-0.0875795,-0.0885836,-0.0895914,-0.0903695,-0.0910295,-0.0918862,-0.0922868,-0.0929467,-0.0932708,-0.0939134,-0.0942633,-0.0950514,-0.0956552,-0.0962625,-0.0966961,-0.0969495,-0.0975662,-0.0980017,-0.0989403,-0.0990483,-0.0996042,-0.100017,-0.100347,-0.100642,-0.100791,-0.101458,-0.101648,-0.102569,-0.102813,-0.10318,-0.103422,-0.103733,-0.103841,-0.104018,-0.104589,-0.105081,-0.105239,-0.105987,-0.106379,-0.106619,-0.106927,-0.107753,-0.108637,-0.109334,-0.109849,-0.111072,-0.111729,-0.112414,-0.113047,-0.11395,-0.115132,-0.115882,-0.117008,-0.118113,-0.118998,-0.120025,-0.12136,-0.122365,-0.123134,-0.123857,-0.124929,-0.125994,-0.127056,-0.127688,-0.128626,-0.129494,-0.129955,-0.130853,-0.131403,-0.131961,-0.132875,-0.133891,-0.135195,-0.136065,-0.137294,-0.138765,-0.140691,-0.142713,nan,nan,nan,nan,nan,nan,nan,nan,nan,nan,nan,nan,nan,nan,nan,nan,
nan,nan,nan,nan,nan,nan,nan,nan,nan,nan,nan,nan,nan,nan,-0.0638881,-0.0648873,-0.0655823,-0.0663022,-0.06693,-0.0676084,-0.0684752,-0.0695219,-0.0697469,-0.0707757,-0.0716032,-0.0724939,-0.0734417,-0.0740435,-0.0748442,-0.0757861,-0.0764842,-0.077444,-0.0786089,-0.0793577,-0.0803948,-0.0817089,-0.0826421,-0.083811,-0.0848678,-0.0858852,-0.087004,-0.0876442,-0.0886974,-0.0896706,-0.0906182,-0.0915215,-0.0918427,-0.0927512,-0.093025,-0.093355,-0.0938805,-0.094478,-0.0952609,-0.0959243,-0.096021,-0.0965718,-0.0969371,-0.0976973,-0.0981336,-0.0987175,-0.0991274,-0.0996833,-0.0999928,-0.100078,-0.100603,-0.101028,-0.101415,-0.102058,-0.102352,-0.102652,-0.10282,-0.103141,-0.103139,-0.10328,-0.103688,-0.104214,-0.104851,-0.105183,-0.105893,-0.106207,-0.106508,-0.107357,-0.108198,-0.108782,-0.109448,-0.110528,-0.111286,-0.111994,-0.112712,-0.113358,-0.114485,-0.115362,-0.116638,-0.11811,-0.118676,-0.119634,-0.120686,-0.121627,-0.122736,-0.123155,-0.124312,-0.12512,-0.126274,-0.127277,-0.1279,-0.128809,-0.129286,-0.130035,-0.130813,-0.131128,-0.132159,-0.13307,-0.134212,-0.135428,-0.136602,-0.137811,-0.139698,-0.14164,nan,nan,nan,nan,nan,nan,nan,nan,nan,nan,nan,nan,nan,nan,nan,nan,
nan,nan,nan,nan,nan,nan,nan,nan,nan,nan,nan,nan,nan,nan,-0.0635046,-0.0642112,-0.0649054,-0.0657872,-0.066314,-0.067098,-0.0680709,-0.0684747,-0.0693144,-0.0701861,-0.0709928,-0.0719092,-0.0727909,-0.0734755,-0.0742015,-0.0752106,-0.0761026,-0.0766634,-0.0778589,-0.078534,-0.0794811,-0.0808741,-0.0820124,-0.0828027,-0.0840931,-0.0853323,-0.0861583,-0.0870195,-0.0880086,-0.089297,-0.0900115,-0.0906713,-0.0914025,-0.0920058,-0.0921014,-0.0925339,-0.0933271,-0.0940287,-0.0944818,-0.0952748,-0.0953834,-0.0961047,-0.0963083,-0.0970743,-0.0975806,-0.0983756,-0.098686,-0.0992382,-0.0994812,-0.0995487,-0.100076,-0.100699,-0.101248,-0.101427,-0.101525,-0.101691,-0.101655,-0.102317,-0.102633,-0.10288,-0.103361,-0.103738,-0.104429,-0.104584,-0.10531,-0.105681,-0.106196,-0.106982,-0.107537,-0.108242,-0.108911,-0.109882,-0.110925,-0.111632,-0.112245,-0.112956,-0.113858,-0.1149,-0.116085,-0.117349,-0.118227,-0.119191,-0.120139,-0.121002,-0.122044,-0.122942,-0.123874,-0.124579,-0.125581,-0.126642,-0.127531,-0.128152,-0.128692,-0.129506,-0.130073,-0.130494,-0.131668,-0.132617,-0.133529,-0.134912,-0.135806,-0.137159,-0.138733,-0.140978,nan,nan,nan,nan,nan,nan,nan,nan,nan,nan,nan,nan,nan,nan,nan,nan,
nan,nan,nan,nan,nan,nan,nan,nan,nan,nan,nan,nan,nan,nan,-0.0626905,-0.0636322,-0.0643357,-0.0651037,-0.0658242,-0.0666216,-0.0671678,-0.0678858,-0.0687145,-0.0694696,-0.0707393,-0.0715238,-0.0721315,-0.0728211,-0.0737558,-0.0744299,-0.0753495,-0.0763507,-0.0771776,-0.07775,-0.0789079,-0.0800725,-0.0815237,-0.0822834,-0.0832184,-0.0843636,-0.0854009,-0.086315,-0.0872823,-0.0884874,-0.0894556,-0.0898504,-0.0905067,-0.0912029,-0.0916693,-0.0921725,-0.0927518,-0.093382,-0.0941389,-0.0948512,-0.0953285,-0.0957177,-0.0962242,-0.0967014,-0.0973288,-0.0980127,-0.0986919,-0.0990281,-0.0991133,-0.09927,-0.0997614,-0.100392,-0.100662,-0.101098,-0.100903,-0.101244,-0.101256,-0.101587,-0.102056,-0.102416,-0.103275,-0.10352,-0.104123,-0.104444,-0.104755,-0.105425,-0.105741,-0.106593,-0.10705,-0.107905,-0.108979,-0.109642,-0.110492,-0.111276,-0.111987,-0.112748,-0.113706,-0.114621,-0.115331,-0.116543,-0.117516,-0.118579,-0.119736,-0.120763,-0.121525,-0.122289,-0.123495,-0.124452,-0.125027,-0.125855,-0.126672,-0.127159,-0.128109,-0.128801,-0.129325,-0.130193,-0.130931,-0.131905,-0.133155,-0.133762,-0.134776,-0.135914,-0.137452,-0.139948,nan,nan,nan,nan,nan,nan,nan,nan,nan,nan,nan,nan,nan,nan,nan,nan,
nan,nan,nan,nan,nan,nan,nan,nan,nan,nan,nan,nan,nan,nan,-0.0620477,-0.0632214,-0.0637696,-0.0644944,-0.0652343,-0.0658182,-0.0665456,-0.0675026,-0.068166,-0.0689435,-0.069948,-0.0708046,-0.0712169,-0.0721339,-0.0732828,-0.0738505,-0.074579,-0.075696,-0.0764109,-0.0773223,-0.0782789,-0.0794078,-0.0807428,-0.0814393,-0.0824892,-0.083553,-0.0845731,-0.0855316,-0.0867067,-0.0879285,-0.0888284,-0.0894252,-0.0897605,-0.0906165,-0.0911781,-0.0916168,-0.0924232,-0.0929548,-0.0936711,-0.0945373,-0.095213,-0.0956502,-0.096239,-0.0963862,-0.097078,-0.0977471,-0.0983016,-0.0986355,-0.0987887,-0.0990117,-0.0996791,-0.0997867,-0.10004,-0.100325,-0.100401,-0.100671,-0.101113,-0.100875,-0.101618,-0.101986,-0.10227,-0.102944,-0.103693,-0.104072,-0.104391,-0.104679,-0.10524,-0.105753,-0.106474,-0.10779,-0.108561,-0.109374,-0.1102,-0.110617,-0.111717,-0.112635,-0.113182,-0.114218,-0.1151,-0.11624,-0.117213,-0.118034,-0.119093,-0.12029,-0.121215,-0.1222,-0.123309,-0.124398,-0.124751,-0.125333,-0.126316,-0.126741,-0.127422,-0.128337,-0.128956,-0.129768,-0.130525,-0.131211,-0.132244,-0.133066,-0.134214,-0.135338,-0.136678,-0.138845,nan,nan,nan,nan,nan,nan,nan,nan,nan,nan,nan,nan,nan,nan,nan,nan,
nan,nan,nan,nan,nan,nan,nan,nan,nan,nan,nan,nan,nan,nan,-0.0613028,-0.0623411,-0.0630634,-0.0640426,-0.0648397,-0.065313,-0.0663364,-0.0668738,-0.067714,-0.0686034,-0.0693073,-0.0702211,-0.070807,-0.071679,-0.0723919,-0.0730594,-0.074149,-0.0750696,-0.0760126,-0.0766608,-0.0775969,-0.0786237,-0.0794758,-0.0809665,-0.0818728,-0.0829608,-0.0839035,-0.0852067,-0.0860825,-0.0872633,-0.0881996,-0.0891063,-0.0896441,-0.0904869,-0.0905214,-0.0911918,-0.0919679,-0.0927916,-0.0935108,-0.0945416,-0.0947714,-0.0953816,-0.0958847,-0.0959705,-0.0968141,-0.0975994,-0.097942,-0.0980966,-0.0983992,-0.0984857,-0.0990684,-0.0990897,-0.0993087,-0.0998534,-0.10006,-0.100378,-0.100322,-0.10045,-0.100897,-0.101403,-0.102,-0.102825,-0.1034,-0.103454,-0.104295,-0.104324,-0.104971,-0.105477,-0.106117,-0.107198,-0.108442,-0.109146,-0.11002,-0.11089,-0.111238,-0.112478,-0.113212,-0.11386,-0.114879,-0.115966,-0.116785,-0.117693,-0.118591,-0.119645,-0.120495,-0.121604,-0.122555,-0.123447,-0.124228,-0.125285,-0.125991,-0.126425,-0.127259,-0.128106,-0.128763,-0.129521,-0.13017,-0.130944,-0.13195,-0.132932,-0.134008,-0.135267,-0.136515,-0.138527,nan,nan,nan,nan,nan,nan,nan,nan,nan,nan,nan,nan,nan,nan,nan,nan,
nan,nan,nan,nan,nan,nan,nan,nan,nan,nan,nan,nan,nan,nan,-0.0605193,-0.0617856,-0.0625392,-0.0633494,-0.0640113,-0.0647404,-0.0656511,-0.0662791,-0.0672972,-0.0680426,-0.0687977,-0.0694669,-0.0701867,-0.0711119,-0.0719734,-0.0727822,-0.0734869,-0.0742344,-0.0750978,-0.075973,-0.0771078,-0.0775332,-0.0788736,-0.0800995,-0.0813497,-0.0824715,-0.0835921,-0.0845706,-0.0855751,-0.0866623,-0.0877348,-0.0886165,-0.0893056,-0.0901409,-0.0903155,-0.0910777,-0.0918656,-0.0927015,-0.0933914,-0.0939692,-0.0946266,-0.0948516,-0.0953754,-0.0957455,-0.0966323,-0.097082,-0.0974553,-0.0976772,-0.0976891,-0.0978303,-0.0982119,-0.0983992,-0.0987558,-0.0991569,-0.0998064,-0.0998276,-0.100033,-0.10001,-0.100144,-0.100927,-0.101608,-0.102478,-0.102903,-0.103258,-0.10365,-0.104304,-0.104716,-0.105115,-0.105774,-0.10685,-0.107933,-0.108764,-0.109608,-0.110534,-0.111565,-0.112219,-0.11287,-0.113664,-0.114653,-0.115261,-0.11621,-0.117064,-0.117988,-0.119116,-0.119845,-0.121103,-0.121819,-0.122867,-0.12382,-0.124617,-0.125494,-0.126062,-0.126986,-0.127609,-0.128306,-0.129119,-0.12962,-0.130699,-0.131548,-0.132692,-0.133875,-0.135141,-0.136714,-0.139156,nan,nan,nan,nan,nan,nan,nan,nan,nan,nan,nan,nan,nan,nan,nan,nan,
nan,nan,nan,nan,nan,nan,nan,nan,nan,nan,nan,nan,nan,nan,-0.0594534,-0.0608484,-0.0617595,-0.0625552,-0.0631561,-0.0639734,-0.0648987,-0.0656778,-0.0666893,-0.0676995,-0.0681191,-0.0690019,-0.069729,-0.0706161,-0.0714197,-0.0721714,-0.0731681,-0.0738029,-0.074391,-0.0752404,-0.0764378,-0.077272,-0.0785373,-0.0796017,-0.0806303,-0.0819616,-0.0829507,-0.0840435,-0.0850644,-0.0860063,-0.0874699,-0.0884301,-0.0890914,-0.0895281,-0.0900498,-0.0907707,-0.091565,-0.0922198,-0.0929199,-0.0937609,-0.0938944,-0.0944426,-0.0950146,-0.0954227,-0.0959405,-0.0964886,-0.0967626,-0.0972325,-0.0973298,-0.0972022,-0.0973606,-0.0979872,-0.0981513,-0.0984639,-0.0991527,-0.0992866,-0.0996604,-0.0995488,-0.099772,-0.10088,-0.101343,-0.102043,-0.102373,-0.10257,-0.103268,-0.103722,-0.104627,-0.104996,-0.105924,-0.106467,-0.107438,-0.108419,-0.109243,-0.11028,-0.111234,-0.11206,-0.112837,-0.113257,-0.11399,-0.11466,-0.115739,-0.116474,-0.117332,-0.118798,-0.119679,-0.120556,-0.121354,-0.122226,-0.123181,-0.124014,-0.124912,-0.125499,-0.126306,-0.126892,-0.127183,-0.128108,-0.128775,-0.130087,-0.130911,-0.132186,-0.133325,-0.13439,-0.136072,-0.138581,nan,nan,nan,nan,nan,nan,nan,nan,nan,nan,nan,nan,nan,nan,nan,nan,
nan,nan,nan,nan,nan,nan,nan,nan,nan,nan,nan,nan,nan,nan,-0.0590977,-0.0601425,-0.0609118,-0.0618349,-0.0624845,-0.0632676,-0.0642771,-0.0651994,-0.0659562,-0.0668946,-0.0676402,-0.0681642,-0.0688806,-0.0699951,-0.0705882,-0.071482,-0.0722086,-0.0730938,-0.0739503,-0.0746142,-0.0756951,-0.0768901,-0.0778524,-0.0788744,-0.0798485,-0.0812724,-0.0822562,-0.0834558,-0.0843906,-0.0853189,-0.0869861,-0.0878868,-0.0889281,-0.0893151,-0.0894296,-0.0906418,-0.0911464,-0.0916542,-0.0924671,-0.093203,-0.0936464,-0.0937921,-0.0943482,-0.0950607,-0.0951591,-0.0960262,-0.0963786,-0.096708,-0.0966167,-0.0966276,-0.0970729,-0.0973635,-0.0979024,-0.097962,-0.0984118,-0.0987826,-0.0994671,-0.0995785,-0.099607,-0.100244,-0.100714,-0.101433,-0.101962,-0.102424,-0.103327,-0.103641,-0.104684,-0.105046,-0.105615,-0.106368,-0.107033,-0.107985,-0.10867,-0.109786,-0.110544,-0.111587,-0.112436,-0.113004,-0.113522,-0.11446,-0.115546,-0.116235,-0.117009,-0.118242,-0.119182,-0.120013,-0.121092,-0.121694,-0.122761,-0.123379,-0.124118,-0.125092,-0.125599,-0.126077,-0.126876,-0.127453,-0.128312,-0.129591,-0.130396,-0.131672,-0.132723,-0.13367,-0.13515,-0.137184,nan,nan,nan,nan,nan,nan,nan,nan,nan,nan,nan,nan,nan,nan,nan,nan,
nan,nan,nan,nan,nan,nan,nan,nan,nan,nan,nan,nan,nan,nan,-0.0580872,-0.059325,-0.0603425,-0.0613909,-0.0620344,-0.0628623,-0.0637379,-0.064604,-0.0652467,-0.0662921,-0.0670043,-0.0676048,-0.0685962,-0.0693999,-0.069834,-0.0709558,-0.0718616,-0.0725504,-0.0734665,-0.0739887,-0.0751249,-0.0760053,-0.0772175,-0.0785588,-0.0794194,-0.0806973,-0.0816358,-0.0826888,-0.0836645,-0.0848789,-0.0863155,-0.0871398,-0.0880595,-0.0891751,-0.0895508,-0.0902569,-0.0907887,-0.0914592,-0.0920189,-0.0927309,-0.0930567,-0.0935004,-0.0940177,-0.0944856,-0.0949897,-0.0957058,-0.0956372,-0.0960939,-0.0964654,-0.0964882,-0.096836,-0.0969942,-0.0972775,-0.0974947,-0.0979872,-0.0983837,-0.0990342,-0.0992953,-0.0993231,-0.0997043,-0.100442,-0.101147,-0.101548,-0.102017,-0.103077,-0.103572,-0.10427,-0.104921,-0.105646,-0.106162,-0.106588,-0.107471,-0.108291,-0.109095,-0.109855,-0.110855,-0.11194,-0.112502,-0.113198,-0.114305,-0.115102,-0.115731,-0.116747,-0.117661,-0.118555,-0.119597,-0.120332,-0.121386,-0.121968,-0.122456,-0.123366,-0.124155,-0.124886,-0.125384,-0.126492,-0.126866,-0.127823,-0.128881,-0.129851,-0.131049,-0.131896,-0.133132,-0.134467,-0.136102,nan,nan,nan,nan,nan,nan,nan,nan,nan,nan,nan,nan,nan,nan,nan,nan,
nan,nan,nan,nan,nan,nan,nan,nan,nan,nan,nan,nan,nan,nan,-0.0578903,-0.0589047,-0.0595319,-0.0605154,-0.0613513,-0.0619646,-0.0630494,-0.0638912,-0.0647518,-0.0655193,-0.0663239,-0.0671895,-0.0681413,-0.0688118,-0.0697049,-0.0703659,-0.0712917,-0.0720645,-0.072996,-0.0738248,-0.0748779,-0.075672,-0.0769589,-0.0781849,-0.0792642,-0.0799283,-0.0806237,-0.08177,-0.0829119,-0.084086,-0.0853309,-0.0864188,-0.0876939,-0.0883767,-0.0890314,-0.0896717,-0.0902924,-0.0909195,-0.0918787,-0.0926017,-0.0929093,-0.0931926,-0.0936531,-0.0941341,-0.0945933,-0.0952785,-0.0954806,-0.0956316,-0.0959948,-0.0961664,-0.0964473,-0.0965924,-0.0970642,-0.0973564,-0.0979172,-0.0981616,-0.0985062,-0.0987243,-0.0988966,-0.0995512,-0.100337,-0.100806,-0.10097,-0.101661,-0.102597,-0.103407,-0.104005,-0.104474,-0.105319,-0.10561,-0.106502,-0.107108,-0.107971,-0.108687,-0.109392,-0.11039,-0.111444,-0.112285,-0.11302,-0.113846,-0.115037,-0.115263,-0.115975,-0.117144,-0.118101,-0.119013,-0.119905,-0.120412,-0.121271,-0.121917,-0.122748,-0.123742,-0.124385,-0.125174,-0.126045,-0.126428,-0.127604,-0.128211,-0.1292,-0.130188,-0.131144,-0.132489,-0.133448,-0.134644,nan,nan,nan,nan,nan,nan,nan,nan,nan,nan,nan,nan,nan,nan,nan,nan,
nan,nan,nan,nan,nan,nan,nan,nan,nan,nan,nan,nan,nan,nan,-0.0572552,-0.0580635,-0.0590216,-0.0598351,-0.0605076,-0.0612764,-0.0620866,-0.0631051,-0.0640087,-0.065115,-0.0657702,-0.0666141,-0.0673501,-0.0684207,-0.0691903,-0.0700068,-0.0709264,-0.0720377,-0.0726627,-0.0736363,-0.0742391,-0.0752792,-0.0763664,-0.0773214,-0.078471,-0.0791964,-0.0802507,-0.0811679,-0.0823588,-0.0835332,-0.0845821,-0.0859207,-0.086814,-0.0877475,-0.0887185,-0.0891489,-0.0898211,-0.0907118,-0.0913374,-0.0917853,-0.0926365,-0.0932,-0.0932439,-0.0937579,-0.0942596,-0.0947602,-0.0951698,-0.0953484,-0.0957208,-0.0958661,-0.0960069,-0.096297,-0.0966796,-0.0970435,-0.0973626,-0.0978689,-0.0980515,-0.0983226,-0.0985443,-0.0995049,-0.0998443,-0.100375,-0.10094,-0.101379,-0.102237,-0.103139,-0.103969,-0.104256,-0.105206,-0.105708,-0.106398,-0.106907,-0.107772,-0.108607,-0.109325,-0.109988,-0.110873,-0.111993,-0.112582,-0.113638,-0.114436,-0.115024,-0.115743,-0.116677,-0.117421,-0.118391,-0.11906,-0.11987,-0.120728,-0.121637,-0.122045,-0.122955,-0.123889,-0.124746,-0.125268,-0.126067,-0.126977,-0.127792,-0.128463,-0.129531,-0.130279,-0.131136,-0.132085,-0.133075,nan,nan,nan,nan,nan,nan,nan,nan,nan,nan,nan,nan,nan,nan,nan,nan,
nan,nan,nan,nan,nan,nan,nan,nan,nan,nan,nan,nan,nan,nan,-0.0567685,-0.0574406,-0.0584611,-0.0593541,-0.0600218,-0.0607209,-0.0616236,-0.0625823,-0.0635741,-0.0647373,-0.0654388,-0.0663507,-0.0670714,-0.0679472,-0.0687179,-0.0696068,-0.0706605,-0.0714487,-0.0721114,-0.0730177,-0.073682,-0.0746901,-0.0758669,-0.0769742,-0.0778209,-0.0788617,-0.0796099,-0.0805514,-0.0815044,-0.0829863,-0.0840474,-0.0853973,-0.086187,-0.0870278,-0.0878959,-0.0884591,-0.0894748,-0.0903183,-0.0909052,-0.0915954,-0.0921571,-0.0929622,-0.0930099,-0.0935383,-0.0939551,-0.0940749,-0.0947332,-0.0948749,-0.0954067,-0.0952694,-0.0955499,-0.0960539,-0.0965765,-0.0965611,-0.0969681,-0.0972817,-0.0976144,-0.0977157,-0.0985929,-0.0988788,-0.0993935,-0.100015,-0.100874,-0.10148,-0.102108,-0.102614,-0.103251,-0.104013,-0.104962,-0.105393,-0.106049,-0.106814,-0.107512,-0.108215,-0.109261,-0.109694,-0.110512,-0.111329,-0.112341,-0.112881,-0.113807,-0.114772,-0.115259,-0.116023,-0.116984,-0.117733,-0.118627,-0.119384,-0.120217,-0.120969,-0.121622,-0.122484,-0.123101,-0.123788,-0.12438,-0.125308,-0.126405,-0.127238,-0.12809,-0.128774,-0.129509,-0.130422,-0.131286,-0.131683,nan,nan,nan,nan,nan,nan,nan,nan,nan,nan,nan,nan,nan,nan,nan,nan,
nan,nan,nan,nan,nan,nan,nan,nan,nan,nan,nan,nan,nan,nan,-0.0561986,-0.0571912,-0.0577583,-0.058764,-0.0594656,-0.0604785,-0.0611979,-0.0621007,-0.0629252,-0.0639353,-0.0649321,-0.0661606,-0.0669496,-0.0677251,-0.0684382,-0.0693108,-0.0701087,-0.0711573,-0.071604,-0.0725217,-0.0733208,-0.0742832,-0.07528,-0.0763072,-0.0774506,-0.0781195,-0.0792176,-0.0798941,-0.0811225,-0.0821406,-0.0831147,-0.0842877,-0.085491,-0.0862971,-0.0874623,-0.0880709,-0.0890104,-0.0898766,-0.0905055,-0.0914162,-0.091615,-0.0921193,-0.09258,-0.0930218,-0.0933025,-0.0936032,-0.0940719,-0.0945395,-0.0950313,-0.0950654,-0.0953884,-0.0953953,-0.0958081,-0.0961662,-0.0962161,-0.0967263,-0.0972773,-0.097755,-0.0982877,-0.0984635,-0.0991397,-0.0997458,-0.100657,-0.101143,-0.101506,-0.102263,-0.102852,-0.103464,-0.104164,-0.105118,-0.105954,-0.106538,-0.107088,-0.107976,-0.108668,-0.109298,-0.110117,-0.111034,-0.111578,-0.112426,-0.113328,-0.114099,-0.114692,-0.115553,-0.116388,-0.117002,-0.117997,-0.1185,-0.119577,-0.120531,-0.121007,-0.121938,-0.122104,-0.123165,-0.124076,-0.1249,-0.125749,-0.12674,-0.127469,-0.12843,-0.129307,-0.130149,-0.131114,-0.132037,nan,nan,nan,nan,nan,nan,nan,nan,nan,nan,nan,nan,nan,nan,nan,nan,
nan,nan,nan,nan,nan,nan,nan,nan,nan,nan,nan,nan,nan,nan,-0.055666,-0.0564992,-0.0571588,-0.0582208,-0.0591038,-0.0599476,-0.0605509,-0.0616895,-0.0626449,-0.0633273,-0.0645226,-0.0652404,-0.0664769,-0.0671665,-0.0681042,-0.0687647,-0.0693914,-0.0705912,-0.0709375,-0.0719928,-0.0727316,-0.0737371,-0.0746072,-0.075722,-0.0767643,-0.0775769,-0.0788353,-0.0797076,-0.0806266,-0.0815673,-0.0825148,-0.0836736,-0.0847037,-0.0859809,-0.0868554,-0.0876347,-0.0886514,-0.0893661,-0.0900526,-0.0908308,-0.0911404,-0.0917839,-0.0920517,-0.0925079,-0.09278,-0.0930598,-0.0935917,-0.0940553,-0.0943639,-0.0945301,-0.0949812,-0.0951815,-0.0952765,-0.095265,-0.0956815,-0.0958625,-0.0966469,-0.0975449,-0.0979911,-0.0982275,-0.0990018,-0.0996689,-0.100228,-0.100572,-0.101274,-0.101741,-0.102396,-0.102812,-0.103718,-0.104602,-0.105011,-0.105957,-0.106625,-0.107378,-0.10844,-0.109101,-0.10993,-0.11068,-0.11133,-0.111919,-0.112805,-0.113526,-0.114578,-0.115058,-0.115989,-0.116697,-0.117361,-0.11786,-0.118659,-0.119659,-0.120215,-0.121118,-0.121566,-0.122412,-0.123168,-0.124115,-0.12514,-0.126037,-0.126696,-0.127805,-0.128823,-0.129795,-0.130909,-0.131666,nan,nan,nan,nan,nan,nan,nan,nan,nan,nan,nan,nan,nan,nan,nan,nan,
nan,nan,nan,nan,nan,nan,nan,nan,nan,nan,nan,nan,nan,nan,-0.0554842,-0.0560515,-0.0566811,-0.0576374,-0.0583591,-0.0595062,-0.060429,-0.0612536,-0.0620908,-0.0627774,-0.0636974,-0.0646265,-0.0655673,-0.0667522,-0.0676701,-0.0683316,-0.0689748,-0.0697474,-0.0704527,-0.0713912,-0.0724192,-0.0730151,-0.0741278,-0.0751449,-0.0758892,-0.0774522,-0.0780502,-0.0790816,-0.0800271,-0.0810967,-0.082154,-0.0832501,-0.0840271,-0.0851881,-0.0863116,-0.087248,-0.0882463,-0.0887257,-0.0894555,-0.0901719,-0.0907662,-0.0916027,-0.0917111,-0.0919394,-0.0923109,-0.0927635,-0.0929635,-0.0933625,-0.0940041,-0.0941828,-0.0944896,-0.0949093,-0.0947571,-0.095095,-0.095553,-0.0957278,-0.0962832,-0.0971112,-0.0977189,-0.0982072,-0.0989396,-0.0993136,-0.0996294,-0.100117,-0.100799,-0.101456,-0.10207,-0.102611,-0.103286,-0.103873,-0.104619,-0.105734,-0.106449,-0.106996,-0.107955,-0.108767,-0.109524,-0.110363,-0.111174,-0.111673,-0.112309,-0.113085,-0.113862,-0.114713,-0.115273,-0.115989,-0.116912,-0.117229,-0.118198,-0.119086,-0.119976,-0.120583,-0.121072,-0.121661,-0.122621,-0.123249,-0.124503,-0.125208,-0.126268,-0.127391,-0.12806,-0.129189,-0.130313,-0.130998,nan,nan,nan,nan,nan,nan,nan,nan,nan,nan,nan,nan,nan,nan,nan,nan,
nan,nan,nan,nan,nan,nan,nan,nan,nan,nan,nan,nan,nan,nan,-0.0551239,-0.0555893,-0.0562003,-0.0571537,-0.058084,-0.0593015,-0.0600585,-0.0608067,-0.0614949,-0.0623458,-0.0629017,-0.063804,-0.0648395,-0.0661265,-0.0670456,-0.0678307,-0.0685556,-0.0692316,-0.0702103,-0.0710844,-0.071936,-0.0725771,-0.0735659,-0.0744419,-0.0753607,-0.0767819,-0.0775893,-0.0785932,-0.0795955,-0.0806999,-0.0816878,-0.0826499,-0.0836886,-0.0847085,-0.0859709,-0.0868054,-0.0875057,-0.0881573,-0.0889789,-0.0895994,-0.0903753,-0.0909489,-0.0911269,-0.0914423,-0.0917306,-0.0924183,-0.0926184,-0.0931171,-0.0932948,-0.0937391,-0.094294,-0.0945493,-0.0945526,-0.0948997,-0.0952183,-0.0956009,-0.0961461,-0.0965864,-0.0973553,-0.0981599,-0.0985625,-0.0986923,-0.0991684,-0.0999371,-0.100075,-0.10095,-0.101755,-0.102373,-0.102684,-0.103353,-0.104404,-0.10523,-0.106061,-0.106439,-0.107282,-0.108226,-0.108724,-0.109973,-0.110764,-0.111576,-0.111938,-0.112798,-0.113462,-0.114002,-0.114347,-0.115365,-0.11597,-0.116516,-0.117217,-0.118191,-0.119171,-0.119932,-0.120634,-0.121447,-0.122055,-0.122939,-0.12383,-0.124574,-0.12573,-0.126743,-0.127855,-0.129017,-0.130763,-0.132313,nan,nan,nan,nan,nan,nan,nan,nan,nan,nan,nan,nan,nan,nan,nan,nan,
nan,nan,nan,nan,nan,nan,nan,nan,nan,nan,nan,nan,nan,nan,-0.0555131,-0.0553504,-0.0560673,-0.0568336,-0.0579011,-0.0587693,-0.0594879,-0.0602546,-0.0610292,-0.0616922,-0.0625604,-0.0633114,-0.064282,-0.0654514,-0.0662441,-0.0668657,-0.0680835,-0.0687707,-0.0694121,-0.0705042,-0.0713476,-0.0725216,-0.0731262,-0.0738056,-0.0750267,-0.0760221,-0.0770179,-0.0781378,-0.0792775,-0.0800289,-0.0812843,-0.0823298,-0.0832618,-0.084129,-0.0851373,-0.0861624,-0.0870759,-0.087496,-0.0883103,-0.0889269,-0.0898314,-0.0902771,-0.0906395,-0.0908611,-0.0910969,-0.0917337,-0.0920041,-0.0923826,-0.0926849,-0.0931901,-0.0935388,-0.0942439,-0.0945248,-0.0944352,-0.095021,-0.0953963,-0.0958076,-0.0963551,-0.0968607,-0.0976103,-0.098078,-0.0986473,-0.0989937,-0.0996093,-0.10013,-0.100666,-0.10107,-0.101861,-0.102534,-0.103114,-0.103939,-0.104722,-0.105355,-0.10616,-0.107034,-0.107615,-0.10802,-0.109213,-0.110052,-0.110876,-0.111682,-0.112276,-0.112856,-0.113566,-0.114073,-0.114736,-0.115492,-0.116168,-0.116929,-0.117962,-0.118739,-0.119194,-0.11997,-0.120785,-0.12137,-0.122232,-0.123332,-0.124164,-0.125164,-0.126286,-0.127418,-0.128808,-0.130572,-0.132435,nan,nan,nan,nan,nan,nan,nan,nan,nan,nan,nan,nan,nan,nan,nan,nan,
nan,nan,nan,nan,nan,nan,nan,nan,nan,nan,nan,nan,nan,nan,-0.0552553,-0.0554189,-0.055944,-0.0566577,-0.0574963,-0.0581955,-0.0591368,-0.0598659,-0.0603445,-0.0611113,-0.0622002,-0.0628828,-0.0638047,-0.0646428,-0.0655161,-0.0664109,-0.0673762,-0.0680254,-0.0691107,-0.0699602,-0.0708581,-0.0718938,-0.0726242,-0.0732613,-0.0742674,-0.0753408,-0.0764577,-0.0774541,-0.078497,-0.0793803,-0.0806757,-0.0818308,-0.0826946,-0.0834989,-0.084656,-0.0858079,-0.086278,-0.0871997,-0.0878865,-0.0881867,-0.0891306,-0.0897006,-0.0902847,-0.0904698,-0.0908905,-0.0914387,-0.0915983,-0.0920878,-0.0923223,-0.0927644,-0.0931601,-0.0936987,-0.0940776,-0.0941393,-0.0945597,-0.0948811,-0.0956742,-0.0958248,-0.0960871,-0.0971647,-0.09755,-0.0981924,-0.0986013,-0.0993814,-0.0995605,-0.10036,-0.100735,-0.101283,-0.101965,-0.102839,-0.10344,-0.103989,-0.104835,-0.105493,-0.106154,-0.10682,-0.107575,-0.108465,-0.109615,-0.110316,-0.111067,-0.111934,-0.112833,-0.113185,-0.113862,-0.114316,-0.115075,-0.115962,-0.116668,-0.11764,-0.118572,-0.118895,-0.119547,-0.120069,-0.120749,-0.121746,-0.122791,-0.12345,-0.124579,-0.125645,-0.126419,-0.127526,-0.129374,-0.1314,nan,nan,nan,nan,nan,nan,nan,nan,nan,nan,nan,nan,nan,nan,nan,nan,
nan,nan,nan,nan,nan,nan,nan,nan,nan,nan,nan,nan,nan,nan,-0.0544749,-0.0548338,-0.0555374,-0.0563611,-0.0571645,-0.0581248,-0.0589088,-0.0595647,-0.060033,-0.0608908,-0.0617492,-0.0623628,-0.0632746,-0.0640734,-0.0645033,-0.0656412,-0.0666469,-0.067665,-0.0684485,-0.069324,-0.070407,-0.0713055,-0.0721575,-0.0727745,-0.0736327,-0.074576,-0.075952,-0.077033,-0.0777737,-0.0788971,-0.0799654,-0.0809204,-0.0819579,-0.0827677,-0.0839128,-0.0846824,-0.0856399,-0.0863993,-0.0868647,-0.0874715,-0.0884442,-0.0890873,-0.0896397,-0.0901888,-0.0907542,-0.0911078,-0.0912238,-0.0915201,-0.0917883,-0.0924091,-0.092809,-0.0930566,-0.093506,-0.0935361,-0.0941243,-0.0945359,-0.0949668,-0.0952993,-0.0957338,-0.0965033,-0.0971506,-0.09796,-0.0981792,-0.0990396,-0.0993506,-0.0999206,-0.100233,-0.10114,-0.101679,-0.102327,-0.103145,-0.103717,-0.10419,-0.104763,-0.105716,-0.106561,-0.107351,-0.107941,-0.109133,-0.109748,-0.110867,-0.111728,-0.112577,-0.112958,-0.113691,-0.113992,-0.114718,-0.115424,-0.116307,-0.117072,-0.118332,-0.118596,-0.118935,-0.119797,-0.120415,-0.121435,-0.122278,-0.123133,-0.124125,-0.124969,-0.125842,-0.126658,-0.128189,-0.13012,nan,nan,nan,nan,nan,nan,nan,nan,nan,nan,nan,nan,nan,nan,nan,nan,
nan,nan,nan,nan,nan,nan,nan,nan,nan,nan,nan,nan,nan,nan,-0.054298,-0.0548967,-0.0554899,-0.0562884,-0.0569973,-0.0576027,-0.0583502,-0.058952,-0.0593246,-0.0604185,-0.0611744,-0.0617101,-0.0628297,-0.0635018,-0.064341,-0.0650917,-0.0660365,-0.0668173,-0.0678731,-0.0688352,-0.0699083,-0.0710084,-0.071462,-0.0723934,-0.0732568,-0.0740987,-0.0751035,-0.0760329,-0.0771479,-0.0781341,-0.0792218,-0.0802912,-0.0812212,-0.0821217,-0.0831286,-0.084073,-0.0848654,-0.085824,-0.0863679,-0.0872419,-0.0877663,-0.088136,-0.0892464,-0.0895542,-0.0902314,-0.0908611,-0.0909036,-0.0910376,-0.0912599,-0.0918892,-0.0922443,-0.0923392,-0.0927463,-0.0931155,-0.0938217,-0.0941439,-0.0945706,-0.094916,-0.095633,-0.0963752,-0.0968647,-0.0973528,-0.0982148,-0.0988261,-0.0990392,-0.0995585,-0.100037,-0.100493,-0.100984,-0.101601,-0.102724,-0.103242,-0.103949,-0.104514,-0.105275,-0.106024,-0.1069,-0.108133,-0.108963,-0.109461,-0.110379,-0.111391,-0.112024,-0.112519,-0.113022,-0.113765,-0.114397,-0.115058,-0.116013,-0.116562,-0.117424,-0.118003,-0.118641,-0.119465,-0.120006,-0.120716,-0.122193,-0.122985,-0.123769,-0.12458,-0.125303,-0.126052,-0.127155,-0.128541,nan,nan,nan,nan,nan,nan,nan,nan,nan,nan,nan,nan,nan,nan,nan,nan,
nan,nan,nan,nan,nan,nan,nan,nan,nan,nan,nan,nan,nan,nan,-0.053686,-0.0546627,-0.0551593,-0.0557467,-0.0563651,-0.0571878,-0.0577039,-0.0583977,-0.0590319,-0.0599244,-0.0605803,-0.0615259,-0.0624912,-0.0631962,-0.0636934,-0.0645583,-0.0654663,-0.0660739,-0.0673129,-0.0682099,-0.0693591,-0.070261,-0.0709045,-0.0720427,-0.0727239,-0.0735283,-0.0746668,-0.0755274,-0.0764276,-0.0774228,-0.0785425,-0.079539,-0.0807546,-0.0816882,-0.0824073,-0.0834792,-0.0843479,-0.0851608,-0.0859582,-0.0863319,-0.0872702,-0.0877814,-0.0885825,-0.0888129,-0.0896933,-0.0900789,-0.0900462,-0.0905252,-0.0907553,-0.0911102,-0.0913886,-0.0918315,-0.0923861,-0.0925932,-0.0930374,-0.0934786,-0.0943284,-0.0948014,-0.0951752,-0.0957066,-0.096223,-0.0967585,-0.0975592,-0.098223,-0.0986325,-0.0990178,-0.0993889,-0.0999088,-0.100514,-0.101386,-0.102027,-0.102704,-0.103158,-0.104024,-0.104563,-0.10548,-0.106811,-0.107894,-0.108612,-0.109512,-0.109994,-0.111112,-0.111362,-0.112042,-0.112553,-0.113268,-0.113993,-0.114884,-0.115531,-0.116403,-0.117032,-0.11727,-0.117918,-0.118446,-0.119283,-0.120149,-0.121389,-0.122427,-0.123057,-0.123855,-0.124398,-0.125047,-0.126045,-0.126918,nan,nan,nan,nan,nan,nan,nan,nan,nan,nan,nan,nan,nan,nan,nan,nan,
nan,nan,nan,nan,nan,nan,nan,nan,nan,nan,nan,nan,nan,nan,-0.0537408,-0.0545267,-0.0548601,-0.0554479,-0.0560425,-0.0566438,-0.0573053,-0.0581163,-0.0588069,-0.0592633,-0.0600951,-0.0610527,-0.0618473,-0.0622058,-0.0631257,-0.0639153,-0.0649767,-0.0656591,-0.0665648,-0.0674641,-0.0685526,-0.0694631,-0.0704641,-0.0714682,-0.0720418,-0.07313,-0.0741962,-0.0752527,-0.0761924,-0.0768134,-0.0780416,-0.0790875,-0.0799851,-0.0807698,-0.0819179,-0.0827202,-0.0836529,-0.0844424,-0.0851915,-0.0858911,-0.0866736,-0.0872741,-0.0879643,-0.0882676,-0.0886703,-0.089093,-0.0891478,-0.0894471,-0.0899169,-0.0900481,-0.0907092,-0.0915741,-0.0920519,-0.0923662,-0.0928652,-0.0931345,-0.0938385,-0.0942286,-0.094553,-0.0952305,-0.0956848,-0.0962839,-0.0969231,-0.0976646,-0.09837,-0.0985288,-0.0989019,-0.0995267,-0.100053,-0.100842,-0.101553,-0.102049,-0.102836,-0.103629,-0.10452,-0.105308,-0.106435,-0.107394,-0.108189,-0.109061,-0.109757,-0.110471,-0.11108,-0.111562,-0.112266,-0.11288,-0.113831,-0.114515,-0.115398,-0.11596,-0.116579,-0.117224,-0.117504,-0.118371,-0.119041,-0.119801,-0.120893,-0.121493,-0.122406,-0.122936,-0.123809,-0.124895,-0.125846,-0.12664,nan,nan,nan,nan,nan,nan,nan,nan,nan,nan,nan,nan,nan,nan,nan,nan,
nan,nan,nan,nan,nan,nan,nan,nan,nan,nan,nan,nan,nan,nan,-0.0530778,-0.0541073,-0.054724,-0.0550405,-0.0554719,-0.0561926,-0.0569637,-0.0576024,-0.0582685,-0.0587268,-0.0596046,-0.060526,-0.0612211,-0.0619018,-0.0626419,-0.0636925,-0.0642238,-0.0650496,-0.0660335,-0.0669144,-0.0675932,-0.0685511,-0.0698354,-0.0707996,-0.0718198,-0.0728608,-0.07374,-0.0746577,-0.0755129,-0.0764872,-0.0774663,-0.0785262,-0.0794546,-0.0804001,-0.0814594,-0.0822897,-0.0831623,-0.0836949,-0.0846118,-0.0855115,-0.085935,-0.0867052,-0.0871454,-0.0875352,-0.0878321,-0.0881232,-0.0884682,-0.0889936,-0.0895548,-0.0898239,-0.0903316,-0.0911306,-0.0914943,-0.09232,-0.0926494,-0.0929358,-0.0934885,-0.0941329,-0.0943141,-0.095032,-0.0955247,-0.0957949,-0.0968157,-0.0974684,-0.0976631,-0.0980088,-0.0984691,-0.0990548,-0.0999332,-0.100477,-0.101061,-0.101957,-0.102668,-0.103708,-0.104536,-0.105362,-0.1061,-0.10688,-0.107815,-0.108601,-0.109315,-0.110048,-0.110659,-0.11137,-0.11197,-0.112777,-0.113208,-0.114081,-0.114651,-0.115202,-0.116132,-0.116771,-0.117125,-0.117743,-0.118459,-0.119196,-0.120309,-0.12108,-0.121881,-0.122697,-0.123093,-0.123954,-0.124528,-0.124971,nan,nan,nan,nan,nan,nan,nan,nan,nan,nan,nan,nan,nan,nan,nan,nan,
nan,nan,nan,nan,nan,nan,nan,nan,nan,nan,nan,nan,nan,nan,-0.0536053,-0.0539049,-0.0544935,-0.0548343,-0.0553414,-0.055681,-0.0564407,-0.0571037,-0.0577639,-0.0584609,-0.0591813,-0.0599793,-0.0605581,-0.061256,-0.0621688,-0.0628822,-0.0636475,-0.0643631,-0.0653446,-0.0662535,-0.0671849,-0.0680978,-0.0694883,-0.0704067,-0.0712992,-0.0723795,-0.0732351,-0.0740554,-0.0749707,-0.0761305,-0.0769961,-0.0777554,-0.0787006,-0.0799698,-0.0809508,-0.0817864,-0.0824138,-0.0833306,-0.084063,-0.084786,-0.0853279,-0.0857354,-0.0861969,-0.086722,-0.0872314,-0.087682,-0.0879638,-0.0886257,-0.0891531,-0.0896294,-0.0903268,-0.0905104,-0.0911031,-0.0918959,-0.0925243,-0.0930103,-0.0931311,-0.0938633,-0.0942551,-0.0949834,-0.0956205,-0.0960101,-0.0964744,-0.0967932,-0.0975098,-0.0978753,-0.0984949,-0.0990572,-0.0994681,-0.100278,-0.101003,-0.101712,-0.102642,-0.103429,-0.104219,-0.105017,-0.10604,-0.106554,-0.1074,-0.108327,-0.108955,-0.109445,-0.110274,-0.111072,-0.111573,-0.112611,-0.112875,-0.113637,-0.114163,-0.114627,-0.115555,-0.116291,-0.116855,-0.117579,-0.118414,-0.119263,-0.120078,-0.12091,-0.121238,-0.12191,-0.122247,-0.122837,-0.123456,-0.123212,nan,nan,nan,nan,nan,nan,nan,nan,nan,nan,nan,nan,nan,nan,nan,nan,
nan,nan,nan,nan,nan,nan,nan,nan,nan,nan,nan,nan,nan,nan,-0.0530503,-0.0538728,-0.0542456,-0.0545672,-0.0549481,-0.0553114,-0.0559575,-0.0566271,-0.0573783,-0.0579312,-0.0587399,-0.0594199,-0.0598724,-0.0610468,-0.0616356,-0.0623409,-0.0632456,-0.0640159,-0.0647852,-0.0657325,-0.0666113,-0.0675156,-0.0688454,-0.0698086,-0.0709627,-0.0720423,-0.0724908,-0.0735086,-0.0748239,-0.0754766,-0.0761499,-0.0772884,-0.0781457,-0.0794741,-0.0803818,-0.0811591,-0.0819579,-0.0825657,-0.0833106,-0.0837849,-0.0846568,-0.0848887,-0.0854305,-0.0861013,-0.0864669,-0.0871386,-0.0876252,-0.0886246,-0.0889974,-0.0892789,-0.0899245,-0.0902242,-0.0908082,-0.0913868,-0.0920754,-0.0926752,-0.0931246,-0.0936258,-0.0942244,-0.0948831,-0.0952606,-0.0958875,-0.0962646,-0.096326,-0.0971062,-0.0977004,-0.0983345,-0.0987537,-0.0990063,-0.100226,-0.100882,-0.101765,-0.102484,-0.103387,-0.104236,-0.104765,-0.105614,-0.106209,-0.106749,-0.107509,-0.108521,-0.109116,-0.109726,-0.110391,-0.11112,-0.112058,-0.112836,-0.113071,-0.11345,-0.114357,-0.114829,-0.115633,-0.11661,-0.117146,-0.117888,-0.118766,-0.119571,-0.120244,-0.120451,-0.121061,-0.121511,-0.122264,-0.123065,-0.12326,nan,nan,nan,nan,nan,nan,nan,nan,nan,nan,nan,nan,nan,nan,nan,nan,
nan,nan,nan,nan,nan,nan,nan,nan,nan,nan,nan,nan,nan,nan,-0.0522352,-0.0527105,-0.0533079,-0.0539416,-0.054449,-0.0549714,-0.0554706,-0.0562756,-0.0570448,-0.0574205,-0.0581888,-0.0588993,-0.0594279,-0.060271,-0.0608937,-0.0617142,-0.0626688,-0.063503,-0.0641705,-0.0654842,-0.0659118,-0.0668912,-0.0681619,-0.0691962,-0.0705344,-0.0715163,-0.0720365,-0.0733251,-0.074192,-0.0751777,-0.0757166,-0.0766475,-0.0777555,-0.0788577,-0.0796632,-0.0804988,-0.0813386,-0.0816655,-0.0825565,-0.0832904,-0.0838834,-0.0841805,-0.0847184,-0.0852964,-0.0859534,-0.0862773,-0.0870788,-0.0876209,-0.0884725,-0.0890143,-0.089632,-0.0897533,-0.0904456,-0.0912058,-0.0919419,-0.0925277,-0.0927507,-0.0932682,-0.0939911,-0.0944424,-0.0949026,-0.0950748,-0.0957949,-0.0961118,-0.0964914,-0.097418,-0.0977182,-0.0986058,-0.0990579,-0.100008,-0.100757,-0.101484,-0.102291,-0.102958,-0.10398,-0.104744,-0.105479,-0.10589,-0.106275,-0.106842,-0.107565,-0.108398,-0.109118,-0.110261,-0.110757,-0.111431,-0.112011,-0.112682,-0.113049,-0.113638,-0.114476,-0.115476,-0.116161,-0.117072,-0.117621,-0.118373,-0.118903,-0.119377,-0.120123,-0.120431,-0.121028,-0.121498,-0.122029,-0.122307,nan,nan,nan,nan,nan,nan,nan,nan,nan,nan,nan,nan,nan,nan,nan,nan,
nan,nan,nan,nan,nan,nan,nan,nan,nan,nan,nan,nan,nan,nan,-0.051857,-0.0520353,-0.0526866,-0.0531982,-0.0538766,-0.0545351,-0.0550132,-0.0558069,-0.0563663,-0.0570386,-0.0577223,-0.0581866,-0.0587043,-0.0595506,-0.0603551,-0.0611078,-0.062046,-0.0630226,-0.0638225,-0.0647291,-0.0657543,-0.0662491,-0.0675784,-0.0686758,-0.0697551,-0.0706862,-0.0716679,-0.072704,-0.0735294,-0.0743319,-0.0753671,-0.0761694,-0.0771623,-0.0783617,-0.0789075,-0.079521,-0.0804179,-0.081023,-0.081947,-0.0828733,-0.0833521,-0.0837911,-0.0844465,-0.0850854,-0.085557,-0.0858338,-0.0866172,-0.0871379,-0.0880211,-0.0886886,-0.0890412,-0.0894698,-0.0900393,-0.0908881,-0.0916668,-0.0920017,-0.0925649,-0.0928989,-0.0935959,-0.0939219,-0.0943587,-0.0947767,-0.0952517,-0.0957641,-0.0964116,-0.0967903,-0.0975594,-0.0982831,-0.0992535,-0.0998293,-0.100284,-0.101289,-0.101778,-0.10232,-0.102983,-0.103966,-0.104733,-0.105452,-0.105828,-0.106342,-0.107111,-0.107745,-0.108616,-0.109677,-0.110312,-0.110975,-0.111628,-0.112024,-0.112613,-0.11335,-0.11415,-0.115232,-0.116024,-0.116749,-0.117143,-0.11776,-0.118223,-0.118532,-0.118933,-0.119736,-0.120447,-0.120899,-0.121224,-0.121755,nan,nan,nan,nan,nan,nan,nan,nan,nan,nan,nan,nan,nan,nan,nan,nan,
nan,nan,nan,nan,nan,nan,nan,nan,nan,nan,nan,nan,nan,nan,-0.0516078,-0.0518963,-0.0523476,-0.052967,-0.053627,-0.0543674,-0.0549461,-0.0558104,-0.0561145,-0.0567951,-0.0574961,-0.0579507,-0.058327,-0.0590757,-0.0598695,-0.0605665,-0.0614439,-0.0623847,-0.0635447,-0.0641029,-0.0650915,-0.0660544,-0.0670898,-0.0677885,-0.0690874,-0.0699392,-0.0710555,-0.0720597,-0.0730911,-0.0737464,-0.0748994,-0.0757563,-0.0765721,-0.0774436,-0.0780303,-0.0789718,-0.0796625,-0.0803191,-0.0814616,-0.0821521,-0.0826458,-0.083306,-0.0838294,-0.0844743,-0.0852279,-0.0853714,-0.0863038,-0.0866436,-0.087322,-0.0880033,-0.088444,-0.0891045,-0.089734,-0.0903749,-0.091046,-0.0914276,-0.0920436,-0.0923062,-0.093122,-0.0936361,-0.0940286,-0.0942877,-0.0948983,-0.0955253,-0.0960835,-0.0966392,-0.0975138,-0.0980956,-0.0985962,-0.0993255,-0.100154,-0.100712,-0.10121,-0.101939,-0.102646,-0.103342,-0.104329,-0.105049,-0.105517,-0.106242,-0.106734,-0.107289,-0.108423,-0.10943,-0.110093,-0.110809,-0.111259,-0.111348,-0.111903,-0.112815,-0.113712,-0.114524,-0.115402,-0.116301,-0.116927,-0.117139,-0.117714,-0.118041,-0.118365,-0.119036,-0.119542,-0.120615,-0.121263,-0.122536,nan,nan,nan,nan,nan,nan,nan,nan,nan,nan,nan,nan,nan,nan,nan,nan,
nan,nan,nan,nan,nan,nan,nan,nan,nan,nan,nan,nan,nan,nan,-0.0511636,-0.0515462,-0.0521029,-0.0528066,-0.0532127,-0.0539358,-0.0546017,-0.0552728,-0.0559986,-0.0565384,-0.0573228,-0.0575943,-0.0578602,-0.0586786,-0.0593013,-0.0599247,-0.0607495,-0.0615835,-0.0626976,-0.0637301,-0.0645487,-0.0654363,-0.0661832,-0.0670676,-0.0684426,-0.0692528,-0.070404,-0.0712987,-0.0722702,-0.0731188,-0.0740593,-0.0750608,-0.075898,-0.076652,-0.0772398,-0.078185,-0.0790309,-0.079705,-0.0807494,-0.0815801,-0.0822443,-0.0826167,-0.08321,-0.0839519,-0.0847248,-0.0852285,-0.0858747,-0.0862162,-0.0868501,-0.08761,-0.0879946,-0.0887945,-0.0892667,-0.0898549,-0.090495,-0.0912438,-0.0914281,-0.0921223,-0.0927077,-0.0933364,-0.093946,-0.0941996,-0.0945993,-0.0952349,-0.0957726,-0.0964407,-0.0972854,-0.0976983,-0.0983146,-0.0991006,-0.0997501,-0.100099,-0.100882,-0.101866,-0.10252,-0.10306,-0.103983,-0.104468,-0.105256,-0.105967,-0.106377,-0.107267,-0.10832,-0.108856,-0.109686,-0.110237,-0.110773,-0.111164,-0.111753,-0.11256,-0.113296,-0.113893,-0.114707,-0.115753,-0.116531,-0.116468,-0.116885,-0.117137,-0.117772,-0.1187,-0.119262,-0.119637,-0.120437,-0.120971,nan,nan,nan,nan,nan,nan,nan,nan,nan,nan,nan,nan,nan,nan,nan,nan,
nan,nan,nan,nan,nan,nan,nan,nan,nan,nan,nan,nan,nan,nan,-0.0498277,-0.0507016,-0.0514037,-0.0521208,-0.0526638,-0.0532179,-0.0540423,-0.0548204,-0.0556863,-0.0563267,-0.0567895,-0.0569607,-0.0577649,-0.058162,-0.0590101,-0.0594308,-0.060482,-0.0610236,-0.0620103,-0.0630853,-0.0639555,-0.0647517,-0.065606,-0.0666253,-0.0676417,-0.068644,-0.0695004,-0.0707722,-0.0716248,-0.0726035,-0.073525,-0.0743574,-0.0749734,-0.0756511,-0.0766299,-0.0773314,-0.0781007,-0.0789634,-0.0800221,-0.0811135,-0.0816455,-0.0823856,-0.0829275,-0.0835396,-0.0844063,-0.0846101,-0.0854733,-0.085781,-0.0865401,-0.0868982,-0.0874132,-0.0884467,-0.089311,-0.0896495,-0.089983,-0.0905712,-0.0912352,-0.0916142,-0.0924714,-0.0930654,-0.0933651,-0.0937314,-0.0941494,-0.0948416,-0.0953928,-0.0961881,-0.0971197,-0.0973785,-0.0978343,-0.0987191,-0.0994344,-0.100202,-0.100887,-0.101606,-0.10232,-0.103128,-0.103645,-0.104398,-0.105061,-0.105579,-0.105937,-0.106784,-0.107809,-0.108302,-0.109114,-0.109464,-0.110135,-0.11085,-0.111491,-0.111967,-0.112756,-0.113522,-0.113973,-0.114992,-0.115463,-0.116025,-0.116414,-0.11672,-0.117251,-0.117697,-0.118384,-0.118377,-0.118691,-0.119217,nan,nan,nan,nan,nan,nan,nan,nan,nan,nan,nan,nan,nan,nan,nan,nan,
nan,nan,nan,nan,nan,nan,nan,nan,nan,nan,nan,nan,nan,nan,-0.0492593,-0.0498888,-0.0507429,-0.0512135,-0.0520506,-0.0527618,-0.0533736,-0.0543604,-0.0549834,-0.0557796,-0.0563687,-0.0566758,-0.0573911,-0.0577173,-0.0585064,-0.0590018,-0.0598565,-0.0606555,-0.0615051,-0.0622895,-0.0628942,-0.0638213,-0.0647858,-0.0660015,-0.067069,-0.0679506,-0.0686157,-0.0696502,-0.0708469,-0.0718883,-0.0728926,-0.0736602,-0.0743141,-0.0752451,-0.0759931,-0.0768794,-0.0772996,-0.0782501,-0.0791772,-0.0802099,-0.0808384,-0.0816457,-0.0822969,-0.0829439,-0.0835723,-0.0842024,-0.0846797,-0.0855288,-0.0860952,-0.0866737,-0.0871738,-0.0882,-0.0886131,-0.0892679,-0.0896168,-0.0902516,-0.0908402,-0.0913675,-0.0919892,-0.0925784,-0.0929738,-0.0933657,-0.0938224,-0.0946415,-0.095093,-0.0956083,-0.0964562,-0.0971068,-0.0977545,-0.0984761,-0.0991275,-0.0996881,-0.100393,-0.101233,-0.102141,-0.102828,-0.103314,-0.104051,-0.104436,-0.105119,-0.105693,-0.106385,-0.107354,-0.10763,-0.108395,-0.109009,-0.109755,-0.110625,-0.11131,-0.111739,-0.112542,-0.113332,-0.11383,-0.114621,-0.114798,-0.114971,-0.115487,-0.11623,-0.116644,-0.117235,-0.117664,-0.117783,-0.118185,-0.118519,nan,nan,nan,nan,nan,nan,nan,nan,nan,nan,nan,nan,nan,nan,nan,nan,
nan,nan,nan,nan,nan,nan,nan,nan,nan,nan,nan,nan,nan,nan,-0.0485941,-0.04948,-0.0501465,-0.0508675,-0.0515613,-0.0521216,-0.0528887,-0.0535192,-0.0542475,-0.0550936,-0.0556747,-0.0562526,-0.0567331,-0.0572344,-0.0580706,-0.0587763,-0.0594414,-0.0600531,-0.0607692,-0.0614376,-0.0621503,-0.0633165,-0.0642016,-0.0653987,-0.0665166,-0.0673737,-0.0681757,-0.0692845,-0.0699644,-0.0710331,-0.0721332,-0.0728078,-0.0739285,-0.0748357,-0.0753016,-0.0760006,-0.0766506,-0.0778715,-0.0786669,-0.079576,-0.0802137,-0.0810502,-0.0816651,-0.0822036,-0.0827454,-0.0836337,-0.0844084,-0.085114,-0.0856796,-0.0860597,-0.0869183,-0.0875434,-0.0883114,-0.0887449,-0.0894037,-0.0899279,-0.0902418,-0.0910416,-0.0913894,-0.0922903,-0.0924708,-0.0927675,-0.0935886,-0.0942874,-0.0944263,-0.0948737,-0.0958976,-0.0968215,-0.0971867,-0.0981408,-0.0987127,-0.0992089,-0.0999317,-0.100798,-0.101641,-0.102515,-0.102939,-0.103878,-0.104207,-0.104974,-0.105267,-0.105681,-0.106644,-0.107471,-0.10821,-0.108858,-0.109686,-0.110099,-0.110865,-0.111501,-0.112309,-0.112817,-0.113152,-0.113927,-0.114447,-0.114256,-0.114717,-0.11552,-0.11614,-0.116585,-0.117081,-0.117588,-0.11765,-0.118444,nan,nan,nan,nan,nan,nan,nan,nan,nan,nan,nan,nan,nan,nan,nan,nan,
nan,nan,nan,nan,nan,nan,nan,nan,nan,nan,nan,nan,nan,nan,-0.048165,-0.0489217,-0.049482,-0.0503464,-0.0510442,-0.0518547,-0.0523461,-0.0529385,-0.0535047,-0.0545067,-0.0551115,-0.0557059,-0.056143,-0.0568298,-0.0572328,-0.0579541,-0.0587813,-0.059437,-0.0601304,-0.0610769,-0.0617554,-0.0626687,-0.063703,-0.0647061,-0.0655991,-0.066914,-0.0676831,-0.0687206,-0.0696621,-0.0703902,-0.0710953,-0.0722266,-0.0730148,-0.0739285,-0.0746355,-0.0753439,-0.0761446,-0.0771899,-0.0778644,-0.0789945,-0.0796259,-0.0803798,-0.0812956,-0.0817409,-0.0822211,-0.0830539,-0.0838114,-0.0843429,-0.0852221,-0.0859057,-0.0865765,-0.0872446,-0.0878855,-0.0882257,-0.088613,-0.089454,-0.0897541,-0.0904722,-0.0911403,-0.0915635,-0.0919723,-0.0924394,-0.0929649,-0.0937171,-0.0941521,-0.0946737,-0.0955506,-0.0963637,-0.0969745,-0.0979481,-0.0982266,-0.0987114,-0.0995333,-0.100377,-0.101174,-0.1017,-0.10246,-0.103376,-0.103988,-0.104815,-0.105083,-0.105477,-0.106316,-0.107046,-0.10784,-0.108475,-0.109394,-0.109935,-0.110651,-0.111422,-0.111773,-0.112651,-0.112806,-0.113218,-0.113713,-0.114053,-0.114523,-0.115103,-0.115595,-0.116252,-0.116659,-0.117082,-0.117495,-0.118281,nan,nan,nan,nan,nan,nan,nan,nan,nan,nan,nan,nan,nan,nan,nan,nan,
nan,nan,nan,nan,nan,nan,nan,nan,nan,nan,nan,nan,nan,nan,-0.0478847,-0.0489695,-0.049259,-0.0499401,-0.0506047,-0.0513326,-0.0517686,-0.052426,-0.052997,-0.0538393,-0.0544588,-0.0549778,-0.0555587,-0.0562526,-0.056643,-0.0576323,-0.0583235,-0.0590323,-0.0595141,-0.0602358,-0.0610848,-0.0620333,-0.0632511,-0.0641552,-0.0653256,-0.0662631,-0.0670815,-0.0679704,-0.0688294,-0.0694286,-0.0702519,-0.0712495,-0.0723362,-0.072936,-0.0737184,-0.0746642,-0.0752816,-0.0760837,-0.0769221,-0.0780074,-0.0790019,-0.079685,-0.0804822,-0.0809501,-0.0819729,-0.0825153,-0.083404,-0.0839711,-0.0846609,-0.0856681,-0.086223,-0.0868082,-0.0872009,-0.0875975,-0.088133,-0.0887174,-0.0895363,-0.0900788,-0.0905958,-0.0912061,-0.091739,-0.0921636,-0.0927851,-0.093107,-0.0936354,-0.0945062,-0.0953196,-0.0958344,-0.0966809,-0.0973416,-0.0978651,-0.0983955,-0.0992631,-0.100075,-0.100719,-0.101594,-0.102228,-0.103157,-0.103562,-0.104,-0.104872,-0.105254,-0.10586,-0.107074,-0.10769,-0.108052,-0.108931,-0.109372,-0.110231,-0.110823,-0.111407,-0.112184,-0.112604,-0.112915,-0.113145,-0.113834,-0.114348,-0.114847,-0.115242,-0.115538,-0.116252,-0.116852,-0.117366,-0.118186,nan,nan,nan,nan,nan,nan,nan,nan,nan,nan,nan,nan,nan,nan,nan,nan,
nan,nan,nan,nan,nan,nan,nan,nan,nan,nan,nan,nan,nan,nan,-0.0481144,-0.0483205,-0.0488768,-0.0494082,-0.0502279,-0.050966,-0.0514733,-0.0517865,-0.052533,-0.0530804,-0.0539837,-0.0545584,-0.0552072,-0.0557272,-0.0562078,-0.056869,-0.0575276,-0.0583241,-0.0588566,-0.0594761,-0.0606065,-0.0615213,-0.0625803,-0.0636388,-0.0647177,-0.0655258,-0.0661378,-0.0670653,-0.0679063,-0.0684592,-0.069645,-0.0703024,-0.0715656,-0.0721729,-0.0731363,-0.0737879,-0.0744261,-0.0753589,-0.0761505,-0.0773092,-0.0782381,-0.0790605,-0.0795311,-0.0804085,-0.0815129,-0.0822425,-0.0827938,-0.0834234,-0.0841444,-0.0851158,-0.0859192,-0.0863083,-0.0866523,-0.0867511,-0.0876182,-0.0883897,-0.0889744,-0.0894572,-0.0900292,-0.0904449,-0.0913064,-0.0916194,-0.0917756,-0.0923753,-0.0931387,-0.0938327,-0.0949627,-0.0954804,-0.0963136,-0.0968151,-0.0978271,-0.0984023,-0.0988899,-0.0993617,-0.100067,-0.100927,-0.101739,-0.102623,-0.103165,-0.103682,-0.104538,-0.105072,-0.105726,-0.106786,-0.107398,-0.107989,-0.108625,-0.109371,-0.10956,-0.110056,-0.111099,-0.111608,-0.112297,-0.112843,-0.113168,-0.113386,-0.114058,-0.114721,-0.114981,-0.115397,-0.115725,-0.116016,-0.11672,-0.118206,nan,nan,nan,nan,nan,nan,nan,nan,nan,nan,nan,nan,nan,nan,nan,nan,
nan,nan,nan,nan,nan,nan,nan,nan,nan,nan,nan,nan,nan,nan,-0.0466997,-0.0472197,-0.0478437,-0.0484532,-0.0494376,-0.0501667,-0.0507134,-0.0512607,-0.0517298,-0.0525297,-0.0533668,-0.0536419,-0.0545167,-0.0549999,-0.0556434,-0.0562012,-0.0570008,-0.0574143,-0.0582002,-0.0590592,-0.059785,-0.060613,-0.0616691,-0.0627393,-0.0639651,-0.0649357,-0.0655084,-0.0660412,-0.0670864,-0.0676137,-0.0688012,-0.0696829,-0.0706684,-0.0713676,-0.0722825,-0.0731325,-0.0738112,-0.0746899,-0.0755921,-0.0765379,-0.0774051,-0.0784362,-0.0790446,-0.0798825,-0.0807296,-0.0818406,-0.082501,-0.0829705,-0.0836854,-0.0845027,-0.085051,-0.0855512,-0.0861565,-0.0865704,-0.0870814,-0.087716,-0.0881949,-0.0888336,-0.0895233,-0.0901895,-0.0907,-0.0911467,-0.0912931,-0.0919898,-0.0927845,-0.0936642,-0.0944989,-0.0950409,-0.095669,-0.0966887,-0.0972203,-0.0976183,-0.0985634,-0.099,-0.099556,-0.100711,-0.101156,-0.102017,-0.102483,-0.10354,-0.104256,-0.104976,-0.105502,-0.106264,-0.107391,-0.107667,-0.108395,-0.109141,-0.109431,-0.109825,-0.110675,-0.111305,-0.111936,-0.112353,-0.112933,-0.11306,-0.11352,-0.114243,-0.114641,-0.115069,-0.115328,-0.11569,-0.116192,-0.11758,nan,nan,nan,nan,nan,nan,nan,nan,nan,nan,nan,nan,nan,nan,nan,nan,
nan,nan,nan,nan,nan,nan,nan,nan,nan,nan,nan,nan,nan,nan,-0.046222,-0.0465559,-0.0472779,-0.0478944,-0.0485411,-0.0493305,-0.0501178,-0.0507556,-0.0515764,-0.0521936,-0.0526336,-0.053073,-0.0536254,-0.0542684,-0.0551221,-0.0556869,-0.0562241,-0.0565982,-0.0574996,-0.0584685,-0.0591268,-0.060121,-0.0610395,-0.0619771,-0.0630192,-0.0643288,-0.0649484,-0.0655526,-0.0664174,-0.0669373,-0.0682396,-0.069139,-0.0697823,-0.0706801,-0.0712635,-0.0723073,-0.0730555,-0.0741204,-0.07478,-0.0756905,-0.0767652,-0.077788,-0.0783708,-0.0794663,-0.0803077,-0.0809614,-0.0821146,-0.0825324,-0.0829952,-0.0838852,-0.0843898,-0.0850626,-0.0855588,-0.0860404,-0.0863156,-0.087127,-0.0876868,-0.088228,-0.0890873,-0.0897284,-0.0900577,-0.090697,-0.0909674,-0.0915676,-0.0925644,-0.0932244,-0.0940909,-0.0947695,-0.0952289,-0.0959824,-0.0968863,-0.0971497,-0.0980159,-0.0987333,-0.0993737,-0.100147,-0.100989,-0.101611,-0.102339,-0.103205,-0.103904,-0.104627,-0.105097,-0.105996,-0.106857,-0.107355,-0.107895,-0.108907,-0.109542,-0.109744,-0.110339,-0.110852,-0.111393,-0.112084,-0.112326,-0.112934,-0.113269,-0.113793,-0.114387,-0.114741,-0.115225,-0.115633,-0.116788,-0.117734,nan,nan,nan,nan,nan,nan,nan,nan,nan,nan,nan,nan,nan,nan,nan,nan,
nan,nan,nan,nan,nan,nan,nan,nan,nan,nan,nan,nan,nan,nan,-0.0455946,-0.0457008,-0.0464943,-0.0471853,-0.0479215,-0.0486689,-0.0493841,-0.0502507,-0.0507608,-0.0516175,-0.051983,-0.0522396,-0.0526803,-0.0536103,-0.0543109,-0.0549448,-0.0557111,-0.0561823,-0.0570454,-0.0579899,-0.0589429,-0.0596475,-0.0601519,-0.0610872,-0.0622054,-0.0633047,-0.0640157,-0.0648045,-0.0654359,-0.0662777,-0.067552,-0.0684749,-0.0690594,-0.0697065,-0.0706689,-0.0715626,-0.0723824,-0.0733536,-0.0740413,-0.0752725,-0.0760928,-0.0771496,-0.0779307,-0.0788213,-0.0796125,-0.0803443,-0.0811533,-0.0820082,-0.082489,-0.083124,-0.0838534,-0.0844653,-0.0850184,-0.0854303,-0.0856924,-0.0865503,-0.0873123,-0.0879087,-0.0886213,-0.0891698,-0.0900023,-0.0903031,-0.0906142,-0.0915143,-0.0921355,-0.0928968,-0.0937247,-0.0943143,-0.0948802,-0.0953763,-0.096104,-0.096754,-0.097458,-0.0983038,-0.0991934,-0.0999488,-0.100737,-0.101337,-0.10191,-0.102922,-0.103777,-0.104407,-0.104916,-0.105813,-0.106523,-0.107155,-0.107852,-0.108452,-0.109095,-0.109135,-0.110104,-0.110388,-0.110877,-0.111399,-0.11198,-0.112416,-0.112974,-0.113531,-0.11389,-0.114224,-0.11479,-0.115504,-0.116149,-0.117516,nan,nan,nan,nan,nan,nan,nan,nan,nan,nan,nan,nan,nan,nan,nan,nan,
nan,nan,nan,nan,nan,nan,nan,nan,nan,nan,nan,nan,nan,nan,-0.0457489,-0.0453886,-0.0461468,-0.0469152,-0.0476027,-0.0482827,-0.048631,-0.0492356,-0.050337,-0.0508924,-0.0512592,-0.0516405,-0.0521246,-0.0529127,-0.0535267,-0.0544017,-0.0549814,-0.05556,-0.0563797,-0.0575294,-0.0581958,-0.0589787,-0.0595278,-0.0604795,-0.0615214,-0.0624217,-0.0633003,-0.0637962,-0.0643519,-0.0656152,-0.0668075,-0.0676954,-0.0682511,-0.0688774,-0.0696625,-0.0706247,-0.0715325,-0.0723477,-0.0731345,-0.0744426,-0.0754889,-0.076426,-0.0773131,-0.0781998,-0.078825,-0.0797772,-0.0807632,-0.0813074,-0.0820076,-0.0824593,-0.0832199,-0.0837728,-0.084462,-0.0848508,-0.0852258,-0.0860933,-0.086501,-0.0870498,-0.0878518,-0.0886931,-0.0893908,-0.0900539,-0.0905042,-0.0911357,-0.0915274,-0.0921455,-0.0929283,-0.0934842,-0.0943317,-0.0950142,-0.0957203,-0.0961881,-0.096921,-0.0978883,-0.0988018,-0.099723,-0.100615,-0.101289,-0.101942,-0.102717,-0.103689,-0.104316,-0.10489,-0.105288,-0.106112,-0.106844,-0.107205,-0.107847,-0.108529,-0.108885,-0.109536,-0.10992,-0.110634,-0.111298,-0.111754,-0.112102,-0.11238,-0.112688,-0.113346,-0.113871,-0.114504,-0.115124,-0.115843,-0.117426,nan,nan,nan,nan,nan,nan,nan,nan,nan,nan,nan,nan,nan,nan,nan,nan,
nan,nan,nan,nan,nan,nan,nan,nan,nan,nan,nan,nan,nan,nan,-0.0456526,-0.0453398,-0.0460906,-0.046698,-0.0470508,-0.0477193,-0.0481018,-0.0485893,-0.0492904,-0.0501324,-0.0508324,-0.0513017,-0.0516768,-0.052324,-0.0530725,-0.0538397,-0.0544264,-0.0550996,-0.0559447,-0.0570413,-0.0577349,-0.0584518,-0.0590915,-0.0597926,-0.0608094,-0.0617126,-0.0625659,-0.0632323,-0.0638326,-0.0649477,-0.0661024,-0.0668823,-0.0677311,-0.0678056,-0.0688038,-0.069865,-0.0707307,-0.0713613,-0.0724744,-0.0735937,-0.0745316,-0.0759953,-0.0765895,-0.0773268,-0.0779903,-0.0792435,-0.0800685,-0.0806411,-0.081336,-0.0819359,-0.0826126,-0.083229,-0.0837949,-0.0842993,-0.0847431,-0.0853805,-0.0859373,-0.0867559,-0.0872794,-0.088155,-0.0889341,-0.0896186,-0.0899104,-0.0907599,-0.091104,-0.0916465,-0.0923214,-0.0930689,-0.0936315,-0.0943162,-0.0947184,-0.0956772,-0.0964017,-0.0975157,-0.0984179,-0.099317,-0.100241,-0.101149,-0.101642,-0.102402,-0.103125,-0.103917,-0.104574,-0.10508,-0.105925,-0.106705,-0.107115,-0.107605,-0.108325,-0.108514,-0.109039,-0.109622,-0.110309,-0.110913,-0.111477,-0.111862,-0.112077,-0.112684,-0.113119,-0.113464,-0.114119,-0.1148,-0.115642,-0.116533,nan,nan,nan,nan,nan,nan,nan,nan,nan,nan,nan,nan,nan,nan,nan,nan,
nan,nan,nan,nan,nan,nan,nan,nan,nan,nan,nan,nan,nan,nan,-0.0448004,-0.0447748,-0.0452938,-0.0457273,-0.0461537,-0.0465281,-0.0471738,-0.0477462,-0.0485954,-0.0493613,-0.0501583,-0.0507733,-0.0512493,-0.051699,-0.0524226,-0.0531616,-0.0539179,-0.0548392,-0.0555879,-0.0563922,-0.056964,-0.0578079,-0.0585157,-0.0592166,-0.0600717,-0.0610147,-0.0618148,-0.06236,-0.0633333,-0.0644308,-0.065313,-0.066218,-0.0669369,-0.0672641,-0.0681621,-0.0690956,-0.0698169,-0.0707804,-0.0717269,-0.0724871,-0.0736797,-0.0751949,-0.0756958,-0.0767843,-0.0774517,-0.0785329,-0.0793121,-0.0801141,-0.0806806,-0.0814346,-0.0818498,-0.0826222,-0.0830769,-0.0839325,-0.0843518,-0.0846431,-0.0853707,-0.086164,-0.0870107,-0.0876397,-0.0881565,-0.0890399,-0.0896615,-0.0902789,-0.0905509,-0.0913637,-0.0921048,-0.0928318,-0.0932818,-0.0938196,-0.0943031,-0.0954473,-0.0960263,-0.0970755,-0.0979446,-0.0987013,-0.099532,-0.100453,-0.101063,-0.101853,-0.102322,-0.10332,-0.104154,-0.104525,-0.105152,-0.105961,-0.106563,-0.10726,-0.107976,-0.108574,-0.109065,-0.109532,-0.110029,-0.110815,-0.111196,-0.111452,-0.111994,-0.112609,-0.112742,-0.113364,-0.11391,-0.11464,-0.115489,-0.116548,nan,nan,nan,nan,nan,nan,nan,nan,nan,nan,nan,nan,nan,nan,nan,nan,
nan,nan,nan,nan,nan,nan,nan,nan,nan,nan,nan,nan,nan,nan,-0.0440254,-0.0444906,-0.0447362,-0.0453042,-0.0457693,-0.0463083,-0.0466046,-0.0470869,-0.0477961,-0.0487706,-0.0493475,-0.0500041,-0.0508966,-0.0512757,-0.051996,-0.05261,-0.0532303,-0.0539287,-0.0549476,-0.055502,-0.056418,-0.0574895,-0.0581047,-0.0586114,-0.0593927,-0.0603731,-0.0610418,-0.0618889,-0.0626964,-0.063728,-0.0647465,-0.0656969,-0.0664102,-0.0668888,-0.0678488,-0.0685487,-0.069054,-0.0701503,-0.0711642,-0.071983,-0.0730874,-0.0741997,-0.0748029,-0.0759398,-0.0769013,-0.0778524,-0.0787584,-0.0793345,-0.0800333,-0.0806346,-0.0810757,-0.0820892,-0.0826884,-0.0833076,-0.0838786,-0.0841174,-0.0848633,-0.0857368,-0.0864922,-0.0871778,-0.0878519,-0.088532,-0.0893029,-0.089837,-0.0901844,-0.0908769,-0.0915201,-0.0924214,-0.0927309,-0.0933776,-0.0940822,-0.0947965,-0.0956706,-0.0964752,-0.0974171,-0.0980729,-0.0986997,-0.0999536,-0.100788,-0.101625,-0.102175,-0.102984,-0.103784,-0.104325,-0.104791,-0.105717,-0.106136,-0.106958,-0.107514,-0.107937,-0.108789,-0.109131,-0.109399,-0.110312,-0.110856,-0.110995,-0.111815,-0.112334,-0.112716,-0.113187,-0.113503,-0.113679,-0.114048,-0.11474,nan,nan,nan,nan,nan,nan,nan,nan,nan,nan,nan,nan,nan,nan,nan,nan,
nan,nan,nan,nan,nan,nan,nan,nan,nan,nan,nan,nan,nan,nan,-0.0437387,-0.0444701,-0.0447496,-0.0450677,-0.0453946,-0.0459331,-0.0463989,-0.0468333,-0.0475232,-0.0480165,-0.0487517,-0.0494178,-0.050183,-0.0506943,-0.051455,-0.0523412,-0.0526099,-0.0533143,-0.0543428,-0.0550687,-0.0559128,-0.0566867,-0.057452,-0.0580529,-0.059094,-0.0597533,-0.0608054,-0.0612676,-0.0620477,-0.0630519,-0.0638396,-0.0651459,-0.0659984,-0.0668114,-0.0673626,-0.0679758,-0.0689158,-0.0697578,-0.0704613,-0.0712405,-0.0722055,-0.0732367,-0.0743627,-0.0752014,-0.0761278,-0.0773284,-0.0777835,-0.0784536,-0.0794107,-0.0800386,-0.0805531,-0.0811339,-0.081863,-0.0826247,-0.083032,-0.0834734,-0.0841447,-0.0850318,-0.0857496,-0.0865446,-0.0873342,-0.0879347,-0.0888234,-0.0893888,-0.0898091,-0.0905176,-0.0912065,-0.0920382,-0.0923367,-0.0932762,-0.0937613,-0.0942354,-0.0949832,-0.0959258,-0.0968228,-0.097526,-0.0981894,-0.0995534,-0.100511,-0.101423,-0.101839,-0.102725,-0.103429,-0.104173,-0.104901,-0.105696,-0.105762,-0.106515,-0.106867,-0.107814,-0.108132,-0.108468,-0.109016,-0.109696,-0.110383,-0.11052,-0.111539,-0.112188,-0.112659,-0.112749,-0.112905,-0.113302,-0.113672,-0.11427,nan,nan,nan,nan,nan,nan,nan,nan,nan,nan,nan,nan,nan,nan,nan,nan,
nan,nan,nan,nan,nan,nan,nan,nan,nan,nan,nan,nan,nan,nan,-0.0428139,-0.0436718,-0.044204,-0.0446044,-0.0451927,-0.0456527,-0.0460966,-0.0466708,-0.0474059,-0.0478321,-0.0485736,-0.0489336,-0.0495162,-0.0500633,-0.0509192,-0.0516642,-0.052256,-0.0531576,-0.0537423,-0.0547098,-0.0556285,-0.0561293,-0.0569798,-0.0576711,-0.0585992,-0.059351,-0.0603106,-0.060878,-0.0613536,-0.0625086,-0.0632997,-0.0646324,-0.065338,-0.0662509,-0.0669531,-0.0674993,-0.0683472,-0.0694198,-0.0701195,-0.0707733,-0.0721557,-0.0727406,-0.0735015,-0.0747119,-0.0753042,-0.0764893,-0.0769605,-0.0777082,-0.0785868,-0.0793366,-0.0798542,-0.0802831,-0.0812436,-0.0818902,-0.082474,-0.0828439,-0.0836658,-0.0844396,-0.0852432,-0.0861958,-0.0868678,-0.0875226,-0.0884088,-0.0891217,-0.0894575,-0.0900983,-0.0908712,-0.0915086,-0.0918417,-0.0925634,-0.0929622,-0.0940072,-0.0946195,-0.0952729,-0.0961576,-0.0969044,-0.0979755,-0.0990429,-0.100161,-0.100802,-0.10138,-0.1027,-0.103154,-0.103508,-0.10431,-0.105051,-0.10563,-0.105863,-0.106447,-0.10701,-0.107759,-0.108174,-0.10875,-0.109529,-0.110093,-0.110511,-0.11114,-0.111604,-0.112117,-0.112543,-0.11292,-0.113268,-0.113924,-0.114009,nan,nan,nan,nan,nan,nan,nan,nan,nan,nan,nan,nan,nan,nan,nan,nan,
nan,nan,nan,nan,nan,nan,nan,nan,nan,nan,nan,nan,nan,nan,-0.0419596,-0.0429592,-0.043566,-0.0441571,-0.0447729,-0.0453171,-0.045734,-0.0463015,-0.0468916,-0.0473435,-0.0480533,-0.0486019,-0.0491541,-0.0498276,-0.0505833,-0.0513521,-0.0522253,-0.0527245,-0.0535326,-0.053922,-0.0548002,-0.0557404,-0.0566517,-0.0573243,-0.0580715,-0.0589067,-0.0599685,-0.0606408,-0.0608188,-0.0616883,-0.0631019,-0.0640737,-0.0648078,-0.0654943,-0.066119,-0.0669336,-0.0678072,-0.0684922,-0.069672,-0.0704139,-0.0715787,-0.0722841,-0.0729109,-0.0738683,-0.074696,-0.0756926,-0.0760734,-0.0769241,-0.0777413,-0.078461,-0.0791528,-0.0798504,-0.0806533,-0.0812249,-0.0818033,-0.0823368,-0.0828771,-0.0837129,-0.0848437,-0.0857031,-0.0864568,-0.0871333,-0.0879104,-0.0885348,-0.0892594,-0.089963,-0.090744,-0.0916176,-0.0918538,-0.0922065,-0.0927177,-0.0934595,-0.0942064,-0.0948469,-0.0957345,-0.0965396,-0.0978128,-0.0985719,-0.0994738,-0.100221,-0.10105,-0.102392,-0.10262,-0.103138,-0.103732,-0.104288,-0.105029,-0.105497,-0.106153,-0.106562,-0.107149,-0.107772,-0.108473,-0.109402,-0.10988,-0.11038,-0.111158,-0.11152,-0.111795,-0.112384,-0.112564,-0.113024,-0.113543,-0.114086,nan,nan,nan,nan,nan,nan,nan,nan,nan,nan,nan,nan,nan,nan,nan,nan,
nan,nan,nan,nan,nan,nan,nan,nan,nan,nan,nan,nan,nan,nan,-0.0410622,-0.0418524,-0.0427947,-0.0434255,-0.0439735,-0.0446374,-0.0452201,-0.0458968,-0.046607,-0.0472526,-0.0475662,-0.0482616,-0.048773,-0.0495486,-0.0502943,-0.0511321,-0.0517368,-0.0524161,-0.0528939,-0.0531564,-0.054303,-0.0552868,-0.0557708,-0.0567091,-0.0577182,-0.0585096,-0.0593,-0.0602394,-0.0606036,-0.0613728,-0.0624746,-0.0634636,-0.0642009,-0.0649967,-0.0655782,-0.0663899,-0.0674477,-0.068091,-0.0689509,-0.0699906,-0.0706072,-0.071466,-0.072387,-0.0732725,-0.0740347,-0.0748358,-0.0755108,-0.0762025,-0.0772474,-0.0778023,-0.0784398,-0.0789655,-0.0798416,-0.0805613,-0.081194,-0.0817272,-0.0823381,-0.0831441,-0.0842971,-0.0851644,-0.0858335,-0.0865652,-0.0874403,-0.0882014,-0.0887688,-0.0896592,-0.0904522,-0.0909753,-0.0915592,-0.0919099,-0.0924691,-0.0930324,-0.0937439,-0.0945048,-0.0952546,-0.0960369,-0.0973234,-0.0979583,-0.098665,-0.0992979,-0.100529,-0.101588,-0.10227,-0.102443,-0.103129,-0.103795,-0.104252,-0.104951,-0.105609,-0.106244,-0.106778,-0.107461,-0.108066,-0.108851,-0.109674,-0.110312,-0.110686,-0.110937,-0.11127,-0.111835,-0.112062,-0.112375,-0.112475,-0.113002,nan,nan,nan,nan,nan,nan,nan,nan,nan,nan,nan,nan,nan,nan,nan,nan,
nan,nan,nan,nan,nan,nan,nan,nan,nan,nan,nan,nan,nan,nan,-0.0399282,-0.0411958,-0.0422052,-0.0428489,-0.0432917,-0.0440262,-0.0446765,-0.0453873,-0.0460047,-0.0468006,-0.0471879,-0.0477454,-0.048323,-0.0489577,-0.0500535,-0.0507853,-0.0513484,-0.0518138,-0.0523043,-0.0529782,-0.0536823,-0.0546852,-0.0553359,-0.0561773,-0.0568626,-0.0579138,-0.0589419,-0.0597044,-0.0603076,-0.0613482,-0.0620427,-0.0626095,-0.0636591,-0.0646177,-0.0653345,-0.0660703,-0.0669394,-0.0676411,-0.0686321,-0.0691467,-0.0701678,-0.070826,-0.0714715,-0.0727256,-0.0736671,-0.0746316,-0.0748026,-0.0758663,-0.0765511,-0.0771351,-0.0775694,-0.0782094,-0.0788583,-0.0797561,-0.0805564,-0.0811341,-0.0819448,-0.0829343,-0.0837512,-0.084593,-0.0852541,-0.0860587,-0.0870931,-0.0876358,-0.0882516,-0.0890632,-0.0894597,-0.0902544,-0.0909823,-0.0914305,-0.091941,-0.0928016,-0.0933805,-0.0940456,-0.0947042,-0.0954755,-0.0963257,-0.09768,-0.0982342,-0.0989064,-0.0999896,-0.100894,-0.101465,-0.101812,-0.102505,-0.103312,-0.103835,-0.104443,-0.10521,-0.105816,-0.106574,-0.107015,-0.107624,-0.108161,-0.108962,-0.109631,-0.11006,-0.110477,-0.110978,-0.111271,-0.111455,-0.111565,-0.111456,-0.111369,nan,nan,nan,nan,nan,nan,nan,nan,nan,nan,nan,nan,nan,nan,nan,nan,
nan,nan,nan,nan,nan,nan,nan,nan,nan,nan,nan,nan,nan,nan,-0.0394417,-0.0403355,-0.0412601,-0.0421479,-0.0429085,-0.0436594,-0.0444066,-0.0449676,-0.0456309,-0.0462689,-0.0465579,-0.0472915,-0.0478435,-0.04851,-0.0491579,-0.0498602,-0.0505669,-0.0511921,-0.0518342,-0.0524296,-0.0532466,-0.0540875,-0.05459,-0.0559101,-0.0565106,-0.0572646,-0.0582333,-0.0592162,-0.0598883,-0.0607357,-0.0612901,-0.0619523,-0.062841,-0.0636346,-0.0648028,-0.065765,-0.0664743,-0.0672282,-0.0679597,-0.0686343,-0.0694332,-0.0702832,-0.0708717,-0.0719577,-0.0729803,-0.0736942,-0.0743468,-0.0751553,-0.0757809,-0.0764261,-0.0769217,-0.0774337,-0.0781641,-0.0789857,-0.0797475,-0.0807778,-0.0815164,-0.0823335,-0.0828923,-0.0840566,-0.0848708,-0.0856017,-0.0862303,-0.0870447,-0.0878647,-0.0886228,-0.0889978,-0.0896304,-0.0900401,-0.0907403,-0.091508,-0.092089,-0.0927921,-0.0934191,-0.094195,-0.0952939,-0.0958733,-0.0968839,-0.0977703,-0.0985688,-0.0992916,-0.100312,-0.101007,-0.101661,-0.102061,-0.102743,-0.103219,-0.104204,-0.104996,-0.105571,-0.105976,-0.106744,-0.107073,-0.10788,-0.108505,-0.109143,-0.10944,-0.1101,-0.110513,-0.11096,-0.111124,-0.111306,-0.111084,-0.11051,nan,nan,nan,nan,nan,nan,nan,nan,nan,nan,nan,nan,nan,nan,nan,nan,
nan,nan,nan,nan,nan,nan,nan,nan,nan,nan,nan,nan,nan,nan,-0.0394346,-0.0402528,-0.0409901,-0.0416389,-0.0424348,-0.0430694,-0.0437052,-0.0445101,-0.0452132,-0.0459582,-0.0462263,-0.046744,-0.047229,-0.0476654,-0.0483958,-0.0493779,-0.0500474,-0.0507394,-0.0515944,-0.052154,-0.052722,-0.0534396,-0.0541654,-0.0550075,-0.0557308,-0.0566494,-0.0576197,-0.0585763,-0.059395,-0.0604127,-0.061161,-0.0615619,-0.0622572,-0.0632911,-0.0641131,-0.0651744,-0.0658974,-0.0666361,-0.0672449,-0.0679164,-0.0688066,-0.06944,-0.0699812,-0.0709761,-0.0721025,-0.0727354,-0.0738102,-0.0742954,-0.0749734,-0.0755921,-0.0760292,-0.0766998,-0.0771694,-0.0782589,-0.0793542,-0.0799132,-0.0806018,-0.0814826,-0.082406,-0.0833375,-0.084361,-0.0847873,-0.0855234,-0.0863869,-0.0873532,-0.0880205,-0.088357,-0.0888784,-0.089494,-0.0901195,-0.0908672,-0.0916082,-0.092353,-0.0931141,-0.0939539,-0.0948179,-0.0955863,-0.0963455,-0.0973042,-0.098219,-0.0988376,-0.10003,-0.100489,-0.101041,-0.101772,-0.102565,-0.102872,-0.103962,-0.104548,-0.105196,-0.105843,-0.106258,-0.106609,-0.107117,-0.107697,-0.10847,-0.109,-0.109431,-0.11001,-0.110402,-0.110794,-0.110915,-0.110844,-0.110548,nan,nan,nan,nan,nan,nan,nan,nan,nan,nan,nan,nan,nan,nan,nan,nan,
nan,nan,nan,nan,nan,nan,nan,nan,nan,nan,nan,nan,nan,nan,-0.0391012,-0.040063,-0.0408339,-0.0413648,-0.0419242,-0.0426731,-0.0433926,-0.044218,-0.0445054,-0.0452281,-0.0455302,-0.0460552,-0.0467366,-0.0474571,-0.0480571,-0.0484955,-0.0494898,-0.0500763,-0.0510861,-0.0515175,-0.0523492,-0.0530613,-0.0536725,-0.0545511,-0.0553471,-0.0560093,-0.0572429,-0.0579458,-0.0590267,-0.0599305,-0.0607181,-0.0613826,-0.0619037,-0.0628908,-0.0636356,-0.0645876,-0.0653688,-0.0661365,-0.0666712,-0.0673476,-0.068468,-0.0690005,-0.0693129,-0.0700281,-0.0714162,-0.0720664,-0.0729036,-0.073676,-0.074017,-0.0749654,-0.0751278,-0.0761597,-0.0768426,-0.0773491,-0.0783354,-0.0791732,-0.0801884,-0.0810316,-0.0817156,-0.0825637,-0.0836182,-0.0841177,-0.0849517,-0.0857093,-0.0867227,-0.0872758,-0.0878693,-0.0883452,-0.0888118,-0.0895088,-0.0904669,-0.0913013,-0.0918291,-0.0925362,-0.0934827,-0.0941841,-0.0951905,-0.0958963,-0.097101,-0.0978753,-0.0987821,-0.099831,-0.100397,-0.101222,-0.101936,-0.102367,-0.102643,-0.103651,-0.104066,-0.104574,-0.105838,-0.105872,-0.106087,-0.106773,-0.107747,-0.108385,-0.108485,-0.108863,-0.109335,-0.10991,-0.110104,-0.110479,-0.110567,-0.110992,nan,nan,nan,nan,nan,nan,nan,nan,nan,nan,nan,nan,nan,nan,nan,nan,
nan,nan,nan,nan,nan,nan,nan,nan,nan,nan,nan,nan,nan,nan,-0.0387799,-0.0394692,-0.0404414,-0.041018,-0.0416736,-0.0425399,-0.0430748,-0.0437659,-0.0441305,-0.0447716,-0.0452657,-0.0457699,-0.0463339,-0.0468439,-0.0477046,-0.0481513,-0.0487935,-0.0495532,-0.0505878,-0.0512608,-0.0518872,-0.0526787,-0.0532488,-0.0542124,-0.0549011,-0.0559438,-0.0567084,-0.0575922,-0.0586379,-0.0594114,-0.060271,-0.0607021,-0.0617653,-0.0623992,-0.0632009,-0.0640935,-0.0648598,-0.0655514,-0.0662695,-0.0668804,-0.067756,-0.0682058,-0.0685665,-0.0694172,-0.0706936,-0.0713264,-0.0721832,-0.0729067,-0.0734402,-0.0741149,-0.074559,-0.0755138,-0.0763628,-0.0770511,-0.0779025,-0.0786607,-0.0794639,-0.0801688,-0.0810988,-0.0821387,-0.0829652,-0.0837118,-0.0843697,-0.0853363,-0.0862617,-0.0866945,-0.0872173,-0.0877185,-0.0881922,-0.0889833,-0.0900894,-0.0907802,-0.0912173,-0.0918507,-0.0926506,-0.0935962,-0.0945838,-0.0953369,-0.0965534,-0.097539,-0.0981881,-0.0989801,-0.100052,-0.100914,-0.101323,-0.101855,-0.102344,-0.10274,-0.103633,-0.104733,-0.105304,-0.10553,-0.106175,-0.106587,-0.107053,-0.107849,-0.108024,-0.108412,-0.108794,-0.109465,-0.109729,-0.10991,-0.110159,-0.110607,nan,nan,nan,nan,nan,nan,nan,nan,nan,nan,nan,nan,nan,nan,nan,nan,
nan,nan,nan,nan,nan,nan,nan,nan,nan,nan,nan,nan,nan,nan,-0.0379531,-0.0388448,-0.0397405,-0.040482,-0.0412667,-0.0419264,-0.0427166,-0.0431587,-0.043465,-0.0443406,-0.0446566,-0.0451221,-0.0458059,-0.0465216,-0.0473345,-0.0476604,-0.0481251,-0.0489259,-0.0501239,-0.0508098,-0.0515545,-0.0522989,-0.052832,-0.0536152,-0.0543341,-0.0553868,-0.0565079,-0.0571996,-0.0581973,-0.0589663,-0.0599542,-0.0605408,-0.0613351,-0.0622247,-0.0628525,-0.0636196,-0.0645941,-0.0652759,-0.0659242,-0.0667265,-0.0673107,-0.0674216,-0.0680722,-0.0691362,-0.0701688,-0.0705233,-0.0716368,-0.0725122,-0.0731134,-0.0736964,-0.0742455,-0.0746801,-0.0755919,-0.0764947,-0.0773226,-0.078249,-0.0788813,-0.0796174,-0.0804833,-0.0815334,-0.0823998,-0.0829727,-0.0838549,-0.0850802,-0.0857824,-0.0863986,-0.0867902,-0.087494,-0.0880767,-0.088886,-0.0893932,-0.0903647,-0.0907779,-0.0914691,-0.0923237,-0.0931696,-0.0940843,-0.094793,-0.0958322,-0.0970294,-0.0977364,-0.098622,-0.0994731,-0.100296,-0.101102,-0.101517,-0.102122,-0.102548,-0.103387,-0.104142,-0.104891,-0.10481,-0.105445,-0.106241,-0.106784,-0.107209,-0.107532,-0.108173,-0.108835,-0.108734,-0.108935,-0.109246,-0.109402,-0.110298,nan,nan,nan,nan,nan,nan,nan,nan,nan,nan,nan,nan,nan,nan,nan,nan,
nan,nan,nan,nan,nan,nan,nan,nan,nan,nan,nan,nan,nan,nan,-0.0372417,-0.0383258,-0.0391632,-0.039832,-0.0407169,-0.0414085,-0.0419789,-0.0427225,-0.043185,-0.0438308,-0.0440698,-0.0445964,-0.0452747,-0.0456909,-0.0466388,-0.0471272,-0.0475922,-0.048362,-0.0496597,-0.0500642,-0.0510551,-0.0517806,-0.0525964,-0.053387,-0.0541699,-0.0549765,-0.0559314,-0.0567775,-0.0576859,-0.0584831,-0.059427,-0.0603632,-0.0610785,-0.0620697,-0.0626236,-0.0634887,-0.0642446,-0.0648749,-0.0654873,-0.0662036,-0.0669487,-0.0673341,-0.0679053,-0.068854,-0.0696663,-0.0699771,-0.0708122,-0.0714905,-0.072154,-0.0730549,-0.0736476,-0.0743968,-0.0751248,-0.0759261,-0.076833,-0.0777124,-0.0783244,-0.0792772,-0.0799568,-0.0808379,-0.0816536,-0.082247,-0.0832748,-0.0842768,-0.0851305,-0.0856456,-0.0862421,-0.0871968,-0.0877976,-0.0881538,-0.0888602,-0.089723,-0.0903825,-0.0912978,-0.0919081,-0.0927781,-0.0936119,-0.0943132,-0.095619,-0.0964834,-0.0974106,-0.0981894,-0.0989542,-0.100098,-0.100655,-0.101183,-0.101853,-0.102366,-0.103064,-0.103664,-0.1043,-0.104587,-0.105062,-0.105323,-0.106283,-0.106814,-0.107209,-0.10753,-0.108263,-0.10821,-0.108645,-0.109074,-0.109371,-0.11026,nan,nan,nan,nan,nan,nan,nan,nan,nan,nan,nan,nan,nan,nan,nan,nan,
nan,nan,nan,nan,nan,nan,nan,nan,nan,nan,nan,nan,nan,nan,-0.0365617,-0.0379607,-0.0387639,-0.0392912,-0.0401465,-0.0409393,-0.0415722,-0.042281,-0.0428588,-0.043456,-0.0438701,-0.0441815,-0.0446317,-0.0452444,-0.0458387,-0.0465642,-0.0469438,-0.0478393,-0.0488023,-0.0497281,-0.0506742,-0.0514907,-0.0521603,-0.0528404,-0.0540144,-0.0547786,-0.0555833,-0.0567222,-0.0571171,-0.05803,-0.0590607,-0.0596649,-0.0606515,-0.0617812,-0.0620217,-0.0630633,-0.0640619,-0.0648124,-0.0653543,-0.0657283,-0.0662572,-0.067128,-0.0676751,-0.0683441,-0.0691007,-0.0696823,-0.0701593,-0.0705861,-0.0713563,-0.0722059,-0.0729209,-0.0738047,-0.0746355,-0.0755232,-0.0764875,-0.077375,-0.0777479,-0.0785615,-0.0794037,-0.0802774,-0.0810537,-0.081864,-0.0823801,-0.0834246,-0.0845354,-0.0852224,-0.0856612,-0.0862879,-0.0871253,-0.0877466,-0.0885445,-0.0892309,-0.0901791,-0.0908684,-0.0916371,-0.0925562,-0.0931227,-0.0939549,-0.0952399,-0.0960272,-0.0969133,-0.0977555,-0.0986265,-0.0993221,-0.100156,-0.100981,-0.101509,-0.102174,-0.102717,-0.103247,-0.104014,-0.10425,-0.104345,-0.104921,-0.105892,-0.106165,-0.106758,-0.107079,-0.107458,-0.107723,-0.108176,-0.108726,-0.108994,-0.109768,nan,nan,nan,nan,nan,nan,nan,nan,nan,nan,nan,nan,nan,nan,nan,nan,
nan,nan,nan,nan,nan,nan,nan,nan,nan,nan,nan,nan,nan,nan,-0.0355611,-0.0370473,-0.0377686,-0.0385598,-0.0395394,-0.0404821,-0.0411413,-0.0417913,-0.0422807,-0.0429576,-0.0434407,-0.0439092,-0.0442957,-0.0448575,-0.0455829,-0.0460185,-0.0470085,-0.0475604,-0.0480583,-0.0493974,-0.0502795,-0.0511114,-0.0515497,-0.0521995,-0.0532862,-0.0541237,-0.0551938,-0.0558765,-0.0569541,-0.0576867,-0.0583079,-0.0589012,-0.0600114,-0.0610222,-0.0614121,-0.0625394,-0.0636554,-0.0643559,-0.0650025,-0.0653973,-0.0658726,-0.0666681,-0.0671369,-0.0679406,-0.0685658,-0.0688752,-0.0692473,-0.0700199,-0.0707172,-0.0714911,-0.0721925,-0.0730511,-0.0739076,-0.0749584,-0.0758465,-0.0768176,-0.077179,-0.077984,-0.078919,-0.0797082,-0.0806452,-0.0814193,-0.0820718,-0.0827707,-0.0839164,-0.0847695,-0.0853815,-0.0857364,-0.0863874,-0.0872046,-0.0880949,-0.0890532,-0.0897995,-0.0906653,-0.0911856,-0.0922205,-0.0930212,-0.0935625,-0.0944172,-0.0956992,-0.0962493,-0.0971272,-0.0979767,-0.0986204,-0.0995952,-0.100386,-0.101061,-0.102099,-0.102478,-0.102855,-0.103545,-0.103705,-0.104244,-0.104832,-0.105406,-0.105932,-0.106148,-0.106773,-0.10711,-0.107539,-0.108082,-0.108534,-0.109207,-0.109458,nan,nan,nan,nan,nan,nan,nan,nan,nan,nan,nan,nan,nan,nan,nan,nan,
nan,nan,nan,nan,nan,nan,nan,nan,nan,nan,nan,nan,nan,nan,-0.034584,-0.0360857,-0.0370461,-0.0378134,-0.0388628,-0.0397071,-0.0401902,-0.0409916,-0.0416964,-0.0423538,-0.0431667,-0.0435276,-0.0439934,-0.0445428,-0.0450827,-0.0458079,-0.0462804,-0.0472305,-0.0476482,-0.0487612,-0.0495867,-0.0504112,-0.0510078,-0.0518036,-0.0525904,-0.0536103,-0.0547919,-0.0555748,-0.0563464,-0.0570191,-0.0575703,-0.0587379,-0.059833,-0.0604444,-0.0611701,-0.0617962,-0.0625566,-0.0638952,-0.0644098,-0.0649879,-0.0656416,-0.0662188,-0.0667159,-0.06727,-0.0678366,-0.0679141,-0.0688847,-0.0694575,-0.0703422,-0.071107,-0.0715664,-0.0725404,-0.0732649,-0.0740901,-0.0751104,-0.0758803,-0.0767665,-0.0775078,-0.0783627,-0.0790362,-0.0798471,-0.080777,-0.0817748,-0.0823654,-0.0833644,-0.0840506,-0.0846941,-0.0853111,-0.0859082,-0.0867724,-0.0879369,-0.0886549,-0.0894168,-0.0904017,-0.0908951,-0.0919188,-0.092558,-0.0932256,-0.0941678,-0.0950915,-0.095545,-0.096583,-0.0972887,-0.0981126,-0.0988335,-0.0995802,-0.100452,-0.101396,-0.102097,-0.102395,-0.102793,-0.103631,-0.103728,-0.104583,-0.104719,-0.105398,-0.105944,-0.106345,-0.106843,-0.107111,-0.107927,-0.108711,-0.109605,-0.110045,nan,nan,nan,nan,nan,nan,nan,nan,nan,nan,nan,nan,nan,nan,nan,nan,
nan,nan,nan,nan,nan,nan,nan,nan,nan,nan,nan,nan,nan,nan,-0.0340972,-0.0355107,-0.0367095,-0.037499,-0.0384623,-0.0392816,-0.0396497,-0.0403912,-0.0413067,-0.041882,-0.0427779,-0.0432543,-0.0436673,-0.0440012,-0.0445767,-0.045441,-0.0457122,-0.046314,-0.0469156,-0.0479028,-0.0487064,-0.0495938,-0.0504888,-0.051276,-0.0520888,-0.0530013,-0.0540173,-0.0551054,-0.0557427,-0.0567717,-0.0575621,-0.0586435,-0.0591808,-0.0598397,-0.0604724,-0.061409,-0.0619505,-0.0629396,-0.0634994,-0.0645026,-0.0653236,-0.0657245,-0.0660354,-0.0666622,-0.0670619,-0.0674923,-0.068278,-0.0690036,-0.0695738,-0.0702702,-0.071173,-0.0721024,-0.0727679,-0.07326,-0.0742785,-0.0752415,-0.0759556,-0.0769299,-0.0777154,-0.0784587,-0.0791403,-0.0800448,-0.0806724,-0.0817286,-0.0822296,-0.0830215,-0.0840346,-0.0845465,-0.085573,-0.0865381,-0.087369,-0.0881945,-0.0892083,-0.0897267,-0.0906258,-0.0914889,-0.0921942,-0.092927,-0.0938943,-0.0946778,-0.0952061,-0.0959215,-0.0967954,-0.0976179,-0.0984136,-0.0992196,-0.099944,-0.100441,-0.101235,-0.10205,-0.10258,-0.103038,-0.102999,-0.103778,-0.104116,-0.104738,-0.105598,-0.105948,-0.106427,-0.106819,-0.107474,-0.108314,-0.108983,-0.109611,nan,nan,nan,nan,nan,nan,nan,nan,nan,nan,nan,nan,nan,nan,nan,nan,
nan,nan,nan,nan,nan,nan,nan,nan,nan,nan,nan,nan,nan,nan,-0.0337212,-0.0355123,-0.0365183,-0.0376103,-0.0383183,-0.0389234,-0.0394867,-0.0401215,-0.0407322,-0.0417863,-0.0425328,-0.0430524,-0.043289,-0.0437858,-0.0439912,-0.044661,-0.0451669,-0.0457423,-0.046499,-0.0473767,-0.0479596,-0.0489104,-0.0499376,-0.0507815,-0.0517265,-0.0524684,-0.0533353,-0.054356,-0.0555022,-0.0563139,-0.0569512,-0.0580406,-0.0586611,-0.0591525,-0.0599212,-0.0609431,-0.0614547,-0.0619504,-0.0627424,-0.0635707,-0.0645866,-0.0651472,-0.065647,-0.0662175,-0.0668092,-0.0672115,-0.0679113,-0.0684348,-0.0689325,-0.0697177,-0.070566,-0.0712095,-0.0719832,-0.0727983,-0.0737974,-0.0744712,-0.0751577,-0.0763395,-0.0769412,-0.0773614,-0.0785793,-0.0793237,-0.0800603,-0.0807303,-0.0816223,-0.0823914,-0.0831147,-0.0840249,-0.0852484,-0.0860752,-0.0869689,-0.0878695,-0.088298,-0.089134,-0.0899449,-0.090742,-0.0918336,-0.0923839,-0.093233,-0.0939924,-0.0944739,-0.095509,-0.0964542,-0.097349,-0.0980509,-0.0988499,-0.0996289,-0.100029,-0.100846,-0.101407,-0.101963,-0.102197,-0.102692,-0.103188,-0.10343,-0.104278,-0.104932,-0.105574,-0.106192,-0.106619,-0.1072,-0.107883,-0.108485,-0.109354,nan,nan,nan,nan,nan,nan,nan,nan,nan,nan,nan,nan,nan,nan,nan,nan,
nan,nan,nan,nan,nan,nan,nan,nan,nan,nan,nan,nan,nan,nan,-0.0342249,-0.0354131,-0.0363874,-0.0373076,-0.0381081,-0.0387298,-0.0391758,-0.0397649,-0.0403286,-0.0413089,-0.0420249,-0.0425442,-0.042805,-0.0433368,-0.0437686,-0.0440164,-0.0445527,-0.0453212,-0.046045,-0.0468085,-0.0476743,-0.0482911,-0.0494969,-0.0502847,-0.0513097,-0.0520651,-0.0530066,-0.0539248,-0.0546861,-0.0555439,-0.0562937,-0.0571426,-0.0579289,-0.0586736,-0.0595354,-0.0603811,-0.0611689,-0.0617832,-0.0623362,-0.0632484,-0.0641573,-0.0646878,-0.0650609,-0.0656947,-0.0666324,-0.0669134,-0.0676371,-0.068042,-0.0685294,-0.0691968,-0.0699034,-0.0705611,-0.0712535,-0.0720385,-0.0728772,-0.0737605,-0.0748508,-0.0755541,-0.076327,-0.076883,-0.0776914,-0.0788089,-0.0795951,-0.080226,-0.0810759,-0.0819952,-0.0826428,-0.0839192,-0.084596,-0.085366,-0.0865761,-0.0874367,-0.0881554,-0.0885053,-0.0893978,-0.09036,-0.0912611,-0.0922589,-0.09312,-0.0938308,-0.0943123,-0.0950844,-0.0956819,-0.0966005,-0.0973449,-0.0984435,-0.0991081,-0.0997419,-0.100507,-0.100977,-0.101294,-0.101758,-0.102354,-0.1028,-0.103092,-0.103852,-0.104696,-0.105137,-0.105745,-0.106349,-0.106596,-0.107782,-0.108827,-0.109955,nan,nan,nan,nan,nan,nan,nan,nan,nan,nan,nan,nan,nan,nan,nan,nan,
nan,nan,nan,nan,nan,nan,nan,nan,nan,nan,nan,nan,nan,nan,-0.033809,-0.0348941,-0.0360262,-0.0369299,-0.0376521,-0.0386074,-0.0392805,-0.0396617,-0.0402144,-0.0407591,-0.0416787,-0.0421853,-0.0424053,-0.0428353,-0.0431702,-0.0435694,-0.0440694,-0.044941,-0.0457253,-0.0466336,-0.0474795,-0.0482126,-0.0490405,-0.0496454,-0.0507153,-0.0516213,-0.0523919,-0.0532175,-0.0542008,-0.0549341,-0.0558852,-0.0565791,-0.0575872,-0.0583906,-0.0591462,-0.0598368,-0.0607828,-0.0614449,-0.0621622,-0.0626988,-0.0639293,-0.0643491,-0.0646654,-0.065414,-0.0660517,-0.0665975,-0.067183,-0.0674807,-0.0680353,-0.0686522,-0.0693539,-0.0700008,-0.0707904,-0.0713353,-0.0724084,-0.0736717,-0.0744246,-0.0749954,-0.0758407,-0.0766004,-0.0771907,-0.0778307,-0.0787386,-0.0795738,-0.0806933,-0.08137,-0.0822143,-0.0835781,-0.0844917,-0.0851579,-0.0861241,-0.0870927,-0.0874846,-0.0878325,-0.0889443,-0.0899239,-0.0906314,-0.0917762,-0.0926069,-0.0933552,-0.0938625,-0.0945658,-0.0954203,-0.0961001,-0.0969676,-0.0976491,-0.0986511,-0.0992361,-0.10002,-0.100451,-0.101096,-0.101354,-0.102239,-0.102372,-0.102829,-0.103628,-0.104268,-0.10483,-0.105335,-0.105842,-0.106785,-0.107675,-0.10881,-0.11008,nan,nan,nan,nan,nan,nan,nan,nan,nan,nan,nan,nan,nan,nan,nan,nan,
nan,nan,nan,nan,nan,nan,nan,nan,nan,nan,nan,nan,nan,nan,-0.0334385,-0.0346361,-0.0358903,-0.0367982,-0.0375366,-0.0383453,-0.0389461,-0.0392431,-0.0397694,-0.0404748,-0.0412074,-0.04184,-0.0420742,-0.0425167,-0.0427603,-0.0433964,-0.0437906,-0.044643,-0.0456067,-0.0462566,-0.047104,-0.0479199,-0.0482748,-0.049311,-0.050194,-0.0512144,-0.051947,-0.0528573,-0.0536222,-0.0542497,-0.0552814,-0.0561893,-0.057098,-0.0579711,-0.0585223,-0.0596556,-0.0602866,-0.0607283,-0.0616105,-0.062575,-0.0633236,-0.0638413,-0.0643563,-0.0647894,-0.065566,-0.0660689,-0.0669563,-0.0674701,-0.0679025,-0.0684526,-0.0693007,-0.069799,-0.0701177,-0.0709099,-0.071831,-0.0728791,-0.0737373,-0.0745443,-0.0752549,-0.0759395,-0.0767929,-0.0774372,-0.0781387,-0.0788236,-0.0799852,-0.0812945,-0.0822965,-0.0830205,-0.0836242,-0.0843594,-0.0856179,-0.0864293,-0.0871022,-0.0875813,-0.0885243,-0.0892563,-0.090193,-0.0909716,-0.0921405,-0.0924982,-0.0932748,-0.0944714,-0.0947643,-0.0952619,-0.0961891,-0.0971486,-0.0981744,-0.0985074,-0.0994186,-0.099896,-0.100606,-0.100951,-0.101606,-0.101835,-0.102416,-0.103125,-0.103669,-0.104218,-0.104715,-0.105348,-0.10612,-0.10714,-0.108777,-0.110006,nan,nan,nan,nan,nan,nan,nan,nan,nan,nan,nan,nan,nan,nan,nan,nan,
nan,nan,nan,nan,nan,nan,nan,nan,nan,nan,nan,nan,nan,nan,-0.0328354,-0.0340265,-0.0353851,-0.0364177,-0.0373497,-0.0379575,-0.0385548,-0.0390702,-0.039335,-0.0401423,-0.0406604,-0.041213,-0.0416872,-0.0420469,-0.0423534,-0.0427994,-0.0435007,-0.0441216,-0.0448052,-0.0455533,-0.0467626,-0.0473236,-0.0478019,-0.0488788,-0.0497529,-0.0503799,-0.0513351,-0.0520903,-0.0526495,-0.0536989,-0.0548419,-0.0555203,-0.0565643,-0.057253,-0.0580412,-0.0589771,-0.059598,-0.0601959,-0.0607899,-0.0620031,-0.0626742,-0.0630696,-0.0636784,-0.0642655,-0.0651977,-0.0658286,-0.0664906,-0.0669585,-0.0673698,-0.0681039,-0.0689369,-0.0694654,-0.0701415,-0.0706633,-0.0710875,-0.0720808,-0.0730858,-0.0740153,-0.0747642,-0.0754736,-0.0764967,-0.0772421,-0.0778736,-0.078689,-0.0796989,-0.0808787,-0.08204,-0.0822374,-0.0831312,-0.0840772,-0.0850155,-0.0856365,-0.086703,-0.0872364,-0.0883048,-0.088971,-0.0894714,-0.0903468,-0.0914174,-0.0919468,-0.0927266,-0.0933358,-0.0941596,-0.0948023,-0.095651,-0.0964,-0.0972613,-0.0981203,-0.0985021,-0.0991552,-0.0998321,-0.100238,-0.100793,-0.10137,-0.102153,-0.102654,-0.102854,-0.103484,-0.104038,-0.104652,-0.105615,-0.106705,-0.107985,-0.109547,nan,nan,nan,nan,nan,nan,nan,nan,nan,nan,nan,nan,nan,nan,nan,nan,
nan,nan,nan,nan,nan,nan,nan,nan,nan,nan,nan,nan,nan,nan,-0.0326865,-0.0334569,-0.0347484,-0.035778,-0.0367722,-0.0375045,-0.0380501,-0.0381989,-0.038759,-0.0394788,-0.0400996,-0.040654,-0.0409996,-0.0414057,-0.0420143,-0.042388,-0.0429194,-0.0434748,-0.044272,-0.0450045,-0.0460308,-0.046836,-0.0475474,-0.0481524,-0.0491246,-0.0498484,-0.0505389,-0.0514825,-0.052133,-0.0533513,-0.0541047,-0.0548227,-0.0556555,-0.0564712,-0.0575525,-0.0581336,-0.0588203,-0.0594206,-0.0601173,-0.061058,-0.0618109,-0.0626679,-0.0629543,-0.0637584,-0.0644814,-0.0654119,-0.0659758,-0.0662831,-0.0671633,-0.067821,-0.0685693,-0.0689885,-0.0696261,-0.0701893,-0.0707223,-0.0715606,-0.0723034,-0.0730592,-0.073893,-0.0748898,-0.0759591,-0.0766274,-0.0774148,-0.0785582,-0.0793478,-0.0802536,-0.0812216,-0.0818078,-0.0826369,-0.0835659,-0.0847092,-0.085305,-0.086213,-0.0869297,-0.0878482,-0.0886251,-0.0889197,-0.0897741,-0.0905317,-0.0913915,-0.091965,-0.0925879,-0.0934137,-0.0941993,-0.0950051,-0.0958331,-0.0965717,-0.0972119,-0.0981529,-0.0987991,-0.0990283,-0.0996308,-0.100064,-0.100827,-0.101483,-0.101684,-0.102177,-0.10301,-0.103559,-0.10429,-0.104899,-0.105922,-0.107022,-0.108442,nan,nan,nan,nan,nan,nan,nan,nan,nan,nan,nan,nan,nan,nan,nan,nan,
nan,nan,nan,nan,nan,nan,nan,nan,nan,nan,nan,nan,nan,nan,-0.0324324,-0.0330059,-0.0340938,-0.0353224,-0.036119,-0.0368665,-0.0374621,-0.0376694,-0.0381625,-0.0389116,-0.0395593,-0.0400529,-0.0406616,-0.0410722,-0.0413634,-0.0417755,-0.0423786,-0.0430307,-0.0436876,-0.0443388,-0.0455764,-0.0463069,-0.0470687,-0.0478619,-0.0485918,-0.0494202,-0.0500666,-0.0510582,-0.0517003,-0.0525664,-0.0534011,-0.0542624,-0.0550177,-0.0555958,-0.0565655,-0.057165,-0.0581302,-0.0588393,-0.059343,-0.0603913,-0.060922,-0.0620865,-0.0626103,-0.0630719,-0.0638933,-0.0647078,-0.0652305,-0.0657373,-0.0666262,-0.0672876,-0.0680755,-0.0685929,-0.0690328,-0.069834,-0.0703718,-0.0709855,-0.0717061,-0.0724469,-0.0732551,-0.0744776,-0.0752741,-0.076023,-0.0767397,-0.0777609,-0.078708,-0.0795687,-0.0803622,-0.0816135,-0.0822175,-0.0829849,-0.0841926,-0.0848306,-0.0859106,-0.086539,-0.0871577,-0.0880089,-0.0884476,-0.0892848,-0.0902578,-0.0908894,-0.0912494,-0.0918671,-0.0926658,-0.0932976,-0.0944231,-0.0950615,-0.0959941,-0.09671,-0.0975467,-0.0981757,-0.0981937,-0.0987769,-0.0992749,-0.100185,-0.100823,-0.101306,-0.101851,-0.10259,-0.103253,-0.103932,-0.104483,-0.10508,-0.106134,-0.107286,nan,nan,nan,nan,nan,nan,nan,nan,nan,nan,nan,nan,nan,nan,nan,nan,
nan,nan,nan,nan,nan,nan,nan,nan,nan,nan,nan,nan,nan,nan,-0.0321841,-0.0325309,-0.0335367,-0.0345618,-0.0354641,-0.0360534,-0.0366603,-0.0372548,-0.0376851,-0.0385014,-0.0389496,-0.0397005,-0.0401201,-0.0405465,-0.0408027,-0.041414,-0.0420665,-0.0425064,-0.0431963,-0.0440834,-0.0450518,-0.0459122,-0.046579,-0.0475115,-0.0479925,-0.0489518,-0.0497802,-0.0506702,-0.0513338,-0.0521154,-0.0528988,-0.0535874,-0.0542932,-0.0549628,-0.0555625,-0.0563707,-0.0573437,-0.0582039,-0.05886,-0.0594214,-0.0602007,-0.0612269,-0.0617692,-0.0628735,-0.0635072,-0.0639863,-0.064692,-0.0653188,-0.0660984,-0.0668187,-0.0674833,-0.068245,-0.0686462,-0.069201,-0.0699085,-0.0705719,-0.0711028,-0.071842,-0.072825,-0.0739812,-0.0746842,-0.0752951,-0.0760048,-0.0768954,-0.0778516,-0.0787055,-0.0800522,-0.0808574,-0.081838,-0.0825588,-0.0835635,-0.0843763,-0.0851342,-0.0858998,-0.0868995,-0.0875683,-0.0881176,-0.0888036,-0.0895086,-0.0899988,-0.0905966,-0.0913775,-0.0922176,-0.0927823,-0.0936997,-0.094431,-0.0953987,-0.0961073,-0.0964973,-0.0972383,-0.0976029,-0.0983168,-0.0988415,-0.0993636,-0.100248,-0.100684,-0.101253,-0.101931,-0.102678,-0.103254,-0.104085,-0.104744,-0.105855,-0.107094,nan,nan,nan,nan,nan,nan,nan,nan,nan,nan,nan,nan,nan,nan,nan,nan,
nan,nan,nan,nan,nan,nan,nan,nan,nan,nan,nan,nan,nan,nan,-0.0312345,-0.0319443,-0.0326978,-0.0336364,-0.0345057,-0.0352505,-0.035865,-0.0363896,-0.0370637,-0.0378391,-0.0386639,-0.0392951,-0.0397732,-0.040031,-0.0403204,-0.0410549,-0.0417751,-0.0420062,-0.0425751,-0.0433658,-0.0446796,-0.0452671,-0.0460456,-0.0466667,-0.0473711,-0.0483242,-0.0491463,-0.0502788,-0.0508544,-0.0515706,-0.0522178,-0.0528857,-0.0536924,-0.0540344,-0.0549154,-0.0555788,-0.0565725,-0.0572216,-0.0580498,-0.0585713,-0.0591661,-0.0604266,-0.0614426,-0.0621193,-0.0630449,-0.0636535,-0.0644377,-0.0648647,-0.065638,-0.0664331,-0.0669784,-0.0675635,-0.068041,-0.068683,-0.0691448,-0.0698595,-0.070595,-0.0716633,-0.0725305,-0.0735668,-0.0737877,-0.0747637,-0.0755085,-0.0764754,-0.0773821,-0.0784989,-0.0790836,-0.0799933,-0.0810465,-0.0816372,-0.0831049,-0.0838272,-0.0845515,-0.0854381,-0.0863828,-0.0868212,-0.0875486,-0.0882961,-0.0887057,-0.0893047,-0.0899796,-0.0904513,-0.0910502,-0.0919922,-0.0929978,-0.0936323,-0.09456,-0.095062,-0.0959358,-0.0965932,-0.0971787,-0.0979007,-0.0984676,-0.0989704,-0.099671,-0.100214,-0.100748,-0.101401,-0.101875,-0.102639,-0.103454,-0.10418,-0.105319,-0.106529,nan,nan,nan,nan,nan,nan,nan,nan,nan,nan,nan,nan,nan,nan,nan,nan,
nan,nan,nan,nan,nan,nan,nan,nan,nan,nan,nan,nan,nan,nan,-0.0305041,-0.0307928,-0.0318266,-0.0330123,-0.0338607,-0.0346004,-0.0352385,-0.0359661,-0.0366124,-0.0372127,-0.0380516,-0.0385043,-0.0390634,-0.0396595,-0.0399818,-0.0404629,-0.0408387,-0.0413364,-0.0421701,-0.0430429,-0.0442735,-0.0445678,-0.0454978,-0.0461881,-0.0470161,-0.0478219,-0.0488331,-0.049838,-0.0503448,-0.0510054,-0.0517273,-0.0522916,-0.0529372,-0.0533743,-0.0541576,-0.0548369,-0.0557411,-0.056345,-0.0571732,-0.0577256,-0.0585678,-0.0599958,-0.0610862,-0.0616004,-0.0623628,-0.063111,-0.0640352,-0.064568,-0.065267,-0.066122,-0.0664967,-0.067131,-0.0678875,-0.0682492,-0.0685431,-0.0692338,-0.0699176,-0.0710844,-0.0719088,-0.0724672,-0.0731827,-0.0740538,-0.0748397,-0.0758182,-0.0768633,-0.077852,-0.0784674,-0.0791836,-0.0801974,-0.0812604,-0.0820867,-0.0832091,-0.0841386,-0.0849215,-0.0857929,-0.0862944,-0.0866754,-0.0874713,-0.0878407,-0.0887673,-0.0894273,-0.0899176,-0.0905582,-0.0912549,-0.0922846,-0.0928804,-0.0937304,-0.0944495,-0.095202,-0.0956132,-0.096384,-0.0972532,-0.0980889,-0.0986771,-0.0992021,-0.0996446,-0.100169,-0.100759,-0.101152,-0.102026,-0.102945,-0.103662,-0.104506,-0.105903,nan,nan,nan,nan,nan,nan,nan,nan,nan,nan,nan,nan,nan,nan,nan,nan,
nan,nan,nan,nan,nan,nan,nan,nan,nan,nan,nan,nan,nan,nan,-0.0303725,-0.0306802,-0.0315308,-0.0323601,-0.0331741,-0.0339905,-0.0347947,-0.0352578,-0.0359306,-0.0366129,-0.0375141,-0.0380413,-0.0387522,-0.0391192,-0.0396237,-0.0399837,-0.0401936,-0.0408921,-0.041911,-0.0425989,-0.0435873,-0.0443734,-0.0448443,-0.0458064,-0.0466638,-0.0475424,-0.0486942,-0.0495412,-0.0502081,-0.0508351,-0.0516036,-0.052109,-0.0525123,-0.0528663,-0.0535273,-0.0544676,-0.0549916,-0.0557117,-0.0566824,-0.0572399,-0.0582816,-0.0594411,-0.0605309,-0.0611796,-0.0619291,-0.0628236,-0.0634942,-0.0641806,-0.0649417,-0.0656714,-0.0662941,-0.0665193,-0.0673564,-0.0675229,-0.0680873,-0.0687434,-0.0695174,-0.0703582,-0.0708675,-0.0715594,-0.0725564,-0.0732571,-0.0741026,-0.0753864,-0.0763567,-0.0772177,-0.0781086,-0.0789491,-0.079706,-0.0808209,-0.0815056,-0.0825843,-0.0838895,-0.0841908,-0.0850051,-0.0855221,-0.0860296,-0.0867557,-0.0872258,-0.0879556,-0.0889974,-0.0893546,-0.0900105,-0.0905997,-0.0914948,-0.0923425,-0.093225,-0.0937882,-0.0944607,-0.0952629,-0.0959247,-0.0968388,-0.0976261,-0.0980741,-0.0983872,-0.0989558,-0.0992578,-0.10009,-0.100895,-0.101498,-0.102124,-0.103097,-0.103865,-0.105155,nan,nan,nan,nan,nan,nan,nan,nan,nan,nan,nan,nan,nan,nan,nan,nan,
nan,nan,nan,nan,nan,nan,nan,nan,nan,nan,nan,nan,nan,nan,-0.0297888,-0.0304532,-0.0311519,-0.0317015,-0.0324915,-0.0333037,-0.034059,-0.0345394,-0.0353626,-0.0360299,-0.0367336,-0.0375191,-0.0380613,-0.0385877,-0.0393539,-0.0393871,-0.040037,-0.0406945,-0.041558,-0.0423978,-0.0431613,-0.0442219,-0.044436,-0.0452719,-0.0461783,-0.0470263,-0.048174,-0.0490356,-0.0497315,-0.0503281,-0.0509434,-0.0517012,-0.0520685,-0.052338,-0.0530512,-0.0538815,-0.0543433,-0.0554556,-0.0560786,-0.0570356,-0.0577903,-0.0589744,-0.0600704,-0.0608445,-0.0615387,-0.0621732,-0.0629586,-0.0636404,-0.0644998,-0.0651483,-0.0656558,-0.0662655,-0.0672233,-0.0670734,-0.0676557,-0.0682862,-0.0689267,-0.0697597,-0.0702872,-0.0713589,-0.0718044,-0.0724437,-0.0735694,-0.074918,-0.0757062,-0.0766822,-0.0777678,-0.0783668,-0.0793703,-0.0801392,-0.0811745,-0.082172,-0.0830001,-0.0837644,-0.084371,-0.084631,-0.0851887,-0.0859733,-0.0866669,-0.08738,-0.0882048,-0.0890747,-0.0896813,-0.0902179,-0.0906654,-0.0918637,-0.0926551,-0.0936248,-0.0942017,-0.0949273,-0.0955996,-0.0963618,-0.0969527,-0.0971377,-0.0974388,-0.0980362,-0.098618,-0.099618,-0.100159,-0.101002,-0.101569,-0.102209,-0.102852,-0.103876,nan,nan,nan,nan,nan,nan,nan,nan,nan,nan,nan,nan,nan,nan,nan,nan,
nan,nan,nan,nan,nan,nan,nan,nan,nan,nan,nan,nan,nan,nan,-0.0289876,-0.0295715,-0.0305128,-0.0311471,-0.031915,-0.032702,-0.0333178,-0.033968,-0.0346888,-0.0354493,-0.0363468,-0.0369289,-0.0375276,-0.0380842,-0.0386318,-0.0390711,-0.0399571,-0.0407156,-0.0412515,-0.0423452,-0.0428228,-0.0433406,-0.0442152,-0.0449233,-0.0455996,-0.0464705,-0.0473185,-0.0481082,-0.0490034,-0.0498566,-0.0505277,-0.0509181,-0.0515323,-0.0519069,-0.052636,-0.0533459,-0.0540147,-0.0548964,-0.0554048,-0.0563263,-0.0572115,-0.0581127,-0.0593691,-0.0602485,-0.0607427,-0.0617382,-0.0623729,-0.0632268,-0.0639937,-0.0646121,-0.0650369,-0.0657317,-0.0665521,-0.0669816,-0.0673475,-0.0677339,-0.0683298,-0.0691754,-0.0696844,-0.0705669,-0.0710898,-0.072056,-0.0732794,-0.0741572,-0.0752918,-0.0762515,-0.0772188,-0.0778267,-0.0786651,-0.0798527,-0.0803235,-0.0817407,-0.0825634,-0.0830168,-0.0836371,-0.0839291,-0.0844525,-0.0851929,-0.086016,-0.0868522,-0.0877749,-0.0883672,-0.0890749,-0.0898083,-0.0903687,-0.0913416,-0.0921447,-0.0929728,-0.0937383,-0.0942232,-0.0949792,-0.0954407,-0.0960568,-0.0965947,-0.0968618,-0.0974507,-0.0979901,-0.0989862,-0.099753,-0.100623,-0.101327,-0.101873,-0.10255,-0.103302,nan,nan,nan,nan,nan,nan,nan,nan,nan,nan,nan,nan,nan,nan,nan,nan,
nan,nan,nan,nan,nan,nan,nan,nan,nan,nan,nan,nan,nan,nan,-0.0277269,-0.0284052,-0.0294695,-0.0302075,-0.0309897,-0.0319764,-0.0325521,-0.033472,-0.0342256,-0.0350409,-0.0359593,-0.0363062,-0.0371202,-0.0374841,-0.0381177,-0.0390309,-0.0398863,-0.0405077,-0.0411211,-0.0418326,-0.0424955,-0.0430365,-0.0435991,-0.0443662,-0.0452493,-0.0460199,-0.0465954,-0.0475695,-0.0484652,-0.049181,-0.0499463,-0.0505166,-0.0510631,-0.0515205,-0.0522136,-0.0530142,-0.0535858,-0.0541626,-0.0548841,-0.0553986,-0.056126,-0.057387,-0.0584598,-0.0591254,-0.0599611,-0.060985,-0.0618507,-0.0624308,-0.0632994,-0.0638513,-0.0643939,-0.0651075,-0.0658124,-0.0662067,-0.0668253,-0.0673225,-0.0679036,-0.0685176,-0.0692721,-0.0700536,-0.0708686,-0.0716646,-0.072686,-0.0733116,-0.0743805,-0.0754379,-0.0763774,-0.0772791,-0.0781063,-0.0791561,-0.0797762,-0.0810219,-0.0818118,-0.0823996,-0.0829433,-0.0833387,-0.0842231,-0.0849431,-0.0854257,-0.086364,-0.0873523,-0.0877451,-0.0881468,-0.0889876,-0.0897865,-0.0907344,-0.0915722,-0.0925593,-0.0931493,-0.0936091,-0.0942304,-0.0948537,-0.0954946,-0.0962107,-0.0963386,-0.0968423,-0.0978814,-0.0983153,-0.0990313,-0.0997242,-0.100549,-0.101238,-0.101819,-0.102831,nan,nan,nan,nan,nan,nan,nan,nan,nan,nan,nan,nan,nan,nan,nan,nan,
nan,nan,nan,nan,nan,nan,nan,nan,nan,nan,nan,nan,nan,nan,-0.0266846,-0.0277397,-0.0284868,-0.0293496,-0.0302773,-0.0312602,-0.0318359,-0.0327433,-0.033694,-0.034404,-0.035357,-0.035996,-0.0366228,-0.0369478,-0.0379388,-0.0387898,-0.0392859,-0.0399596,-0.0406171,-0.0416204,-0.0420765,-0.0427661,-0.0431392,-0.0441224,-0.0448605,-0.0456753,-0.0461679,-0.0467511,-0.0476667,-0.0485508,-0.0491229,-0.0496849,-0.0501243,-0.0511357,-0.0516931,-0.0523832,-0.0531245,-0.0538659,-0.0541125,-0.0548179,-0.0555291,-0.056584,-0.0577135,-0.0585851,-0.0595161,-0.0605467,-0.0613707,-0.0618522,-0.0624914,-0.0631396,-0.0637168,-0.064377,-0.0651601,-0.0655571,-0.0659575,-0.066731,-0.0676436,-0.0677744,-0.0684783,-0.0696632,-0.0704709,-0.071073,-0.0722077,-0.07281,-0.0737744,-0.0746132,-0.0759108,-0.076434,-0.0776254,-0.0784769,-0.0792841,-0.0804122,-0.0812436,-0.081653,-0.082256,-0.0830719,-0.0839927,-0.0844595,-0.085423,-0.0858292,-0.0866022,-0.0872868,-0.0879426,-0.0885219,-0.0892869,-0.0904661,-0.0911754,-0.0919268,-0.0922317,-0.0928797,-0.0933922,-0.094288,-0.0947925,-0.095521,-0.0961164,-0.0967743,-0.0973608,-0.0979398,-0.0982622,-0.098916,-0.0998315,-0.100233,-0.10074,-0.101798,nan,nan,nan,nan,nan,nan,nan,nan,nan,nan,nan,nan,nan,nan,nan,nan,
nan,nan,nan,nan,nan,nan,nan,nan,nan,nan,nan,nan,nan,nan,-0.0261271,-0.0268696,-0.027602,-0.0286222,-0.0294992,-0.0303173,-0.0311072,-0.0324511,-0.033163,-0.0340667,-0.0349584,-0.0354712,-0.0359204,-0.0365378,-0.0375099,-0.0383781,-0.0387749,-0.0393871,-0.040108,-0.041069,-0.0415608,-0.0421949,-0.0426635,-0.0435481,-0.0443132,-0.0448788,-0.0456709,-0.0462727,-0.0470605,-0.0479787,-0.0482175,-0.0490484,-0.0496261,-0.0504657,-0.0512026,-0.0520831,-0.0525193,-0.05319,-0.0534845,-0.0541396,-0.0548942,-0.0559641,-0.0569334,-0.0580184,-0.0590447,-0.0601163,-0.0607545,-0.0614136,-0.0622332,-0.0628822,-0.0632546,-0.0634821,-0.0642676,-0.06483,-0.0650278,-0.0658872,-0.06686,-0.0670283,-0.0676058,-0.0688535,-0.0696677,-0.0704242,-0.0712631,-0.0721371,-0.0732534,-0.0741066,-0.0751525,-0.0761381,-0.0768762,-0.0776362,-0.0786871,-0.0796832,-0.0802883,-0.0810256,-0.0817769,-0.0829262,-0.0834818,-0.0841638,-0.0846758,-0.0853134,-0.0860048,-0.0866276,-0.0873993,-0.0880387,-0.0889975,-0.0898816,-0.0904783,-0.0909349,-0.0914675,-0.0919796,-0.0925751,-0.0936325,-0.0940422,-0.0948157,-0.0954261,-0.096206,-0.0966763,-0.0974181,-0.0979414,-0.0984108,-0.099243,-0.0996388,-0.100108,-0.100438,nan,nan,nan,nan,nan,nan,nan,nan,nan,nan,nan,nan,nan,nan,nan,nan,
nan,nan,nan,nan,nan,nan,nan,nan,nan,nan,nan,nan,nan,nan,-0.0248559,-0.0259378,-0.0268474,-0.0277233,-0.028892,-0.0299603,-0.0308138,-0.0318088,-0.0327345,-0.0337314,-0.0345285,-0.0348577,-0.035577,-0.0363495,-0.0373071,-0.0380372,-0.0386399,-0.0390578,-0.0396066,-0.0404635,-0.0409736,-0.04162,-0.0423311,-0.0429557,-0.0438004,-0.04454,-0.0452588,-0.045821,-0.0464554,-0.047414,-0.047865,-0.0485082,-0.049171,-0.0497786,-0.0504721,-0.0512204,-0.0519791,-0.0524289,-0.0529654,-0.0536956,-0.0544232,-0.0553211,-0.0562969,-0.0571935,-0.0582654,-0.0593233,-0.0599307,-0.0604973,-0.0614967,-0.0622051,-0.0628795,-0.0632208,-0.063552,-0.0641121,-0.06453,-0.0651714,-0.0659299,-0.066469,-0.0672598,-0.0680635,-0.0688728,-0.0695855,-0.0704684,-0.0714023,-0.0726239,-0.0737411,-0.0745321,-0.0755425,-0.0763857,-0.0771012,-0.0781774,-0.0789111,-0.079666,-0.0807011,-0.0813433,-0.0823495,-0.0829974,-0.0836921,-0.0838797,-0.0847782,-0.0853436,-0.0859305,-0.086616,-0.0876557,-0.0884296,-0.0893364,-0.0897828,-0.0903648,-0.0907853,-0.0913656,-0.0923342,-0.0932303,-0.0935922,-0.0939727,-0.0948743,-0.095677,-0.096257,-0.0966918,-0.0973714,-0.0979099,-0.0983843,-0.0988781,-0.0994324,-0.10011,nan,nan,nan,nan,nan,nan,nan,nan,nan,nan,nan,nan,nan,nan,nan,nan,
nan,nan,nan,nan,nan,nan,nan,nan,nan,nan,nan,nan,nan,nan,-0.0245354,-0.0252548,-0.0264783,-0.0273043,-0.0283518,-0.0293717,-0.0303545,-0.0311134,-0.0322066,-0.0330683,-0.0337432,-0.0345828,-0.0351637,-0.0362097,-0.0371635,-0.0376903,-0.0381299,-0.0384456,-0.0392754,-0.0399552,-0.0405111,-0.0410477,-0.0416877,-0.0424945,-0.0431115,-0.0440447,-0.0449686,-0.0454157,-0.0460214,-0.0467269,-0.0474299,-0.0479768,-0.0486742,-0.0493037,-0.0499519,-0.050564,-0.0513353,-0.0519308,-0.0527623,-0.053477,-0.0542635,-0.0550426,-0.0558568,-0.0566766,-0.057505,-0.0583681,-0.0591646,-0.0597473,-0.0605397,-0.0613774,-0.0623407,-0.0623404,-0.0628406,-0.0632836,-0.0637563,-0.0642892,-0.0651195,-0.0656178,-0.0668434,-0.0673012,-0.0679671,-0.0691239,-0.0698896,-0.0707094,-0.0718697,-0.0726228,-0.0736681,-0.0748401,-0.0758662,-0.076934,-0.0777048,-0.0784447,-0.0793012,-0.079918,-0.0805637,-0.0815658,-0.0823912,-0.083017,-0.0834766,-0.0842218,-0.0846451,-0.0855752,-0.0860947,-0.0869222,-0.0876755,-0.088605,-0.0891898,-0.0898351,-0.0903565,-0.0910648,-0.0918175,-0.0925123,-0.0929936,-0.093376,-0.0944781,-0.0952149,-0.0958918,-0.0963221,-0.0968609,-0.097519,-0.0979836,-0.0987348,-0.099002,-0.0997777,nan,nan,nan,nan,nan,nan,nan,nan,nan,nan,nan,nan,nan,nan,nan,nan,
nan,nan,nan,nan,nan,nan,nan,nan,nan,nan,nan,nan,nan,nan,-0.0238318,-0.0247122,-0.0259157,-0.0267241,-0.0276854,-0.0287659,-0.0297884,-0.0307195,-0.0317153,-0.0327614,-0.0332802,-0.033824,-0.0346435,-0.0358535,-0.0367106,-0.0370689,-0.0374801,-0.0378063,-0.0385963,-0.0392772,-0.0399804,-0.0405379,-0.0409742,-0.0415275,-0.0423004,-0.0433022,-0.0441872,-0.0449894,-0.0455997,-0.0462997,-0.0469356,-0.047467,-0.0483479,-0.0487453,-0.0494547,-0.0503217,-0.0509412,-0.0513899,-0.052366,-0.0529324,-0.0537021,-0.0546188,-0.0553857,-0.055972,-0.0569071,-0.0578647,-0.0585876,-0.0593124,-0.0599072,-0.060526,-0.061195,-0.0615752,-0.0621658,-0.0624943,-0.0630013,-0.0636486,-0.0644465,-0.0651265,-0.0660838,-0.0668434,-0.0675939,-0.0685114,-0.0692547,-0.0698624,-0.0710303,-0.0720013,-0.073031,-0.0742906,-0.0753096,-0.0764627,-0.0771254,-0.0778664,-0.0786499,-0.079284,-0.0799082,-0.0811783,-0.0818039,-0.0823028,-0.0830629,-0.0836446,-0.0843809,-0.0850654,-0.0854637,-0.0864155,-0.0870641,-0.087991,-0.088934,-0.0896349,-0.0898127,-0.0904811,-0.0913215,-0.0916725,-0.092111,-0.0929726,-0.0936889,-0.0944991,-0.0948695,-0.0956187,-0.0961031,-0.0969167,-0.0976598,-0.098354,-0.0988366,-0.100048,nan,nan,nan,nan,nan,nan,nan,nan,nan,nan,nan,nan,nan,nan,nan,nan,
nan,nan,nan,nan,nan,nan,nan,nan,nan,nan,nan,nan,nan,nan,-0.0227594,-0.024224,-0.0252826,-0.0260604,-0.0271649,-0.028355,-0.0293754,-0.0302714,-0.0312702,-0.0320832,-0.0328975,-0.0334555,-0.0340084,-0.0353006,-0.0360572,-0.0366916,-0.0369188,-0.0373547,-0.0378926,-0.0387941,-0.0393797,-0.0399395,-0.040493,-0.0407823,-0.0416396,-0.0424999,-0.0432652,-0.0440889,-0.044655,-0.0457576,-0.0461608,-0.046866,-0.0476649,-0.048175,-0.0487724,-0.0496918,-0.0506512,-0.0511072,-0.0519214,-0.0522183,-0.0532908,-0.0539266,-0.0548395,-0.0553657,-0.0562438,-0.056939,-0.0577913,-0.0586012,-0.0591763,-0.0596326,-0.0602341,-0.0609176,-0.0613703,-0.061781,-0.0623947,-0.0630625,-0.0638731,-0.0645596,-0.0653744,-0.0662765,-0.0672914,-0.0679871,-0.0686367,-0.0694022,-0.07025,-0.0715288,-0.072508,-0.0738436,-0.0747171,-0.0758353,-0.076364,-0.0773162,-0.077777,-0.0785928,-0.0795285,-0.0805361,-0.081178,-0.081586,-0.0824338,-0.082935,-0.0836713,-0.0844252,-0.0850041,-0.0859064,-0.0866385,-0.0875319,-0.0882089,-0.0891871,-0.0891231,-0.0900762,-0.0907103,-0.0910471,-0.0916337,-0.0922855,-0.0930573,-0.0937605,-0.0940289,-0.0947192,-0.0954454,-0.0963489,-0.09729,-0.0978877,-0.098649,-0.0998163,nan,nan,nan,nan,nan,nan,nan,nan,nan,nan,nan,nan,nan,nan,nan,nan,
nan,nan,nan,nan,nan,nan,nan,nan,nan,nan,nan,nan,nan,nan,-0.0222813,-0.0236093,-0.024857,-0.0256442,-0.0267528,-0.028051,-0.0289619,-0.0299644,-0.0308672,-0.0314289,-0.0323591,-0.0330469,-0.0335707,-0.0345403,-0.0356431,-0.0361266,-0.0362361,-0.0368555,-0.0374164,-0.0380758,-0.0388186,-0.0393264,-0.039992,-0.0402605,-0.0410471,-0.0419915,-0.0424706,-0.0432074,-0.0441849,-0.0450309,-0.0453379,-0.0462683,-0.0469426,-0.0476219,-0.0480373,-0.0490742,-0.0500213,-0.0506856,-0.0513511,-0.0518864,-0.0528711,-0.0532225,-0.0541031,-0.0547605,-0.055439,-0.0560189,-0.0568364,-0.0577792,-0.0582878,-0.0589084,-0.059424,-0.0601371,-0.060758,-0.061133,-0.0616455,-0.0624367,-0.0633119,-0.0638107,-0.0647609,-0.0655606,-0.0665466,-0.067314,-0.0680913,-0.0688949,-0.0696925,-0.0707554,-0.0721193,-0.0736443,-0.0741772,-0.0750149,-0.0757076,-0.0767162,-0.0770996,-0.0779091,-0.0793826,-0.079956,-0.0804298,-0.0812672,-0.081734,-0.0823563,-0.0830002,-0.0838645,-0.0845293,-0.085502,-0.0863342,-0.0870728,-0.0876847,-0.08854,-0.0884069,-0.0892882,-0.0897193,-0.0902799,-0.0908966,-0.0915899,-0.0923757,-0.0929546,-0.0935333,-0.0938807,-0.0950565,-0.0958699,-0.0966818,-0.0974114,-0.097903,-0.0990355,nan,nan,nan,nan,nan,nan,nan,nan,nan,nan,nan,nan,nan,nan,nan,nan,
nan,nan,nan,nan,nan,nan,nan,nan,nan,nan,nan,nan,nan,nan,-0.0223018,-0.0237235,-0.0244386,-0.0252972,-0.0263159,-0.027556,-0.028453,-0.0292689,-0.0299324,-0.030749,-0.0313731,-0.0322902,-0.0329721,-0.0336271,-0.0349765,-0.0353233,-0.0357153,-0.0361259,-0.0365485,-0.03704,-0.0381765,-0.0385708,-0.0393107,-0.0397587,-0.0405319,-0.0408576,-0.0415038,-0.0422313,-0.0436135,-0.0442945,-0.0447358,-0.0455796,-0.0462109,-0.0470632,-0.0474886,-0.0485573,-0.0494701,-0.0501443,-0.0506348,-0.0512935,-0.0521006,-0.052608,-0.0533483,-0.0540944,-0.0546663,-0.0553125,-0.0560874,-0.0572306,-0.0576229,-0.0580516,-0.0586312,-0.059507,-0.0600103,-0.0604572,-0.0611672,-0.0619112,-0.0627879,-0.063244,-0.0640394,-0.0651019,-0.0658781,-0.0665145,-0.0677055,-0.0683433,-0.0693759,-0.0703634,-0.0720217,-0.072983,-0.0736752,-0.0740314,-0.0749661,-0.0758699,-0.0766066,-0.0774011,-0.0786798,-0.0791358,-0.0798473,-0.0805331,-0.0810912,-0.0815077,-0.0824445,-0.083447,-0.0841792,-0.0852101,-0.0860593,-0.0865242,-0.0870325,-0.087489,-0.0880662,-0.0887985,-0.0892911,-0.0898164,-0.0902001,-0.0909337,-0.0917782,-0.0925274,-0.0929112,-0.0934997,-0.0943678,-0.0952378,-0.0960823,-0.0964865,-0.0966697,-0.0973782,nan,nan,nan,nan,nan,nan,nan,nan,nan,nan,nan,nan,nan,nan,nan,nan,
nan,nan,nan,nan,nan,nan,nan,nan,nan,nan,nan,nan,nan,nan,-0.0215796,-0.0236809,-0.0238765,-0.024974,-0.0258425,-0.0269033,-0.0279854,-0.0286,-0.0292622,-0.0297842,-0.0306807,-0.0315099,-0.0321821,-0.0324936,-0.0340694,-0.0341113,-0.0345519,-0.0353356,-0.0358145,-0.0365153,-0.0373604,-0.0380862,-0.0387333,-0.0394751,-0.0399592,-0.0408211,-0.0412778,-0.0417061,-0.0430654,-0.0439162,-0.0442236,-0.045209,-0.0457302,-0.0465591,-0.0468706,-0.0479919,-0.0489176,-0.0495414,-0.0498367,-0.0505961,-0.051493,-0.0518566,-0.0528341,-0.0533948,-0.0538299,-0.0545683,-0.0550011,-0.0562818,-0.0566451,-0.0571051,-0.0576408,-0.0583241,-0.0588679,-0.0594232,-0.0601925,-0.0612398,-0.0621002,-0.0626943,-0.0635673,-0.0644474,-0.0653328,-0.0661287,-0.0675623,-0.0679977,-0.0687538,-0.0699126,-0.0715119,-0.0722316,-0.0729442,-0.073158,-0.0744748,-0.0753878,-0.0764153,-0.0769502,-0.0782277,-0.0786054,-0.0792852,-0.0796783,-0.0803728,-0.0807848,-0.0816541,-0.0829026,-0.0836844,-0.084772,-0.0851112,-0.0856194,-0.0860767,-0.0865551,-0.0875988,-0.088358,-0.0887258,-0.0894033,-0.089597,-0.0905153,-0.091335,-0.0922512,-0.0927068,-0.0929282,-0.0936047,-0.0945239,-0.0949515,-0.0949203,-0.0957696,-0.0972699,nan,nan,nan,nan,nan,nan,nan,nan,nan,nan,nan,nan,nan,nan,nan,nan,
nan,nan,nan,nan,nan,nan,nan,nan,nan,nan,nan,nan,nan,nan,-0.0211371,-0.0240339,-0.0236687,-0.0243424,-0.0253091,-0.0262005,-0.0274826,-0.0279909,-0.0284477,-0.0290757,-0.0293273,-0.0302728,-0.0313665,-0.0314935,-0.0329256,-0.0327507,-0.0334934,-0.0339581,-0.0345136,-0.0351911,-0.0360226,-0.0374865,-0.0381731,-0.0396955,-0.0399647,-0.0405071,-0.0408184,-0.0415795,-0.0432506,-0.0437723,-0.0442633,-0.0448091,-0.0454927,-0.046885,-0.0468877,-0.0477907,-0.0484063,-0.0492249,-0.0492953,-0.0502783,-0.0507408,-0.051271,-0.0520468,-0.0527122,-0.0531605,-0.0538125,-0.0544822,-0.055427,-0.0554505,-0.0558289,-0.0558977,-0.0571189,-0.0574845,-0.0578831,-0.0591503,-0.0601676,-0.0614091,-0.0619841,-0.0630666,-0.0637229,-0.0646451,-0.0649237,-0.0667209,-0.0674541,-0.068648,-0.0695814,-0.0713086,-0.0718603,-0.0724686,-0.0727283,-0.0743444,-0.0750171,-0.0761842,-0.076838,-0.0780279,-0.0778661,-0.0787234,-0.0791776,-0.0796382,-0.0800769,-0.0811716,-0.0822098,-0.0827043,-0.0836279,-0.0845233,-0.0850307,-0.0853706,-0.0855103,-0.0868504,-0.087643,-0.0881513,-0.0891519,-0.0897094,-0.0902049,-0.0911533,-0.0918348,-0.0922815,-0.0924147,-0.0924885,-0.0929574,-0.0936059,-0.0942351,-0.0957258,-0.0953733,nan,nan,nan,nan,nan,nan,nan,nan,nan,nan,nan,nan,nan,nan,nan,nan,
nan,nan,nan,nan,nan,nan,nan,nan,nan,nan,nan,nan,nan,nan,nan,nan,nan,nan,nan,nan,nan,nan,nan,nan,nan,nan,nan,nan,nan,nan,nan,nan,nan,nan,nan,nan,nan,nan,nan,nan,nan,nan,nan,nan,nan,nan,nan,nan,nan,nan,nan,nan,nan,nan,nan,nan,nan,nan,nan,nan,nan,nan,nan,nan,nan,nan,nan,nan,nan,nan,nan,nan,nan,nan,nan,nan,nan,nan,nan,nan,nan,nan,nan,nan,nan,nan,nan,nan,nan,nan,nan,nan,nan,nan,nan,nan,nan,nan,nan,nan,nan,nan,nan,nan,nan,nan,nan,nan,nan,nan,nan,nan,nan,nan,nan,nan,nan,nan,nan,nan,nan,nan,nan,nan,nan,nan,nan,nan,nan,nan,nan,nan,nan,nan,
nan,nan,nan,nan,nan,nan,nan,nan,nan,nan,nan,nan,nan,nan,nan,nan,nan,nan,nan,nan,nan,nan,nan,nan,nan,nan,nan,nan,nan,nan,nan,nan,nan,nan,nan,nan,nan,nan,nan,nan,nan,nan,nan,nan,nan,nan,nan,nan,nan,nan,nan,nan,nan,nan,nan,nan,nan,nan,nan,nan,nan,nan,nan,nan,nan,nan,nan,nan,nan,nan,nan,nan,nan,nan,nan,nan,nan,nan,nan,nan,nan,nan,nan,nan,nan,nan,nan,nan,nan,nan,nan,nan,nan,nan,nan,nan,nan,nan,nan,nan,nan,nan,nan,nan,nan,nan,nan,nan,nan,nan,nan,nan,nan,nan,nan,nan,nan,nan,nan,nan,nan,nan,nan,nan,nan,nan,nan,nan,nan,nan,nan,nan,nan,nan,
nan,nan,nan,nan,nan,nan,nan,nan,nan,nan,nan,nan,nan,nan,nan,nan,nan,nan,nan,nan,nan,nan,nan,nan,nan,nan,nan,nan,nan,nan,nan,nan,nan,nan,nan,nan,nan,nan,nan,nan,nan,nan,nan,nan,nan,nan,nan,nan,nan,nan,nan,nan,nan,nan,nan,nan,nan,nan,nan,nan,nan,nan,nan,nan,nan,nan,nan,nan,nan,nan,nan,nan,nan,nan,nan,nan,nan,nan,nan,nan,nan,nan,nan,nan,nan,nan,nan,nan,nan,nan,nan,nan,nan,nan,nan,nan,nan,nan,nan,nan,nan,nan,nan,nan,nan,nan,nan,nan,nan,nan,nan,nan,nan,nan,nan,nan,nan,nan,nan,nan,nan,nan,nan,nan,nan,nan,nan,nan,nan,nan,nan,nan,nan,nan,
nan,nan,nan,nan,nan,nan,nan,nan,nan,nan,nan,nan,nan,nan,nan,nan,nan,nan,nan,nan,nan,nan,nan,nan,nan,nan,nan,nan,nan,nan,nan,nan,nan,nan,nan,nan,nan,nan,nan,nan,nan,nan,nan,nan,nan,nan,nan,nan,nan,nan,nan,nan,nan,nan,nan,nan,nan,nan,nan,nan,nan,nan,nan,nan,nan,nan,nan,nan,nan,nan,nan,nan,nan,nan,nan,nan,nan,nan,nan,nan,nan,nan,nan,nan,nan,nan,nan,nan,nan,nan,nan,nan,nan,nan,nan,nan,nan,nan,nan,nan,nan,nan,nan,nan,nan,nan,nan,nan,nan,nan,nan,nan,nan,nan,nan,nan,nan,nan,nan,nan,nan,nan,nan,nan,nan,nan,nan,nan,nan,nan,nan,nan,nan,nan,
nan,nan,nan,nan,nan,nan,nan,nan,nan,nan,nan,nan,nan,nan,nan,nan,nan,nan,nan,nan,nan,nan,nan,nan,nan,nan,nan,nan,nan,nan,nan,nan,nan,nan,nan,nan,nan,nan,nan,nan,nan,nan,nan,nan,nan,nan,nan,nan,nan,nan,nan,nan,nan,nan,nan,nan,nan,nan,nan,nan,nan,nan,nan,nan,nan,nan,nan,nan,nan,nan,nan,nan,nan,nan,nan,nan,nan,nan,nan,nan,nan,nan,nan,nan,nan,nan,nan,nan,nan,nan,nan,nan,nan,nan,nan,nan,nan,nan,nan,nan,nan,nan,nan,nan,nan,nan,nan,nan,nan,nan,nan,nan,nan,nan,nan,nan,nan,nan,nan,nan,nan,nan,nan,nan,nan,nan,nan,nan,nan,nan,nan,nan,nan,nan,
nan,nan,nan,nan,nan,nan,nan,nan,nan,nan,nan,nan,nan,nan,nan,nan,nan,nan,nan,nan,nan,nan,nan,nan,nan,nan,nan,nan,nan,nan,nan,nan,nan,nan,nan,nan,nan,nan,nan,nan,nan,nan,nan,nan,nan,nan,nan,nan,nan,nan,nan,nan,nan,nan,nan,nan,nan,nan,nan,nan,nan,nan,nan,nan,nan,nan,nan,nan,nan,nan,nan,nan,nan,nan,nan,nan,nan,nan,nan,nan,nan,nan,nan,nan,nan,nan,nan,nan,nan,nan,nan,nan,nan,nan,nan,nan,nan,nan,nan,nan,nan,nan,nan,nan,nan,nan,nan,nan,nan,nan,nan,nan,nan,nan,nan,nan,nan,nan,nan,nan,nan,nan,nan,nan,nan,nan,nan,nan,nan,nan,nan,nan,nan,nan,
nan,nan,nan,nan,nan,nan,nan,nan,nan,nan,nan,nan,nan,nan,nan,nan,nan,nan,nan,nan,nan,nan,nan,nan,nan,nan,nan,nan,nan,nan,nan,nan,nan,nan,nan,nan,nan,nan,nan,nan,nan,nan,nan,nan,nan,nan,nan,nan,nan,nan,nan,nan,nan,nan,nan,nan,nan,nan,nan,nan,nan,nan,nan,nan,nan,nan,nan,nan,nan,nan,nan,nan,nan,nan,nan,nan,nan,nan,nan,nan,nan,nan,nan,nan,nan,nan,nan,nan,nan,nan,nan,nan,nan,nan,nan,nan,nan,nan,nan,nan,nan,nan,nan,nan,nan,nan,nan,nan,nan,nan,nan,nan,nan,nan,nan,nan,nan,nan,nan,nan,nan,nan,nan,nan,nan,nan,nan,nan,nan,nan,nan,nan,nan,nan,
nan,nan,nan,nan,nan,nan,nan,nan,nan,nan,nan,nan,nan,nan,nan,nan,nan,nan,nan,nan,nan,nan,nan,nan,nan,nan,nan,nan,nan,nan,nan,nan,nan,nan,nan,nan,nan,nan,nan,nan,nan,nan,nan,nan,nan,nan,nan,nan,nan,nan,nan,nan,nan,nan,nan,nan,nan,nan,nan,nan,nan,nan,nan,nan,nan,nan,nan,nan,nan,nan,nan,nan,nan,nan,nan,nan,nan,nan,nan,nan,nan,nan,nan,nan,nan,nan,nan,nan,nan,nan,nan,nan,nan,nan,nan,nan,nan,nan,nan,nan,nan,nan,nan,nan,nan,nan,nan,nan,nan,nan,nan,nan,nan,nan,nan,nan,nan,nan,nan,nan,nan,nan,nan,nan,nan,nan,nan,nan,nan,nan,nan,nan,nan,nan,
nan,nan,nan,nan,nan,nan,nan,nan,nan,nan,nan,nan,nan,nan,nan,nan,nan,nan,nan,nan,nan,nan,nan,nan,nan,nan,nan,nan,nan,nan,nan,nan,nan,nan,nan,nan,nan,nan,nan,nan,nan,nan,nan,nan,nan,nan,nan,nan,nan,nan,nan,nan,nan,nan,nan,nan,nan,nan,nan,nan,nan,nan,nan,nan,nan,nan,nan,nan,nan,nan,nan,nan,nan,nan,nan,nan,nan,nan,nan,nan,nan,nan,nan,nan,nan,nan,nan,nan,nan,nan,nan,nan,nan,nan,nan,nan,nan,nan,nan,nan,nan,nan,nan,nan,nan,nan,nan,nan,nan,nan,nan,nan,nan,nan,nan,nan,nan,nan,nan,nan,nan,nan,nan,nan,nan,nan,nan,nan,nan,nan,nan,nan,nan,nan,
nan,nan,nan,nan,nan,nan,nan,nan,nan,nan,nan,nan,nan,nan,nan,nan,nan,nan,nan,nan,nan,nan,nan,nan,nan,nan,nan,nan,nan,nan,nan,nan,nan,nan,nan,nan,nan,nan,nan,nan,nan,nan,nan,nan,nan,nan,nan,nan,nan,nan,nan,nan,nan,nan,nan,nan,nan,nan,nan,nan,nan,nan,nan,nan,nan,nan,nan,nan,nan,nan,nan,nan,nan,nan,nan,nan,nan,nan,nan,nan,nan,nan,nan,nan,nan,nan,nan,nan,nan,nan,nan,nan,nan,nan,nan,nan,nan,nan,nan,nan,nan,nan,nan,nan,nan,nan,nan,nan,nan,nan,nan,nan,nan,nan,nan,nan,nan,nan,nan,nan,nan,nan,nan,nan,nan,nan,nan,nan,nan,nan,nan,nan,nan,nan,
nan,nan,nan,nan,nan,nan,nan,nan,nan,nan,nan,nan,nan,nan,nan,nan,nan,nan,nan,nan,nan,nan,nan,nan,nan,nan,nan,nan,nan,nan,nan,nan,nan,nan,nan,nan,nan,nan,nan,nan,nan,nan,nan,nan,nan,nan,nan,nan,nan,nan,nan,nan,nan,nan,nan,nan,nan,nan,nan,nan,nan,nan,nan,nan,nan,nan,nan,nan,nan,nan,nan,nan,nan,nan,nan,nan,nan,nan,nan,nan,nan,nan,nan,nan,nan,nan,nan,nan,nan,nan,nan,nan,nan,nan,nan,nan,nan,nan,nan,nan,nan,nan,nan,nan,nan,nan,nan,nan,nan,nan,nan,nan,nan,nan,nan,nan,nan,nan,nan,nan,nan,nan,nan,nan,nan,nan,nan,nan,nan,nan,nan,nan,nan,nan,
nan,nan,nan,nan,nan,nan,nan,nan,nan,nan,nan,nan,nan,nan,nan,nan,nan,nan,nan,nan,nan,nan,nan,nan,nan,nan,nan,nan,nan,nan,nan,nan,nan,nan,nan,nan,nan,nan,nan,nan,nan,nan,nan,nan,nan,nan,nan,nan,nan,nan,nan,nan,nan,nan,nan,nan,nan,nan,nan,nan,nan,nan,nan,nan,nan,nan,nan,nan,nan,nan,nan,nan,nan,nan,nan,nan,nan,nan,nan,nan,nan,nan,nan,nan,nan,nan,nan,nan,nan,nan,nan,nan,nan,nan,nan,nan,nan,nan,nan,nan,nan,nan,nan,nan,nan,nan,nan,nan,nan,nan,nan,nan,nan,nan,nan,nan,nan,nan,nan,nan,nan,nan,nan,nan,nan,nan,nan,nan,nan,nan,nan,nan,nan,nan,
nan,nan,nan,nan,nan,nan,nan,nan,nan,nan,nan,nan,nan,nan,nan,nan,nan,nan,nan,nan,nan,nan,nan,nan,nan,nan,nan,nan,nan,nan,nan,nan,nan,nan,nan,nan,nan,nan,nan,nan,nan,nan,nan,nan,nan,nan,nan,nan,nan,nan,nan,nan,nan,nan,nan,nan,nan,nan,nan,nan,nan,nan,nan,nan,nan,nan,nan,nan,nan,nan,nan,nan,nan,nan,nan,nan,nan,nan,nan,nan,nan,nan,nan,nan,nan,nan,nan,nan,nan,nan,nan,nan,nan,nan,nan,nan,nan,nan,nan,nan,nan,nan,nan,nan,nan,nan,nan,nan,nan,nan,nan,nan,nan,nan,nan,nan,nan,nan,nan,nan,nan,nan,nan,nan,nan,nan,nan,nan,nan,nan,nan,nan,nan,nan,
nan,nan,nan,nan,nan,nan,nan,nan,nan,nan,nan,nan,nan,nan,nan,nan,nan,nan,nan,nan,nan,nan,nan,nan,nan,nan,nan,nan,nan,nan,nan,nan,nan,nan,nan,nan,nan,nan,nan,nan,nan,nan,nan,nan,nan,nan,nan,nan,nan,nan,nan,nan,nan,nan,nan,nan,nan,nan,nan,nan,nan,nan,nan,nan,nan,nan,nan,nan,nan,nan,nan,nan,nan,nan,nan,nan,nan,nan,nan,nan,nan,nan,nan,nan,nan,nan,nan,nan,nan,nan,nan,nan,nan,nan,nan,nan,nan,nan,nan,nan,nan,nan,nan,nan,nan,nan,nan,nan,nan,nan,nan,nan,nan,nan,nan,nan,nan,nan,nan,nan,nan,nan,nan,nan,nan,nan,nan,nan,nan,nan,nan,nan,nan,nan,
nan,nan,nan,nan,nan,nan,nan,nan,nan,nan,nan,nan,nan,nan,nan,nan,nan,nan,nan,nan,nan,nan,nan,nan,nan,nan,nan,nan,nan,nan,nan,nan,nan,nan,nan,nan,nan,nan,nan,nan,nan,nan,nan,nan,nan,nan,nan,nan,nan,nan,nan,nan,nan,nan,nan,nan,nan,nan,nan,nan,nan,nan,nan,nan,nan,nan,nan,nan,nan,nan,nan,nan,nan,nan,nan,nan,nan,nan,nan,nan,nan,nan,nan,nan,nan,nan,nan,nan,nan,nan,nan,nan,nan,nan,nan,nan,nan,nan,nan,nan,nan,nan,nan,nan,nan,nan,nan,nan,nan,nan,nan,nan,nan,nan,nan,nan,nan,nan,nan,nan,nan,nan,nan,nan,nan,nan,nan,nan,nan,nan,nan,nan,nan,nan,
nan,nan,nan,nan,nan,nan,nan,nan,nan,nan,nan,nan,nan,nan,nan,nan,nan,nan,nan,nan,nan,nan,nan,nan,nan,nan,nan,nan,nan,nan,nan,nan,nan,nan,nan,nan,nan,nan,nan,nan,nan,nan,nan,nan,nan,nan,nan,nan,nan,nan,nan,nan,nan,nan,nan,nan,nan,nan,nan,nan,nan,nan,nan,nan,nan,nan,nan,nan,nan,nan,nan,nan,nan,nan,nan,nan,nan,nan,nan,nan,nan,nan,nan,nan,nan,nan,nan,nan,nan,nan,nan,nan,nan,nan,nan,nan,nan,nan,nan,nan,nan,nan,nan,nan,nan,nan,nan,nan,nan,nan,nan,nan,nan,nan,nan,nan,nan,nan,nan,nan,nan,nan,nan,nan,nan,nan,nan,nan,nan,nan,nan,nan,nan,nan,
nan,nan,nan,nan,nan,nan,nan,nan,nan,nan,nan,nan,nan,nan,nan,nan,nan,nan,nan,nan,nan,nan,nan,nan,nan,nan,nan,nan,nan,nan,nan,nan,nan,nan,nan,nan,nan,nan,nan,nan,nan,nan,nan,nan,nan,nan,nan,nan,nan,nan,nan,nan,nan,nan,nan,nan,nan,nan,nan,nan,nan,nan,nan,nan,nan,nan,nan,nan,nan,nan,nan,nan,nan,nan,nan,nan,nan,nan,nan,nan,nan,nan,nan,nan,nan,nan,nan,nan,nan,nan,nan,nan,nan,nan,nan,nan,nan,nan,nan,nan,nan,nan,nan,nan,nan,nan,nan,nan,nan,nan,nan,nan,nan,nan,nan,nan,nan,nan,nan,nan,nan,nan,nan,nan,nan,nan,nan,nan,nan,nan,nan,nan,nan,nan,
nan,nan,nan,nan,nan,nan,nan,nan,nan,nan,nan,nan,nan,nan,nan,nan,nan,nan,nan,nan,nan,nan,nan,nan,nan,nan,nan,nan,nan,nan,nan,nan,nan,nan,nan,nan,nan,nan,nan,nan,nan,nan,nan,nan,nan,nan,nan,nan,nan,nan,nan,nan,nan,nan,nan,nan,nan,nan,nan,nan,nan,nan,nan,nan,nan,nan,nan,nan,nan,nan,nan,nan,nan,nan,nan,nan,nan,nan,nan,nan,nan,nan,nan,nan,nan,nan,nan,nan,nan,nan,nan,nan,nan,nan,nan,nan,nan,nan,nan,nan,nan,nan,nan,nan,nan,nan,nan,nan,nan,nan,nan,nan,nan,nan,nan,nan,nan,nan,nan,nan,nan,nan,nan,nan,nan,nan,nan,nan,nan,nan,nan,nan,nan,nan,
nan,nan,nan,nan,nan,nan,nan,nan,nan,nan,nan,nan,nan,nan,nan,nan,nan,nan,nan,nan,nan,nan,nan,nan,nan,nan,nan,nan,nan,nan,nan,nan,nan,nan,nan,nan,nan,nan,nan,nan,nan,nan,nan,nan,nan,nan,nan,nan,nan,nan,nan,nan,nan,nan,nan,nan,nan,nan,nan,nan,nan,nan,nan,nan,nan,nan,nan,nan,nan,nan,nan,nan,nan,nan,nan,nan,nan,nan,nan,nan,nan,nan,nan,nan,nan,nan,nan,nan,nan,nan,nan,nan,nan,nan,nan,nan,nan,nan,nan,nan,nan,nan,nan,nan,nan,nan,nan,nan,nan,nan,nan,nan,nan,nan,nan,nan,nan,nan,nan,nan,nan,nan,nan,nan,nan,nan,nan,nan,nan,nan,nan,nan,nan,nan,
